model,calibration,domain,accuracy,macro_f1,ece,brier,aurc,auto_rate@1%,auto_error@1%,oracle_auto_rate@1%,auto_rate@5%,auto_error@5%,oracle_auto_rate@5%,calib_set
random_forest,raw,source_holdout,0.8708333333333333,0.8610221819524145,0.06143966864653401,0.21513590032486002,0.030480147009764834,,,,,,,K001+KI01+KA01
random_forest,raw,target_real,0.6132497761862131,0.5970120777713789,0.12868932321750653,0.49473772151413986,0.1780145177146525,0.4377797672336616,0.14314928425357873,0.11996418979409132,0.5980304386750224,0.2410179640718563,0.25962399283795884,K001+KI01+KA01
random_forest,temperature,target_real,0.6132497761862131,0.5970120777713789,0.1622034411776227,0.5164755202464348,0.1785689892499544,0.432408236347359,0.13664596273291926,0.12175470008952552,0.5935541629364369,0.2383107088989442,0.25962399283795884,K001+KI01+KA01
random_forest,isotonic,target_real,0.5890778871978514,0.5923244708628136,0.3556153240347049,0.7417478750321886,0.24406951292298285,0.9919427036705462,0.40613718411552346,0.0,0.9919427036705462,0.40613718411552346,0.0,K001+KI01+KA01
svm,raw,source_holdout,0.8083333333333333,0.8029066349479786,0.33535938021663214,0.49594723222615056,0.2673296615853327,,,,,,,K001+KI01+KA01
svm,raw,target_real,0.6168307967770814,0.5992100216308804,0.09561052002144782,0.5242723550329755,0.24101159142230838,0.0,,0.005371530886302597,0.0,,0.005371530886302597,K001+KI01+KA01
svm,temperature,target_real,0.6168307967770814,0.5992100216308804,0.20705490031114945,0.580663279573602,0.24415514832678145,0.0,,0.005371530886302597,0.0,,0.005371530886302597,K001+KI01+KA01
svm,isotonic,target_real,0.6114592658907789,0.6104131206375595,0.28533636294794523,0.6791139737840265,0.35353632823414943,0.3231871083258729,0.590027700831025,0.0,1.0,0.38854073410922113,0.0,K001+KI01+KA01
xgboost,raw,source_holdout,0.7875,0.7687774204628136,0.09844215524693334,0.2774415576439847,0.04585895556979043,,,,,,,K001+KI01+KA01
xgboost,raw,target_real,0.6141450313339302,0.5938397829973288,0.24009856104103708,0.5919281360890495,0.1747868846938162,0.41629364368845123,0.10967741935483871,0.1477170993733214,0.612354521038496,0.25292397660818716,0.3187108325872874,K001+KI01+KA01
xgboost,temperature,target_real,0.6141450313339302,0.5938397829973288,0.14937690568514003,0.5123487273252975,0.174078214591333,0.41718889883616833,0.10944206008583691,0.17905102954341987,0.6087735004476276,0.24705882352941178,0.3231871083258729,K001+KI01+KA01
xgboost,isotonic,target_real,0.5810205908683975,0.5851145232701467,0.33350270229403955,0.7066893604684142,0.2397430368799945,0.963294538943599,0.40427509293680297,0.0,0.963294538943599,0.40427509293680297,0.0,K001+KI01+KA01
random_forest,raw,source_holdout,0.7531380753138075,0.7447858237131931,0.05513930877623851,0.31406126627439884,0.07633584937872978,,,,,,,K001+KI01+KA03
random_forest,raw,target_real,0.612354521038496,0.5957263078070169,0.12121396045846172,0.48288856013406617,0.17162828333133773,0.3196060877350045,0.036414565826330535,0.1629364368845121,0.4905998209489705,0.1678832116788321,0.3428827215756491,K001+KI01+KA03
random_forest,temperature,target_real,0.612354521038496,0.5957263078070169,0.15512599232047372,0.5042725082493636,0.17669642450364867,0.3196060877350045,0.0392156862745098,0.1602506714413608,0.4923903312444047,0.1690909090909091,0.341987466427932,K001+KI01+KA03
random_forest,isotonic,target_real,0.6051924798567592,0.603736725892389,0.22554053772151142,0.5802396957977978,0.20901589597185904,0.41629364368845123,0.14623655913978495,0.0,0.5255147717099373,0.21294718909710392,0.0,K001+KI01+KA03
svm,raw,source_holdout,0.4476987447698745,0.40518469530155193,0.20689770321297216,0.6099358710861855,0.43253305738201436,,,,,,,K001+KI01+KA03
svm,raw,target_real,0.6069829901521934,0.5900170672443585,0.11493600346289615,0.5033247083608804,0.19521369767196442,0.24350940017905104,0.08455882352941177,0.10384959713518353,0.24350940017905104,0.08455882352941177,0.21128021486123547,K001+KI01+KA03
svm,temperature,target_real,0.6069829901521934,0.5900170672443585,0.05981581090435581,0.4843849744210003,0.19291736085754702,0.24798567591763654,0.08664259927797834,0.10653536257833482,0.24798567591763654,0.08664259927797834,0.22112802148612354,K001+KI01+KA03
svm,isotonic,target_real,0.6177260519247986,0.6018736093978179,0.14731884564553888,0.5388742542514472,0.23957658090749973,0.35989256938227393,0.208955223880597,0.0,0.5559534467323187,0.249597423510467,0.0,K001+KI01+KA03
xgboost,raw,source_holdout,0.7238493723849372,0.7104854744520755,0.11598638610361012,0.3911543185794747,0.09756060828210837,,,,,,,K001+KI01+KA03
xgboost,raw,target_real,0.6069829901521934,0.5849595031349218,0.24082904288356818,0.5856335718931766,0.1711055876235394,0.2846911369740376,0.015723270440251572,0.23724261414503134,0.5004476275738585,0.1735241502683363,0.3428827215756491,K001+KI01+KA03
xgboost,temperature,target_real,0.6069829901521934,0.5849595031349218,0.13288757412918234,0.4961561750387716,0.1707131782104294,0.2757385854968666,0.016233766233766232,0.24440465532676814,0.4995523724261415,0.17562724014336917,0.3428827215756491,K001+KI01+KA03
xgboost,isotonic,target_real,0.5890778871978514,0.5883382121786954,0.2069920964835028,0.5729792420241488,0.20984020962136749,0.36168307967770813,0.09900990099009901,0.0,0.5380483437779767,0.2079866888519135,0.0,K001+KI01+KA03
random_forest,raw,source_holdout,0.8535564853556485,0.8405606916623866,0.060857078291182726,0.2082438971850905,0.030863076094223486,,,,,,,K001+KI01+KA05
random_forest,raw,target_real,0.6177260519247986,0.6009387876158395,0.12208773147520045,0.49246059212911847,0.17545346330170972,0.4243509400179051,0.12869198312236288,0.18800358102059087,0.5613249776186213,0.20893141945773525,0.2811101163831692,K001+KI01+KA05
random_forest,temperature,target_real,0.6177260519247986,0.6009387876158395,0.16845280371326504,0.5241059259284871,0.17610973517736636,0.4261414503133393,0.1323529411764706,0.18800358102059087,0.5622202327663384,0.21019108280254778,0.2891674127126231,K001+KI01+KA05
random_forest,isotonic,target_real,0.6069829901521934,0.6057599067482938,0.3353075636803289,0.7256136588506488,0.2429802487784524,0.8889883616830797,0.36958710976837866,0.0,1.0,0.39301700984780663,0.0,K001+KI01+KA05
svm,raw,source_holdout,0.4895397489539749,0.4149427509613113,0.2552843710624979,0.5720989449538215,0.28720132848711827,,,,,,,K001+KI01+KA05
svm,raw,target_real,0.5980304386750224,0.5778653329085071,0.13180919173665265,0.5189617749537531,0.20448362175312668,0.22381378692927484,0.06,0.12623097582811102,0.3276633840644584,0.13387978142076504,0.20411817367949867,K001+KI01+KA05
svm,temperature,target_real,0.5980304386750224,0.5778653329085071,0.047349730164586476,0.49019778654321927,0.20219278287740183,0.22560429722470904,0.05952380952380952,0.12802148612354522,0.3258728737690242,0.12912087912087913,0.20769919427036707,K001+KI01+KA05
svm,isotonic,target_real,0.5953446732318711,0.5958479479450697,0.2555085990942151,0.6297733771692058,0.22838357385905128,0.6606982990152194,0.27371273712737126,0.0,0.9239033124440466,0.374031007751938,0.0,K001+KI01+KA05
xgboost,raw,source_holdout,0.8242677824267782,0.8036169073363671,0.08134592015872942,0.23823839121853446,0.03515184518369713,,,,,,,K001+KI01+KA05
xgboost,raw,target_real,0.6132497761862131,0.5930088813100662,0.23748892817843037,0.5868126695827944,0.17267630181312846,0.4521038495971352,0.13663366336633664,0.18352730528200537,0.6499552372426142,0.26721763085399447,0.34735899731423453,K001+KI01+KA05
xgboost,temperature,target_real,0.6132497761862131,0.5930088813100662,0.16931826009296613,0.5241516960786539,0.1721169069940253,0.4610564010743062,0.1436893203883495,0.18263205013428827,0.6517457475380484,0.2623626373626374,0.35273052820053713,K001+KI01+KA05
xgboost,isotonic,target_real,0.594449418084154,0.5946559626254302,0.35019415305541685,0.7504219501229438,0.2476674431868084,0.9068934646374217,0.3830207305034551,0.0,0.999104744852283,0.4050179211469534,0.0,K001+KI01+KA05
random_forest,raw,source_holdout,0.8541666666666666,0.8409437355847563,0.04338643655668302,0.1982400938449989,0.027511785347080906,,,,,,,K001+KI01+KA06
random_forest,raw,target_real,0.6132497761862131,0.5959872343706858,0.1283903361949708,0.49473899093126283,0.17794845002893592,0.4368845120859445,0.13524590163934427,0.12712623097582812,0.5935541629364369,0.23529411764705882,0.26499552372426144,K001+KI01+KA06
random_forest,temperature,target_real,0.6132497761862131,0.5959872343706858,0.1596961606333761,0.5147760757106477,0.1782872951542904,0.432408236347359,0.13250517598343686,0.12712623097582812,0.5863921217547001,0.233587786259542,0.26678603401969564,K001+KI01+KA06
random_forest,isotonic,target_real,0.5872873769024172,0.5893034981095737,0.3685206037398597,0.7599923350523612,0.243569437052624,0.991047448522829,0.4092140921409214,0.0,0.991047448522829,0.4092140921409214,0.0,K001+KI01+KA06
svm,raw,source_holdout,0.5,0.42501056189269115,0.25592359263360137,0.5356845615930247,0.24969455862229714,,,,,,,K001+KI01+KA06
svm,raw,target_real,0.6025067144136079,0.5813464319359624,0.12657815686428653,0.5134642018155137,0.20189085571282434,0.23813786929274844,0.07518796992481203,0.12444046553267682,0.3401969561324978,0.1394736842105263,0.20411817367949867,K001+KI01+KA06
svm,temperature,target_real,0.6025067144136079,0.5813464319359624,0.044618065353135984,0.4865158414991794,0.19934854903836352,0.24171888988361684,0.08148148148148149,0.12444046553267682,0.34914950760966873,0.14102564102564102,0.20680393912264997,K001+KI01+KA06
svm,isotonic,target_real,0.5837063563115488,0.5866785282609414,0.2891290141691738,0.6672783771737757,0.24089011473275843,0.982094897045658,0.41294439380127623,0.0,0.982094897045658,0.41294439380127623,0.0,K001+KI01+KA06
xgboost,raw,source_holdout,0.8208333333333333,0.7986328661577629,0.08612845068176585,0.23505136129886323,0.032298881371215074,,,,,,,K001+KI01+KA06
xgboost,raw,target_real,0.6168307967770814,0.596519793729096,0.2389277618648543,0.5907169032606593,0.17326690819644583,0.4395702775290958,0.12627291242362526,0.19695613249776187,0.5926589077887198,0.23413897280966767,0.3276633840644584,K001+KI01+KA06
xgboost,temperature,target_real,0.6168307967770814,0.596519793729096,0.1609004248062946,0.5164923209086961,0.17234958059661162,0.4404655326768129,0.13008130081300814,0.18889883616830797,0.6060877350044763,0.23929098966026588,0.3285586392121755,K001+KI01+KA06
xgboost,isotonic,target_real,0.5774395702775291,0.5810861686030558,0.38732765597538754,0.7916677477906727,0.24514265577434632,0.963294538943599,0.40892193308550184,0.0,0.963294538943599,0.40892193308550184,0.0,K001+KI01+KA06
random_forest,raw,source_holdout,0.8541666666666666,0.8409437355847563,0.04346491833955349,0.19810990167796136,0.0267608659416267,,,,,,,K001+KI01+KA07
random_forest,raw,target_real,0.6195165622202328,0.6031813725208108,0.12036850526221202,0.49298470480446105,0.17607950182569163,0.432408236347359,0.13664596273291926,0.1477170993733214,0.5971351835273053,0.2368815592203898,0.2784243509400179,K001+KI01+KA07
random_forest,temperature,target_real,0.6195165622202328,0.6031813725208108,0.14733828886705097,0.5098829543828848,0.17670353955774606,0.4288272157564906,0.1315240083507307,0.1486123545210385,0.5917636526410027,0.2314674735249622,0.2775290957923008,K001+KI01+KA07
random_forest,isotonic,target_real,0.594449418084154,0.5959635215021667,0.3573444449969331,0.7531833450636422,0.2439276168211986,0.990152193375112,0.40415913200723325,0.0,1.0,0.40555058191584603,0.0,K001+KI01+KA07
svm,raw,source_holdout,0.49166666666666664,0.41594712717194327,0.2663409139732669,0.5365866613486578,0.2503000572131633,,,,,,,K001+KI01+KA07
svm,raw,target_real,0.6007162041181737,0.5790660437571424,0.12961561285819698,0.5137968732282395,0.20207513808528602,0.25693822739480754,0.10104529616724739,0.12533572068039392,0.3366159355416294,0.14361702127659576,0.20322291853178157,K001+KI01+KA07
svm,temperature,target_real,0.6007162041181737,0.5790660437571424,0.04845148865633662,0.4854873042780328,0.19938674833697775,0.21844225604297224,0.05737704918032787,0.12533572068039392,0.34914950760966873,0.14102564102564102,0.20769919427036707,K001+KI01+KA07
svm,isotonic,target_real,0.585496866606983,0.5869910648067644,0.2838709302052824,0.6591829334458779,0.23811755585125763,0.9937332139659804,0.41081081081081083,0.0,0.9937332139659804,0.41081081081081083,0.0,K001+KI01+KA07
xgboost,raw,source_holdout,0.8166666666666667,0.7931364228802101,0.08765270176033177,0.23332975776740786,0.03228563272753069,,,,,,,K001+KI01+KA07
xgboost,raw,target_real,0.612354521038496,0.592066653336145,0.24311234567884685,0.5911602090252029,0.17377692441591508,0.4306177260519248,0.12474012474012475,0.18173679498657117,0.6427931960608774,0.2618384401114206,0.3294538943598926,K001+KI01+KA07
xgboost,temperature,target_real,0.612354521038496,0.592066653336145,0.15562078522861036,0.513217872067382,0.17268340191738338,0.4386750223813787,0.12653061224489795,0.18352730528200537,0.6544315129811996,0.2667578659370725,0.3339301700984781,K001+KI01+KA07
xgboost,isotonic,target_real,0.5863921217547001,0.5894829083859731,0.37743504976353115,0.7743287149562625,0.25092792050559576,0.9838854073410922,0.40582347588717016,0.0,0.9838854073410922,0.40582347588717016,0.0,K001+KI01+KA07
random_forest,raw,source_holdout,0.8375,0.8269217936740958,0.04172639517212108,0.2203533379295522,0.03415335032991421,,,,,,,K001+KI01+KA08
random_forest,raw,target_real,0.612354521038496,0.5968068792433997,0.1275064764005052,0.49309580448026025,0.17520529941535518,0.4243509400179051,0.12869198312236288,0.20859444941808417,0.5756490599820949,0.223950233281493,0.2990152193375112,K001+KI01+KA08
random_forest,temperature,target_real,0.612354521038496,0.5968068792433997,0.1620050743321585,0.5155447846517243,0.17559906431170105,0.4297224709042077,0.1375,0.20501342882721577,0.5953446732318711,0.23609022556390977,0.2945389435989257,K001+KI01+KA08
random_forest,isotonic,target_real,0.5890778871978514,0.5895507535419353,0.32344168597724515,0.6938290067207078,0.20883739374892554,0.8137869292748433,0.34433443344334436,0.0,0.9973142345568488,0.4102333931777379,0.0,K001+KI01+KA08
svm,raw,source_holdout,0.5166666666666667,0.44492866407263293,0.22523314010222098,0.5349727774287765,0.26895508174788396,,,,,,,K001+KI01+KA08
svm,raw,target_real,0.6087735004476276,0.5884666725688514,0.11969169395378176,0.5103796410839375,0.19847115891283273,0.26857654431512984,0.10333333333333333,0.12444046553267682,0.35183527305282003,0.15267175572519084,0.22023276633840644,K001+KI01+KA08
svm,temperature,target_real,0.6087735004476276,0.5884666725688514,0.054207517527407635,0.48768567287299464,0.1962682284910442,0.26499552372426144,0.10135135135135136,0.12623097582811102,0.35452103849597133,0.14646464646464646,0.22023276633840644,K001+KI01+KA08
svm,isotonic,target_real,0.6007162041181737,0.5993004991389376,0.24607107543499335,0.6183718792821276,0.21834212133530573,0.5783348254252462,0.2260061919504644,0.0,0.990152193375112,0.39421338155515373,0.0,K001+KI01+KA08
xgboost,raw,source_holdout,0.8,0.7764153004893601,0.10001880178848906,0.25679663741387637,0.03882482522050474,,,,,,,K001+KI01+KA08
xgboost,raw,target_real,0.6069829901521934,0.586314798336196,0.24573768804728607,0.5914876889299457,0.1726089526078098,0.36078782452999103,0.05459057071960298,0.22918531781557744,0.5711727842435094,0.21473354231974923,0.3258728737690242,K001+KI01+KA08
xgboost,temperature,target_real,0.6069829901521934,0.586314798336196,0.1631738715799984,0.5136086832885738,0.17224169340278195,0.36347358997314233,0.05665024630541872,0.22560429722470904,0.5595344673231871,0.2064,0.3312444046553268,K001+KI01+KA08
xgboost,isotonic,target_real,0.5917636526410027,0.593542581163993,0.3242360810739471,0.706490572585085,0.21501353254189587,0.7851387645478961,0.3523375142531357,0.0,0.9928379588182632,0.40396753832281335,0.0,K001+KI01+KA08
random_forest,raw,source_holdout,0.5732217573221757,0.4807017543859649,0.2173266602590746,0.6402575720407662,0.19998156167858505,,,,,,,K001+KI01+KA09
random_forest,raw,target_real,0.6257833482542524,0.6147935930986779,0.17483018614721593,0.5416719081052037,0.18126472432136986,0.2802148612354521,0.054313099041533544,0.1369740376007162,0.35183527305282003,0.089058524173028,0.2766338406445837,K001+KI01+KA09
random_forest,temperature,target_real,0.6257833482542524,0.6147935930986779,0.1561540448655639,0.5274915207374254,0.17452398972931368,0.22291853178155774,0.024096385542168676,0.135183527305282,0.25783348254252464,0.034722222222222224,0.2837958818263205,K001+KI01+KA09
random_forest,isotonic,target_real,0.5899731423455685,0.5909876324188099,0.14538307124333166,0.5478766905636177,0.21243918856135374,0.0,,0.0,0.2712623097582811,0.10891089108910891,0.0,K001+KI01+KA09
svm,raw,source_holdout,0.2928870292887029,0.25825393722167916,0.3809722038456765,0.8714951427549839,0.6313357068165455,,,,,,,K001+KI01+KA09
svm,raw,target_real,0.6159355416293644,0.6029025984145199,0.19453857663044877,0.5540932270189219,0.18549668819663373,0.0,,0.12712623097582812,0.0,,0.23903312444046554,K001+KI01+KA09
svm,temperature,target_real,0.6159355416293644,0.6029025984145199,0.22804033280123992,0.6005444273026591,0.19723045950907828,0.0,,0.13339301700984782,0.0,,0.23276633840644584,K001+KI01+KA09
svm,isotonic,target_real,0.6230975828111012,0.5997386291097343,0.12813278952661658,0.5345523870004923,0.2526141237912672,0.1692032229185318,0.1111111111111111,0.0,0.1692032229185318,0.1111111111111111,0.0,K001+KI01+KA09
xgboost,raw,source_holdout,0.5648535564853556,0.4669836111612606,0.328756190244124,0.7262624981970703,0.180741456475683,,,,,,,K001+KI01+KA09
xgboost,raw,target_real,0.6177260519247986,0.6037890477850375,0.2770148948461965,0.6307294560113057,0.1746796085666659,0.3303491495076097,0.04607046070460705,0.21486123545210384,0.37869292748433303,0.07801418439716312,0.3321396598030439,K001+KI01+KA09
xgboost,temperature,target_real,0.6177260519247986,0.6037890477850375,0.12373777372222558,0.5021346023224479,0.17327888759907792,0.3312444046553268,0.04864864864864865,0.22649955237242614,0.37511190689346463,0.07398568019093078,0.3312444046553268,K001+KI01+KA09
xgboost,isotonic,target_real,0.5846016114592659,0.5566710242104752,0.12009572267562071,0.5519619546382611,0.20437353990110713,0.3321396598030439,0.07008086253369272,0.0,0.39212175470008953,0.0730593607305936,0.0,K001+KI01+KA09
random_forest,raw,source_holdout,0.8025210084033614,0.7951510333863275,0.06021642777952169,0.2935355053485229,0.06468759462335776,,,,,,,K001+KI03+KA01
random_forest,raw,target_real,0.6060877350044763,0.5916590691259321,0.13145765857902747,0.5059372360707549,0.18348396014949778,0.3303491495076097,0.08130081300813008,0.18889883616830797,0.4932855863921218,0.1851179673321234,0.2757385854968666,K001+KI03+KA01
random_forest,temperature,target_real,0.6060877350044763,0.5916590691259321,0.15697599298636616,0.5218814990206594,0.1841466686200005,0.306177260519248,0.05847953216374269,0.18263205013428827,0.4619516562220233,0.17054263565891473,0.2712623097582811,K001+KI03+KA01
random_forest,isotonic,target_real,0.6051924798567592,0.603698872398171,0.26951179345360576,0.6420408568251982,0.23917693508905732,0.5282005371530887,0.22033898305084745,0.0,0.7949865711727843,0.3400900900900901,0.0,K001+KI03+KA01
svm,raw,source_holdout,0.42857142857142855,0.39712324288983325,0.2262704183173755,0.5398285528447548,0.34553182016385847,,,,,,,K001+KI03+KA01
svm,raw,target_real,0.6060877350044763,0.5892668212457731,0.12439329497743647,0.5317909821128856,0.2202719461557351,0.1468218442256043,0.018292682926829267,0.008952551477170993,0.26410026857654434,0.09491525423728814,0.20143240823634737,K001+KI03+KA01
svm,temperature,target_real,0.6060877350044763,0.5892668212457731,0.0950286339430576,0.5185105477526362,0.21979295177268138,0.1495076096687556,0.017964071856287425,0.009847806624888093,0.26589077887197854,0.09427609427609428,0.20143240823634737,K001+KI03+KA01
svm,isotonic,target_real,0.5989256938227395,0.5933477218780807,0.23146531985919522,0.6143608814039516,0.26160366109898964,0.36974037600716203,0.20581113801452786,0.0,0.39391226499552373,0.22045454545454546,0.0,K001+KI03+KA01
xgboost,raw,source_holdout,0.7226890756302521,0.7066877095441143,0.1495562849425468,0.3950152269318475,0.09629827117091237,,,,,,,K001+KI03+KA01
xgboost,raw,target_real,0.5998209489704566,0.5800381281515088,0.25294801656860477,0.6077193444827053,0.1847387470699129,0.3160250671441361,0.056657223796033995,0.20232766338406447,0.4243509400179051,0.1518987341772152,0.297224709042077,K001+KI03+KA01
xgboost,temperature,target_real,0.5998209489704566,0.5800381281515088,0.13500740507603826,0.5102486094625696,0.18371821632884364,0.3124440465532677,0.05157593123209169,0.19785138764547897,0.42256042972247093,0.1419491525423729,0.3079677708146822,K001+KI03+KA01
xgboost,isotonic,target_real,0.6069829901521934,0.6053911009063205,0.22795793392424174,0.5861838773941384,0.21648405333425025,0.5174574753804835,0.20069204152249134,0.0,0.6284691136974038,0.26353276353276356,0.0,K001+KI03+KA01
random_forest,raw,source_holdout,0.759493670886076,0.758486222928921,0.09331986344117171,0.3586833866023655,0.10699512661927973,,,,,,,K001+KI03+KA03
random_forest,raw,target_real,0.6078782452999105,0.594687545932797,0.12440876332463927,0.49572859377339634,0.17684337945987838,0.34735899731423453,0.06701030927835051,0.23455684870188004,0.459265890778872,0.16569200779727095,0.32408236347359,K001+KI03+KA03
random_forest,temperature,target_real,0.6078782452999105,0.594687545932797,0.16247687169894998,0.520797724228776,0.17783005027307214,0.3455684870188004,0.06735751295336788,0.23545210384959714,0.4521038495971352,0.16237623762376238,0.32408236347359,K001+KI03+KA03
random_forest,isotonic,target_real,0.6069829901521934,0.6016876582847608,0.20292066126802855,0.5573530498864493,0.19822031138603738,0.40555058191584603,0.12582781456953643,0.0,0.5049239033124441,0.19148936170212766,0.0,K001+KI03+KA03
svm,raw,source_holdout,0.7763713080168776,0.7738291086117174,0.11529810177102179,0.3225425777986946,0.08770126042469474,,,,,,,K001+KI03+KA03
svm,raw,target_real,0.612354521038496,0.5968535925742247,0.13410883523018768,0.4937173782687454,0.17116179912727916,0.3446732318710833,0.03636363636363636,0.2999104744852283,0.4431512981199642,0.13131313131313133,0.35899731423455683,K001+KI03+KA03
svm,temperature,target_real,0.612354521038496,0.5968535925742247,0.19907858628157576,0.5406139967622163,0.17167879296223487,0.3446732318710833,0.03896103896103896,0.2891674127126231,0.4655326768128917,0.1596153846153846,0.35541629364368843,K001+KI03+KA03
svm,isotonic,target_real,0.6132497761862131,0.6040869437019659,0.23063579941382667,0.5751028332503945,0.20416824671397737,0.42076991942703673,0.1148936170212766,0.0,0.6374216651745748,0.2542134831460674,0.0,K001+KI03+KA03
xgboost,raw,source_holdout,0.6962025316455697,0.6959822900762327,0.1371318758288516,0.4230596337269411,0.1349672602861785,,,,,,,K001+KI03+KA03
xgboost,raw,target_real,0.6078782452999105,0.5912227714384636,0.2400766950477525,0.5993143925304785,0.1795373205946963,0.3043867502238138,0.03529411764705882,0.22739480752014324,0.4986571172784244,0.1867145421903052,0.3258728737690242,K001+KI03+KA03
xgboost,temperature,target_real,0.6078782452999105,0.5912227714384636,0.16305651330167253,0.5280483495403417,0.17852630768352915,0.2999104744852283,0.03283582089552239,0.23634735899731424,0.486123545210385,0.17863720073664824,0.3249776186213071,K001+KI03+KA03
xgboost,isotonic,target_real,0.5917636526410027,0.5851118492085546,0.2070382513890628,0.5492588509160147,0.21613058835615254,0.4306177260519248,0.12266112266112267,0.0,0.5031333930170099,0.18861209964412812,0.0,K001+KI03+KA03
random_forest,raw,source_holdout,0.7637130801687764,0.7540462502725781,0.03063191182017975,0.30760336079165723,0.0767582987012174,,,,,,,K001+KI03+KA05
random_forest,raw,target_real,0.6060877350044763,0.5910845138692796,0.12437063210688311,0.5071636267946954,0.18612382494655844,0.3312444046553268,0.08108108108108109,0.19785138764547897,0.459265890778872,0.18323586744639375,0.2802148612354521,K001+KI03+KA05
random_forest,temperature,target_real,0.6060877350044763,0.5910845138692796,0.1524068857051039,0.5248973013155382,0.18698030684184969,0.3267681289167413,0.07397260273972603,0.19874664279319607,0.4583706356311549,0.185546875,0.2802148612354521,K001+KI03+KA05
random_forest,isotonic,target_real,0.6051924798567592,0.6019759652068789,0.25258057108323917,0.6141519073616383,0.22068948962084145,0.4914950760966876,0.18032786885245902,0.0,0.8379588182632051,0.34294871794871795,0.0,K001+KI03+KA05
svm,raw,source_holdout,0.7426160337552743,0.7335064935064936,0.05248279162978882,0.32054429438666204,0.08710814840766429,,,,,,,K001+KI03+KA05
svm,raw,target_real,0.5953446732318711,0.5774273875447733,0.16532259354034837,0.5104828029840098,0.17484043190111925,0.36526410026857653,0.05392156862745098,0.3034914950760967,0.42256042972247093,0.11016949152542373,0.36168307967770813,K001+KI03+KA05
svm,temperature,target_real,0.5953446732318711,0.5774273875447733,0.16973411952873305,0.5137718776302539,0.1748607827679022,0.36526410026857653,0.05392156862745098,0.3025962399283796,0.423455684870188,0.10993657505285412,0.36168307967770813,K001+KI03+KA05
svm,isotonic,target_real,0.612354521038496,0.6057997958588509,0.23926830036911853,0.5937791885424278,0.20671983730258592,0.4333034914950761,0.11983471074380166,0.0,0.7573858549686661,0.3049645390070922,0.0,K001+KI03+KA05
xgboost,raw,source_holdout,0.7383966244725738,0.7275037988672469,0.1310356953476049,0.38860413479349043,0.09690383282627167,,,,,,,K001+KI03+KA05
xgboost,raw,target_real,0.6025067144136079,0.5844613467584119,0.2504955087267296,0.6038848577919254,0.18201985839312923,0.3222918531781558,0.058333333333333334,0.18352730528200537,0.432408236347359,0.14699792960662525,0.3079677708146822,K001+KI03+KA05
xgboost,temperature,target_real,0.6025067144136079,0.5844613467584119,0.14739191044871516,0.5167634331856669,0.18161184110064382,0.3205013428827216,0.055865921787709494,0.18621307072515667,0.432408236347359,0.14699792960662525,0.3070725156669651,K001+KI03+KA05
xgboost,isotonic,target_real,0.5980304386750224,0.5935442417099761,0.2459884129566457,0.5988928040830257,0.21227215555912465,0.468218442256043,0.16061185468451242,0.0,0.6239928379588182,0.2568149210903874,0.0,K001+KI03+KA05
random_forest,raw,source_holdout,0.773109243697479,0.764815046065046,0.034641746910041314,0.292172009934932,0.0666070229456625,,,,,,,K001+KI03+KA06
random_forest,raw,target_real,0.6096687555953447,0.596967816034224,0.12464849160602165,0.5089760025211156,0.1869598115943141,0.3446732318710833,0.09610389610389611,0.19247985675917637,0.4807520143240824,0.19366852886405958,0.2721575649059982,K001+KI03+KA06
random_forest,temperature,target_real,0.6096687555953447,0.596967816034224,0.1415979334117285,0.5185490996569228,0.18744477915543747,0.34825425246195163,0.10025706940874037,0.19247985675917637,0.4780662488809311,0.1947565543071161,0.2730528200537153,K001+KI03+KA06
random_forest,isotonic,target_real,0.6025067144136079,0.5994106261408527,0.2584271839808623,0.6275780444713795,0.234632343422028,0.594449418084154,0.24548192771084337,0.0,0.8576544315129812,0.35908141962421714,0.0,K001+KI03+KA06
svm,raw,source_holdout,0.7394957983193278,0.7293399668325041,0.05946619139607267,0.31354838765625137,0.07978424089036609,,,,,,,K001+KI03+KA06
svm,raw,target_real,0.5962399283795882,0.5780727705151381,0.16194708586511897,0.5088217414614958,0.17619573218836154,0.37869292748433303,0.07565011820330969,0.2900626678603402,0.41987466427931963,0.11513859275053305,0.35094001790510293,K001+KI03+KA06
svm,temperature,target_real,0.5962399283795882,0.5780727705151381,0.15150157162905237,0.5017104487719544,0.17612240028868129,0.37958818263205013,0.07547169811320754,0.2900626678603402,0.41987466427931963,0.11513859275053305,0.35094001790510293,K001+KI03+KA06
svm,isotonic,target_real,0.603401969561325,0.596553594995087,0.26224834274453235,0.6250259897475428,0.23639951497052697,0.4834377797672337,0.17777777777777778,0.0,0.8934646374216652,0.3667334669338677,0.0,K001+KI03+KA06
xgboost,raw,source_holdout,0.726890756302521,0.7118090261618635,0.14313396986793067,0.3867664953787273,0.09030175077368698,,,,,,,K001+KI03+KA06
xgboost,raw,target_real,0.5971351835273053,0.5776807230142543,0.2565423949499054,0.6110712352593741,0.18752135469815528,0.2846911369740376,0.040880503144654086,0.18352730528200537,0.41629364368845123,0.14193548387096774,0.297224709042077,K001+KI03+KA06
xgboost,temperature,target_real,0.5971351835273053,0.5776807230142543,0.1427843552280274,0.5146850042519148,0.18651085576862012,0.2811101163831692,0.041401273885350316,0.1683079677708147,0.40465532676812893,0.13495575221238937,0.2990152193375112,K001+KI03+KA06
xgboost,isotonic,target_real,0.6016114592658908,0.597563684029298,0.24262150420720238,0.5975730251712137,0.2059462953291889,0.4494180841539839,0.14342629482071714,0.0,0.6410026857654432,0.2723463687150838,0.0,K001+KI03+KA06
random_forest,raw,source_holdout,0.7773109243697479,0.7689185650693898,0.06465742402070798,0.28500667184553025,0.06359404719153441,,,,,,,K001+KI03+KA07
random_forest,raw,target_real,0.6069829901521934,0.5940711527460002,0.12657387997142577,0.5080756675414236,0.1860417054680119,0.3303491495076097,0.08672086720867209,0.19516562220232767,0.5120859444941809,0.20454545454545456,0.2820053715308863,K001+KI03+KA07
random_forest,temperature,target_real,0.6069829901521934,0.5940711527460002,0.14074477829725823,0.5166085255279084,0.1863641473009893,0.3312444046553268,0.08648648648648649,0.19427036705461057,0.5147717099373321,0.20695652173913043,0.2820053715308863,K001+KI03+KA07
random_forest,isotonic,target_real,0.5989256938227395,0.5960095751369769,0.2652723537633713,0.6325926858861216,0.22657285953372758,0.6454789615040286,0.26629680998613037,0.0,0.8845120859444942,0.3684210526315789,0.0,K001+KI03+KA07
svm,raw,source_holdout,0.7394957983193278,0.7299896596701164,0.05989802311876021,0.3153273863313675,0.08036289057012896,,,,,,,K001+KI03+KA07
svm,raw,target_real,0.5926589077887198,0.5736749571056529,0.1661129644018113,0.5096427471856173,0.1765363013535163,0.37958818263205013,0.07547169811320754,0.2846911369740376,0.42166517457475383,0.11464968152866242,0.35094001790510293,K001+KI03+KA07
svm,temperature,target_real,0.5926589077887198,0.5736749571056529,0.1514295884290539,0.49972591749461753,0.1763892470998839,0.37063563115487913,0.06280193236714976,0.288272157564906,0.42166517457475383,0.11252653927813164,0.35094001790510293,K001+KI03+KA07
svm,isotonic,target_real,0.6078782452999105,0.5996146274347683,0.24761096497870944,0.6066335458855721,0.21891738088838886,0.4968666069829902,0.1783783783783784,0.0,0.8263205013428827,0.333694474539545,0.0,K001+KI03+KA07
xgboost,raw,source_holdout,0.7184873949579832,0.7044281575820684,0.1541484836019388,0.38783017699305405,0.08586177795119866,,,,,,,K001+KI03+KA07
xgboost,raw,target_real,0.5980304386750224,0.5800369234983703,0.25723798822481503,0.6084292995086552,0.18542594016328218,0.3187108325872874,0.06179775280898876,0.1396598030438675,0.41450313339301703,0.13174946004319654,0.3052820053715309,K001+KI03+KA07
xgboost,temperature,target_real,0.5980304386750224,0.5800369234983703,0.13889620851907664,0.5096453691613706,0.1843991897870722,0.3187108325872874,0.06179775280898876,0.1486123545210385,0.40107430617726053,0.12276785714285714,0.2990152193375112,K001+KI03+KA07
xgboost,isotonic,target_real,0.5980304386750224,0.5931609744113847,0.24498705498511034,0.6011758217210049,0.2114314387545559,0.5434198746642793,0.214168039538715,0.0,0.7555953446732319,0.3234597156398104,0.0,K001+KI03+KA07
random_forest,raw,source_holdout,0.7605042016806722,0.7539298331676628,0.057180329684586376,0.30175574031365393,0.07176164294346801,,,,,,,K001+KI03+KA08
random_forest,raw,target_real,0.6078782452999105,0.59308348355327,0.12592046477498733,0.5061231531733886,0.1843979610974664,0.3276633840644584,0.07103825136612021,0.21933751119068934,0.44136078782453,0.1724137931034483,0.2873769024171889,K001+KI03+KA08
random_forest,temperature,target_real,0.6078782452999105,0.59308348355327,0.14980396404551433,0.5194341350455017,0.18494747029802425,0.3249776186213071,0.06887052341597796,0.21844225604297224,0.4359892569382274,0.16837782340862423,0.2873769024171889,K001+KI03+KA08
random_forest,isotonic,target_real,0.6051924798567592,0.6015254424918085,0.24505014189331992,0.6060279452210189,0.2140019696624562,0.5255147717099373,0.19761499148211242,0.0,0.7573858549686661,0.32269503546099293,0.0,K001+KI03+KA08
svm,raw,source_holdout,0.7563025210084033,0.74846918468242,0.05644620484060947,0.31658944743484957,0.08299439027089511,,,,,,,K001+KI03+KA08
svm,raw,target_real,0.5998209489704566,0.5817409347245702,0.15648260050364804,0.5061865661103542,0.17525533036921034,0.3437779767233662,0.046875,0.3017009847806625,0.4350940017905103,0.12345679012345678,0.35989256938227393,K001+KI03+KA08
svm,temperature,target_real,0.5998209489704566,0.5817409347245702,0.16271614811382726,0.5105913467449964,0.1752864303539438,0.3428827215756491,0.04699738903394256,0.3008057296329454,0.4350940017905103,0.12345679012345678,0.35810205908683973,K001+KI03+KA08
svm,isotonic,target_real,0.6069829901521934,0.597978017673986,0.24138461325510152,0.5853411739051526,0.19322350028491178,0.4700089525514772,0.15619047619047619,0.0,0.7439570277529096,0.3056558363417569,0.0,K001+KI03+KA08
xgboost,raw,source_holdout,0.7226890756302521,0.7105641025641026,0.13989881106785365,0.39375582138635,0.09679716767223313,,,,,,,K001+KI03+KA08
xgboost,raw,target_real,0.603401969561325,0.5851879796638322,0.24895946205249303,0.6031710487690961,0.18289665782378617,0.3034914950760967,0.0471976401179941,0.17994628469113697,0.39301700984780663,0.11617312072892938,0.3124440465532677,K001+KI03+KA08
xgboost,temperature,target_real,0.603401969561325,0.5851879796638322,0.13545199629596513,0.5089874814536633,0.1821263793373733,0.3106535362578335,0.04899135446685879,0.18173679498657117,0.38764547896150403,0.11085450346420324,0.3133393017009848,K001+KI03+KA08
xgboost,isotonic,target_real,0.6060877350044763,0.6021508361506634,0.21841252318635895,0.5737126178283463,0.19834640166950987,0.39212175470008953,0.10730593607305935,0.0,0.6266786034019696,0.26571428571428574,0.3052820053715309,K001+KI03+KA08
random_forest,raw,source_holdout,0.4936708860759494,0.43419594808483697,0.2353492937363611,0.7233858885771467,0.3391138199572728,,,,,,,K001+KI03+KA09
random_forest,raw,target_real,0.6051924798567592,0.5963919196128263,0.1843051159882678,0.554766544028595,0.1946219744749988,0.3160250671441361,0.07365439093484419,0.20590868397493287,0.3169203222918532,0.07344632768361582,0.2900626678603402,K001+KI03+KA09
random_forest,temperature,target_real,0.6051924798567592,0.5963919196128263,0.1874857734738717,0.5615752561197541,0.18862666256044827,0.22470904207699194,0.01593625498007968,0.19516562220232767,0.22470904207699194,0.01593625498007968,0.2694717994628469,K001+KI03+KA09
random_forest,isotonic,target_real,0.6051924798567592,0.6022478867189065,0.1097946829483572,0.5053190607244361,0.20608550119866717,0.0,,0.0,0.0,,0.0,K001+KI03+KA09
svm,raw,source_holdout,0.4767932489451477,0.41096227269785796,0.2885528866653101,0.7603852783447304,0.3248855359913157,,,,,,,K001+KI03+KA09
svm,raw,target_real,0.6069829901521934,0.5951713739523915,0.22359815551340737,0.5660148067576273,0.1710430037649814,0.3025962399283796,0.008875739644970414,0.3025962399283796,0.36884512085944493,0.05825242718446602,0.36526410026857653,K001+KI03+KA09
svm,temperature,target_real,0.6069829901521934,0.5951713739523915,0.20836601704348498,0.5843660593046613,0.1700239557102689,0.26678603401969564,0.010067114093959731,0.3187108325872874,0.26678603401969564,0.010067114093959731,0.36974037600716203,K001+KI03+KA09
svm,isotonic,target_real,0.5989256938227395,0.595113567420885,0.09913954318771533,0.49051891664198966,0.21371663974184923,0.0,,0.0,0.36884512085944493,0.06553398058252427,0.0,K001+KI03+KA09
xgboost,raw,source_holdout,0.47257383966244726,0.415242265307705,0.38794548451145994,0.8893815658070872,0.38275158165059286,,,,,,,K001+KI03+KA09
xgboost,raw,target_real,0.6060877350044763,0.5947197864220123,0.2881901104106579,0.6479159928658206,0.1894303391753541,0.3133393017009848,0.05714285714285714,0.18173679498657117,0.3133393017009848,0.05714285714285714,0.297224709042077,K001+KI03+KA09
xgboost,temperature,target_real,0.6060877350044763,0.5947197864220123,0.19084770279627167,0.5814881133501675,0.18775788216735506,0.3088630259623993,0.057971014492753624,0.10743061772605192,0.3088630259623993,0.057971014492753624,0.2927484333034915,K001+KI03+KA09
xgboost,isotonic,target_real,0.5962399283795882,0.5943199135811272,0.07168958673892335,0.4837526968336552,0.2074126517796256,0.2891674127126231,0.06501547987616099,0.0,0.36794986571172783,0.08759124087591241,0.0,K001+KI03+KA09
random_forest,raw,source_holdout,0.5481171548117155,0.4797783407207798,0.23072811379923416,0.6464067843629968,0.2563257652516838,,,,,,,K001+KI05+KA01
random_forest,raw,target_real,0.6114592658907789,0.6042594334840272,0.17052056241720145,0.5322649448904372,0.1791097549989003,0.3357206803939123,0.064,0.0,0.37690241718889883,0.07600950118764846,0.25783348254252464,K001+KI05+KA01
random_forest,temperature,target_real,0.6114592658907789,0.6042594334840272,0.09734863989556419,0.4982450014051805,0.18552793183391114,0.21396598030438674,0.029288702928870293,0.0,0.3222918531781558,0.06111111111111111,0.2739480752014324,K001+KI05+KA01
random_forest,isotonic,target_real,0.5917636526410027,0.5929606970668225,0.09600442333938575,0.5048705615663366,0.2071751401815046,0.3267681289167413,0.0410958904109589,0.0,0.36615935541629363,0.06601466992665037,0.3303491495076097,K001+KI05+KA01
svm,raw,source_holdout,0.27615062761506276,0.22894193928676687,0.33820730576612135,0.8115073976360858,0.6384810043732695,,,,,,,K001+KI05+KA01
svm,raw,target_real,0.5953446732318711,0.5871142544161075,0.15405338289741716,0.5506456495630072,0.21353721459133093,0.3052820053715309,0.093841642228739,0.10384959713518353,0.3052820053715309,0.093841642228739,0.23724261414503134,K001+KI05+KA01
svm,temperature,target_real,0.5953446732318711,0.5871142544161075,0.22034119260178658,0.617394862858702,0.2158139065536101,0.0,,0.10474485228290063,0.0,,0.21038495971351837,K001+KI05+KA01
svm,isotonic,target_real,0.5890778871978514,0.5779495255012849,0.0983123631707148,0.5608936281735559,0.2988755014407953,0.2721575649059982,0.14473684210526316,0.0,0.2721575649059982,0.14473684210526316,0.0,K001+KI05+KA01
xgboost,raw,source_holdout,0.497907949790795,0.4454588489889768,0.3845453414458111,0.8129754782592047,0.2769611118735709,,,,,,,K001+KI05+KA01
xgboost,raw,target_real,0.6078782452999105,0.5985175320996764,0.284550067507591,0.6451646233002424,0.18210056905398905,0.3008057296329454,0.044642857142857144,0.09310653536257833,0.3267681289167413,0.049315068493150684,0.3267681289167413,K001+KI05+KA01
xgboost,temperature,target_real,0.6078782452999105,0.5985175320996764,0.12018622368778303,0.4886892089253383,0.1803080536370475,0.3178155774395703,0.04507042253521127,0.09579230080572963,0.3303491495076097,0.05420054200542006,0.3258728737690242,K001+KI05+KA01
xgboost,isotonic,target_real,0.5953446732318711,0.5962521689682648,0.09871213853024251,0.503131084969531,0.19066293012990207,0.36526410026857653,0.07107843137254902,0.0,0.36526410026857653,0.07107843137254902,0.0,K001+KI05+KA01
random_forest,raw,source_holdout,0.5084033613445378,0.4588116897044137,0.19976695616377083,0.7210883389428557,0.4270509823100645,,,,,,,K001+KI05+KA03
random_forest,raw,target_real,0.6087735004476276,0.6016928723850774,0.17115082007972132,0.5201486424715155,0.17067622530545212,0.2837958818263205,0.025236593059936908,0.19516562220232767,0.2837958818263205,0.025236593059936908,0.36347358997314233,K001+KI05+KA03
random_forest,temperature,target_real,0.6087735004476276,0.6016928723850774,0.09085289647013119,0.4878495515425159,0.1695220521937109,0.3142345568487019,0.02564102564102564,0.22560429722470904,0.3142345568487019,0.02564102564102564,0.37779767233661593,K001+KI05+KA03
random_forest,isotonic,target_real,0.6096687555953447,0.6097431027291199,0.06984951602789397,0.46505940259977185,0.1771766049757296,0.09758281110116383,0.0,0.09758281110116383,0.09758281110116383,0.0,0.37600716204118173,K001+KI05+KA03
svm,raw,source_holdout,0.5336134453781513,0.4843583362957696,0.13462666302923512,0.6660675648390673,0.3497927009150896,,,,,,,K001+KI05+KA03
svm,raw,target_real,0.6078782452999105,0.5974664148522967,0.17420471472775884,0.5126410592105229,0.1637906906600248,0.34825425246195163,0.030848329048843187,0.2811101163831692,0.34825425246195163,0.030848329048843187,0.37421665174574753,K001+KI05+KA03
svm,temperature,target_real,0.6078782452999105,0.5974664148522967,0.11437163803944846,0.48729505215430463,0.1637000318436174,0.36257833482542523,0.04197530864197531,0.2721575649059982,0.36257833482542523,0.04197530864197531,0.37063563115487913,K001+KI05+KA03
svm,isotonic,target_real,0.6186213070725156,0.603339440545505,0.10316107766584663,0.48616151533192875,0.22197250541140884,0.10205908683974933,0.20175438596491227,0.0,0.10205908683974933,0.20175438596491227,0.0,K001+KI05+KA03
xgboost,raw,source_holdout,0.4369747899159664,0.39972394755003454,0.3928875627637911,0.9004631232074984,0.4734117946726769,,,,,,,K001+KI05+KA03
xgboost,raw,target_real,0.5998209489704566,0.589964646270722,0.2891498410018727,0.6387620736937302,0.17767032705932045,0.24171888988361684,0.02962962962962963,0.13070725156669652,0.24171888988361684,0.02962962962962963,0.3285586392121755,K001+KI05+KA03
xgboost,temperature,target_real,0.5998209489704566,0.589964646270722,0.15087982912161185,0.5297124456133835,0.17617063031055366,0.22560429722470904,0.023809523809523808,0.135183527305282,0.22560429722470904,0.023809523809523808,0.3428827215756491,K001+KI05+KA03
xgboost,isotonic,target_real,0.6016114592658908,0.6005990201372507,0.07239977925614029,0.4756706932631179,0.1841991615841426,0.05819158460161146,0.03076923076923077,0.0,0.05819158460161146,0.03076923076923077,0.07609668755595345,K001+KI05+KA03
random_forest,raw,source_holdout,0.5798319327731093,0.4979309773317264,0.18315298111475878,0.6211250007847572,0.2379829873702848,,,,,,,K001+KI05+KA05
random_forest,raw,target_real,0.6096687555953447,0.6024630875695315,0.16941925093672225,0.5296829949831737,0.18171670205578327,0.3276633840644584,0.060109289617486336,0.0,0.34735899731423453,0.06958762886597938,0.3088630259623993,K001+KI05+KA05
random_forest,temperature,target_real,0.6096687555953447,0.6024630875695315,0.06808727531952888,0.4771251890674576,0.17938742596465718,0.2990152193375112,0.038922155688622756,0.0,0.35452103849597133,0.05808080808080808,0.3312444046553268,K001+KI05+KA05
random_forest,isotonic,target_real,0.622202327663384,0.6041704572037533,0.11746159406009633,0.5244553984898904,0.1832899437063545,0.36974037600716203,0.05569007263922518,0.0,0.4333034914950761,0.1012396694214876,0.0,K001+KI05+KA05
svm,raw,source_holdout,0.6050420168067226,0.5380547241621402,0.14308145375124115,0.5569570376581742,0.17725850447067054,,,,,,,K001+KI05+KA05
svm,raw,target_real,0.6016114592658908,0.5892821275057245,0.18066027780241778,0.5214424594166237,0.16523824429534473,0.39659803043867503,0.08126410835214447,0.2855863921217547,0.4279319606087735,0.1108786610878661,0.37600716204118173,K001+KI05+KA05
svm,temperature,target_real,0.6016114592658908,0.5892821275057245,0.09349290239727702,0.45921493933047275,0.1647472313051159,0.37779767233661593,0.05687203791469194,0.2918531781557744,0.4529991047448523,0.1324110671936759,0.37153088630259623,K001+KI05+KA05
svm,isotonic,target_real,0.6230975828111012,0.6018875268138474,0.15251433225758537,0.535994302140818,0.20430967158192045,0.41808415398388543,0.11349036402569593,0.0,0.5004476275738585,0.16279069767441862,0.0,K001+KI05+KA05
xgboost,raw,source_holdout,0.542016806722689,0.47033554134374883,0.3416098602930037,0.7496128975773648,0.2524772839470973,,,,,,,K001+KI05+KA05
xgboost,raw,target_real,0.6025067144136079,0.5930621738143862,0.2836082997926133,0.6388395493551561,0.18121706394632484,0.2927484333034915,0.039755351681957186,0.023276633840644583,0.3160250671441361,0.04815864022662889,0.3258728737690242,K001+KI05+KA05
xgboost,temperature,target_real,0.6025067144136079,0.5930621738143862,0.11646863072130799,0.4828252829377713,0.18007516752878724,0.3115487914055506,0.04885057471264368,0.025067144136078783,0.3366159355416294,0.05319148936170213,0.3321396598030439,K001+KI05+KA05
xgboost,isotonic,target_real,0.6069829901521934,0.594817754856687,0.10423067104756625,0.5183928982588718,0.19487609226300104,0.38137869292748433,0.07042253521126761,0.0,0.4655326768128917,0.12307692307692308,0.0,K001+KI05+KA05
random_forest,raw,source_holdout,0.5774058577405857,0.49458798329499293,0.2096387540340528,0.60718049927754,0.20152398515878295,,,,,,,K001+KI05+KA06
random_forest,raw,target_real,0.6132497761862131,0.605574772754003,0.1716628485638712,0.5307783024127832,0.17767556118681338,0.3303491495076097,0.05962059620596206,0.0,0.37958818263205013,0.08254716981132075,0.3008057296329454,K001+KI05+KA06
random_forest,temperature,target_real,0.6132497761862131,0.605574772754003,0.09329902312151533,0.49301782917444503,0.17508649249197938,0.24082363473589974,0.02973977695167286,0.0,0.3357206803939123,0.05333333333333334,0.3339301700984781,K001+KI05+KA06
random_forest,isotonic,target_real,0.6168307967770814,0.60297745877245,0.114243590121585,0.5397690767860757,0.21986011932749816,0.3348254252461952,0.05614973262032086,0.0,0.41629364368845123,0.09247311827956989,0.0,K001+KI05+KA06
svm,raw,source_holdout,0.5899581589958159,0.518476267296594,0.16967858087923032,0.5628061189295279,0.17928986842186048,,,,,,,K001+KI05+KA06
svm,raw,target_real,0.5998209489704566,0.5866407781588011,0.18209459370898137,0.5215718554172052,0.1657098584929649,0.38495971351835273,0.06046511627906977,0.297224709042077,0.4243509400179051,0.11181434599156118,0.37153088630259623,K001+KI05+KA06
svm,temperature,target_real,0.5998209489704566,0.5866407781588011,0.09026144432077504,0.462530599002134,0.16508084498072384,0.333034914950761,0.016129032258064516,0.288272157564906,0.4261414503133393,0.11764705882352941,0.36974037600716203,K001+KI05+KA06
svm,isotonic,target_real,0.6239928379588182,0.5990698663649251,0.1458295316021228,0.5520751123147504,0.20037976401896276,0.42256042972247093,0.11864406779661017,0.0,0.5049239033124441,0.16666666666666666,0.0,K001+KI05+KA06
xgboost,raw,source_holdout,0.5648535564853556,0.4923053936949051,0.34006113287794043,0.7409321335904725,0.220885910152631,,,,,,,K001+KI05+KA06
xgboost,raw,target_real,0.6114592658907789,0.6022366682835187,0.2767550914866004,0.6403731971773425,0.18060891577183735,0.2945389435989257,0.0425531914893617,0.03222918531781558,0.3393017009847807,0.06068601583113457,0.3106535362578335,K001+KI05+KA06
xgboost,temperature,target_real,0.6114592658907789,0.6022366682835187,0.10070039852893088,0.4827414019664725,0.17872683825080754,0.3276633840644584,0.04644808743169399,0.03581020590868397,0.37153088630259623,0.07951807228915662,0.3312444046553268,K001+KI05+KA06
xgboost,isotonic,target_real,0.612354521038496,0.6001939276174799,0.10984729806096696,0.5415735096136153,0.18925931182160072,0.4458370635631155,0.10441767068273092,0.0,0.4673231871083259,0.12835249042145594,0.0,K001+KI05+KA06
random_forest,raw,source_holdout,0.5857740585774058,0.5013655059367917,0.19787595507069478,0.6070555307331296,0.20094745083214327,,,,,,,K001+KI05+KA07
random_forest,raw,target_real,0.6096687555953447,0.6022077434832465,0.1720414222814347,0.5310640440699362,0.17762870566961575,0.3115487914055506,0.05747126436781609,0.0,0.37153088630259623,0.07951807228915662,0.2927484333034915,K001+KI05+KA07
random_forest,temperature,target_real,0.6096687555953447,0.6022077434832465,0.0815610442316794,0.4895468227993617,0.17559390281141599,0.2712623097582811,0.039603960396039604,0.0,0.3437779767233662,0.059895833333333336,0.3276633840644584,K001+KI05+KA07
random_forest,isotonic,target_real,0.6105640107430618,0.5973920045580027,0.12006386669348015,0.5415908360166996,0.22228783945418829,0.35631154879140553,0.04773869346733668,0.0,0.423455684870188,0.10570824524312897,0.35631154879140553,K001+KI05+KA07
svm,raw,source_holdout,0.5899581589958159,0.518476267296594,0.1669180073472948,0.5650454567336888,0.17993100505742768,,,,,,,K001+KI05+KA07
svm,raw,target_real,0.5971351835273053,0.5835796287767692,0.1853434079661087,0.522495513464093,0.16618533338662547,0.38585496866606983,0.06264501160092807,0.2990152193375112,0.4279319606087735,0.11297071129707113,0.37153088630259623,K001+KI05+KA07
svm,temperature,target_real,0.5971351835273053,0.5835796287767692,0.10152310580789412,0.46459795802294995,0.16554999235966036,0.34735899731423453,0.02577319587628866,0.2873769024171889,0.42256042972247093,0.11228813559322035,0.37063563115487913,K001+KI05+KA07
svm,isotonic,target_real,0.6159355416293644,0.5851082918405893,0.14451829158599377,0.5462639310339458,0.19961119172180133,0.4279319606087735,0.1108786610878661,0.0,0.5076096687555953,0.1728395061728395,0.0,K001+KI05+KA07
xgboost,raw,source_holdout,0.5355648535564853,0.46339372069018764,0.3523762618896852,0.7431718513010865,0.2185157062029066,,,,,,,K001+KI05+KA07
xgboost,raw,target_real,0.6114592658907789,0.6018632582460796,0.2780058481859755,0.6380600664256286,0.1805710597142158,0.3025962399283796,0.04437869822485207,0.03133393017009848,0.3446732318710833,0.06233766233766234,0.3178155774395703,K001+KI05+KA07
xgboost,temperature,target_real,0.6114592658907789,0.6018632582460796,0.10183076834662803,0.48274233996227905,0.1787866066832122,0.3106535362578335,0.04899135446685879,0.03312444046553268,0.35452103849597133,0.06313131313131314,0.3187108325872874,K001+KI05+KA07
xgboost,isotonic,target_real,0.6060877350044763,0.5970473861833979,0.10498358364238047,0.5396227990592982,0.18630701036819028,0.4297224709042077,0.09791666666666667,0.0,0.4619516562220233,0.12015503875968993,0.0,K001+KI05+KA07
random_forest,raw,source_holdout,0.5815899581589958,0.5028076621030144,0.2028703972596988,0.6311520464112848,0.2361810027029886,,,,,,,K001+KI05+KA08
random_forest,raw,target_real,0.6069829901521934,0.5986526433624006,0.17520412526643278,0.5320857096206584,0.17690407669706917,0.2757385854968666,0.045454545454545456,0.1700984780662489,0.37421665174574753,0.07177033492822966,0.2784243509400179,K001+KI05+KA08
random_forest,temperature,target_real,0.6069829901521934,0.5986526433624006,0.05723961795519248,0.4733913206152524,0.1743969115174576,0.279319606087735,0.038461538461538464,0.18173679498657117,0.38406445837063563,0.06526806526806526,0.3276633840644584,K001+KI05+KA08
random_forest,isotonic,target_real,0.6186213070725156,0.6021512482177578,0.09850323501723766,0.5055059521797103,0.1862227470053577,0.37063563115487913,0.05555555555555555,0.0,0.4243509400179051,0.0949367088607595,0.3428827215756491,K001+KI05+KA08
svm,raw,source_holdout,0.606694560669456,0.5378154433369031,0.14949086027590885,0.5585927410629946,0.18434454148993282,,,,,,,K001+KI05+KA08
svm,raw,target_real,0.603401969561325,0.5912476523829069,0.17665227009369058,0.5193608344934909,0.16474496724203222,0.40555058191584603,0.08830022075055188,0.2900626678603402,0.41450313339301703,0.09719222462203024,0.37600716204118173,K001+KI05+KA08
svm,temperature,target_real,0.603401969561325,0.5912476523829069,0.09003828496035836,0.4604955541335999,0.16398420505477218,0.38048343777976723,0.058823529411764705,0.2927484333034915,0.4279319606087735,0.11297071129707113,0.37332139659803043,K001+KI05+KA08
svm,isotonic,target_real,0.630259623992838,0.611874278142256,0.12659673299512858,0.5256088086436969,0.2017010531783069,0.41360787824529993,0.10822510822510822,0.0,0.4440465532676813,0.13709677419354838,0.0,K001+KI05+KA08
xgboost,raw,source_holdout,0.5355648535564853,0.46616430260047287,0.34979776682714037,0.7648548709712681,0.25051372034203034,,,,,,,K001+KI05+KA08
xgboost,raw,target_real,0.6025067144136079,0.5926524218373995,0.287874241278656,0.6461718963849122,0.18025433757107362,0.26857654431512984,0.03,0.13249776186213072,0.3267681289167413,0.043835616438356165,0.3312444046553268,K001+KI05+KA08
xgboost,temperature,target_real,0.6025067144136079,0.5926524218373995,0.11198857076731737,0.48420753860468313,0.1782893424410233,0.2784243509400179,0.02572347266881029,0.13339301700984782,0.3446732318710833,0.05714285714285714,0.3303491495076097,K001+KI05+KA08
xgboost,isotonic,target_real,0.6239928379588182,0.6112982635387403,0.07947863481501927,0.5131091836370656,0.19206500058097228,0.38943598925693823,0.0735632183908046,0.0,0.4431512981199642,0.11313131313131314,0.0,K001+KI05+KA08
random_forest,raw,source_holdout,0.29831932773109243,0.2049950414948588,0.5320362749776031,1.1104782734609413,0.659941939206237,,,,,,,K001+KI05+KA09
random_forest,raw,target_real,0.6114592658907789,0.6073503562700591,0.2533134850146295,0.6056493346906986,0.18492263657662794,0.0,,0.17905102954341987,0.0,,0.2891674127126231,K001+KI05+KA09
random_forest,temperature,target_real,0.6114592658907789,0.6073503562700591,0.18722488134243243,0.5570038100658848,0.17588556123850693,0.0,,0.19874664279319607,0.0,,0.3222918531781558,K001+KI05+KA09
random_forest,isotonic,target_real,0.6204118173679498,0.5963850980097221,0.11977720066154601,0.5126418384460603,0.20103823517832617,0.18352730528200537,0.05365853658536585,0.0,0.18352730528200537,0.05365853658536585,0.1638316920322292,K001+KI05+KA09
svm,raw,source_holdout,0.3277310924369748,0.24106877536665275,0.49396568542639613,1.0486002977506816,0.5832055407763019,,,,,,,K001+KI05+KA09
svm,raw,target_real,0.6096687555953447,0.6039621986219018,0.2661900761380027,0.6065144421803421,0.1692765824349625,0.2855863921217547,0.01567398119122257,0.2811101163831692,0.2855863921217547,0.01567398119122257,0.3169203222918532,K001+KI05+KA09
svm,temperature,target_real,0.6096687555953447,0.6039621986219018,0.21173878726377315,0.5872638666944662,0.16940149082109984,0.2855863921217547,0.01567398119122257,0.25335720680393914,0.2855863921217547,0.01567398119122257,0.32408236347359,K001+KI05+KA09
svm,isotonic,target_real,0.621307072515667,0.582522395785562,0.07615929563429727,0.46828834305644035,0.1973054592407669,0.35899731423455683,0.05486284289276808,0.0,0.35899731423455683,0.05486284289276808,0.1450313339301701,K001+KI05+KA09
xgboost,raw,source_holdout,0.29831932773109243,0.1986200374291495,0.6257227909665148,1.2608382012961752,0.6643087652570382,,,,,,,K001+KI05+KA09
xgboost,raw,target_real,0.6114592658907789,0.6069378601387964,0.32839277013135787,0.6858241055865915,0.18154178215341954,0.22112802148612354,0.04048582995951417,0.19427036705461057,0.22112802148612354,0.04048582995951417,0.2748433303491495,K001+KI05+KA09
xgboost,temperature,target_real,0.6114592658907789,0.6069378601387964,0.19673473428272772,0.5834916727079392,0.17766283237960828,0.23366159355416294,0.019157088122605363,0.19516562220232767,0.23366159355416294,0.019157088122605363,0.3115487914055506,K001+KI05+KA09
xgboost,isotonic,target_real,0.5899731423455685,0.545323488045007,0.11505719459549096,0.5242061398117831,0.20316789477407718,0.1674127126230976,0.06417112299465241,0.0008952551477170994,0.1674127126230976,0.06417112299465241,0.11638316920322292,K001+KI05+KA09
random_forest,raw,source_holdout,0.7625,0.759376745086457,0.031676477153138816,0.30059952633365605,0.07372395261105535,,,,,,,K001+KI07+KA01
random_forest,raw,target_real,0.612354521038496,0.5989438960776846,0.13949763040742327,0.49779825307319225,0.17484270172935057,0.40823634735899733,0.09868421052631579,0.1566696508504924,0.4897045658012534,0.1736745886654479,0.3366159355416294,K001+KI07+KA01
random_forest,temperature,target_real,0.612354521038496,0.5989438960776846,0.13514666919627155,0.49489458941095976,0.17465715615124328,0.40913160250671443,0.09846827133479212,0.1602506714413608,0.4888093106535363,0.17216117216117216,0.3375111906893465,K001+KI07+KA01
random_forest,isotonic,target_real,0.6007162041181737,0.599845046030444,0.22333769969695738,0.5716138076948865,0.20300964000623753,0.55863921217547,0.22275641025641027,0.0,0.6875559534467324,0.2864583333333333,0.0,K001+KI07+KA01
svm,raw,source_holdout,0.5208333333333334,0.45185717996363567,0.21484708292655652,0.498402591296882,0.23168673228216233,,,,,,,K001+KI07+KA01
svm,raw,target_real,0.6105640107430618,0.5939914519475701,0.11421373249699072,0.5277727274507236,0.21699845804747148,0.2855863921217547,0.09090909090909091,0.005371530886302597,0.341987466427932,0.13612565445026178,0.21486123545210384,K001+KI07+KA01
svm,temperature,target_real,0.6105640107430618,0.5939914519475701,0.08832052897285947,0.5158703422249983,0.2165957759178186,0.2864816472694718,0.090625,0.005371530886302597,0.3312444046553268,0.11891891891891893,0.21665174574753804,K001+KI07+KA01
svm,isotonic,target_real,0.6007162041181737,0.5959536128140243,0.267286066850577,0.6450836974052903,0.27562000986658236,0.2891674127126231,0.12074303405572756,0.0,0.55863921217547,0.34615384615384615,0.0,K001+KI07+KA01
xgboost,raw,source_holdout,0.725,0.7147650859634839,0.1500976147751013,0.36299938191308634,0.0777730661398443,,,,,,,K001+KI07+KA01
xgboost,raw,target_real,0.5989256938227395,0.5823550469342217,0.25811282333883734,0.601677121977417,0.17631577538238594,0.423455684870188,0.12050739957716702,0.18084153983885407,0.5022381378692927,0.1836007130124777,0.34735899731423453,K001+KI07+KA01
xgboost,temperature,target_real,0.5989256938227395,0.5823550469342217,0.15992657498802942,0.5119296705829209,0.17598291619151446,0.4422560429722471,0.1396761133603239,0.18531781557743957,0.4897045658012534,0.17550274223034734,0.35004476275738583,K001+KI07+KA01
xgboost,isotonic,target_real,0.5998209489704566,0.5972536126511032,0.23173250306508392,0.5744878275096823,0.2001909630395322,0.4341987466427932,0.11752577319587629,0.0,0.5577439570277529,0.22150882825040127,0.3455684870188004,K001+KI07+KA01
random_forest,raw,source_holdout,0.7364016736401674,0.7343247323396206,0.056799343034378294,0.3474567415535742,0.09616412061632106,,,,,,,K001+KI07+KA03
random_forest,raw,target_real,0.6150402864816473,0.6022899495599549,0.12009929235198288,0.4824431640440641,0.1694695649858629,0.2936436884512086,0.024390243902439025,0.22202327663384064,0.5058191584601611,0.184070796460177,0.35989256938227393,K001+KI07+KA03
random_forest,temperature,target_real,0.6150402864816473,0.6022899495599549,0.14315468902439726,0.4968375872006057,0.1697478710885039,0.2936436884512086,0.024390243902439025,0.22023276633840644,0.5031333930170099,0.18149466192170818,0.35989256938227393,K001+KI07+KA03
random_forest,isotonic,target_real,0.6069829901521934,0.6055942351708788,0.19101108663989927,0.5359755550274553,0.1877249725041594,0.3285586392121755,0.07084468664850137,0.0,0.4905998209489705,0.16970802919708028,0.2802148612354521,K001+KI07+KA03
svm,raw,source_holdout,0.7907949790794979,0.7883045462963935,0.0646688079882431,0.3209300512911819,0.08577314539027595,,,,,,,K001+KI07+KA03
svm,raw,target_real,0.6141450313339302,0.5973339182853991,0.13466503405193261,0.490240740697138,0.16842636338197076,0.36794986571172783,0.058394160583941604,0.2927484333034915,0.4512085944494181,0.13293650793650794,0.36257833482542523,K001+KI07+KA03
svm,temperature,target_real,0.6141450313339302,0.5973339182853991,0.16735499026653772,0.5121576054136808,0.16861357955882905,0.36615935541629363,0.05623471882640587,0.2963294538943599,0.4547896150402865,0.1377952755905512,0.36168307967770813,K001+KI07+KA03
svm,isotonic,target_real,0.5953446732318711,0.5887920476344263,0.2437194930106539,0.5759986260778521,0.19625473648964328,0.38048343777976723,0.07058823529411765,0.0,0.6293643688451208,0.25889046941678523,0.3294538943598926,K001+KI07+KA03
xgboost,raw,source_holdout,0.6694560669456067,0.6637368316438083,0.1553932302417117,0.4294009817591167,0.1296114825913329,,,,,,,K001+KI07+KA03
xgboost,raw,target_real,0.6105640107430618,0.593596907876255,0.24213036089041662,0.5921457260803729,0.17256705377721376,0.2891674127126231,0.021671826625386997,0.22649955237242614,0.4897045658012534,0.170018281535649,0.3428827215756491,K001+KI07+KA03
xgboost,temperature,target_real,0.6105640107430618,0.593596907876255,0.1414110677291697,0.5056456214762509,0.17172553742980534,0.2873769024171889,0.021806853582554516,0.22112802148612354,0.4941808415398389,0.17028985507246377,0.34646374216651743,K001+KI07+KA03
xgboost,isotonic,target_real,0.6069829901521934,0.6020841712484782,0.18008064676520288,0.5349981049549253,0.1805544423466128,0.3106535362578335,0.04899135446685879,0.0,0.4941808415398389,0.17391304347826086,0.3106535362578335,K001+KI07+KA03
random_forest,raw,source_holdout,0.8284518828451883,0.8226677758422697,0.05859904567534198,0.2597807040378701,0.04769227695194439,,,,,,,K001+KI07+KA05
random_forest,raw,target_real,0.6159355416293644,0.6002490376612567,0.12654740877799403,0.4950902332607854,0.17321375220442453,0.41808415398388543,0.11777301927194861,0.20590868397493287,0.5568487018800358,0.21382636655948553,0.3070725156669651,K001+KI07+KA05
random_forest,temperature,target_real,0.6159355416293644,0.6002490376612567,0.15965161464947525,0.5148012504612423,0.1738538205128739,0.41450313339301703,0.11663066954643629,0.20322291853178157,0.5461056401074306,0.2098360655737705,0.306177260519248,K001+KI07+KA05
random_forest,isotonic,target_real,0.6087735004476276,0.6068407697277535,0.26683694446016737,0.6223074766047793,0.20857887575838652,0.6553267681289168,0.27595628415300544,0.0,0.8397493285586393,0.34968017057569295,0.0,K001+KI07+KA05
svm,raw,source_holdout,0.8284518828451883,0.8185205532371665,0.06355602156632319,0.23939583509295995,0.04506491733859165,,,,,,,K001+KI07+KA05
svm,raw,target_real,0.5989256938227395,0.5803303036070799,0.16053011297144354,0.5039925310189514,0.1710301348091604,0.40644583706356313,0.09251101321585903,0.288272157564906,0.477170993733214,0.15947467166979362,0.36884512085944493,K001+KI07+KA05
svm,temperature,target_real,0.5989256938227395,0.5803303036070799,0.18324677951209478,0.5216565535423066,0.17105373679418975,0.40555058191584603,0.09271523178807947,0.2918531781557744,0.4780662488809311,0.16104868913857678,0.36884512085944493,K001+KI07+KA05
svm,isotonic,target_real,0.6096687555953447,0.6049108601007068,0.28383722631755814,0.6397946996417124,0.1993699873296826,0.5846016114592659,0.2327718223583461,0.0,0.9059982094897046,0.366600790513834,0.0,K001+KI07+KA05
xgboost,raw,source_holdout,0.7782426778242678,0.764941419359617,0.09932974230295448,0.2994751589939883,0.05780932965099675,,,,,,,K001+KI07+KA05
xgboost,raw,target_real,0.6051924798567592,0.5875533393583935,0.25259186982468185,0.5986443726739342,0.17627143069414616,0.40913160250671443,0.11159737417943107,0.1378692927484333,0.6078782452999105,0.24594992636229748,0.3285586392121755,K001+KI07+KA05
xgboost,temperature,target_real,0.6051924798567592,0.5875533393583935,0.1781225330159027,0.5262269207606622,0.17550631280728876,0.42076991942703673,0.11914893617021277,0.144136078782453,0.5362578334825425,0.2036727879799666,0.333034914950761,K001+KI07+KA05
xgboost,isotonic,target_real,0.603401969561325,0.5994141664912197,0.26671398364312765,0.615913228101947,0.2017981814045773,0.4995523724261415,0.1881720430107527,0.0,0.7350044762757386,0.2971985383678441,0.0,K001+KI07+KA05
random_forest,raw,source_holdout,0.825,0.8185670414528837,0.034426690369746944,0.24991425635370282,0.043009550823076795,,,,,,,K001+KI07+KA06
random_forest,raw,target_real,0.6150402864816473,0.6027029461476162,0.13118863454485336,0.49568735420676074,0.1751247104747509,0.4297224709042077,0.125,0.18979409131602507,0.5111906893464637,0.19089316987740806,0.3294538943598926,K001+KI07+KA06
random_forest,temperature,target_real,0.6150402864816473,0.6027029461476162,0.14811366234328444,0.5076497791143749,0.1753146281740148,0.4270367054610564,0.12159329140461216,0.19068934646374217,0.5129811996418979,0.19197207678883071,0.3285586392121755,K001+KI07+KA06
random_forest,isotonic,target_real,0.6016114592658908,0.5986824962543157,0.26257038348347533,0.6117926369491296,0.20556894807155732,0.5452103849597135,0.21018062397372742,0.0,0.8254252461951657,0.3438177874186551,0.0,K001+KI07+KA06
svm,raw,source_holdout,0.825,0.814080453956951,0.049664260756975304,0.23149018301068605,0.041360873496900964,,,,,,,K001+KI07+KA06
svm,raw,target_real,0.6025067144136079,0.5839803780893743,0.15414461160899898,0.5017501752736734,0.17172862312093462,0.39838854073410923,0.09438202247191012,0.2918531781557744,0.4897045658012534,0.17184643510054845,0.36168307967770813,K001+KI07+KA06
svm,temperature,target_real,0.6025067144136079,0.5839803780893743,0.16524646180392694,0.5097231744961881,0.17181526369657957,0.39838854073410923,0.09438202247191012,0.2918531781557744,0.4843330349149508,0.17005545286506468,0.36168307967770813,K001+KI07+KA06
svm,isotonic,target_real,0.603401969561325,0.5981403853783919,0.3110509233980293,0.6674531705121313,0.22174582697829007,0.6383169203222918,0.25245441795231416,0.0,0.9937332139659804,0.3945945945945946,0.0,K001+KI07+KA06
xgboost,raw,source_holdout,0.7625,0.7461717366191759,0.12011529418329396,0.3002574511580012,0.055360826670059066,,,,,,,K001+KI07+KA06
xgboost,raw,target_real,0.6078782452999105,0.5897816020858656,0.24784421120355893,0.5949588406530417,0.17695363653051874,0.423455684870188,0.12473572938689217,0.17994628469113697,0.5120859444941809,0.1958041958041958,0.3267681289167413,K001+KI07+KA06
xgboost,temperature,target_real,0.6078782452999105,0.5897816020858656,0.16596685987717094,0.5196344506793005,0.17620133245079242,0.4341987466427932,0.1360824742268041,0.18621307072515667,0.5138764547896151,0.19686411149825783,0.3285586392121755,K001+KI07+KA06
xgboost,isotonic,target_real,0.5989256938227395,0.5961341254968463,0.27063820993801235,0.6193727814194484,0.20817464471708386,0.567591763652641,0.22870662460567823,0.0,0.7260519247985676,0.29839704069050554,0.0,K001+KI07+KA06
random_forest,raw,source_holdout,0.8166666666666667,0.8090484690146651,0.034737502680688696,0.24511904736939005,0.04266207690216634,,,,,,,K001+KI07+KA07
random_forest,raw,target_real,0.6141450313339302,0.601345931990155,0.13113432223040525,0.49495965749943854,0.17484919120607229,0.4288272157564906,0.12317327766179541,0.19068934646374217,0.5147717099373321,0.18956521739130436,0.3303491495076097,K001+KI07+KA07
random_forest,temperature,target_real,0.6141450313339302,0.601345931990155,0.14482818367564326,0.5042176012700691,0.17506120947559822,0.4261414503133393,0.12184873949579832,0.19068934646374217,0.5138764547896151,0.18815331010452963,0.3294538943598926,K001+KI07+KA07
random_forest,isotonic,target_real,0.6042972247090421,0.6008561238724615,0.2624725179079642,0.6173969278567302,0.1924249699612379,0.5550581915846016,0.21451612903225806,0.0,0.846911369740376,0.35200845665961944,0.0,K001+KI07+KA07
svm,raw,source_holdout,0.8291666666666667,0.8189983363236452,0.04359625726113599,0.23269310728769144,0.04139002806224398,,,,,,,K001+KI07+KA07
svm,raw,target_real,0.6007162041181737,0.5810680443568915,0.1568908894474114,0.5027689275314976,0.1721300977332442,0.40017905102954343,0.09395973154362416,0.2954341987466428,0.4888093106535363,0.17216117216117216,0.36168307967770813,K001+KI07+KA07
svm,temperature,target_real,0.6007162041181737,0.5810680443568915,0.16574820266480841,0.5091500143317108,0.17218353587011562,0.40017905102954343,0.09395973154362416,0.2945389435989257,0.4905998209489705,0.17153284671532848,0.36168307967770813,K001+KI07+KA07
svm,isotonic,target_real,0.6078782452999105,0.6032325118286352,0.2990503734380469,0.6559040365486285,0.20613704966932367,0.6365264100268576,0.25035161744022505,0.0,0.9856759176365264,0.3905540417801998,0.0,K001+KI07+KA07
xgboost,raw,source_holdout,0.7708333333333334,0.7567096956113203,0.10567566926280657,0.29275657628372515,0.05269833768317032,,,,,,,K001+KI07+KA07
xgboost,raw,target_real,0.5989256938227395,0.5785087006767754,0.25811571389730215,0.6002272247595853,0.17823056285520494,0.4270367054610564,0.12578616352201258,0.135183527305282,0.5416293643688451,0.20991735537190082,0.3303491495076097,K001+KI07+KA07
xgboost,temperature,target_real,0.5989256938227395,0.5785087006767754,0.17262519516956487,0.5202631742901701,0.17780057395723872,0.4333034914950761,0.13016528925619836,0.1396598030438675,0.5470008952551477,0.2144026186579378,0.3267681289167413,K001+KI07+KA07
xgboost,isotonic,target_real,0.6060877350044763,0.6024497505119569,0.2693191818804962,0.6235564567816383,0.21324474326303916,0.4914950760966876,0.19672131147540983,0.0,0.8290062667860341,0.3434125269978402,0.0,K001+KI07+KA07
random_forest,raw,source_holdout,0.8125,0.8063581710560633,0.05967309178747368,0.2618841398083423,0.04760049780683098,,,,,,,K001+KI07+KA08
random_forest,raw,target_real,0.6087735004476276,0.5947113888290358,0.13457821089189514,0.49242964689442614,0.1722287198474047,0.4270367054610564,0.12368972746331237,0.23276633840644584,0.4789615040286482,0.17570093457943925,0.35810205908683973,K001+KI07+KA08
random_forest,temperature,target_real,0.6087735004476276,0.5947113888290358,0.15902815062384382,0.5091560268465046,0.1725742036742477,0.4243509400179051,0.12025316455696203,0.23187108325872874,0.4744852282900627,0.17169811320754716,0.3428827215756491,K001+KI07+KA08
random_forest,isotonic,target_real,0.603401969561325,0.6008619014441648,0.250729958186922,0.5956819813458911,0.19770690107837557,0.5711727842435094,0.22413793103448276,0.0,0.7591763652641003,0.31839622641509435,0.0,K001+KI07+KA08
svm,raw,source_holdout,0.8375,0.8297498797498797,0.043671785430627816,0.23760900086821704,0.04328625947437351,,,,,,,K001+KI07+KA08
svm,raw,target_real,0.6069829901521934,0.5876464785947058,0.14849420110421108,0.4991893150702897,0.1704961812558328,0.39838854073410923,0.09213483146067415,0.2900626678603402,0.4780662488809311,0.16292134831460675,0.36257833482542523,K001+KI07+KA08
svm,temperature,target_real,0.6069829901521934,0.5876464785947058,0.17422380828984693,0.5181907387744001,0.17058626344940583,0.39659803043867503,0.09029345372460497,0.2891674127126231,0.4762757385854969,0.16165413533834586,0.35899731423455683,K001+KI07+KA08
svm,isotonic,target_real,0.6114592658907789,0.6076021364139766,0.2731550495250386,0.6279557873730294,0.20199533798416108,0.5219337511190689,0.18010291595197256,0.0,0.8549686660698299,0.34764397905759165,0.0,K001+KI07+KA08
xgboost,raw,source_holdout,0.7791666666666667,0.7680130287131369,0.09336382299661639,0.30216451179959974,0.05900171456322618,,,,,,,K001+KI07+KA08
xgboost,raw,target_real,0.6016114592658908,0.5849377293702798,0.2552750603685233,0.6021807483800784,0.1770231088094022,0.41271262309758283,0.11062906724511931,0.19247985675917637,0.4986571172784244,0.17594254937163376,0.3375111906893465,K001+KI07+KA08
xgboost,temperature,target_real,0.6016114592658908,0.5849377293702798,0.17558880194727167,0.5239334921822664,0.17644631143942272,0.41718889883616833,0.11158798283261803,0.19964189794091317,0.4932855863921218,0.17604355716878403,0.333034914950761,K001+KI07+KA08
xgboost,isotonic,target_real,0.6150402864816473,0.6118304560326181,0.24107048027465128,0.5997642650595737,0.19188145172056614,0.4673231871083259,0.14942528735632185,0.0,0.7618621307072516,0.32314923619271446,0.3401969561324978,K001+KI07+KA08
random_forest,raw,source_holdout,0.5439330543933054,0.4681338404139462,0.239268323367216,0.6858658877790859,0.2595462157190529,,,,,,,K001+KI07+KA09
random_forest,raw,target_real,0.6195165622202328,0.6107799870856759,0.19001078398051285,0.5503030859342805,0.17714871485151532,0.3393017009847807,0.0633245382585752,0.20232766338406447,0.35273052820053713,0.06852791878172589,0.3187108325872874,K001+KI07+KA09
random_forest,temperature,target_real,0.6195165622202328,0.6107799870856759,0.17406360655121167,0.5359496641240814,0.169183657457731,0.24350940017905104,0.025735294117647058,0.19874664279319607,0.26589077887197854,0.026936026936026935,0.3303491495076097,K001+KI07+KA09
random_forest,isotonic,target_real,0.6042972247090421,0.5989019472255092,0.08960069494781522,0.4976778005794333,0.21641560780676425,0.0,,0.0,0.2990152193375112,0.09281437125748503,0.0,K001+KI07+KA09
svm,raw,source_holdout,0.5690376569037657,0.4736141409341694,0.23272255128651043,0.6694011808836704,0.21822093312243523,,,,,,,K001+KI07+KA09
svm,raw,target_real,0.6168307967770814,0.6040805982273041,0.21247180622001913,0.5584503318592083,0.16747688308401937,0.38406445837063563,0.07459207459207459,0.3106535362578335,0.41539838854073413,0.10775862068965517,0.36884512085944493,K001+KI07+KA09
svm,temperature,target_real,0.6168307967770814,0.6040805982273041,0.13651178993054844,0.5174120194417968,0.16574279420847926,0.35541629364368843,0.027707808564231738,0.2963294538943599,0.36526410026857653,0.03676470588235294,0.37690241718889883,K001+KI07+KA09
svm,isotonic,target_real,0.6069829901521934,0.6023409586631658,0.134364934960531,0.5213121902203376,0.22178755571773254,0.1683079677708147,0.10106382978723404,0.0,0.4762757385854969,0.16353383458646617,0.0,K001+KI07+KA09
xgboost,raw,source_holdout,0.5397489539748954,0.4583040497484145,0.3481585205100071,0.7787950441806495,0.2597602182620933,,,,,,,K001+KI07+KA09
xgboost,raw,target_real,0.6186213070725156,0.6076423099905939,0.2830429437337652,0.6343312182901129,0.1751390273488295,0.3222918531781558,0.04722222222222222,0.19158460161145927,0.3401969561324978,0.05263157894736842,0.333034914950761,K001+KI07+KA09
xgboost,temperature,target_real,0.6186213070725156,0.6076423099905939,0.11685770227504833,0.5092341351190117,0.17140891197777483,0.3267681289167413,0.0410958904109589,0.20053715308863027,0.35541629364368843,0.0654911838790932,0.3312444046553268,K001+KI07+KA09
xgboost,isotonic,target_real,0.5881826320501343,0.5533737417419643,0.10798709264213205,0.4990864175520817,0.20199020964355655,0.2909579230080573,0.06153846153846154,0.0,0.3276633840644584,0.08196721311475409,0.26768128916741274,K001+KI07+KA09
random_forest,raw,source_holdout,0.7941176470588235,0.7903162486368593,0.04505538052545018,0.25998242520857123,0.05438009611847661,,,,,,,K001+KI08+KA01
random_forest,raw,target_real,0.6132497761862131,0.5994944370134628,0.13177754162606983,0.49628174822604804,0.1751295600941391,0.40734109221128023,0.0967032967032967,0.162041181736795,0.5487914055505819,0.21044045676998369,0.3321396598030439,K001+KI08+KA01
random_forest,temperature,target_real,0.6132497761862131,0.5994944370134628,0.1501762658064968,0.5089218428816418,0.17541597959852656,0.40734109221128023,0.0967032967032967,0.162041181736795,0.5541629364368845,0.21647819063004847,0.3285586392121755,K001+KI08+KA01
random_forest,isotonic,target_real,0.5962399283795882,0.5971812345512513,0.27147661861288347,0.6178608363086069,0.22017100655553049,0.5622202327663384,0.21496815286624205,0.0,0.8925693822739481,0.3711133400200602,0.0,K001+KI08+KA01
svm,raw,source_holdout,0.5126050420168067,0.44348717948717953,0.2242430437127777,0.5159978347803642,0.2521962380455539,,,,,,,K001+KI08+KA01
svm,raw,target_real,0.5998209489704566,0.5821812716842475,0.12191672609837882,0.5313832740517327,0.22110892249623773,0.2837958818263205,0.09779179810725552,0.0035810205908683975,0.3052820053715309,0.10557184750733138,0.22649955237242614,K001+KI08+KA01
svm,temperature,target_real,0.5998209489704566,0.5821812716842475,0.09051333247767425,0.5168487923025336,0.22050516068634016,0.2829006266786034,0.0981012658227848,0.0035810205908683975,0.3052820053715309,0.10557184750733138,0.22381378692927484,K001+KI08+KA01
svm,isotonic,target_real,0.5962399283795882,0.5914060789483635,0.27200720230464115,0.65556761835981,0.2770381531833638,0.4315129811996419,0.22199170124481327,0.0,0.5684870188003581,0.30551181102362207,0.0,K001+KI08+KA01
xgboost,raw,source_holdout,0.7352941176470589,0.7210807057412493,0.14521803951063078,0.33882424170641395,0.06585415789196382,,,,,,,K001+KI08+KA01
xgboost,raw,target_real,0.6042972247090421,0.5847114086694433,0.25116069730948204,0.5984402426107908,0.175139811715321,0.4825425246195166,0.16512059369202226,0.1512981199641898,0.5353625783348255,0.19732441471571907,0.3258728737690242,K001+KI08+KA01
xgboost,temperature,target_real,0.6042972247090421,0.5847114086694433,0.1621824655937861,0.5175879139929361,0.17459019840745335,0.486123545210385,0.16574585635359115,0.1593554162936437,0.5201432408236347,0.18760757314974183,0.3276633840644584,K001+KI08+KA01
xgboost,isotonic,target_real,0.603401969561325,0.6032320326007362,0.2598649826808402,0.6079677794616591,0.2200011065516297,0.4932855863921218,0.16515426497277677,0.0,0.9015219337511191,0.3714001986097319,0.0,K001+KI08+KA01
random_forest,raw,source_holdout,0.7763713080168776,0.7727667262550982,0.06839126690034368,0.32916405393590964,0.08128513660817185,,,,,,,K001+KI08+KA03
random_forest,raw,target_real,0.6168307967770814,0.6027233377210429,0.11860575018084576,0.4843124916251124,0.16867959252665746,0.2945389435989257,0.0243161094224924,0.21933751119068934,0.4780662488809311,0.16666666666666666,0.35810205908683973,K001+KI08+KA03
random_forest,temperature,target_real,0.6168307967770814,0.6027233377210429,0.14890517823428553,0.5041778988582385,0.16906279279269476,0.2936436884512086,0.024390243902439025,0.21754700089525514,0.4735899731423456,0.16446124763705103,0.35810205908683973,K001+KI08+KA03
random_forest,isotonic,target_real,0.6078782452999105,0.6058907727200907,0.20676234160063472,0.5551821368324812,0.1931975748478969,0.3303491495076097,0.04065040650406504,0.0,0.5926589077887198,0.23716012084592145,0.333034914950761,K001+KI08+KA03
svm,raw,source_holdout,0.7805907172995781,0.7762478189491416,0.056509925823027114,0.3166798168215813,0.0833359858727329,,,,,,,K001+KI08+KA03
svm,raw,target_real,0.6168307967770814,0.5995002472543302,0.13105239757395246,0.48873950475029165,0.16847303005401948,0.36436884512085943,0.05405405405405406,0.297224709042077,0.4565801253357207,0.1392156862745098,0.35899731423455683,K001+KI08+KA03
svm,temperature,target_real,0.6168307967770814,0.5995002472543302,0.17165031667915037,0.5168956530308164,0.16878687038453707,0.36794986571172783,0.058394160583941604,0.2963294538943599,0.4619516562220233,0.14534883720930233,0.35810205908683973,K001+KI08+KA03
svm,isotonic,target_real,0.603401969561325,0.5996676666689762,0.2250335864374261,0.5717841991411741,0.20575447546196035,0.4709042076991943,0.1482889733840304,0.0,0.5684870188003581,0.2283464566929134,0.3312444046553268,K001+KI08+KA03
xgboost,raw,source_holdout,0.6835443037974683,0.6747852164532331,0.14290190132861402,0.4271080175222748,0.12214138460737502,,,,,,,K001+KI08+KA03
xgboost,raw,target_real,0.6051924798567592,0.5875820127585054,0.2462624476867376,0.5947819500825814,0.17271131461815467,0.3008057296329454,0.02976190476190476,0.20411817367949867,0.5138764547896151,0.18641114982578397,0.34825425246195163,K001+KI08+KA03
xgboost,temperature,target_real,0.6051924798567592,0.5875820127585054,0.14605036048475814,0.5068048985659486,0.1722231913534377,0.2990152193375112,0.029940119760479042,0.20143240823634737,0.5067144136078783,0.17491166077738515,0.34646374216651743,K001+KI08+KA03
xgboost,isotonic,target_real,0.5962399283795882,0.5932948684705126,0.19718983531878925,0.5556342107191363,0.22066395363162883,0.3312444046553268,0.07567567567567568,0.0,0.5335720680393913,0.19798657718120805,0.0,K001+KI08+KA03
random_forest,raw,source_holdout,0.8481012658227848,0.8403390232460898,0.06456365385728363,0.2327368502810005,0.037067113887278666,,,,,,,K001+KI08+KA05
random_forest,raw,target_real,0.6105640107430618,0.5955398106955201,0.12870564847537982,0.4930397766012749,0.17304819455753148,0.39928379588182633,0.09417040358744394,0.22560429722470904,0.5514771709937332,0.21428571428571427,0.3142345568487019,K001+KI08+KA05
random_forest,temperature,target_real,0.6105640107430618,0.5955398106955201,0.17291496404996326,0.5242081039947801,0.17362587158290263,0.39480752014324083,0.09297052154195011,0.22023276633840644,0.5747538048343778,0.22585669781931464,0.3106535362578335,K001+KI08+KA05
random_forest,isotonic,target_real,0.6105640107430618,0.6075747796535099,0.29219031433632603,0.6560252148203667,0.22841688214575726,0.7018800358102059,0.29464285714285715,0.0,0.8863025962399284,0.36262626262626263,0.0,K001+KI08+KA05
svm,raw,source_holdout,0.8270042194092827,0.8136536305853023,0.048780366478704366,0.23193639865910956,0.04297724380781821,,,,,,,K001+KI08+KA05
svm,raw,target_real,0.6016114592658908,0.5819666855983012,0.15862984511565661,0.5038760546722533,0.17041857274367406,0.38585496866606983,0.06960556844547564,0.306177260519248,0.5111906893464637,0.18739054290718038,0.36884512085944493,K001+KI08+KA05
svm,temperature,target_real,0.6016114592658908,0.5819666855983012,0.19348418826897626,0.5320388542348149,0.17055482386689497,0.38585496866606983,0.06960556844547564,0.3034914950760967,0.5004476275738585,0.18246869409660108,0.36974037600716203,K001+KI08+KA05
svm,isotonic,target_real,0.6078782452999105,0.603726594873529,0.2901364650748002,0.6488535875437736,0.22382842246511425,0.6929274843330349,0.27906976744186046,0.0,0.8719785138764548,0.35626283367556466,0.0,K001+KI08+KA05
xgboost,raw,source_holdout,0.7932489451476793,0.7761841735423983,0.08582414667817609,0.27293350429352475,0.04820047202915442,,,,,,,K001+KI08+KA05
xgboost,raw,target_real,0.6141450313339302,0.59622357276058,0.23667935366703124,0.5909506413931863,0.17287381249228886,0.4467323187108326,0.13226452905811623,0.21665174574753804,0.5702775290957923,0.22291993720565148,0.3321396598030439,K001+KI08+KA05
xgboost,temperature,target_real,0.6141450313339302,0.59622357276058,0.1716579314750989,0.5299172625024655,0.17237047042234993,0.4485228290062668,0.13572854291417166,0.21575649059982094,0.5792300805729633,0.2241112828438949,0.3321396598030439,K001+KI08+KA05
xgboost,isotonic,target_real,0.5989256938227395,0.5962267554030946,0.2998509486765537,0.6562315938399471,0.22097861741890593,0.576544315129812,0.22826086956521738,0.0,0.9068934646374217,0.3741362290227048,0.0,K001+KI08+KA05
random_forest,raw,source_holdout,0.8529411764705882,0.8462736074414131,0.0562507580439227,0.2200676093286092,0.03229865935671936,,,,,,,K001+KI08+KA06
random_forest,raw,target_real,0.6087735004476276,0.5932660713146389,0.13564685260824846,0.49593866440729983,0.17660667508103828,0.41718889883616833,0.1072961373390558,0.1468218442256043,0.6007162041181737,0.2459016393442623,0.3258728737690242,K001+KI08+KA06
random_forest,temperature,target_real,0.6087735004476276,0.5932660713146389,0.1676997853086205,0.5185020586064955,0.17694017039460835,0.41450313339301703,0.10367170626349892,0.1486123545210385,0.594449418084154,0.24246987951807228,0.32408236347359,K001+KI08+KA06
random_forest,isotonic,target_real,0.5980304386750224,0.5971570598168431,0.30034281535523555,0.6630742940580753,0.23848535891271058,0.6508504923903312,0.2792297111416781,0.0,0.9400179051029544,0.3838095238095238,0.0,K001+KI08+KA06
svm,raw,source_holdout,0.8235294117647058,0.8089535080304312,0.05400700637448105,0.22226526804188224,0.0382076662875013,,,,,,,K001+KI08+KA06
svm,raw,target_real,0.603401969561325,0.5831958778093759,0.15217432076664383,0.49936781915222184,0.17097417479337348,0.39122649955237243,0.08237986270022883,0.3025962399283796,0.5317815577439571,0.20707070707070707,0.35810205908683973,K001+KI08+KA06
svm,temperature,target_real,0.603401969561325,0.5831958778093759,0.17708809447172585,0.517859084898272,0.17120065340559115,0.39033124440465533,0.08256880733944955,0.3043867502238138,0.5353625783348255,0.20735785953177258,0.35899731423455683,K001+KI08+KA06
svm,isotonic,target_real,0.6025067144136079,0.5982278756251359,0.3270817175638706,0.6984741136391635,0.24691999311423074,0.7699194270367055,0.32906976744186045,0.0,0.9964189794091316,0.39622641509433965,0.0,K001+KI08+KA06
xgboost,raw,source_holdout,0.7857142857142857,0.7660550759338541,0.1035935936354789,0.2704222743647051,0.044399545682315224,,,,,,,K001+KI08+KA06
xgboost,raw,target_real,0.6042972247090421,0.5860265891018321,0.25006179190044864,0.5982480157684598,0.17599931338687963,0.4404655326768129,0.13617886178861788,0.20501342882721577,0.5747538048343778,0.22118380062305296,0.32408236347359,K001+KI08+KA06
xgboost,temperature,target_real,0.6042972247090421,0.5860265891018321,0.17905819143856186,0.5281823764193213,0.17557254727163815,0.4467323187108326,0.14228456913827656,0.21486123545210384,0.5810205908683975,0.22342064714946072,0.3249776186213071,K001+KI08+KA06
xgboost,isotonic,target_real,0.6025067144136079,0.600242232322069,0.30296816901922585,0.6716647684700009,0.2333670575928928,0.6069829901521934,0.252212389380531,0.0,0.9525514771709938,0.3900375939849624,0.0,K001+KI08+KA06
random_forest,raw,source_holdout,0.8487394957983193,0.8415044756508171,0.05201710067985136,0.21814304212673513,0.03217494382065912,,,,,,,K001+KI08+KA07
random_forest,raw,target_real,0.6069829901521934,0.591656449908058,0.1355326457147634,0.49471354562115166,0.17577458894114575,0.41629364368845123,0.10752688172043011,0.18173679498657117,0.5962399283795882,0.24324324324324326,0.3267681289167413,K001+KI08+KA07
random_forest,temperature,target_real,0.6069829901521934,0.591656449908058,0.16536327173564935,0.5153106674393485,0.17599563621953018,0.41271262309758283,0.1019522776572668,0.17994628469113697,0.5962399283795882,0.24024024024024024,0.3258728737690242,K001+KI08+KA07
random_forest,isotonic,target_real,0.5971351835273053,0.5961758389305194,0.307799789668178,0.6663771323897931,0.24127160318678328,0.6696508504923904,0.28342245989304815,0.0,0.9400179051029544,0.3838095238095238,0.0,K001+KI08+KA07
svm,raw,source_holdout,0.8277310924369747,0.8140857426875275,0.04875593004525511,0.22352007068801077,0.03842352745648627,,,,,,,K001+KI08+KA07
svm,raw,target_real,0.603401969561325,0.583712895246995,0.1531213764640408,0.5005265741508544,0.1712206840740739,0.39033124440465533,0.08256880733944955,0.306177260519248,0.5067144136078783,0.1855123674911661,0.35899731423455683,K001+KI08+KA07
svm,temperature,target_real,0.603401969561325,0.583712895246995,0.17549549873895084,0.517180405954838,0.17141578956415998,0.39033124440465533,0.08256880733944955,0.3088630259623993,0.5290957923008057,0.20304568527918782,0.35899731423455683,K001+KI08+KA07
svm,isotonic,target_real,0.6042972247090421,0.6007812210111175,0.3122353229223013,0.6763372910425917,0.23635142035483675,0.7332139659803044,0.3064713064713065,0.0,0.9534467323187108,0.3784037558685446,0.0,K001+KI08+KA07
xgboost,raw,source_holdout,0.7815126050420168,0.7620863160078847,0.11014119504379626,0.27710600540527064,0.044180300254079964,,,,,,,K001+KI08+KA07
xgboost,raw,target_real,0.6096687555953447,0.5923960099129727,0.2511702529158887,0.5991442929787825,0.17537973166104098,0.4628469113697404,0.15087040618955513,0.19337511190689347,0.5523724261414503,0.20583468395461912,0.3410922112802149,K001+KI08+KA07
xgboost,temperature,target_real,0.6096687555953447,0.5923960099129727,0.1684458622001193,0.5225160664361891,0.17518006654877386,0.4673231871083259,0.1532567049808429,0.19606087735004477,0.5443151298119964,0.20065789473684212,0.3455684870188004,K001+KI08+KA07
xgboost,isotonic,target_real,0.6025067144136079,0.5996350263504622,0.30809594242534144,0.670946564937593,0.2246121406475215,0.6105640107430618,0.24926686217008798,0.0,0.982094897045658,0.3974475843208751,0.0,K001+KI08+KA07
random_forest,raw,source_holdout,0.8361344537815126,0.829802025313778,0.06145329057813098,0.2335459797534662,0.036418716685811536,,,,,,,K001+KI08+KA08
random_forest,raw,target_real,0.6141450313339302,0.5992741443171531,0.12805713808724908,0.49308914740038157,0.17142947989151625,0.4252461951656222,0.12210526315789473,0.20143240823634737,0.6016114592658908,0.24404761904761904,0.35094001790510293,K001+KI08+KA08
random_forest,temperature,target_real,0.6141450313339302,0.5992741443171531,0.16882790791771782,0.5224346006704642,0.17205752181866726,0.4261414503133393,0.12394957983193278,0.20769919427036707,0.6007162041181737,0.2444113263785395,0.34825425246195163,K001+KI08+KA08
random_forest,isotonic,target_real,0.6042972247090421,0.6028662229940939,0.2707453862137771,0.6305814481479406,0.21042826935053963,0.6714413607878246,0.284,0.0,0.8675022381378693,0.3632610939112487,0.0,K001+KI08+KA08
svm,raw,source_holdout,0.8319327731092437,0.8204512282441065,0.05550219934753936,0.23275730628802466,0.041828414782588384,,,,,,,K001+KI08+KA08
svm,raw,target_real,0.6042972247090421,0.5838026893733469,0.14925156535216716,0.4970434194170337,0.17030012956007,0.38316920322291853,0.06542056074766354,0.3169203222918532,0.4673231871083259,0.15708812260536398,0.36168307967770813,K001+KI08+KA08
svm,temperature,target_real,0.6042972247090421,0.5838026893733469,0.18969657005407248,0.5278483791410327,0.17046962541487792,0.37958818263205013,0.0660377358490566,0.3133393017009848,0.4655326768128917,0.15384615384615385,0.35899731423455683,K001+KI08+KA08
svm,isotonic,target_real,0.6096687555953447,0.6040239314287391,0.275640896362457,0.6302172468366493,0.20524554000427211,0.6857654431512982,0.2819843342036554,0.0,0.8621307072515667,0.34890965732087226,0.0,K001+KI08+KA08
xgboost,raw,source_holdout,0.7941176470588235,0.7813407187368941,0.09265904641952838,0.28453752577393,0.04951848585398578,,,,,,,K001+KI08+KA08
xgboost,raw,target_real,0.6042972247090421,0.5866449829412389,0.24872724232976737,0.5990413993108171,0.1739455227031534,0.39480752014324083,0.09297052154195011,0.19606087735004477,0.5425246195165622,0.19636963696369636,0.3366159355416294,K001+KI08+KA08
xgboost,temperature,target_real,0.6042972247090421,0.5866449829412389,0.17344125294723037,0.5271419918079013,0.1734765890654476,0.39838854073410923,0.09438202247191012,0.20143240823634737,0.5389435989256938,0.19269102990033224,0.333034914950761,K001+KI08+KA08
xgboost,isotonic,target_real,0.6051924798567592,0.6033926024031052,0.2730150123809645,0.633192998942388,0.21115702219747717,0.4914950760966876,0.1930783242258652,0.0,0.8701880035810206,0.36728395061728397,0.0,K001+KI08+KA08
random_forest,raw,source_holdout,0.5611814345991561,0.4794191734516438,0.219518495110194,0.6578974520557369,0.22405970929082736,,,,,,,K001+KI08+KA09
random_forest,raw,target_real,0.6204118173679498,0.6106957294180746,0.18790913559787617,0.5463046407353827,0.1783714941120686,0.3169203222918532,0.05649717514124294,0.21038495971351837,0.3401969561324978,0.060526315789473685,0.3043867502238138,K001+KI08+KA09
random_forest,temperature,target_real,0.6204118173679498,0.6106957294180746,0.1885502582314459,0.5478016539432085,0.17394591618000904,0.22739480752014324,0.01968503937007874,0.19695613249776187,0.25067144136078784,0.02142857142857143,0.2757385854968666,K001+KI08+KA09
random_forest,isotonic,target_real,0.6060877350044763,0.6018066106561681,0.12949534282491054,0.52363310569038,0.21710428170962662,0.0,,0.0,0.41718889883616833,0.10300429184549356,0.0,K001+KI08+KA09
svm,raw,source_holdout,0.5611814345991561,0.46211449403882154,0.2298292050916271,0.6614408483917497,0.21055000201989246,,,,,,,K001+KI08+KA09
svm,raw,target_real,0.6159355416293644,0.6030043417490264,0.20813046040927013,0.5538067041552427,0.16711514028118493,0.37690241718889883,0.06175771971496437,0.315129811996419,0.42166517457475383,0.1040339702760085,0.36615935541629363,K001+KI08+KA09
svm,temperature,target_real,0.6159355416293644,0.6030043417490264,0.14589789370882375,0.5252939236952409,0.16610408484608324,0.3446732318710833,0.01818181818181818,0.3133393017009848,0.35720680393912263,0.03258145363408521,0.37153088630259623,K001+KI08+KA09
svm,isotonic,target_real,0.6016114592658908,0.5966566931436852,0.1492259310415091,0.5336782169617738,0.22351459466832088,0.41092211280214863,0.10893246187363835,0.0,0.4476275738585497,0.138,0.0,K001+KI08+KA09
xgboost,raw,source_holdout,0.5485232067510548,0.45960361180572856,0.34060377863389024,0.7565091083076191,0.23431275849242003,,,,,,,K001+KI08+KA09
xgboost,raw,target_real,0.6150402864816473,0.6031565240749382,0.28727378536786163,0.6330565340170753,0.173887553619416,0.3160250671441361,0.04815864022662889,0.22560429722470904,0.3231871083258729,0.04709141274238227,0.3321396598030439,K001+KI08+KA09
xgboost,temperature,target_real,0.6150402864816473,0.6031565240749382,0.1285564446242187,0.5101511262890047,0.17175830223928013,0.3178155774395703,0.04225352112676056,0.23634735899731424,0.35631154879140553,0.05527638190954774,0.3446732318710833,K001+KI08+KA09
xgboost,isotonic,target_real,0.594449418084154,0.573646292165861,0.11708779008519857,0.5147764382005803,0.1951916870828044,0.3205013428827216,0.06983240223463687,0.0,0.44136078782453,0.12373225152129817,0.0,K001+KI08+KA09
random_forest,raw,source_holdout,0.799163179916318,0.7826775943150591,0.0534612990949627,0.2791320886885153,0.0564341485359095,,,,,,,K002+KI01+KA01
random_forest,raw,target_real,0.5917636526410027,0.5763547830070442,0.16336407351106313,0.5210857909808378,0.18630108851697594,0.36794986571172783,0.08029197080291971,0.09400179051029543,0.40913160250671443,0.0962800875273523,0.2936436884512086,K002+KI01+KA01
random_forest,temperature,target_real,0.5917636526410027,0.5763547830070442,0.12985547642629172,0.4991640184941929,0.18621819635460188,0.37332139659803043,0.07913669064748201,0.09400179051029543,0.41450313339301703,0.10367170626349892,0.2936436884512086,K002+KI01+KA01
random_forest,isotonic,target_real,0.5863921217547001,0.5909156728947357,0.34645372814857134,0.7482438474723241,0.2525311104808689,0.9498657117278424,0.3996229971724788,0.0,0.9498657117278424,0.3996229971724788,0.0,K002+KI01+KA01
svm,raw,source_holdout,0.803347280334728,0.7901810266153744,0.42699130837861415,0.5568235472917639,0.39468927338170334,,,,,,,K002+KI01+KA01
svm,raw,target_real,0.6016114592658908,0.5823945447484484,0.10845910158928014,0.5331085586068821,0.2433606967607905,0.0,,0.012533572068039392,0.0,,0.012533572068039392,K002+KI01+KA01
svm,temperature,target_real,0.6016114592658908,0.5823945447484484,0.13956902304633992,0.5449428922274655,0.24343901765096262,0.0,,0.010743061772605193,0.0,,0.010743061772605193,K002+KI01+KA01
svm,isotonic,target_real,0.6087735004476276,0.6071605334537983,0.27763500741946395,0.6898116877364073,0.365448294762889,0.5085049239033125,0.43838028169014087,0.0,0.9203222918531782,0.37062256809338523,0.0,K002+KI01+KA01
xgboost,raw,source_holdout,0.8117154811715481,0.7939894694894992,0.09357195805804999,0.28415653367295696,0.04756608441795244,,,,,,,K002+KI01+KA01
xgboost,raw,target_real,0.5989256938227395,0.5790101713729849,0.2586589279512049,0.6064130910161815,0.17594268452521694,0.333034914950761,0.0456989247311828,0.20769919427036707,0.41092211280214863,0.10893246187363835,0.3455684870188004,K002+KI01+KA01
xgboost,temperature,target_real,0.5989256938227395,0.5790101713729849,0.135411742024226,0.5021287322776616,0.17516749216192723,0.3348254252461952,0.0481283422459893,0.21038495971351837,0.41539838854073413,0.10775862068965517,0.3437779767233662,K002+KI01+KA01
xgboost,isotonic,target_real,0.549686660698299,0.557863282419507,0.3597091715124555,0.7659818527500004,0.2544578002122802,0.9400179051029544,0.43238095238095237,0.0,0.9400179051029544,0.43238095238095237,0.0,K002+KI01+KA01
random_forest,raw,source_holdout,0.6428571428571429,0.6248276709480362,0.10343365302321675,0.43760076873689846,0.15428471118007758,,,,,,,K002+KI01+KA03
random_forest,raw,target_real,0.5863921217547001,0.5702987770861859,0.16356559588897684,0.5173114497592873,0.18220808405763061,0.2954341987466428,0.02727272727272727,0.19606087735004477,0.35362578334825423,0.06329113924050633,0.3348254252461952,K002+KI01+KA03
random_forest,temperature,target_real,0.5863921217547001,0.5702987770861859,0.11060440203064907,0.4858601028780362,0.1820638611179755,0.2954341987466428,0.02727272727272727,0.18442256042972247,0.35631154879140553,0.06532663316582915,0.3357206803939123,K002+KI01+KA03
random_forest,isotonic,target_real,0.5684870188003581,0.568271716201663,0.18832176448170285,0.574388077839429,0.20339101913762136,0.3088630259623993,0.028985507246376812,0.0,0.4350940017905103,0.1728395061728395,0.333034914950761,K002+KI01+KA03
svm,raw,source_holdout,0.3949579831932773,0.3680200319544582,0.2620087467970143,0.6936274542493902,0.5573551655234908,,,,,,,K002+KI01+KA03
svm,raw,target_real,0.6025067144136079,0.5848867387633948,0.12073359605055278,0.5165097570158242,0.2005315503433521,0.20053715308863027,0.044642857142857144,0.11727842435094002,0.20053715308863027,0.044642857142857144,0.21575649059982094,K002+KI01+KA03
svm,temperature,target_real,0.6025067144136079,0.5848867387633948,0.058752942596401486,0.49087108751467395,0.19697894999123652,0.20859444941808417,0.03862660944206009,0.12085944494180842,0.20859444941808417,0.03862660944206009,0.22560429722470904,K002+KI01+KA03
svm,isotonic,target_real,0.5962399283795882,0.5820745004998574,0.12614360017635967,0.5466223888101743,0.24079989567013366,0.21665174574753804,0.05371900826446281,0.0,0.486123545210385,0.27440147329650094,0.0,K002+KI01+KA03
xgboost,raw,source_holdout,0.6722689075630253,0.6564255677395336,0.18681557889746017,0.4869078452040592,0.1359101857838865,,,,,,,K002+KI01+KA03
xgboost,raw,target_real,0.5980304386750224,0.5827504244447819,0.26124337163479494,0.6171067777363496,0.17972856077984878,0.23276633840644584,0.011538461538461539,0.19068934646374217,0.37242614145031333,0.07451923076923077,0.3285586392121755,K002+KI01+KA03
xgboost,temperature,target_real,0.5980304386750224,0.5827504244447819,0.11780326275446076,0.48529838445139056,0.1785070085442845,0.19068934646374217,0.009389671361502348,0.19695613249776187,0.34914950760966873,0.06153846153846154,0.3303491495076097,K002+KI01+KA03
xgboost,isotonic,target_real,0.5649059982094897,0.5616771951345721,0.17260610515210226,0.5920505105770049,0.2193670233777205,0.25783348254252464,0.020833333333333332,0.0,0.3401969561324978,0.0868421052631579,0.2864816472694718,K002+KI01+KA03
random_forest,raw,source_holdout,0.8277310924369747,0.8111667014106039,0.06634481067419117,0.2641308643993283,0.051346694888763,,,,,,,K002+KI01+KA05
random_forest,raw,target_real,0.5971351835273053,0.5803738722080208,0.155425176683086,0.5186775823081426,0.18562647264972995,0.35183527305282003,0.08142493638676845,0.1387645478961504,0.41718889883616833,0.12017167381974249,0.2936436884512086,K002+KI01+KA05
random_forest,temperature,target_real,0.5971351835273053,0.5803738722080208,0.14323219298327344,0.5109533992104203,0.18553965468503983,0.35094001790510293,0.07908163265306123,0.1387645478961504,0.41808415398388543,0.11991434689507495,0.2936436884512086,K002+KI01+KA05
random_forest,isotonic,target_real,0.5890778871978514,0.5924503444803682,0.3556747940532046,0.745166608538611,0.25225166438917973,0.8997314234556849,0.37711442786069654,0.0,0.9803043867502238,0.40273972602739727,0.0,K002+KI01+KA05
svm,raw,source_holdout,0.47478991596638653,0.4182208244959653,0.2907302532063144,0.6080521430613428,0.3044920932175053,,,,,,,K002+KI01+KA05
svm,raw,target_real,0.5971351835273053,0.5773506749154825,0.12626217189836886,0.5238693105930887,0.20441904134269717,0.22470904207699194,0.055776892430278883,0.1414503133393017,0.297224709042077,0.09939759036144578,0.22112802148612354,K002+KI01+KA05
svm,temperature,target_real,0.5971351835273053,0.5773506749154825,0.046356897719527716,0.4935731232758017,0.2022688904658253,0.22381378692927484,0.044,0.1432408236347359,0.3088630259623993,0.10144927536231885,0.22739480752014324,K002+KI01+KA05
svm,isotonic,target_real,0.5872873769024172,0.5884767352105138,0.2820466087891723,0.6620233475324802,0.24166525213109155,0.5863921217547001,0.26717557251908397,0.0,0.9829901521933752,0.4098360655737705,0.0,K002+KI01+KA05
xgboost,raw,source_holdout,0.8403361344537815,0.8293004144843924,0.09723666009782742,0.26857674438643236,0.04363125624636153,,,,,,,K002+KI01+KA05
xgboost,raw,target_real,0.5989256938227395,0.5809029285258441,0.2521153337579811,0.6017324709955032,0.1773088603892055,0.3231871083258729,0.04155124653739612,0.19785138764547897,0.41181736794986573,0.12173913043478261,0.3401969561324978,K002+KI01+KA05
xgboost,temperature,target_real,0.5989256938227395,0.5809029285258441,0.14471234381364087,0.5078712841126651,0.17663250791884583,0.3294538943598926,0.04891304347826087,0.20322291853178157,0.41718889883616833,0.12875536480686695,0.3446732318710833,K002+KI01+KA05
xgboost,isotonic,target_real,0.5684870188003581,0.5731855169221118,0.36184159063238597,0.7699654667299363,0.24982372445614898,0.8979409131602507,0.4107676969092722,0.0,0.991047448522829,0.42728093947606144,0.0,K002+KI01+KA05
random_forest,raw,source_holdout,0.8158995815899581,0.7942475235708318,0.06996439806696705,0.2585789588574785,0.04525667610760294,,,,,,,K002+KI01+KA06
random_forest,raw,target_real,0.5908683974932856,0.5745830769948559,0.1637590835281178,0.5234181588044264,0.18760503160261885,0.36257833482542523,0.08641975308641975,0.0,0.41002685765443153,0.11353711790393013,0.2936436884512086,K002+KI01+KA06
random_forest,temperature,target_real,0.5908683974932856,0.5745830769948559,0.13399021904698458,0.5040428595421836,0.18721633323588305,0.36526410026857653,0.0857843137254902,0.0,0.41092211280214863,0.11328976034858387,0.2918531781557744,K002+KI01+KA06
random_forest,isotonic,target_real,0.5881826320501343,0.5920775258049512,0.36254000711683754,0.7598059743348613,0.24942705028237003,0.963294538943599,0.4024163568773234,0.0,0.964189794091316,0.40297121634168986,0.0,K002+KI01+KA06
svm,raw,source_holdout,0.4769874476987448,0.41739213852315515,0.28482491623073697,0.5763143737922745,0.2685899237895928,,,,,,,K002+KI01+KA06
svm,raw,target_real,0.6016114592658908,0.5811649501818527,0.12288016512244027,0.5189585520920561,0.2023958504831593,0.22381378692927484,0.052,0.1387645478961504,0.3133393017009848,0.12,0.22112802148612354,K002+KI01+KA06
svm,temperature,target_real,0.6016114592658908,0.5811649501818527,0.03728896967422457,0.4903288992430275,0.19985942665314121,0.23097582811101164,0.05426356589147287,0.1378692927484333,0.3258728737690242,0.12637362637362637,0.22291853178155774,K002+KI01+KA06
svm,isotonic,target_real,0.5738585496866607,0.5788016425739843,0.30270690454017846,0.6771313398510002,0.2472581946674848,0.9928379588182632,0.42560865644724977,0.0,0.9928379588182632,0.42560865644724977,0.0,K002+KI01+KA06
xgboost,raw,source_holdout,0.8284518828451883,0.8103230486650176,0.09512643871447032,0.26317372646352943,0.03775615751657531,,,,,,,K002+KI01+KA06
xgboost,raw,target_real,0.5980304386750224,0.5806201692845896,0.2563414791917417,0.6005708521706716,0.17470297837857784,0.34825425246195163,0.05398457583547558,0.21844225604297224,0.4368845120859445,0.13934426229508196,0.3294538943598926,K002+KI01+KA06
xgboost,temperature,target_real,0.5980304386750224,0.5806201692845896,0.14539385789521853,0.5055654693344647,0.17392770340414032,0.35631154879140553,0.05778894472361809,0.21844225604297224,0.432408236347359,0.13457556935817805,0.341987466427932,K002+KI01+KA06
xgboost,isotonic,target_real,0.567591763652641,0.5734662796343453,0.3860227144887616,0.8070790606440802,0.2519322385807756,0.9955237242614146,0.42985611510791366,0.0,0.9955237242614146,0.42985611510791366,0.0,K002+KI01+KA06
random_forest,raw,source_holdout,0.8158995815899581,0.7942475235708318,0.062383936110425246,0.2564155392425863,0.04442802192655817,,,,,,,K002+KI01+KA07
random_forest,raw,target_real,0.5935541629364369,0.5774000108496098,0.16331298573375788,0.5209660172171294,0.19215031228829624,0.35452103849597133,0.08080808080808081,0.0,0.39570277529095793,0.09728506787330317,0.2963294538943599,K002+KI01+KA07
random_forest,temperature,target_real,0.5935541629364369,0.5774000108496098,0.13211418106020395,0.4994087240829539,0.19170451266779356,0.35720680393912263,0.08020050125313283,0.0,0.40107430617726053,0.10267857142857142,0.297224709042077,K002+KI01+KA07
random_forest,isotonic,target_real,0.5899731423455685,0.5938415884788545,0.35273560662217124,0.7553529231296345,0.25152495740384917,0.927484333034915,0.39575289575289574,0.0,0.9650850492390332,0.4072356215213358,0.0,K002+KI01+KA07
svm,raw,source_holdout,0.4769874476987448,0.41739213852315515,0.2861366745065765,0.5760514338660832,0.27037127737357386,,,,,,,K002+KI01+KA07
svm,raw,target_real,0.6007162041181737,0.5803060172477292,0.12586086098533794,0.5194369195458223,0.2022549814092332,0.21038495971351837,0.0425531914893617,0.1396598030438675,0.3106535362578335,0.11239193083573487,0.22202327663384064,K002+KI01+KA07
svm,temperature,target_real,0.6007162041181737,0.5803060172477292,0.039423863762946196,0.4899515777736342,0.19952369648482582,0.20590868397493287,0.034782608695652174,0.1432408236347359,0.3222918531781558,0.11944444444444445,0.22649955237242614,K002+KI01+KA07
svm,isotonic,target_real,0.5720680393912265,0.5769052268712317,0.3011659465804596,0.6729839231136974,0.24759723789026214,0.9883616830796778,0.4230072463768116,0.0,0.9883616830796778,0.4230072463768116,0.0,K002+KI01+KA07
xgboost,raw,source_holdout,0.8200836820083682,0.7991915955643846,0.09689471961065316,0.26505538913298343,0.038173275345235465,,,,,,,K002+KI01+KA07
xgboost,raw,target_real,0.5926589077887198,0.5756690548894586,0.2622423198144139,0.6054968774654599,0.17615314626939585,0.3017009847806625,0.03560830860534125,0.21396598030438674,0.4350940017905103,0.14814814814814814,0.3410922112802149,K002+KI01+KA07
xgboost,temperature,target_real,0.5926589077887198,0.5756690548894586,0.14042903995772302,0.5022098983047175,0.17529077342529106,0.32408236347359,0.03867403314917127,0.21665174574753804,0.4288272157564906,0.1336116910229645,0.3446732318710833,K002+KI01+KA07
xgboost,isotonic,target_real,0.5353625783348255,0.5434527427274425,0.3936740678988665,0.7944115158564519,0.2556045564418359,0.991047448522829,0.46070460704607047,0.0,0.991047448522829,0.46070460704607047,0.0,K002+KI01+KA07
random_forest,raw,source_holdout,0.7907949790794979,0.7735740017379419,0.060914091811944085,0.28778581869742137,0.05963549494605453,,,,,,,K002+KI01+KA08
random_forest,raw,target_real,0.5917636526410027,0.5748073959980192,0.16091452701169576,0.5211481727530056,0.18489712521035578,0.35273052820053713,0.07360406091370558,0.1674127126230976,0.40913160250671443,0.10284463894967177,0.3043867502238138,K002+KI01+KA08
random_forest,temperature,target_real,0.5917636526410027,0.5748073959980192,0.13977417324944252,0.5061584925105301,0.1849110057587498,0.35452103849597133,0.07323232323232323,0.1656222023276634,0.41181736794986573,0.10434782608695652,0.3043867502238138,K002+KI01+KA08
random_forest,isotonic,target_real,0.5846016114592659,0.5872051483943069,0.31215254470945436,0.6868651780825253,0.22670851518450602,0.5004476275738585,0.22361359570661896,0.0,0.9847806624888094,0.4118181818181818,0.0,K002+KI01+KA08
svm,raw,source_holdout,0.4686192468619247,0.41194516345508586,0.2642418684585385,0.5851114185681733,0.3006689587740767,,,,,,,K002+KI01+KA08
svm,raw,target_real,0.5998209489704566,0.5808616425430807,0.12286438821094799,0.5172842359028724,0.20063121708456627,0.22739480752014324,0.051181102362204724,0.1548791405550582,0.2864816472694718,0.103125,0.21217547000895254,K002+KI01+KA08
svm,temperature,target_real,0.5998209489704566,0.5808616425430807,0.04942986684942187,0.4908952400376766,0.19871704013624036,0.22829006266786034,0.050980392156862744,0.153088630259624,0.2846911369740376,0.09433962264150944,0.21933751119068934,K002+KI01+KA08
svm,isotonic,target_real,0.5890778871978514,0.5887920086953279,0.2582632845260962,0.6343523729453782,0.23676889825085398,0.4574753804834378,0.1780821917808219,0.0,0.7045658012533572,0.30749682337992373,0.0,K002+KI01+KA08
xgboost,raw,source_holdout,0.7949790794979079,0.7759045917125292,0.11738718578506216,0.2972403376339015,0.049547863274788266,,,,,,,K002+KI01+KA08
xgboost,raw,target_real,0.5962399283795882,0.5804828258766842,0.2565749118983372,0.6055254628180705,0.1768642755623068,0.35899731423455683,0.06982543640897755,0.21933751119068934,0.41450313339301703,0.12095032397408208,0.3410922112802149,K002+KI01+KA08
xgboost,temperature,target_real,0.5962399283795882,0.5804828258766842,0.1402438850262875,0.5054156936583952,0.17626811351808302,0.35452103849597133,0.06313131313131314,0.22023276633840644,0.41181736794986573,0.11521739130434783,0.3312444046553268,K002+KI01+KA08
xgboost,isotonic,target_real,0.5756490599820949,0.5790452497238443,0.3135300704118119,0.6937898440266966,0.20851512379132073,0.4655326768128917,0.18461538461538463,0.0,0.999104744852283,0.42473118279569894,0.2999104744852283,K002+KI01+KA08
random_forest,raw,source_holdout,0.5,0.3980920058421768,0.2997468362642163,0.7578837924088367,0.282597624195964,,,,,,,K002+KI01+KA09
random_forest,raw,target_real,0.5926589077887198,0.5806887874053733,0.21743612160263753,0.5732948355759034,0.19381194267391738,0.2712623097582811,0.0429042904290429,0.17905102954341987,0.2855863921217547,0.050156739811912224,0.2757385854968666,K002+KI01+KA09
random_forest,temperature,target_real,0.5926589077887198,0.5806887874053733,0.14187909323622255,0.5403401346372994,0.1972473313029326,0.22291853178155774,0.024096385542168676,0.1414503133393017,0.23634735899731424,0.030303030303030304,0.25514771709937334,K002+KI01+KA09
random_forest,isotonic,target_real,0.5640107430617726,0.5662427103959362,0.12855641398200812,0.5567107892651366,0.22627359062605357,0.0,,0.0,0.2721575649059982,0.0756578947368421,0.0,K002+KI01+KA09
svm,raw,source_holdout,0.21008403361344538,0.19648933884401976,0.477666505943746,0.9772561913136307,0.7814412996281133,,,,,,,K002+KI01+KA09
svm,raw,target_real,0.603401969561325,0.5885085151834687,0.21452670440627408,0.575073121856844,0.19438139725821568,0.0,,0.135183527305282,0.0,,0.25514771709937334,K002+KI01+KA09
svm,temperature,target_real,0.603401969561325,0.5885085151834687,0.21577530382538637,0.6023207136024257,0.21186294663982436,0.0,,0.1360787824529991,0.0,,0.22202327663384064,K002+KI01+KA09
svm,isotonic,target_real,0.5756490599820949,0.5795720789850624,0.042460621937223664,0.54957449967281,0.2869065023823378,0.0,,0.0,0.0,,0.0,K002+KI01+KA09
xgboost,raw,source_holdout,0.5126050420168067,0.4065397038106037,0.3916977055433417,0.8505844493931615,0.2396653953817257,,,,,,,K002+KI01+KA09
xgboost,raw,target_real,0.6051924798567592,0.5916149260159014,0.29349582749706565,0.6551428476315153,0.1815919743942994,0.3008057296329454,0.03571428571428571,0.1557743957027753,0.3410922112802149,0.05511811023622047,0.3348254252461952,K002+KI01+KA09
xgboost,temperature,target_real,0.6051924798567592,0.5916149260159014,0.1408899612162796,0.520947703700337,0.18182125619850456,0.26051924798567594,0.027491408934707903,0.1692032229185318,0.3124440465532677,0.045845272206303724,0.3276633840644584,K002+KI01+KA09
xgboost,isotonic,target_real,0.5478961504028648,0.5302932840735052,0.14528337483250323,0.5931281396556809,0.2334805868346147,0.297224709042077,0.07228915662650602,0.0,0.4261414503133393,0.1869747899159664,0.0,K002+KI01+KA09
random_forest,raw,source_holdout,0.7468354430379747,0.7290042178331855,0.048336450412211636,0.35787868754226737,0.09897112849197699,,,,,,,K002+KI03+KA01
random_forest,raw,target_real,0.5828111011638317,0.5692362620516338,0.16463692836811816,0.5312413896397258,0.19240842345335443,0.3160250671441361,0.056657223796033995,0.20590868397493287,0.36257833482542523,0.10123456790123457,0.3043867502238138,K002+KI03+KA01
random_forest,temperature,target_real,0.5828111011638317,0.5692362620516338,0.12131008258692291,0.5044702159896475,0.19173737146640696,0.3124440465532677,0.054441260744985676,0.21128021486123547,0.36705461056401073,0.1048780487804878,0.3043867502238138,K002+KI03+KA01
random_forest,isotonic,target_real,0.594449418084154,0.5941084633124585,0.25397122857972104,0.6329487444457073,0.22181685455267794,0.4816472694717995,0.18587360594795538,0.0,0.7511190689346464,0.3456495828367104,0.0,K002+KI03+KA01
svm,raw,source_holdout,0.3924050632911392,0.3553821138211382,0.262360149853887,0.598409722718832,0.42003269173796337,,,,,,,K002+KI03+KA01
svm,raw,target_real,0.594449418084154,0.5794245849995747,0.13498724261239695,0.5391010994594293,0.21875276787336254,0.1378692927484333,0.01948051948051948,0.04028648164726947,0.1378692927484333,0.01948051948051948,0.21575649059982094,K002+KI03+KA01
svm,temperature,target_real,0.594449418084154,0.5794245849995747,0.07525098699959201,0.5108851065845541,0.2173986345942374,0.1396598030438675,0.019230769230769232,0.04118173679498657,0.1396598030438675,0.019230769230769232,0.21038495971351837,K002+KI03+KA01
svm,isotonic,target_real,0.5980304386750224,0.5976438096740796,0.21776955638910314,0.6098634905350012,0.2557717334687684,0.2981199641897941,0.12312312312312312,0.0,0.2981199641897941,0.12312312312312312,0.0,K002+KI03+KA01
xgboost,raw,source_holdout,0.729957805907173,0.7138237419977814,0.1578689945649497,0.4088081280520523,0.10615159303818156,,,,,,,K002+KI03+KA01
xgboost,raw,target_real,0.5863921217547001,0.5706915471222086,0.27349338911960674,0.6291017101625845,0.18792569089369202,0.26320501342882724,0.02040816326530612,0.18710832587287377,0.36615935541629363,0.097799511002445,0.3070725156669651,K002+KI03+KA01
xgboost,temperature,target_real,0.5863921217547001,0.5706915471222086,0.13001956910580598,0.5105821879813836,0.18757042465048268,0.26589077887197854,0.02356902356902357,0.18979409131602507,0.37063563115487913,0.10386473429951691,0.3079677708146822,K002+KI03+KA01
xgboost,isotonic,target_real,0.5953446732318711,0.5937214757524689,0.21375998803483334,0.5952969794057678,0.20911078831096166,0.41360787824529993,0.14935064935064934,0.0,0.6293643688451208,0.29160739687055476,0.0,K002+KI03+KA01
random_forest,raw,source_holdout,0.6228813559322034,0.616666587404628,0.12516852950165386,0.4987526509275039,0.22736513613771517,,,,,,,K002+KI03+KA03
random_forest,raw,target_real,0.5828111011638317,0.5694460229300519,0.16535944311909487,0.5290349594005674,0.18923605620801257,0.3276633840644584,0.04644808743169399,0.21038495971351837,0.3446732318710833,0.06493506493506493,0.3303491495076097,K002+KI03+KA03
random_forest,temperature,target_real,0.5828111011638317,0.5694460229300519,0.11241443223854895,0.49638963445162604,0.18865291267469653,0.3249776186213071,0.04132231404958678,0.20859444941808417,0.3437779767233662,0.06510416666666667,0.333034914950761,K002+KI03+KA03
random_forest,isotonic,target_real,0.594449418084154,0.5872819935828836,0.11782348810445842,0.528800500179466,0.2088695488545447,0.3088630259623993,0.034782608695652174,0.0,0.39391226499552373,0.1409090909090909,0.3115487914055506,K002+KI03+KA03
svm,raw,source_holdout,0.711864406779661,0.7034544560364049,0.09734362059880665,0.41291362922718317,0.1709321445998104,,,,,,,K002+KI03+KA03
svm,raw,target_real,0.6007162041181737,0.5848509581048567,0.15008000872544675,0.5085367978224463,0.17589395679555941,0.3070725156669651,0.02040816326530612,0.2846911369740376,0.35273052820053713,0.03807106598984772,0.36526410026857653,K002+KI03+KA03
svm,temperature,target_real,0.6007162041181737,0.5848509581048567,0.1490938867740459,0.507880299169632,0.1758974479761497,0.3070725156669651,0.02040816326530612,0.2846911369740376,0.35273052820053713,0.03807106598984772,0.36526410026857653,K002+KI03+KA03
svm,isotonic,target_real,0.6007162041181737,0.5872995751383882,0.21000366172088697,0.5647652971228051,0.1993146533277916,0.35989256938227393,0.03731343283582089,0.0,0.5541629364368845,0.2245557350565428,0.36347358997314233,K002+KI03+KA03
xgboost,raw,source_holdout,0.6101694915254238,0.6089309212162658,0.22148520385814924,0.5770100879351876,0.23756261034185713,,,,,,,K002+KI03+KA03
xgboost,raw,target_real,0.5828111011638317,0.5693285680323509,0.2756877887857312,0.6376747356470798,0.18756816240286253,0.2829006266786034,0.022151898734177215,0.23097582811101164,0.2999104744852283,0.04477611940298507,0.3079677708146822,K002+KI03+KA03
xgboost,temperature,target_real,0.5828111011638317,0.5693285680323509,0.13678615913226203,0.5051091043783456,0.1870320582332618,0.2927484333034915,0.03669724770642202,0.23545210384959714,0.3034914950760967,0.04424778761061947,0.3097582811101164,K002+KI03+KA03
xgboost,isotonic,target_real,0.5711727842435094,0.5639354135621856,0.14687089752584864,0.5235651919582054,0.19876371637918538,0.3124440465532677,0.04871060171919771,0.0,0.3231871083258729,0.05263157894736842,0.3133393017009848,K002+KI03+KA03
random_forest,raw,source_holdout,0.7330508474576272,0.7141475216841814,0.03441672204806485,0.3636914044890141,0.10768037726627962,,,,,,,K002+KI03+KA05
random_forest,raw,target_real,0.5890778871978514,0.5754891701217267,0.15475142019493854,0.5333793657361151,0.19603820051092422,0.3187108325872874,0.056179775280898875,0.18889883616830797,0.34735899731423453,0.09020618556701031,0.3088630259623993,K002+KI03+KA05
random_forest,temperature,target_real,0.5890778871978514,0.5754891701217267,0.12706437368648613,0.5144581134076469,0.19565880269815317,0.3205013428827216,0.05865921787709497,0.18710832587287377,0.3455684870188004,0.08808290155440414,0.3088630259623993,K002+KI03+KA05
random_forest,isotonic,target_real,0.5899731423455685,0.5876553844551035,0.2608671745414873,0.6418013655880802,0.23376254509332836,0.5031333930170099,0.2117437722419929,0.0,0.7036705461056401,0.3244274809160305,0.0,K002+KI03+KA05
svm,raw,source_holdout,0.6991525423728814,0.6802629387060856,0.10240550136021567,0.38045768286745374,0.11828190832602148,,,,,,,K002+KI03+KA05
svm,raw,target_real,0.5908683974932856,0.5724415089780894,0.16559720482561732,0.5175120168028481,0.17743232048646404,0.3348254252461952,0.0213903743315508,0.2909579230080573,0.38048343777976723,0.07058823529411765,0.36526410026857653,K002+KI03+KA05
svm,temperature,target_real,0.5908683974932856,0.5724415089780894,0.13368915901985554,0.49646731785724657,0.17745067468948417,0.3357206803939123,0.021333333333333333,0.2936436884512086,0.38137869292748433,0.06807511737089202,0.36705461056401073,K002+KI03+KA05
svm,isotonic,target_real,0.603401969561325,0.5996269046345694,0.23205328095384536,0.602025625129148,0.21297975926344462,0.5881826320501343,0.2526636225266362,0.0,0.6186213070725156,0.26049204052098407,0.0,K002+KI03+KA05
xgboost,raw,source_holdout,0.7203389830508474,0.7064411346841171,0.15789840484069564,0.4211160272729741,0.11664341848380472,,,,,,,K002+KI03+KA05
xgboost,raw,target_real,0.5926589077887198,0.5768018173803954,0.2643264495536698,0.6198232858299192,0.1863723512763755,0.24619516562220234,0.02181818181818182,0.21038495971351837,0.3375111906893465,0.06896551724137931,0.315129811996419,K002+KI03+KA05
xgboost,temperature,target_real,0.5926589077887198,0.5768018173803954,0.1241027509544037,0.508966399996465,0.18609046089612608,0.25335720680393914,0.02120141342756184,0.21128021486123547,0.35004476275738583,0.07672634271099744,0.3142345568487019,K002+KI03+KA05
xgboost,isotonic,target_real,0.5899731423455685,0.5880557134933092,0.22851058058049015,0.6010430472828114,0.20541239699171196,0.37690241718889883,0.10926365795724466,0.0,0.6293643688451208,0.2901849217638691,0.0,K002+KI03+KA05
random_forest,raw,source_holdout,0.7383966244725738,0.722477650063857,0.06658279475627356,0.3558710209464352,0.09664231664710807,,,,,,,K002+KI03+KA06
random_forest,raw,target_real,0.5837063563115488,0.5703822213199302,0.16129691934821686,0.5345362671668245,0.1960205669645872,0.3187108325872874,0.05898876404494382,0.19695613249776187,0.35899731423455683,0.09975062344139651,0.3070725156669651,K002+KI03+KA06
random_forest,temperature,target_real,0.5837063563115488,0.5703822213199302,0.11324568991247001,0.5050784968713101,0.1950319964741063,0.3249776186213071,0.06887052341597796,0.20053715308863027,0.36168307967770813,0.10396039603960396,0.3052820053715309,K002+KI03+KA06
random_forest,isotonic,target_real,0.5935541629364369,0.5927811504365494,0.23881887310947564,0.6179297695524406,0.22450466793267806,0.5049239033124441,0.2074468085106383,0.0,0.7135183527305282,0.3212045169385194,0.0,K002+KI03+KA06
svm,raw,source_holdout,0.70042194092827,0.6804319795604535,0.10505177916980579,0.37011869662189834,0.10330708731222026,,,,,,,K002+KI03+KA06
svm,raw,target_real,0.5926589077887198,0.5750926684507479,0.16254257939698802,0.5164891657453671,0.1787028418736814,0.35183527305282003,0.04580152671755725,0.2748433303491495,0.37600716204118173,0.06428571428571428,0.36078782452999103,K002+KI03+KA06
svm,temperature,target_real,0.5926589077887198,0.5750926684507479,0.1274943225787731,0.48792989212911164,0.17856814917231778,0.35273052820053713,0.04568527918781726,0.2766338406445837,0.38048343777976723,0.07058823529411765,0.35899731423455683,K002+KI03+KA06
svm,isotonic,target_real,0.5980304386750224,0.5946329450453925,0.24348978182708533,0.6226739102177764,0.2323885121340115,0.6239928379588182,0.2783357245337159,0.0,0.6803939122649956,0.30526315789473685,0.0,K002+KI03+KA06
xgboost,raw,source_holdout,0.7172995780590717,0.6979034037857567,0.17054449229300778,0.42071460028142826,0.10328797819456764,,,,,,,K002+KI03+KA06
xgboost,raw,target_real,0.5962399283795882,0.5805437398237967,0.2604811168613451,0.6230091651286395,0.188142198644937,0.2766338406445837,0.032362459546925564,0.18710832587287377,0.36436884512085943,0.09582309582309582,0.3017009847806625,K002+KI03+KA06
xgboost,temperature,target_real,0.5962399283795882,0.5805437398237967,0.12147325063014597,0.5095780455426674,0.18760052770194166,0.2837958818263205,0.03470031545741325,0.19158460161145927,0.36078782452999103,0.09429280397022333,0.297224709042077,K002+KI03+KA06
xgboost,isotonic,target_real,0.5881826320501343,0.5861701762853485,0.2299937807335168,0.601848353988969,0.20988602342497098,0.3366159355416294,0.08244680851063829,0.0,0.6186213070725156,0.29232995658465993,0.0,K002+KI03+KA06
random_forest,raw,source_holdout,0.7341772151898734,0.7147432482761661,0.07179508956315732,0.3540262938660957,0.09504358369638033,,,,,,,K002+KI03+KA07
random_forest,raw,target_real,0.5810205908683975,0.5671834625322997,0.1623437278336911,0.535215722286352,0.19820052800240323,0.3357206803939123,0.08533333333333333,0.1477170993733214,0.36078782452999103,0.10918114143920596,0.3106535362578335,K002+KI03+KA07
random_forest,temperature,target_real,0.5810205908683975,0.5671834625322997,0.10823977096146307,0.5028485604887095,0.19723364972289945,0.3366159355416294,0.08244680851063829,0.1477170993733214,0.35810205908683973,0.1075,0.3106535362578335,K002+KI03+KA07
random_forest,isotonic,target_real,0.5881826320501343,0.5890361211783143,0.2393421669037763,0.6256637670827767,0.23259232638315913,0.4870188003581021,0.20404411764705882,0.0,0.7162041181736795,0.345,0.0,K002+KI03+KA07
svm,raw,source_holdout,0.7046413502109705,0.6858116644948263,0.10147512339130826,0.3707360989911872,0.10374413715698784,,,,,,,K002+KI03+KA07
svm,raw,target_real,0.5899731423455685,0.5720194257991164,0.16639797580561194,0.5174405093565876,0.17886648763328522,0.36168307967770813,0.05198019801980198,0.26499552372426144,0.37511190689346463,0.06205250596658711,0.36078782452999103,K002+KI03+KA07
svm,temperature,target_real,0.5899731423455685,0.5720194257991164,0.12837376093056974,0.4861729559558797,0.17869343051610367,0.36347358997314233,0.054187192118226604,0.2721575649059982,0.37511190689346463,0.06205250596658711,0.35452103849597133,K002+KI03+KA07
svm,isotonic,target_real,0.5971351835273053,0.5933697609123079,0.2297665078594781,0.6013384415619464,0.21076124007433644,0.5837063563115488,0.25,0.0,0.6517457475380484,0.28296703296703296,0.0,K002+KI03+KA07
xgboost,raw,source_holdout,0.7257383966244726,0.7099579561273353,0.16891230120940548,0.4204461734773298,0.1006722048969675,,,,,,,K002+KI03+KA07
xgboost,raw,target_real,0.5899731423455685,0.5758503329303681,0.2633906281357272,0.6233673798721392,0.18820894902368449,0.26768128916741274,0.023411371237458192,0.19785138764547897,0.34646374216651743,0.08527131782945736,0.3097582811101164,K002+KI03+KA07
xgboost,temperature,target_real,0.5899731423455685,0.5758503329303681,0.12406120213429599,0.507148387218408,0.1877695751592231,0.2748433303491495,0.026058631921824105,0.20143240823634737,0.35362578334825423,0.09113924050632911,0.3017009847806625,K002+KI03+KA07
xgboost,isotonic,target_real,0.5846016114592659,0.5835154157862511,0.2130804672943546,0.5925298795482539,0.20793320863817377,0.37600716204118173,0.10476190476190476,0.0,0.630259623992838,0.296875,0.0,K002+KI03+KA07
random_forest,raw,source_holdout,0.7257383966244726,0.7101962245404869,0.06631207114583076,0.375416903228832,0.11260690569083641,,,,,,,K002+KI03+KA08
random_forest,raw,target_real,0.5837063563115488,0.5680096240013072,0.15938982147010702,0.5324453935485314,0.19527767175253333,0.3124440465532677,0.054441260744985676,0.19247985675917637,0.3384064458370636,0.0873015873015873,0.3097582811101164,K002+KI03+KA08
random_forest,temperature,target_real,0.5837063563115488,0.5680096240013072,0.12646752451330545,0.51190582501582,0.19498033418832103,0.3187108325872874,0.06460674157303371,0.19068934646374217,0.3401969561324978,0.09210526315789473,0.3106535362578335,K002+KI03+KA08
random_forest,isotonic,target_real,0.5926589077887198,0.590348580382445,0.22613053988298,0.610710948191978,0.22631927283664127,0.4458370635631155,0.18072289156626506,0.0,0.5613249776186213,0.266347687400319,0.0,K002+KI03+KA08
svm,raw,source_holdout,0.70042194092827,0.6817435438125093,0.08048238774357702,0.3801931826289254,0.11693219405945861,,,,,,,K002+KI03+KA08
svm,raw,target_real,0.5917636526410027,0.574423411512489,0.16199169215066436,0.5145296831523797,0.17758377380900864,0.3231871083258729,0.0221606648199446,0.2846911369740376,0.37779767233661593,0.06872037914691943,0.36436884512085943,K002+KI03+KA08
svm,temperature,target_real,0.5917636526410027,0.574423411512489,0.13060147661517832,0.4947966014124421,0.17749158774552648,0.32408236347359,0.022099447513812154,0.2811101163831692,0.37332139659803043,0.05995203836930456,0.36526410026857653,K002+KI03+KA08
svm,isotonic,target_real,0.6042972247090421,0.5984790727302848,0.22022038500459012,0.5821162596997985,0.20657857903107293,0.5219337511190689,0.20411663807890223,0.0,0.622202327663384,0.26618705035971224,0.0,K002+KI03+KA08
xgboost,raw,source_holdout,0.7130801687763713,0.6988698688725861,0.16632648988112114,0.43379265486505936,0.1119734473202378,,,,,,,K002+KI03+KA08
xgboost,raw,target_real,0.5908683974932856,0.5771360355698768,0.2644389081769685,0.6265308051014143,0.18699281877641433,0.3079677708146822,0.046511627906976744,0.19337511190689347,0.35094001790510293,0.07908163265306123,0.3124440465532677,K002+KI03+KA08
xgboost,temperature,target_real,0.5908683974932856,0.5771360355698768,0.126037203260806,0.5117686327601176,0.1868170402294515,0.3124440465532677,0.054441260744985676,0.19695613249776187,0.35899731423455683,0.08478802992518704,0.3052820053715309,K002+KI03+KA08
xgboost,isotonic,target_real,0.5872873769024172,0.5840395929121559,0.21373450790913104,0.574583259852379,0.1987654063146029,0.38764547896150403,0.12933025404157045,0.0,0.42166517457475383,0.15074309978768577,0.3034914950760967,K002+KI03+KA08
random_forest,raw,source_holdout,0.4152542372881356,0.3492438740665691,0.322876516121892,0.8578226926377125,0.4679432514397982,,,,,,,K002+KI03+KA09
random_forest,raw,target_real,0.5899731423455685,0.5809877560736726,0.21303913176160227,0.5884734572547693,0.20482401331577793,0.288272157564906,0.049689440993788817,0.22918531781557744,0.306177260519248,0.06432748538011696,0.2900626678603402,K002+KI03+KA09
random_forest,temperature,target_real,0.5899731423455685,0.5809877560736726,0.16796194517796414,0.5589989676598558,0.2098938537243337,0.23903312444046554,0.026217228464419477,0.21665174574753804,0.23903312444046554,0.026217228464419477,0.25335720680393914,K002+KI03+KA09
random_forest,isotonic,target_real,0.567591763652641,0.5678796875880371,0.07911459544890419,0.5140900372976692,0.22130247822459265,0.315129811996419,0.06818181818181818,0.0,0.3303491495076097,0.07859078590785908,0.0,K002+KI03+KA09
svm,raw,source_holdout,0.4067796610169492,0.34459829698469774,0.3675530130566771,0.8782243227716425,0.4359472327969389,,,,,,,K002+KI03+KA09
svm,raw,target_real,0.6042972247090421,0.5915523407881675,0.2331131644955805,0.5887737207143808,0.17663015258139578,0.2712623097582811,0.009900990099009901,0.288272157564906,0.3384064458370636,0.023809523809523808,0.36436884512085943,K002+KI03+KA09
svm,temperature,target_real,0.6042972247090421,0.5915523407881675,0.20709050405599413,0.5883896180172128,0.17654056773068721,0.18621307072515667,0.0,0.25425246195165624,0.18621307072515667,0.0,0.35452103849597133,K002+KI03+KA09
svm,isotonic,target_real,0.5881826320501343,0.5898991619547277,0.0878035347275429,0.49125360646641975,0.20062837586035942,0.0,,0.0,0.37332139659803043,0.07434052757793765,0.35004476275738583,K002+KI03+KA09
xgboost,raw,source_holdout,0.4152542372881356,0.34949608062709964,0.4593232599860531,1.0083560879517457,0.48895580429990204,,,,,,,K002+KI03+KA09
xgboost,raw,target_real,0.5953446732318711,0.5844954970233824,0.3046105606222964,0.6790395434304123,0.19844536792536774,0.26589077887197854,0.020202020202020204,0.13160250671441362,0.26589077887197854,0.020202020202020204,0.306177260519248,K002+KI03+KA09
xgboost,temperature,target_real,0.5953446732318711,0.5844954970233824,0.18813887528095932,0.5908660850231918,0.19959696604546867,0.24888093106535364,0.014388489208633094,0.11638316920322292,0.24888093106535364,0.014388489208633094,0.3070725156669651,K002+KI03+KA09
xgboost,isotonic,target_real,0.5792300805729633,0.5771387240962703,0.09192347601055917,0.5078292254291403,0.19588914308120914,0.08415398388540735,0.0,0.08863025962399283,0.18352730528200537,0.07804878048780488,0.1638316920322292,K002+KI03+KA09
random_forest,raw,source_holdout,0.5840336134453782,0.510449302179468,0.1556172032727678,0.5553790546290991,0.1945704659879529,,,,,,,K002+KI05+KA01
random_forest,raw,target_real,0.6016114592658908,0.5957212115578562,0.1831241296624601,0.5365096908105319,0.17752450634094982,0.3401969561324978,0.04473684210526316,0.1360787824529991,0.41360787824529993,0.1038961038961039,0.35362578334825423,K002+KI05+KA01
random_forest,temperature,target_real,0.6016114592658908,0.5957212115578562,0.07027493454004599,0.47436950771887576,0.18288880516306347,0.3375111906893465,0.042440318302387266,0.13428827215756492,0.39659803043867503,0.0835214446952596,0.35989256938227393,K002+KI05+KA01
random_forest,isotonic,target_real,0.5998209489704566,0.5851795689929193,0.13252253065052536,0.5154762597862628,0.19666519009890596,0.41360787824529993,0.08658008658008658,0.0,0.41360787824529993,0.08658008658008658,0.0,K002+KI05+KA01
svm,raw,source_holdout,0.36134453781512604,0.3006130311829794,0.24952444473166366,0.7317733449117062,0.5129702013683577,,,,,,,K002+KI05+KA01
svm,raw,target_real,0.5998209489704566,0.5936677858654039,0.1428977449471478,0.5473608435546832,0.21193810058773951,0.2873769024171889,0.06853582554517133,0.11101163831692032,0.2873769024171889,0.06853582554517133,0.26051924798567594,K002+KI05+KA01
svm,temperature,target_real,0.5998209489704566,0.5936677858654039,0.17557359472833423,0.5726958071001196,0.214329312303049,0.3401969561324978,0.1368421052631579,0.10653536257833482,0.3401969561324978,0.1368421052631579,0.23813786929274844,K002+KI05+KA01
svm,isotonic,target_real,0.5917636526410027,0.5806073269612374,0.14774884385234416,0.5724436490936691,0.3207802757789993,0.3231871083258729,0.2077562326869806,0.0,0.3231871083258729,0.2077562326869806,0.0,K002+KI05+KA01
xgboost,raw,source_holdout,0.5840336134453782,0.5245696918660686,0.28736105223162833,0.6568655733203683,0.19143795516151593,,,,,,,K002+KI05+KA01
xgboost,raw,target_real,0.6069829901521934,0.6007349839025508,0.2795059139587672,0.6403263976195375,0.1757410739411025,0.3142345568487019,0.037037037037037035,0.1369740376007162,0.34646374216651743,0.04909560723514212,0.34825425246195163,K002+KI05+KA01
xgboost,temperature,target_real,0.6069829901521934,0.6007349839025508,0.11392960825089116,0.48079763193459146,0.1744811872424654,0.3124440465532677,0.034383954154727794,0.12802148612354522,0.35899731423455683,0.05486284289276808,0.34646374216651743,K002+KI05+KA01
xgboost,isotonic,target_real,0.6132497761862131,0.5971074915467091,0.10178715415073222,0.50548286696581,0.2115743089680976,0.37869292748433303,0.07092198581560284,0.0,0.38048343777976723,0.07058823529411765,0.0,K002+KI05+KA01
random_forest,raw,source_holdout,0.46835443037974683,0.41021208127214526,0.1978542255166489,0.6900544587583651,0.3820499933613797,,,,,,,K002+KI05+KA03
random_forest,raw,target_real,0.5926589077887198,0.5884803368197407,0.19279463446837222,0.5392588797315682,0.17510712045943883,0.2820053715308863,0.025396825396825397,0.1629364368845121,0.2820053715308863,0.025396825396825397,0.34914950760966873,K002+KI05+KA03
random_forest,temperature,target_real,0.5926589077887198,0.5884803368197407,0.08638282929017534,0.47332815249823035,0.174777875386951,0.25872873769024174,0.01730103806228374,0.1602506714413608,0.25872873769024174,0.01730103806228374,0.36884512085944493,K002+KI05+KA03
random_forest,isotonic,target_real,0.6060877350044763,0.5848736743120277,0.09761268909364047,0.47887235363489605,0.19069481598393634,0.1396598030438675,0.05128205128205128,0.12891674127126232,0.1396598030438675,0.05128205128205128,0.13249776186213072,K002+KI05+KA03
svm,raw,source_holdout,0.569620253164557,0.5214131805370124,0.07602885447025592,0.6299458070320604,0.31678103121880696,,,,,,,K002+KI05+KA03
svm,raw,target_real,0.6016114592658908,0.5944109227485831,0.17181435222998614,0.5146265818265588,0.16411809992497403,0.35989256938227393,0.03731343283582089,0.2766338406445837,0.35989256938227393,0.03731343283582089,0.37958818263205013,K002+KI05+KA03
svm,temperature,target_real,0.6016114592658908,0.5944109227485831,0.11180294569524522,0.48422309205997,0.16451441447674026,0.36884512085944493,0.0412621359223301,0.2936436884512086,0.36884512085944493,0.0412621359223301,0.37690241718889883,K002+KI05+KA03
svm,isotonic,target_real,0.6230975828111012,0.6089620568227797,0.0979148702994288,0.49644171228699124,0.19970040216691679,0.288272157564906,0.052795031055900624,0.0,0.288272157564906,0.052795031055900624,0.06803939122649955,K002+KI05+KA03
xgboost,raw,source_holdout,0.48523206751054854,0.434916428067113,0.3354053499829417,0.8133983021937289,0.3802398486999968,,,,,,,K002+KI05+KA03
xgboost,raw,target_real,0.6016114592658908,0.5957428018390155,0.2946636543651724,0.654035728399118,0.1760678546899468,0.2766338406445837,0.032362459546925564,0.21038495971351837,0.2766338406445837,0.032362459546925564,0.3294538943598926,K002+KI05+KA03
xgboost,temperature,target_real,0.6016114592658908,0.5957428018390155,0.13855188362727378,0.5086056976529054,0.1747580068681353,0.2820053715308863,0.0380952380952381,0.20322291853178157,0.2820053715308863,0.0380952380952381,0.3375111906893465,K002+KI05+KA03
xgboost,isotonic,target_real,0.612354521038496,0.5822173043667146,0.08554143859913053,0.47344676674106106,0.1804568141704692,0.12712623097582812,0.014084507042253521,0.06803939122649955,0.12712623097582812,0.014084507042253521,0.37153088630259623,K002+KI05+KA03
random_forest,raw,source_holdout,0.620253164556962,0.5335318816521825,0.13804175060247956,0.5175493738467815,0.15623696641693854,,,,,,,K002+KI05+KA05
random_forest,raw,target_real,0.6016114592658908,0.5958283436626807,0.1848028437840679,0.535503161033942,0.17703275730790138,0.36436884512085943,0.0687960687960688,0.19247985675917637,0.4359892569382274,0.1293634496919918,0.3285586392121755,K002+KI05+KA05
random_forest,temperature,target_real,0.6016114592658908,0.5958283436626807,0.06426577812652719,0.4687943706101593,0.17659738470101027,0.37421665174574753,0.06937799043062201,0.13428827215756492,0.41629364368845123,0.10752688172043011,0.3312444046553268,K002+KI05+KA05
random_forest,isotonic,target_real,0.5998209489704566,0.5768336337504598,0.17321391877880185,0.549597689903537,0.2052275057105318,0.41629364368845123,0.0967741935483871,0.0,0.4529991047448523,0.12648221343873517,0.0,K002+KI05+KA05
svm,raw,source_holdout,0.6582278481012658,0.5933363640363097,0.08961436889385273,0.4895313069698262,0.12877544965935875,,,,,,,K002+KI05+KA05
svm,raw,target_real,0.5998209489704566,0.5908045355398478,0.16921634623787768,0.5157180171689968,0.1656151931037988,0.41092211280214863,0.0915032679738562,0.3231871083258729,0.5129811996418979,0.17975567190226877,0.37600716204118173,K002+KI05+KA05
svm,temperature,target_real,0.5998209489704566,0.5908045355398478,0.09738015816574502,0.4603994674250549,0.16534926186684745,0.4476275738585497,0.132,0.3034914950760967,0.4941808415398389,0.17028985507246377,0.37779767233661593,K002+KI05+KA05
svm,isotonic,target_real,0.6275738585496866,0.6086181664038494,0.1967534005365066,0.570335598480052,0.24242842727384287,0.5031333930170099,0.1708185053380783,0.0,0.567591763652641,0.222397476340694,0.0,K002+KI05+KA05
xgboost,raw,source_holdout,0.6286919831223629,0.5532692230522072,0.2521909426284742,0.6032895572406158,0.16135137370732794,,,,,,,K002+KI05+KA05
xgboost,raw,target_real,0.6042972247090421,0.5979452030682902,0.2832408787794378,0.6422437833036714,0.17581278976380746,0.3088630259623993,0.03188405797101449,0.22202327663384064,0.3249776186213071,0.03856749311294766,0.3401969561324978,K002+KI05+KA05
xgboost,temperature,target_real,0.6042972247090421,0.5979452030682902,0.12099853407632402,0.4816912309848995,0.17521855408878353,0.2927484333034915,0.03058103975535168,0.19158460161145927,0.36347358997314233,0.05665024630541872,0.3357206803939123,K002+KI05+KA05
xgboost,isotonic,target_real,0.6087735004476276,0.5811779695427766,0.16127259537102978,0.5535468884471062,0.21031640688773198,0.39212175470008953,0.0776255707762557,0.0,0.40196956132497763,0.0801781737193764,0.0,K002+KI05+KA05
random_forest,raw,source_holdout,0.6302521008403361,0.5409193980622552,0.13896445107438465,0.5146535389884858,0.14894595586864764,,,,,,,K002+KI05+KA06
random_forest,raw,target_real,0.603401969561325,0.597593802943921,0.1804321165223218,0.5351807464017843,0.1763872040225377,0.37690241718889883,0.07600950118764846,0.19695613249776187,0.41629364368845123,0.11182795698924732,0.3384064458370636,K002+KI05+KA06
random_forest,temperature,target_real,0.603401969561325,0.597593802943921,0.06900370643054479,0.46988662428823297,0.17577642403156135,0.39122649955237243,0.08237986270022883,0.18084153983885407,0.4243509400179051,0.10970464135021098,0.35631154879140553,K002+KI05+KA06
random_forest,isotonic,target_real,0.6096687555953447,0.5822065379168443,0.16168776171836657,0.5497150235967639,0.18856486778092676,0.40107430617726053,0.078125,0.0,0.4619516562220233,0.13565891472868216,0.36347358997314233,K002+KI05+KA06
svm,raw,source_holdout,0.6470588235294118,0.578762415248617,0.10615388747787557,0.49998237968915604,0.13919287492974683,,,,,,,K002+KI05+KA06
svm,raw,target_real,0.5980304386750224,0.5885316390978482,0.1731403549279895,0.5174574574619886,0.16606789391669383,0.36884512085944493,0.0412621359223301,0.3097582811101164,0.4476275738585497,0.124,0.37421665174574753,K002+KI05+KA06
svm,temperature,target_real,0.5980304386750224,0.5885316390978482,0.09506178545401146,0.46189358015848686,0.16623510694213683,0.38048343777976723,0.0611764705882353,0.3008057296329454,0.4547896150402865,0.13582677165354332,0.37332139659803043,K002+KI05+KA06
svm,isotonic,target_real,0.6329453894359892,0.6095359898727578,0.19729378621285024,0.5812123802654923,0.23206047661310308,0.5022381378692927,0.19073083778966132,0.0,0.5899731423455685,0.2276176024279211,0.0,K002+KI05+KA06
xgboost,raw,source_holdout,0.6260504201680672,0.5470939538297052,0.25672400586244437,0.5988334409381676,0.15222484999323518,,,,,,,K002+KI05+KA06
xgboost,raw,target_real,0.603401969561325,0.596522904856229,0.28205170949976044,0.6428242204989324,0.17520910645172,0.3213965980304387,0.033426183844011144,0.22291853178155774,0.38406445837063563,0.07925407925407925,0.34914950760966873,K002+KI05+KA06
xgboost,temperature,target_real,0.603401969561325,0.596522904856229,0.11446091576617697,0.4818612215359664,0.17419889196970845,0.3205013428827216,0.036312849162011177,0.20322291853178157,0.38227394807520143,0.07259953161592506,0.35094001790510293,K002+KI05+KA06
xgboost,isotonic,target_real,0.6105640107430618,0.574499268965967,0.15726211010122204,0.5526674122729864,0.21316635561472133,0.39928379588182633,0.08295964125560538,0.0,0.41360787824529993,0.09307359307359307,0.0,K002+KI05+KA06
random_forest,raw,source_holdout,0.6260504201680672,0.5378846266905374,0.14079862362359113,0.5141225075868411,0.14974788655938617,,,,,,,K002+KI05+KA07
random_forest,raw,target_real,0.6042972247090421,0.598538758666939,0.17907498791993615,0.5342055838896266,0.18122626546331647,0.38137869292748433,0.07981220657276995,0.1674127126230976,0.42076991942703673,0.11063829787234042,0.34735899731423453,K002+KI05+KA07
random_forest,temperature,target_real,0.6042972247090421,0.598538758666939,0.06537271399159454,0.4712303043226808,0.17536823056600012,0.35541629364368843,0.04785894206549118,0.18173679498657117,0.4252461951656222,0.11368421052631579,0.35541629364368843,K002+KI05+KA07
random_forest,isotonic,target_real,0.6096687555953447,0.5800292917987219,0.155191413788533,0.5457471530831823,0.1890668058947234,0.42076991942703673,0.09148936170212765,0.0,0.459265890778872,0.12475633528265107,0.36257833482542523,K002+KI05+KA07
svm,raw,source_holdout,0.6470588235294118,0.578762415248617,0.10626747762880974,0.5023087964185068,0.14084720551136498,,,,,,,K002+KI05+KA07
svm,raw,target_real,0.5971351835273053,0.5876745596525831,0.174558991688682,0.518042099148432,0.16634552277001632,0.36884512085944493,0.0412621359223301,0.3133393017009848,0.4467323187108326,0.12424849699398798,0.37690241718889883,K002+KI05+KA07
svm,temperature,target_real,0.5971351835273053,0.5876745596525831,0.09608844491122336,0.4629936716069179,0.16672517468699577,0.38048343777976723,0.0611764705882353,0.3017009847806625,0.4574753804834378,0.14090019569471623,0.37332139659803043,K002+KI05+KA07
svm,isotonic,target_real,0.6266786034019696,0.6012360865740438,0.18658065963568676,0.5644721908563975,0.22509267248905213,0.4834377797672337,0.17407407407407408,0.0,0.5989256938227395,0.2436472346786248,0.0,K002+KI05+KA07
xgboost,raw,source_holdout,0.6302521008403361,0.5576082532604271,0.25506256057434723,0.5993576256656299,0.15235474516677597,,,,,,,K002+KI05+KA07
xgboost,raw,target_real,0.6069829901521934,0.6005408998432374,0.2769851589853889,0.6342830537720854,0.1749410404301081,0.3196060877350045,0.0392156862745098,0.20859444941808417,0.35452103849597133,0.05303030303030303,0.35094001790510293,K002+KI05+KA07
xgboost,temperature,target_real,0.6069829901521934,0.6005408998432374,0.11228548591261513,0.4782560382902803,0.17370763884187918,0.3133393017009848,0.037142857142857144,0.19964189794091317,0.35273052820053713,0.050761421319796954,0.3446732318710833,K002+KI05+KA07
xgboost,isotonic,target_real,0.6042972247090421,0.570984851089365,0.14490140706771162,0.5406335546936163,0.20596169657873484,0.39301700984780663,0.07517084282460136,0.0,0.39301700984780663,0.07517084282460136,0.0,K002+KI05+KA07
random_forest,raw,source_holdout,0.6092436974789915,0.5237000103071532,0.13819473418932474,0.5372390770261839,0.17811113415533028,,,,,,,K002+KI05+KA08
random_forest,raw,target_real,0.6007162041181737,0.5949114120684532,0.18425740639878582,0.5359947542909731,0.18008839784901787,0.37958818263205013,0.06367924528301887,0.18084153983885407,0.40196956132497763,0.08240534521158129,0.35899731423455683,K002+KI05+KA08
random_forest,temperature,target_real,0.6007162041181737,0.5949114120684532,0.0750867138531413,0.46659592788653137,0.17516348668137427,0.35004476275738583,0.043478260869565216,0.1557743957027753,0.39749328558639213,0.08558558558558559,0.36257833482542523,K002+KI05+KA08
random_forest,isotonic,target_real,0.621307072515667,0.6035170767054421,0.1424586875886253,0.521747144545301,0.20074564909223977,0.39212175470008953,0.0776255707762557,0.0,0.4440465532676813,0.10887096774193548,0.0,K002+KI05+KA08
svm,raw,source_holdout,0.6470588235294118,0.5829223611514975,0.08626635449291759,0.5006895869953458,0.14343385684401808,,,,,,,K002+KI05+KA08
svm,raw,target_real,0.5989256938227395,0.5899954376279766,0.17017180351851371,0.5144663087907845,0.16491537651640858,0.38764547896150403,0.06697459584295612,0.3196060877350045,0.4709042076991943,0.1444866920152091,0.37869292748433303,K002+KI05+KA08
svm,temperature,target_real,0.5989256938227395,0.5899954376279766,0.10189756715001347,0.46074975527525797,0.16491550097057922,0.40555058191584603,0.08830022075055188,0.3160250671441361,0.4512085944494181,0.13095238095238096,0.37779767233661593,K002+KI05+KA08
svm,isotonic,target_real,0.6284691136974038,0.6080130785183001,0.1730587934907764,0.5488226332853854,0.2236681409247248,0.4941808415398389,0.16666666666666666,0.0,0.5228290062667861,0.1917808219178082,0.0,K002+KI05+KA08
xgboost,raw,source_holdout,0.6092436974789915,0.5372383806334097,0.2730862102588686,0.6209277927223583,0.17500602536678037,,,,,,,K002+KI05+KA08
xgboost,raw,target_real,0.6087735004476276,0.6017088496100649,0.2820622997029935,0.641074475080908,0.17497920904155037,0.3052820053715309,0.03225806451612903,0.21665174574753804,0.36974037600716203,0.06295399515738499,0.35094001790510293,K002+KI05+KA08
xgboost,temperature,target_real,0.6087735004476276,0.6017088496100649,0.11589969483840977,0.48063650758010107,0.17418288427040246,0.2945389435989257,0.030395136778115502,0.21128021486123547,0.35810205908683973,0.055,0.34735899731423453,K002+KI05+KA08
xgboost,isotonic,target_real,0.6025067144136079,0.5735901154197921,0.14524896616144023,0.5280814932887037,0.20472181879662057,0.39480752014324083,0.07256235827664399,0.0,0.40196956132497763,0.08240534521158129,0.0,K002+KI05+KA08
random_forest,raw,source_holdout,0.33755274261603374,0.21856294112391675,0.4878953697048416,1.0393734749033043,0.5987643738546515,,,,,,,K002+KI05+KA09
random_forest,raw,target_real,0.6132497761862131,0.6105061594122131,0.2516595866097292,0.6062862142913625,0.1887005279548336,0.13249776186213072,0.013513513513513514,0.12175470008952552,0.13249776186213072,0.013513513513513514,0.25156669650850494,K002+KI05+KA09
random_forest,temperature,target_real,0.6132497761862131,0.6105061594122131,0.18991728294425644,0.5596952304101932,0.18202458194714669,0.0,,0.13339301700984782,0.0,,0.26320501342882724,K002+KI05+KA09
random_forest,isotonic,target_real,0.6069829901521934,0.5771350528667903,0.08726716149951969,0.473544476061338,0.19013526473506737,0.3196060877350045,0.047619047619047616,0.0,0.3196060877350045,0.047619047619047616,0.3294538943598926,K002+KI05+KA09
svm,raw,source_holdout,0.379746835443038,0.2861804861804862,0.4497244041955498,0.993816147219496,0.5905227867988143,,,,,,,K002+KI05+KA09
svm,raw,target_real,0.6087735004476276,0.6042423805689546,0.266199642161112,0.6081489442594356,0.17123064483163877,0.0,,0.26320501342882724,0.0,,0.3106535362578335,K002+KI05+KA09
svm,temperature,target_real,0.6087735004476276,0.6042423805689546,0.2123397554338638,0.5898699185494276,0.17231335867843334,0.0,,0.24529991047448524,0.0,,0.3133393017009848,K002+KI05+KA09
svm,isotonic,target_real,0.6266786034019696,0.6002018758945735,0.09834464416557555,0.47288903709999697,0.20597595096466964,0.35989256938227393,0.05721393034825871,0.0,0.35989256938227393,0.05721393034825871,0.0,K002+KI05+KA09
xgboost,raw,source_holdout,0.3459915611814346,0.24010570864573513,0.5888688936515196,1.1993885688088894,0.5319742110864917,,,,,,,K002+KI05+KA09
xgboost,raw,target_real,0.6069829901521934,0.6052122826319489,0.3357311634475243,0.7000165677499821,0.1902601803639674,0.07609668755595345,0.011764705882352941,0.004476275738585497,0.07609668755595345,0.011764705882352941,0.23724261414503134,K002+KI05+KA09
xgboost,temperature,target_real,0.6069829901521934,0.6052122826319489,0.19250454923817384,0.586898322732986,0.18731559291445826,0.10026857654431513,0.026785714285714284,0.004476275738585497,0.10026857654431513,0.026785714285714284,0.24709042076991944,K002+KI05+KA09
xgboost,isotonic,target_real,0.612354521038496,0.5614415119136963,0.05212899397046652,0.47503818228461475,0.19028507473546638,0.26230975828111014,0.04778156996587031,0.0,0.26230975828111014,0.04778156996587031,0.2694717994628469,K002+KI05+KA09
random_forest,raw,source_holdout,0.7112970711297071,0.7030329935045382,0.08686834471532653,0.3675624820382719,0.10139794201343168,,,,,,,K002+KI07+KA01
random_forest,raw,target_real,0.6007162041181737,0.5887981107093662,0.16203277051212372,0.5230969915387339,0.18268318445826245,0.37869292748433303,0.06382978723404255,0.18889883616830797,0.39033124440465533,0.07339449541284404,0.36615935541629363,K002+KI07+KA01
random_forest,temperature,target_real,0.6007162041181737,0.5887981107093662,0.10125666500278327,0.48412443680422157,0.18264945021111975,0.37690241718889883,0.06175771971496437,0.18173679498657117,0.39480752014324083,0.07709750566893424,0.36705461056401073,K002+KI07+KA01
random_forest,isotonic,target_real,0.5810205908683975,0.5845234571767869,0.2234102140437373,0.5744113210528634,0.2059932712806463,0.5156669650850493,0.19791666666666666,0.0,0.5684870188003581,0.2346456692913386,0.0,K002+KI07+KA01
svm,raw,source_holdout,0.4895397489539749,0.4132432884091736,0.2672824351197916,0.5654081403801233,0.2946899636045371,,,,,,,K002+KI07+KA01
svm,raw,target_real,0.5962399283795882,0.5805979546462012,0.13274183188351088,0.5406644718440631,0.21752651419887342,0.25693822739480754,0.06968641114982578,0.04297224709042077,0.26589077887197854,0.0707070707070707,0.23992837958818264,K002+KI07+KA01
svm,temperature,target_real,0.5962399283795882,0.5805979546462012,0.07472467365455963,0.5112272334969264,0.21642998904131897,0.25962399283795884,0.07241379310344828,0.04118173679498657,0.26678603401969564,0.07046979865771812,0.23992837958818264,K002+KI07+KA01
svm,isotonic,target_real,0.5989256938227395,0.5966665497855231,0.2481182124039088,0.6324158235947271,0.2562840566849534,0.21754700089525514,0.06172839506172839,0.0,0.21754700089525514,0.06172839506172839,0.21217547000895254,K002+KI07+KA01
xgboost,raw,source_holdout,0.7364016736401674,0.7319627192982456,0.15249708606608242,0.3963471495783549,0.08665497997460458,,,,,,,K002+KI07+KA01
xgboost,raw,target_real,0.5980304386750224,0.5824747920525848,0.2627464482425683,0.6134505006851085,0.1764292795673653,0.35720680393912263,0.06015037593984962,0.22202327663384064,0.4395702775290958,0.1425661914460285,0.3446732318710833,K002+KI07+KA01
xgboost,temperature,target_real,0.5980304386750224,0.5824747920525848,0.1312618571085551,0.5003512066827909,0.17553799604196396,0.36794986571172783,0.06569343065693431,0.22202327663384064,0.4377797672336616,0.1329243353783231,0.3455684870188004,K002+KI07+KA01
xgboost,isotonic,target_real,0.5935541629364369,0.593926599457573,0.22356105412470323,0.5718422478972999,0.2013837420495309,0.4529991047448523,0.15612648221343872,0.0,0.6266786034019696,0.26571428571428574,0.34646374216651743,K002+KI07+KA01
random_forest,raw,source_holdout,0.6134453781512605,0.6060810825810619,0.11680044630048753,0.4824318201493352,0.20075727721887981,,,,,,,K002+KI07+KA03
random_forest,raw,target_real,0.5917636526410027,0.5796459078323627,0.16113005308818976,0.5184065341340093,0.18153861933122545,0.2712623097582811,0.026402640264026403,0.1674127126230976,0.3455684870188004,0.04404145077720207,0.35631154879140553,K002+KI07+KA03
random_forest,temperature,target_real,0.5917636526410027,0.5796459078323627,0.10164522110578156,0.482301407808905,0.18103564524451196,0.2757385854968666,0.025974025974025976,0.1718889883616831,0.3455684870188004,0.04404145077720207,0.35989256938227393,K002+KI07+KA03
random_forest,isotonic,target_real,0.5747538048343778,0.5620629708531552,0.15334629750846096,0.5249872170960211,0.19401418199345452,0.3160250671441361,0.028328611898016998,0.0,0.4494180841539839,0.14143426294820718,0.35004476275738583,K002+KI07+KA03
svm,raw,source_holdout,0.7142857142857143,0.7081866685599637,0.07209567817148234,0.4049802709299039,0.15190863971558527,,,,,,,K002+KI07+KA03
svm,raw,target_real,0.6007162041181737,0.5851882573763606,0.15723196847876703,0.5069392936394973,0.17264309487647544,0.3160250671441361,0.019830028328611898,0.2846911369740376,0.35452103849597133,0.03787878787878788,0.36436884512085943,K002+KI07+KA03
svm,temperature,target_real,0.6007162041181737,0.5851882573763606,0.1347010757102778,0.49282924725682103,0.17252939943660034,0.3205013428827216,0.019553072625698324,0.2846911369740376,0.35631154879140553,0.04020100502512563,0.36526410026857653,K002+KI07+KA03
svm,isotonic,target_real,0.5863921217547001,0.5766474410567697,0.2160289452372604,0.5604802323158787,0.19269972875249744,0.35631154879140553,0.04020100502512563,0.0,0.4395702775290958,0.13034623217922606,0.37153088630259623,K002+KI07+KA03
xgboost,raw,source_holdout,0.6386554621848739,0.6329600427856736,0.20243744927795,0.5544780121646673,0.1992100446995318,,,,,,,K002+KI07+KA03
xgboost,raw,target_real,0.5890778871978514,0.5744076579526285,0.27205139628028696,0.6278626532839233,0.18052169990265948,0.20590868397493287,0.008695652173913044,0.24798567591763654,0.3178155774395703,0.03380281690140845,0.3339301700984781,K002+KI07+KA03
xgboost,temperature,target_real,0.5890778871978514,0.5744076579526285,0.13389803264831232,0.4932958990707525,0.17908126966597876,0.19247985675917637,0.004651162790697674,0.25067144136078784,0.3294538943598926,0.04619565217391304,0.3348254252461952,K002+KI07+KA03
xgboost,isotonic,target_real,0.5846016114592659,0.5795675396857081,0.1439257616207442,0.5219459970122415,0.18534753259388725,0.25693822739480754,0.013937282229965157,0.19516562220232767,0.38406445837063563,0.09090909090909091,0.3357206803939123,K002+KI07+KA03
random_forest,raw,source_holdout,0.7647058823529411,0.7491663862780046,0.06383722662234255,0.32697286266875875,0.08105713462586173,,,,,,,K002+KI07+KA05
random_forest,raw,target_real,0.5971351835273053,0.584402328324915,0.15911353974232137,0.5216584611868713,0.18853082464844814,0.3455684870188004,0.05181347150259067,0.20948970456580127,0.37779767233661593,0.07109004739336493,0.3401969561324978,K002+KI07+KA05
random_forest,temperature,target_real,0.5971351835273053,0.584402328324915,0.13071313281950342,0.5019959114302464,0.1922343292622903,0.35004476275738583,0.058823529411764705,0.20948970456580127,0.38227394807520143,0.07259953161592506,0.341987466427932,K002+KI07+KA05
random_forest,isotonic,target_real,0.5917636526410027,0.5930970272229913,0.26901958235125245,0.6323509471209495,0.2086323521054985,0.5881826320501343,0.258751902587519,0.0,0.6947179946284691,0.31056701030927836,0.0,K002+KI07+KA05
svm,raw,source_holdout,0.7857142857142857,0.769140989729225,0.08468399226552126,0.2892831706953908,0.0667303786230588,,,,,,,K002+KI07+KA05
svm,raw,target_real,0.5962399283795882,0.5785451747209832,0.16355459152510607,0.5119182889963945,0.17338703606824488,0.34735899731423453,0.028350515463917526,0.2999104744852283,0.38764547896150403,0.06697459584295612,0.36884512085944493,K002+KI07+KA05
svm,temperature,target_real,0.5962399283795882,0.5785451747209832,0.15053937559137937,0.5031555347312614,0.1734780770064235,0.34735899731423453,0.028350515463917526,0.2999104744852283,0.39212175470008953,0.0730593607305936,0.36884512085944493,K002+KI07+KA05
svm,isotonic,target_real,0.6016114592658908,0.5983542004222132,0.27730052313345377,0.6511617081782439,0.19854973763031267,0.5514771709937332,0.21915584415584416,0.0,0.7636526410026858,0.3305978898007034,0.0,K002+KI07+KA05
xgboost,raw,source_holdout,0.7605042016806722,0.7463096089264435,0.13067114102740252,0.35095560301749246,0.07361173107742473,,,,,,,K002+KI07+KA05
xgboost,raw,target_real,0.5998209489704566,0.5830632634188377,0.26061360197827127,0.6160101999642325,0.1782552531292951,0.3294538943598926,0.04076086956521739,0.22112802148612354,0.42256042972247093,0.13347457627118645,0.3446732318710833,K002+KI07+KA05
xgboost,temperature,target_real,0.5998209489704566,0.5830632634188377,0.15113736367497674,0.5133738958191386,0.17686102390779534,0.3455684870188004,0.05181347150259067,0.22649955237242614,0.41987466427931963,0.1279317697228145,0.3410922112802149,K002+KI07+KA05
xgboost,isotonic,target_real,0.594449418084154,0.5947862228954052,0.25556449908870255,0.6204820963024131,0.20512704892823935,0.41092211280214863,0.12418300653594772,0.0,0.6132497761862131,0.2656934306569343,0.0,K002+KI07+KA05
random_forest,raw,source_holdout,0.7573221757322176,0.738385153886977,0.06219374402378146,0.32421208138713614,0.07385095729983963,,,,,,,K002+KI07+KA06
random_forest,raw,target_real,0.5971351835273053,0.5848290722220573,0.16476327515430356,0.5257142125228158,0.18305791863006818,0.36257833482542523,0.05925925925925926,0.19874664279319607,0.39391226499552373,0.08181818181818182,0.34735899731423453,K002+KI07+KA06
random_forest,temperature,target_real,0.5971351835273053,0.5848290722220573,0.11685485383384682,0.49249596171928645,0.18274338621739455,0.36884512085944493,0.06310679611650485,0.20411817367949867,0.39749328558639213,0.07882882882882883,0.35452103849597133,K002+KI07+KA06
random_forest,isotonic,target_real,0.5819158460161146,0.5836209896478777,0.2552266323436268,0.6201005994733169,0.20767193447687593,0.5801253357206804,0.25617283950617287,0.0,0.6911369740376008,0.32124352331606215,0.0,K002+KI07+KA06
svm,raw,source_holdout,0.7907949790794979,0.7741308857407928,0.0576108057774598,0.27938599791831303,0.057479534110599216,,,,,,,K002+KI07+KA06
svm,raw,target_real,0.5980304386750224,0.5806281706200092,0.15926977325287167,0.5107552219543638,0.17442660525653883,0.34646374216651743,0.028423772609819122,0.2837958818263205,0.37958818263205013,0.0660377358490566,0.36526410026857653,K002+KI07+KA06
svm,temperature,target_real,0.5980304386750224,0.5806281706200092,0.13327476812457026,0.493933227299024,0.17435760873695957,0.34735899731423453,0.028350515463917526,0.2837958818263205,0.38048343777976723,0.06588235294117648,0.36526410026857653,K002+KI07+KA06
svm,isotonic,target_real,0.594449418084154,0.5939126915623305,0.2937814905804004,0.6604719457886264,0.19766617971759023,0.5478961504028648,0.21241830065359477,0.0,0.8012533572068039,0.3486033519553073,0.0,K002+KI07+KA06
xgboost,raw,source_holdout,0.7740585774058577,0.7583649010165864,0.12044880691931342,0.34117983016310655,0.06495195846958308,,,,,,,K002+KI07+KA06
xgboost,raw,target_real,0.6042972247090421,0.5887086810505234,0.25259477732538,0.6080606499752612,0.17624049825003002,0.34914950760966873,0.05128205128205128,0.21933751119068934,0.4279319606087735,0.1297071129707113,0.3446732318710833,K002+KI07+KA06
xgboost,temperature,target_real,0.6042972247090421,0.5887086810505234,0.13874331107029217,0.5090328235204562,0.17535347886151292,0.35720680393912263,0.05764411027568922,0.21933751119068934,0.4395702775290958,0.13441955193482688,0.34646374216651743,K002+KI07+KA06
xgboost,isotonic,target_real,0.5962399283795882,0.5962424404425944,0.2572396819261436,0.6219973885253608,0.19866052055762093,0.495076096687556,0.19529837251356238,0.0,0.6929274843330349,0.3087855297157623,0.0,K002+KI07+KA06
random_forest,raw,source_holdout,0.7615062761506276,0.7455409309791331,0.07059882437619984,0.32207058922115817,0.07239088062578451,,,,,,,K002+KI07+KA07
random_forest,raw,target_real,0.5998209489704566,0.5872677331562652,0.162757543369389,0.5243763434716708,0.18275301775668737,0.35810205908683973,0.055,0.20232766338406447,0.39570277529095793,0.07918552036199095,0.35362578334825423,K002+KI07+KA07
random_forest,temperature,target_real,0.5998209489704566,0.5872677331562652,0.10365536765055415,0.4877596604708091,0.18249382790190363,0.36257833482542523,0.05432098765432099,0.19695613249776187,0.39838854073410923,0.07640449438202247,0.35362578334825423,K002+KI07+KA07
random_forest,isotonic,target_real,0.5801253357206804,0.5819759488951336,0.25270474226829903,0.6177524721094156,0.21284940823897047,0.5863921217547001,0.2595419847328244,0.0,0.6974037600716204,0.3209242618741977,0.0,K002+KI07+KA07
svm,raw,source_holdout,0.7866108786610879,0.7688906594117054,0.06318822090221693,0.27965053343818885,0.05825145675856225,,,,,,,K002+KI07+KA07
svm,raw,target_real,0.5962399283795882,0.5788128246433215,0.1620217307295531,0.5114707274251503,0.17467019442584752,0.34914950760966873,0.03076923076923077,0.2846911369740376,0.37958818263205013,0.0660377358490566,0.36526410026857653,K002+KI07+KA07
svm,temperature,target_real,0.5962399283795882,0.5788128246433215,0.13330282973784108,0.49265777759892937,0.17465468481699406,0.35004476275738583,0.030690537084398978,0.2837958818263205,0.38048343777976723,0.06588235294117648,0.36347358997314233,K002+KI07+KA07
svm,isotonic,target_real,0.5953446732318711,0.5946314530616975,0.2903193810303426,0.6530357018665266,0.1953354668880154,0.5541629364368845,0.21809369951534732,0.0,0.7931960608773501,0.3442437923250564,0.0,K002+KI07+KA07
xgboost,raw,source_holdout,0.7907949790794979,0.7786913503109107,0.11196794457515416,0.3316349714794137,0.06094452736517007,,,,,,,K002+KI07+KA07
xgboost,raw,target_real,0.6069829901521934,0.5922438660628216,0.25357602706100657,0.6098794095133929,0.17619033386757063,0.35004476275738583,0.056265984654731455,0.21754700089525514,0.4637421665174575,0.16216216216216217,0.3446732318710833,K002+KI07+KA07
xgboost,temperature,target_real,0.6069829901521934,0.5922438660628216,0.13471471575098684,0.5074158869366696,0.17525683808524326,0.35899731423455683,0.06733167082294264,0.21754700089525514,0.4538943598925694,0.15384615384615385,0.3428827215756491,K002+KI07+KA07
xgboost,isotonic,target_real,0.5908683974932856,0.5900654665026495,0.2562906558001344,0.6186355206731804,0.2028945299342707,0.5022381378692927,0.19964349376114082,0.0,0.7144136078782453,0.3182957393483709,0.0,K002+KI07+KA07
random_forest,raw,source_holdout,0.7364016736401674,0.7198097074895532,0.07032732959361258,0.3441231980300318,0.08897635960613293,,,,,,,K002+KI07+KA08
random_forest,raw,target_real,0.5971351835273053,0.5826765101924521,0.1596558467578596,0.5209980989964266,0.18210179555828146,0.35989256938227393,0.0472636815920398,0.20232766338406447,0.39391226499552373,0.07727272727272727,0.36436884512085943,K002+KI07+KA08
random_forest,temperature,target_real,0.5971351835273053,0.5826765101924521,0.12632874545172873,0.49790313173350076,0.1818884980742847,0.36347358997314233,0.05172413793103448,0.20680393912264997,0.39659803043867503,0.08126410835214447,0.36257833482542523,K002+KI07+KA08
random_forest,isotonic,target_real,0.5783348254252462,0.5780342694692252,0.2408268732362788,0.5898982282524032,0.20805877385198998,0.4995523724261415,0.18100358422939067,0.0,0.6678603401969562,0.30160857908847183,0.36884512085944493,K002+KI07+KA08
svm,raw,source_holdout,0.7782426778242678,0.76183917093008,0.057436294576467664,0.29323068105543343,0.06853726042809433,,,,,,,K002+KI07+KA08
svm,raw,target_real,0.5989256938227395,0.5815385153797625,0.15722259301513122,0.5080643379952866,0.17306467197497322,0.3357206803939123,0.02666666666666667,0.2829006266786034,0.37958818263205013,0.0660377358490566,0.36705461056401073,K002+KI07+KA08
svm,temperature,target_real,0.5989256938227395,0.5815385153797625,0.14455485635181506,0.5000235743381306,0.17308836628940452,0.3366159355416294,0.026595744680851064,0.2829006266786034,0.38048343777976723,0.06588235294117648,0.36705461056401073,K002+KI07+KA08
svm,isotonic,target_real,0.6060877350044763,0.6025021930177417,0.2592788758290994,0.6224350587878926,0.20154310364343278,0.6096687555953447,0.2540381791483113,0.0,0.7538048343777977,0.33016627078384797,0.0,K002+KI07+KA08
xgboost,raw,source_holdout,0.7573221757322176,0.7455565239107278,0.14333122045923977,0.36833117618884037,0.07795863204304375,,,,,,,K002+KI07+KA08
xgboost,raw,target_real,0.594449418084154,0.5793235216247851,0.26489563359676355,0.6136523927577544,0.17546668948586785,0.34914950760966873,0.05641025641025641,0.23903312444046554,0.39928379588182633,0.09417040358744394,0.3437779767233662,K002+KI07+KA08
xgboost,temperature,target_real,0.594449418084154,0.5793235216247851,0.14537669233699088,0.508319019196203,0.17530242341317148,0.36168307967770813,0.07178217821782178,0.23813786929274844,0.40555058191584603,0.10154525386313466,0.3410922112802149,K002+KI07+KA08
xgboost,isotonic,target_real,0.5917636526410027,0.5909732534051954,0.23799120577239308,0.5892030514849447,0.19834239072069623,0.41360787824529993,0.12554112554112554,0.0,0.6150402864816473,0.27074235807860264,0.3231871083258729,K002+KI07+KA08
random_forest,raw,source_holdout,0.46638655462184875,0.3829582025458314,0.32385814621126574,0.8168256440095559,0.36183421124931475,,,,,,,K002+KI07+KA09
random_forest,raw,target_real,0.5989256938227395,0.5906922685476741,0.22126779633843618,0.5795857103713297,0.18863572993046845,0.2721575649059982,0.04276315789473684,0.20501342882721577,0.2918531781557744,0.05214723926380368,0.288272157564906,K002+KI07+KA09
random_forest,temperature,target_real,0.5989256938227395,0.5906922685476741,0.15536682226402698,0.5402124936073943,0.1901238622765398,0.22739480752014324,0.015748031496062992,0.19158460161145927,0.23008057296329454,0.01556420233463035,0.25962399283795884,K002+KI07+KA09
random_forest,isotonic,target_real,0.5828111011638317,0.5718326789880019,0.0735058451831646,0.517801700750211,0.2123441644373497,0.35004476275738583,0.10741687979539642,0.0,0.35452103849597133,0.10858585858585859,0.1477170993733214,K002+KI07+KA09
svm,raw,source_holdout,0.4957983193277311,0.4033516449216556,0.31595170254173977,0.7828766187993036,0.3249087778569751,,,,,,,K002+KI07+KA09
svm,raw,target_real,0.6060877350044763,0.5933350514836035,0.2369012336348858,0.5840729188194731,0.17283847281640258,0.3375111906893465,0.03183023872679045,0.2829006266786034,0.3428827215756491,0.031331592689295036,0.36347358997314233,K002+KI07+KA09
svm,temperature,target_real,0.6060877350044763,0.5933350514836035,0.1450276146141402,0.5331585119709799,0.17427238780535673,0.2721575649059982,0.013157894736842105,0.2694717994628469,0.3008057296329454,0.020833333333333332,0.35094001790510293,K002+KI07+KA09
svm,isotonic,target_real,0.5917636526410027,0.576090576090576,0.12851542867626156,0.5132303435703699,0.2026484615866415,0.39928379588182633,0.08071748878923767,0.0,0.41987466427931963,0.1044776119402985,0.0,K002+KI07+KA09
xgboost,raw,source_holdout,0.4579831932773109,0.37256756320490103,0.42953448773933056,0.9137424379866037,0.34961218656000365,,,,,,,K002+KI07+KA09
xgboost,raw,target_real,0.6025067144136079,0.5920335599461258,0.3033126496318845,0.6652265045561346,0.18203780911446346,0.1656222023276634,0.016216216216216217,0.1495076096687556,0.2855863921217547,0.02821316614420063,0.3142345568487019,K002+KI07+KA09
xgboost,temperature,target_real,0.6025067144136079,0.5920335599461258,0.14234304544693419,0.537244103806065,0.1812048694698483,0.21575649059982094,0.012448132780082987,0.1611459265890779,0.2739480752014324,0.026143790849673203,0.32408236347359,K002+KI07+KA09
xgboost,isotonic,target_real,0.5810205908683975,0.5492620121343651,0.08867396174815992,0.5068341943525693,0.2097601540823665,0.32408236347359,0.09116022099447514,0.0,0.36347358997314233,0.10591133004926108,0.2900626678603402,K002+KI07+KA09
random_forest,raw,source_holdout,0.7552742616033755,0.7417253783713411,0.07356896256219361,0.33078813835786647,0.07952850805844916,,,,,,,K002+KI08+KA01
random_forest,raw,target_real,0.5899731423455685,0.5757924730495733,0.1706785811135586,0.5222586682396824,0.18127876998530087,0.37690241718889883,0.06413301662707839,0.19337511190689347,0.40734109221128023,0.09230769230769231,0.36347358997314233,K002+KI08+KA01
random_forest,temperature,target_real,0.5899731423455685,0.5757924730495733,0.12124345267249473,0.48985636588957304,0.1809379157268433,0.37958818263205013,0.0660377358490566,0.19427036705461057,0.41718889883616833,0.10085836909871244,0.36615935541629363,K002+KI08+KA01
random_forest,isotonic,target_real,0.5863921217547001,0.589921333731874,0.2765424240658579,0.6382438256263226,0.23118113580468727,0.5425246195165622,0.22607260726072606,0.0,0.8030438675022381,0.3534002229654404,0.0,K002+KI08+KA01
svm,raw,source_holdout,0.4641350210970464,0.38620448179271705,0.24278908403183722,0.5837685123482371,0.3127308602113238,,,,,,,K002+KI08+KA01
svm,raw,target_real,0.5863921217547001,0.5694337753059353,0.1412896272394103,0.5452649267271457,0.2230098035788992,0.24440465532676814,0.06227106227106227,0.04028648164726947,0.26589077887197854,0.07744107744107744,0.23813786929274844,K002+KI08+KA01
svm,temperature,target_real,0.5863921217547001,0.5694337753059353,0.08354704999972862,0.514416237780337,0.22152061482388763,0.25067144136078784,0.06428571428571428,0.03939122649955237,0.26320501342882724,0.07482993197278912,0.24082363473589974,K002+KI08+KA01
svm,isotonic,target_real,0.6007162041181737,0.598035071390817,0.25638154140773695,0.6412004981947674,0.26359672849096155,0.39838854073410923,0.20224719101123595,0.0,0.39838854073410923,0.20224719101123595,0.0,K002+KI08+KA01
xgboost,raw,source_holdout,0.7552742616033755,0.7437192984715275,0.13439672330260777,0.367595149073366,0.07845091310691768,,,,,,,K002+KI08+KA01
xgboost,raw,target_real,0.5935541629364369,0.5779075319372348,0.26924220309155056,0.6183845393210398,0.17876104331563117,0.3034914950760967,0.035398230088495575,0.20053715308863027,0.41539838854073413,0.11853448275862069,0.3455684870188004,K002+KI08+KA01
xgboost,temperature,target_real,0.5935541629364369,0.5779075319372348,0.14695974056534147,0.5080619863441764,0.1783037112784754,0.34646374216651743,0.05167958656330749,0.20322291853178157,0.4261414503133393,0.12605042016806722,0.35810205908683973,K002+KI08+KA01
xgboost,isotonic,target_real,0.5935541629364369,0.5943001729355833,0.241966718278429,0.606977228057624,0.2032872733328992,0.39928379588182633,0.11210762331838565,0.0,0.8290062667860341,0.36393088552915764,0.0,K002+KI08+KA01
random_forest,raw,source_holdout,0.635593220338983,0.6227197927274638,0.09798133032673628,0.4643124665689259,0.17246884127647386,,,,,,,K002+KI08+KA03
random_forest,raw,target_real,0.5890778871978514,0.5775909926433892,0.16461005121876113,0.5189063739685597,0.17977864263928597,0.2900626678603402,0.021604938271604937,0.20769919427036707,0.36347358997314233,0.059113300492610835,0.35541629364368843,K002+KI08+KA03
random_forest,temperature,target_real,0.5890778871978514,0.5775909926433892,0.10962370019974067,0.4848823262752451,0.1793548968962129,0.2846911369740376,0.0220125786163522,0.19427036705461057,0.36615935541629363,0.061124694376528114,0.35899731423455683,K002+KI08+KA03
random_forest,isotonic,target_real,0.5729632945389436,0.5710766969587444,0.17166561301603014,0.5461273923219969,0.19949062977087204,0.3070725156669651,0.026239067055393587,0.0,0.37690241718889883,0.09263657957244656,0.3276633840644584,K002+KI08+KA03
svm,raw,source_holdout,0.7288135593220338,0.7225619074263037,0.0836395590062761,0.39641098067362474,0.14585744645539783,,,,,,,K002+KI08+KA03
svm,raw,target_real,0.5998209489704566,0.5835866291689882,0.15580871480905306,0.5052208765806753,0.173081894667088,0.3258728737690242,0.027472527472527472,0.288272157564906,0.35452103849597133,0.04292929292929293,0.36794986571172783,K002+KI08+KA03
svm,temperature,target_real,0.5998209489704566,0.5835866291689882,0.14608054056761732,0.4989949706254576,0.17298188767861541,0.3276633840644584,0.0273224043715847,0.2873769024171889,0.35452103849597133,0.04292929292929293,0.36794986571172783,K002+KI08+KA03
svm,isotonic,target_real,0.6007162041181737,0.5948852597455153,0.2080274287880698,0.5595413865266188,0.20954140282412717,0.35094001790510293,0.04081632653061224,0.0,0.5801253357206804,0.2345679012345679,0.36257833482542523,K002+KI08+KA03
xgboost,raw,source_holdout,0.6567796610169492,0.6502057440991086,0.20087972510669194,0.5312247066583385,0.18069737856390478,,,,,,,K002+KI08+KA03
xgboost,raw,target_real,0.5828111011638317,0.5689567285179868,0.27946990963168306,0.6334099955425795,0.18016420293392543,0.18352730528200537,0.004878048780487805,0.24709042076991944,0.35362578334825423,0.05822784810126582,0.3348254252461952,K002+KI08+KA03
xgboost,temperature,target_real,0.5828111011638317,0.5689567285179868,0.1400609182190048,0.4962390819436184,0.1791364134199213,0.19874664279319607,0.009009009009009009,0.25693822739480754,0.36974037600716203,0.07021791767554479,0.3401969561324978,K002+KI08+KA03
xgboost,isotonic,target_real,0.5908683974932856,0.5813610137887936,0.14507918417966706,0.5312138812010634,0.1928725845998953,0.25693822739480754,0.027874564459930314,0.0,0.39838854073410923,0.1101123595505618,0.3384064458370636,K002+KI08+KA03
random_forest,raw,source_holdout,0.788135593220339,0.769296692615446,0.04450022542227175,0.29988724240952724,0.06745998762764557,,,,,,,K002+KI08+KA05
random_forest,raw,target_real,0.5935541629364369,0.5793609205393007,0.1626250620382912,0.5226847559357493,0.1886420854730136,0.35004476275738583,0.056265984654731455,0.18979409131602507,0.39301700984780663,0.0888382687927107,0.3410922112802149,K002+KI08+KA05
random_forest,temperature,target_real,0.5935541629364369,0.5793609205393007,0.14076865932396232,0.507375092912053,0.18847842624363775,0.35004476275738583,0.056265984654731455,0.19068934646374217,0.39838854073410923,0.09213483146067415,0.3401969561324978,K002+KI08+KA05
random_forest,isotonic,target_real,0.5971351835273053,0.5986495639212531,0.3077285517190853,0.6867572570624829,0.2426872204720793,0.6678603401969562,0.3042895442359249,0.0,0.8209489704565801,0.35659760087241005,0.0,K002+KI08+KA05
svm,raw,source_holdout,0.809322033898305,0.7934873904490648,0.07482995086977737,0.2811308443544756,0.06337596244077975,,,,,,,K002+KI08+KA05
svm,raw,target_real,0.5953446732318711,0.5761234837432795,0.1632552569325353,0.5115599001196913,0.1728387610968303,0.36705461056401073,0.04390243902439024,0.3017009847806625,0.40644583706356313,0.09030837004405286,0.37242614145031333,K002+KI08+KA05
svm,temperature,target_real,0.5953446732318711,0.5761234837432795,0.16261373610112298,0.511082693817291,0.17284058893139725,0.36705461056401073,0.04390243902439024,0.3008057296329454,0.40644583706356313,0.09030837004405286,0.37242614145031333,K002+KI08+KA05
svm,isotonic,target_real,0.5962399283795882,0.5935829071468753,0.2967409754075707,0.6712907736126091,0.2342929335860362,0.666965085049239,0.287248322147651,0.0,0.7681289167412713,0.3333333333333333,0.0,K002+KI08+KA05
xgboost,raw,source_holdout,0.7923728813559322,0.7766178531728771,0.11004759926917186,0.3272571585591911,0.06875478999540365,,,,,,,K002+KI08+KA05
xgboost,raw,target_real,0.5908683974932856,0.5739966940218479,0.26791691294501907,0.6162654313905023,0.1779788544370954,0.2927484333034915,0.027522935779816515,0.21665174574753804,0.41360787824529993,0.11255411255411256,0.3375111906893465,K002+KI08+KA05
xgboost,temperature,target_real,0.5908683974932856,0.5739966940218479,0.15657749091272458,0.5147637465367395,0.1770956892769403,0.3025962399283796,0.03254437869822485,0.21665174574753804,0.40286481647269473,0.09777777777777778,0.3375111906893465,K002+KI08+KA05
xgboost,isotonic,target_real,0.5980304386750224,0.5954636690809042,0.2811806926407988,0.6599276595797019,0.2297063765825494,0.4538943598925694,0.1854043392504931,0.0,0.8048343777976723,0.3581757508342603,0.0,K002+KI08+KA05
random_forest,raw,source_holdout,0.7763713080168776,0.754615699491302,0.06295793428862793,0.2911036940895801,0.05946797485946649,,,,,,,K002+KI08+KA06
random_forest,raw,target_real,0.5872873769024172,0.5737497507593278,0.17201461774860402,0.5240200090467346,0.18367103134500434,0.36615935541629363,0.061124694376528114,0.18442256042972247,0.41987466427931963,0.11300639658848614,0.35899731423455683,K002+KI08+KA06
random_forest,temperature,target_real,0.5872873769024172,0.5737497507593278,0.1341964411373185,0.4978467393765438,0.18332631240410688,0.37332139659803043,0.06474820143884892,0.18621307072515667,0.423455684870188,0.11416490486257928,0.35810205908683973,K002+KI08+KA06
random_forest,isotonic,target_real,0.5926589077887198,0.5950343955025205,0.2945352402618088,0.6694067702465356,0.24840253104381066,0.5505819158460161,0.23902439024390243,0.0,0.8137869292748433,0.3542354235423542,0.0,K002+KI08+KA06
svm,raw,source_holdout,0.8016877637130801,0.784992784992785,0.0716615894836799,0.2698017711448423,0.05426316009580947,,,,,,,K002+KI08+KA06
svm,raw,target_real,0.5989256938227395,0.5799996121201464,0.1569541773531987,0.5086284214816984,0.17369405991247272,0.36615935541629363,0.04645476772616137,0.2927484333034915,0.41271262309758283,0.09978308026030369,0.36884512085944493,K002+KI08+KA06
svm,temperature,target_real,0.5989256938227395,0.5799996121201464,0.1451933656803726,0.5006027484440788,0.17361746054374103,0.36615935541629363,0.04645476772616137,0.2909579230080573,0.41271262309758283,0.09978308026030369,0.36884512085944493,K002+KI08+KA06
svm,isotonic,target_real,0.5953446732318711,0.5944431624293982,0.30575787080437766,0.6761070583376284,0.23574833881465868,0.6974037600716204,0.30166880616174585,0.0,0.8173679498657117,0.35049288061336253,0.0,K002+KI08+KA06
xgboost,raw,source_holdout,0.8059071729957806,0.792368755295842,0.11450464401064044,0.3214741997308651,0.06309792991200738,,,,,,,K002+KI08+KA06
xgboost,raw,target_real,0.6016114592658908,0.5862948754694185,0.25641701487205665,0.6113394479899646,0.17812801433059447,0.2891674127126231,0.030959752321981424,0.19695613249776187,0.4422560429722471,0.1417004048582996,0.3312444046553268,K002+KI08+KA06
xgboost,temperature,target_real,0.6016114592658908,0.5862948754694185,0.1457794258729342,0.5115870067340266,0.17745885331440023,0.2954341987466428,0.030303030303030304,0.19964189794091317,0.4288272157564906,0.1315240083507307,0.3348254252461952,K002+KI08+KA06
xgboost,isotonic,target_real,0.5953446732318711,0.5929075275460818,0.2830337641863741,0.6641942839717141,0.2209416923378982,0.468218442256043,0.1931166347992352,0.0,0.8343777976723367,0.3723175965665236,0.0,K002+KI08+KA06
random_forest,raw,source_holdout,0.7932489451476793,0.7728756901869146,0.05513425928294101,0.2863990303327843,0.05596614527150859,,,,,,,K002+KI08+KA07
random_forest,raw,target_real,0.5953446732318711,0.5815866515641847,0.16226004808107067,0.5223887769529807,0.18256435744720612,0.35989256938227393,0.05223880597014925,0.18352730528200537,0.41450313339301703,0.09935205183585313,0.341987466427932,K002+KI08+KA07
random_forest,temperature,target_real,0.5953446732318711,0.5815866515641847,0.12266683693745724,0.49500811942922496,0.1822351726745748,0.36257833482542523,0.05432098765432099,0.18800358102059087,0.42256042972247093,0.11228813559322035,0.34646374216651743,K002+KI08+KA07
random_forest,isotonic,target_real,0.5899731423455685,0.5924726240883981,0.3013833436156628,0.6771131154760123,0.24920470796460284,0.6105640107430618,0.2756598240469208,0.0,0.8325872873769025,0.36451612903225805,0.0,K002+KI08+KA07
svm,raw,source_holdout,0.8016877637130801,0.7845135127283719,0.05982563184822396,0.2700713732618991,0.05471426030265799,,,,,,,K002+KI08+KA07
svm,raw,target_real,0.5980304386750224,0.5790734929458232,0.1590986232932388,0.5096605218949092,0.17393500434905226,0.36615935541629363,0.04645476772616137,0.2954341987466428,0.41181736794986573,0.09782608695652174,0.36974037600716203,K002+KI08+KA07
svm,temperature,target_real,0.5980304386750224,0.5790734929458232,0.14408770381171754,0.499420429310695,0.17394564678590196,0.36526410026857653,0.04656862745098039,0.2927484333034915,0.41181736794986573,0.09782608695652174,0.36974037600716203,K002+KI08+KA07
svm,isotonic,target_real,0.6007162041181737,0.5998757063735328,0.29917663338557055,0.6730921343768665,0.23514903849652227,0.7108325872873769,0.30856423173803527,0.0,0.7985675917636527,0.34417040358744394,0.0,K002+KI08+KA07
xgboost,raw,source_holdout,0.8016877637130801,0.786840131337739,0.11275348142732547,0.31949167331127865,0.056385590215003036,,,,,,,K002+KI08+KA07
xgboost,raw,target_real,0.5971351835273053,0.5801433681798477,0.25848157699874397,0.6112555231632204,0.17972541404517328,0.3339301700984781,0.05093833780160858,0.19964189794091317,0.4243509400179051,0.12869198312236288,0.341987466427932,K002+KI08+KA07
xgboost,temperature,target_real,0.5971351835273053,0.5801433681798477,0.14407980271104712,0.5107104973813901,0.1789415671193999,0.34646374216651743,0.056847545219638244,0.20232766338406447,0.423455684870188,0.12896405919661733,0.3258728737690242,K002+KI08+KA07
xgboost,isotonic,target_real,0.5810205908683975,0.5828804938030228,0.2927312495802913,0.6586574058082972,0.2199908565374055,0.5264100268576545,0.21768707482993196,0.0,0.8281110116383169,0.37189189189189187,0.0,K002+KI08+KA07
random_forest,raw,source_holdout,0.7679324894514767,0.7509570876073166,0.05079920899243854,0.31573152101803936,0.07176113173830057,,,,,,,K002+KI08+KA08
random_forest,raw,target_real,0.5890778871978514,0.5739848373581925,0.16995167859882598,0.5226187545845908,0.1819745870010767,0.36615935541629363,0.05623471882640587,0.18710832587287377,0.40734109221128023,0.09230769230769231,0.36078782452999103,K002+KI08+KA08
random_forest,temperature,target_real,0.5890778871978514,0.5739848373581925,0.14093170694313595,0.5037127299765827,0.18206080397419447,0.36794986571172783,0.05596107055961071,0.19068934646374217,0.40823634735899733,0.09429824561403509,0.36347358997314233,K002+KI08+KA08
random_forest,isotonic,target_real,0.5872873769024172,0.5890926753038319,0.27223886530777497,0.6264880541520728,0.20635102945073144,0.4395702775290958,0.13238289205702647,0.0,0.7009847806624888,0.31800766283524906,0.0,K002+KI08+KA08
svm,raw,source_holdout,0.7932489451476793,0.777182355431739,0.05674683256774145,0.28679515698505587,0.06532172037301329,,,,,,,K002+KI08+KA08
svm,raw,target_real,0.5989256938227395,0.5808930170481684,0.15425482930617837,0.5061007317012911,0.17281775757295326,0.35899731423455683,0.04738154613466334,0.3034914950760967,0.40196956132497763,0.08685968819599109,0.37421665174574753,K002+KI08+KA08
svm,temperature,target_real,0.5989256938227395,0.5808930170481684,0.1564239583293815,0.5076132077074008,0.1728140334221256,0.35899731423455683,0.04738154613466334,0.3034914950760967,0.40196956132497763,0.08685968819599109,0.37421665174574753,K002+KI08+KA08
svm,isotonic,target_real,0.6007162041181737,0.5988271619196585,0.27397961126533893,0.6362860595316241,0.2105737131914162,0.6544315129811996,0.28317373461012313,0.0,0.7421665174574754,0.32448733413751507,0.0,K002+KI08+KA08
xgboost,raw,source_holdout,0.7805907172995781,0.7654566984337837,0.12175380680631483,0.3438522399284838,0.07021088819773624,,,,,,,K002+KI08+KA08
xgboost,raw,target_real,0.5971351835273053,0.5823586301573442,0.2632867171226491,0.6155500042451484,0.175640390188307,0.36078782452999103,0.05955334987593052,0.20501342882721577,0.4270367054610564,0.1278825995807128,0.3410922112802149,K002+KI08+KA08
xgboost,temperature,target_real,0.5971351835273053,0.5823586301573442,0.1522979885931255,0.513857132881324,0.17513854854436683,0.37063563115487913,0.06521739130434782,0.20590868397493287,0.41450313339301703,0.11231101511879049,0.3357206803939123,K002+KI08+KA08
xgboost,isotonic,target_real,0.5989256938227395,0.5972497179115707,0.25765290415328534,0.6204771920034785,0.20002479053115588,0.4977618621307073,0.2014388489208633,0.0,0.6427931960608774,0.2883008356545961,0.3213965980304387,K002+KI08+KA08
random_forest,raw,source_holdout,0.4745762711864407,0.38670542341771763,0.31391618591085546,0.788144759801576,0.32059191876372695,,,,,,,K002+KI08+KA09
random_forest,raw,target_real,0.594449418084154,0.5854323602831106,0.22364411313809013,0.5787095023762212,0.1881031644193837,0.24619516562220234,0.03636363636363636,0.20859444941808417,0.2721575649059982,0.04276315789473684,0.2954341987466428,K002+KI08+KA09
random_forest,temperature,target_real,0.594449418084154,0.5854323602831106,0.17687493069696755,0.5637628655759743,0.1907305757879754,0.20232766338406447,0.022123893805309734,0.18531781557743957,0.20232766338406447,0.022123893805309734,0.23724261414503134,K002+KI08+KA09
random_forest,isotonic,target_real,0.5756490599820949,0.564778738379945,0.11320699658188141,0.5354527016903667,0.22112775406965843,0.3428827215756491,0.07571801566579635,0.0,0.35720680393912263,0.09774436090225563,0.0,K002+KI08+KA09
svm,raw,source_holdout,0.4915254237288136,0.3979903439228199,0.31544531044294777,0.7716197873626603,0.293473535821464,,,,,,,K002+KI08+KA09
svm,raw,target_real,0.6042972247090421,0.5911602351046094,0.2335818528830344,0.5804946102391451,0.17275612949032168,0.37779767233661593,0.06635071090047394,0.2981199641897941,0.39122649955237243,0.08466819221967964,0.36526410026857653,K002+KI08+KA09
svm,temperature,target_real,0.6042972247090421,0.5911602351046094,0.14801650126876462,0.5374859893723738,0.17336923990748693,0.3249776186213071,0.02203856749311295,0.2837958818263205,0.3303491495076097,0.02710027100271003,0.36615935541629363,K002+KI08+KA09
svm,isotonic,target_real,0.5962399283795882,0.5917356302426392,0.1223169374471621,0.5331626866936583,0.2316485049583242,0.4458370635631155,0.15060240963855423,0.0,0.4610564010743062,0.15728155339805824,0.0,K002+KI08+KA09
xgboost,raw,source_holdout,0.4745762711864407,0.38682882144687486,0.4185617390578076,0.9028912517436939,0.33313411029588946,,,,,,,K002+KI08+KA09
xgboost,raw,target_real,0.6016114592658908,0.5903949557574125,0.30170305597536673,0.662799686574977,0.1831967890347071,0.26678603401969564,0.02348993288590604,0.1486123545210385,0.2721575649059982,0.023026315789473683,0.3187108325872874,K002+KI08+KA09
xgboost,temperature,target_real,0.6016114592658908,0.5903949557574125,0.13493593838901907,0.5401032769096107,0.1828712809259809,0.22560429722470904,0.011904761904761904,0.1656222023276634,0.26051924798567594,0.01718213058419244,0.3124440465532677,K002+KI08+KA09
xgboost,isotonic,target_real,0.5953446732318711,0.5725889587569916,0.08379795387970225,0.527161681504341,0.20321477048898753,0.25335720680393914,0.0176678445229682,0.0,0.2829006266786034,0.056962025316455694,0.2712623097582811,K002+KI08+KA09
random_forest,raw,source_holdout,0.7625,0.7172375837786648,0.07435267960755887,0.3357053709466375,0.07275029870223751,,,,,,,K004+KI01+KA01
random_forest,raw,target_real,0.621307072515667,0.6024557731420331,0.1317042463157249,0.5033294827285164,0.17583928137631694,0.2936436884512086,0.042682926829268296,0.09937332139659803,0.35273052820053713,0.06852791878172589,0.2981199641897941,K004+KI01+KA01
random_forest,temperature,target_real,0.621307072515667,0.6024557731420331,0.04151148478069531,0.4613112525201515,0.17388925705523248,0.2990152193375112,0.04491017964071856,0.09937332139659803,0.37511190689346463,0.07398568019093078,0.3008057296329454,K004+KI01+KA01
random_forest,isotonic,target_real,0.5917636526410027,0.5942120386648546,0.3278377610247386,0.7281557644816773,0.3514686824793629,0.6589077887197852,0.389945652173913,0.0,0.9865711727842436,0.4056261343012704,0.0,K004+KI01+KA01
svm,raw,source_holdout,0.7166666666666667,0.6889477648258019,0.3974518801639186,0.6287312969091153,0.4980049793727663,,,,,,,K004+KI01+KA01
svm,raw,target_real,0.6159355416293644,0.594465545542385,0.10457540869840254,0.5336352177091452,0.2529219304854832,0.0,,0.005371530886302597,0.0,,0.005371530886302597,K004+KI01+KA01
svm,temperature,target_real,0.6159355416293644,0.594465545542385,0.05168953686759887,0.5165470571114625,0.25130708973909827,0.0,,0.007162041181736795,0.0,,0.007162041181736795,K004+KI01+KA01
svm,isotonic,target_real,0.5998209489704566,0.5974045134189055,0.23286408652970042,0.675572889287346,0.3613174881077252,0.2820053715308863,0.5904761904761905,0.0,0.2820053715308863,0.5904761904761905,0.0,K004+KI01+KA01
xgboost,raw,source_holdout,0.7583333333333333,0.7097491327084908,0.15454532342652483,0.36591798126811687,0.06014970295076594,,,,,,,K004+KI01+KA01
xgboost,raw,target_real,0.6078782452999105,0.5841301327358298,0.253469387654652,0.5952420619131377,0.17218367517379818,0.36436884512085943,0.0687960687960688,0.1727842435094002,0.4601611459265891,0.14202334630350194,0.3312444046553268,K004+KI01+KA01
xgboost,temperature,target_real,0.6078782452999105,0.5841301327358298,0.11148378859337987,0.4813064985195145,0.17037270493654777,0.37332139659803043,0.07434052757793765,0.18442256042972247,0.459265890778872,0.13255360623781676,0.35004476275738583,K004+KI01+KA01
xgboost,isotonic,target_real,0.5684870188003581,0.5733528693528693,0.36831800737533194,0.7695899481805559,0.3037851666437189,1.0,0.4315129811996419,0.0,1.0,0.4315129811996419,0.0,K004+KI01+KA01
random_forest,raw,source_holdout,0.6736401673640168,0.6420322202871996,0.06240336178473528,0.4119232080555299,0.14762112827490662,,,,,,,K004+KI01+KA03
random_forest,raw,target_real,0.622202327663384,0.6049964243161362,0.1125670937240365,0.4881752612352113,0.17310530661711382,0.23903312444046554,0.033707865168539325,0.12264995523724262,0.279319606087735,0.038461538461538464,0.35631154879140553,K004+KI01+KA03
random_forest,temperature,target_real,0.622202327663384,0.6049964243161362,0.0658779337946219,0.4645623117813816,0.17217327217518472,0.25246195165622204,0.03546099290780142,0.12264995523724262,0.2829006266786034,0.0379746835443038,0.35810205908683973,K004+KI01+KA03
random_forest,isotonic,target_real,0.5899731423455685,0.5885981734264912,0.22244528978763628,0.5954208814266824,0.21952400990746077,0.3321396598030439,0.24258760107816713,0.0,0.4386750223813787,0.19795918367346937,0.18173679498657117,K004+KI01+KA03
svm,raw,source_holdout,0.3891213389121339,0.34030815302698175,0.33895622003023756,0.7225325590303638,0.48156331802715957,,,,,,,K004+KI01+KA03
svm,raw,target_real,0.6114592658907789,0.5874378541628039,0.12000331842390358,0.512931975202626,0.19818287517426372,0.18710832587287377,0.03349282296650718,0.11011638316920322,0.18710832587287377,0.03349282296650718,0.20590868397493287,K004+KI01+KA03
svm,temperature,target_real,0.6114592658907789,0.5874378541628039,0.0686310923120682,0.4908355777830455,0.1929249285898339,0.20053715308863027,0.04017857142857143,0.12085944494180842,0.20053715308863027,0.04017857142857143,0.22470904207699194,K004+KI01+KA03
svm,isotonic,target_real,0.6078782452999105,0.5970795153878551,0.14629281831633031,0.5521180761702141,0.23448362665965733,0.20232766338406447,0.048672566371681415,0.0,0.20232766338406447,0.048672566371681415,0.20232766338406447,K004+KI01+KA03
xgboost,raw,source_holdout,0.6736401673640168,0.6463645135557855,0.16742041694569293,0.4655512374387282,0.14030850806335485,,,,,,,K004+KI01+KA03
xgboost,raw,target_real,0.6087735004476276,0.5874644419533644,0.24493685922349473,0.5944903190241689,0.17342933194563928,0.1369740376007162,0.013071895424836602,0.024171888988361683,0.40913160250671443,0.087527352297593,0.3348254252461952,K004+KI01+KA03
xgboost,temperature,target_real,0.6087735004476276,0.5874644419533644,0.10877598601726433,0.4775200967419805,0.17264382876278977,0.12802148612354522,0.013986013986013986,0.02685765443151298,0.37421665174574753,0.06220095693779904,0.3339301700984781,K004+KI01+KA03
xgboost,isotonic,target_real,0.5792300805729633,0.5805132388641638,0.1951867107672635,0.5805590107351909,0.19269488920572805,0.23813786929274844,0.04887218045112782,0.025962399283795883,0.4726947179946285,0.16477272727272727,0.24261414503133394,K004+KI01+KA03
random_forest,raw,source_holdout,0.7573221757322176,0.713092463092463,0.06612719256546926,0.333365309220257,0.07629303851370874,,,,,,,K004+KI01+KA05
random_forest,raw,target_real,0.6168307967770814,0.5978760601177471,0.13004482116482413,0.5039329371628577,0.1820670239377814,0.22739480752014324,0.031496062992125984,0.0,0.3348254252461952,0.06417112299465241,0.3017009847806625,K004+KI01+KA05
random_forest,temperature,target_real,0.6168307967770814,0.5978760601177471,0.06683615409859898,0.47249893850170704,0.17583664451535044,0.23545210384959714,0.030418250950570342,0.12623097582811102,0.35452103849597133,0.0707070707070707,0.3043867502238138,K004+KI01+KA05
random_forest,isotonic,target_real,0.5962399283795882,0.5957617167931158,0.3125602205103639,0.7072965129769666,0.27094452578719064,0.6132497761862131,0.3854014598540146,0.0,0.8352730528200537,0.3590568060021436,0.0,K004+KI01+KA05
svm,raw,source_holdout,0.41841004184100417,0.3253750907005594,0.35497637364668105,0.7130359770453538,0.335154047941865,,,,,,,K004+KI01+KA05
svm,raw,target_real,0.6105640107430618,0.587481815876482,0.13765385871815597,0.5341469013656012,0.21116094190690785,0.1405550581915846,0.01910828025477707,0.12175470008952552,0.18800358102059087,0.047619047619047616,0.18800358102059087,K004+KI01+KA05
svm,temperature,target_real,0.6105640107430618,0.587481815876482,0.04707611664172489,0.49835271538373715,0.2060636778768085,0.1432408236347359,0.025,0.12533572068039392,0.19695613249776187,0.05,0.20232766338406447,K004+KI01+KA05
svm,isotonic,target_real,0.5917636526410027,0.5899935678180827,0.23233114158972343,0.6275659297980708,0.2445186171265654,0.4673231871083259,0.2835249042145594,0.0,0.4843330349149508,0.2902033271719039,0.0,K004+KI01+KA05
xgboost,raw,source_holdout,0.7698744769874477,0.7294853294853295,0.15299416274206412,0.3603109606655906,0.059382555290006495,,,,,,,K004+KI01+KA05
xgboost,raw,target_real,0.6096687555953447,0.5874057987959088,0.2499827816748897,0.5954220065333229,0.17172067787076445,0.36615935541629363,0.07334963325183375,0.21128021486123547,0.450313339301701,0.1272365805168986,0.3321396598030439,K004+KI01+KA05
xgboost,temperature,target_real,0.6096687555953447,0.5874057987959088,0.10789670328283023,0.48351496826303036,0.1699981622860395,0.36257833482542523,0.06419753086419754,0.20501342882721577,0.4538943598925694,0.1242603550295858,0.3410922112802149,K004+KI01+KA05
xgboost,isotonic,target_real,0.5729632945389436,0.5771460428102914,0.37271517499318424,0.7933921436757599,0.3089080419129479,0.7752909579230081,0.37528868360277134,0.0,0.9301700984780662,0.4225216554379211,0.0,K004+KI01+KA05
random_forest,raw,source_holdout,0.7541666666666667,0.7035792963834367,0.08952093188318053,0.32142029239250436,0.06422911701074642,,,,,,,K004+KI01+KA06
random_forest,raw,target_real,0.622202327663384,0.6034962169080326,0.13398992410345606,0.5043724484269531,0.17716702978408844,0.3017009847806625,0.050445103857566766,0.11996418979409132,0.37779767233661593,0.09004739336492891,0.2927484333034915,K004+KI01+KA06
random_forest,temperature,target_real,0.622202327663384,0.6034962169080326,0.050279571049578906,0.4653419266703665,0.17560696096777126,0.2999104744852283,0.050746268656716415,0.11996418979409132,0.38764547896150403,0.08775981524249422,0.2945389435989257,K004+KI01+KA06
random_forest,isotonic,target_real,0.5899731423455685,0.5904916192712591,0.3441225221665962,0.7451846859391422,0.3551669862069031,0.6768128916741272,0.36772486772486773,0.0,0.8943598925693823,0.3783783783783784,0.0,K004+KI01+KA06
svm,raw,source_holdout,0.42083333333333334,0.32773915689441285,0.3643376070523016,0.6750564837539301,0.2814058682922259,,,,,,,K004+KI01+KA06
svm,raw,target_real,0.6132497761862131,0.5901129122790375,0.13511747380604835,0.5294978903075739,0.20846435853960174,0.1557743957027753,0.028735632183908046,0.11996418979409132,0.22918531781557744,0.0859375,0.19427036705461057,K004+KI01+KA06
svm,temperature,target_real,0.6132497761862131,0.5901129122790375,0.054920454506664614,0.49583392650468155,0.2029215492050121,0.1656222023276634,0.02702702702702703,0.12354521038495972,0.23097582811101164,0.08139534883720931,0.19964189794091317,K004+KI01+KA06
svm,isotonic,target_real,0.5810205908683975,0.5829734640661687,0.27392976456268947,0.6676466435896998,0.2510541088747978,0.5443151298119964,0.33881578947368424,0.0,0.9946284691136974,0.41764176417641763,0.0,K004+KI01+KA06
xgboost,raw,source_holdout,0.7541666666666667,0.7043699443836009,0.16815004820624987,0.3697069371150722,0.05587119495495849,,,,,,,K004+KI01+KA06
xgboost,raw,target_real,0.6114592658907789,0.5884784469343293,0.25043015607575164,0.6024663053603664,0.17492763008412782,0.37063563115487913,0.07246376811594203,0.144136078782453,0.4673231871083259,0.15708812260536398,0.3133393017009848,K004+KI01+KA06
xgboost,temperature,target_real,0.6114592658907789,0.5884784469343293,0.10302105404646592,0.4856582702752991,0.17331474089864782,0.38227394807520143,0.07962529274004684,0.1548791405550582,0.4753804834377798,0.1638418079096045,0.32408236347359,K004+KI01+KA06
xgboost,isotonic,target_real,0.5792300805729633,0.5820396240265056,0.3857332290309275,0.801319514838837,0.3159212715067987,0.9427036705461056,0.4121557454890788,0.0,1.0,0.42076991942703673,0.0,K004+KI01+KA06
random_forest,raw,source_holdout,0.7625,0.7176556213180264,0.09606167779522018,0.32319462214564676,0.06253516461873224,,,,,,,K004+KI01+KA07
random_forest,raw,target_real,0.6230975828111012,0.6042836864501981,0.13270515252373258,0.5031754075003009,0.17765571045691464,0.2945389435989257,0.05167173252279635,0.0,0.37332139659803043,0.08393285371702638,0.2891674127126231,K004+KI01+KA07
random_forest,temperature,target_real,0.6230975828111012,0.6042836864501981,0.0590025959497605,0.4636278844467204,0.180897698508576,0.2909579230080573,0.04923076923076923,0.0,0.37779767233661593,0.08056872037914692,0.2918531781557744,K004+KI01+KA07
random_forest,isotonic,target_real,0.5899731423455685,0.5908720686586756,0.3385005349019543,0.7477335004874976,0.3661719638096332,0.6320501342882722,0.443342776203966,0.0,0.9964189794091316,0.4088050314465409,0.0,K004+KI01+KA07
svm,raw,source_holdout,0.42083333333333334,0.32773915689441285,0.36660266545085607,0.6757505276296506,0.28109389154421716,,,,,,,K004+KI01+KA07
svm,raw,target_real,0.6132497761862131,0.5902890968474743,0.1346871124032907,0.5292635623911814,0.2081765469303587,0.1459265890778872,0.024539877300613498,0.11906893464637422,0.23545210384959714,0.09125475285171103,0.19427036705461057,K004+KI01+KA07
svm,temperature,target_real,0.6132497761862131,0.5902890968474743,0.052604421139734,0.4965833421377103,0.2024697014788735,0.1548791405550582,0.023121387283236993,0.12444046553267682,0.23634735899731424,0.08712121212121213,0.20143240823634737,K004+KI01+KA07
svm,isotonic,target_real,0.5828111011638317,0.5850196701038722,0.263659120051627,0.6579815247836834,0.2503758473448105,0.5452103849597135,0.3366174055829228,0.0,0.9982094897045658,0.41614349775784754,0.0,K004+KI01+KA07
xgboost,raw,source_holdout,0.7541666666666667,0.7043699443836009,0.1637443896383047,0.3608248097594418,0.05406627223608071,,,,,,,K004+KI01+KA07
xgboost,raw,target_real,0.6141450313339302,0.592041368592115,0.24387150530635832,0.5955631001184988,0.17433709796731794,0.36436884512085943,0.0687960687960688,0.12623097582811102,0.450313339301701,0.13518886679920478,0.3142345568487019,K004+KI01+KA07
xgboost,temperature,target_real,0.6141450313339302,0.592041368592115,0.09884777003806387,0.4821612159033461,0.17235727854878702,0.36615935541629363,0.06845965770171149,0.13070725156669652,0.4735899731423456,0.15311909262759923,0.315129811996419,K004+KI01+KA07
xgboost,isotonic,target_real,0.5720680393912265,0.5761755135697255,0.38525749810425414,0.8020828562934911,0.3165919322483977,0.8836168307967771,0.4093211752786221,0.0,1.0,0.4279319606087735,0.0,K004+KI01+KA07
random_forest,raw,source_holdout,0.7333333333333333,0.6918909603273152,0.08451202042779561,0.35150942735066043,0.08368327122717284,,,,,,,K004+KI01+KA08
random_forest,raw,target_real,0.6186213070725156,0.5994918606546928,0.13424078287912083,0.5022414906240478,0.17482219624367684,0.270367054610564,0.033112582781456956,0.09758281110116383,0.34735899731423453,0.05670103092783505,0.341987466427932,K004+KI01+KA08
random_forest,temperature,target_real,0.6186213070725156,0.5994918606546928,0.07210592881644504,0.4698394767481036,0.17397606954356826,0.2721575649059982,0.03289473684210526,0.09758281110116383,0.34825425246195163,0.05398457583547558,0.3124440465532677,K004+KI01+KA08
random_forest,isotonic,target_real,0.5953446732318711,0.5955640039209688,0.27836878797363984,0.6596287632528978,0.23630430855444579,0.4261414503133393,0.21218487394957983,0.0,0.7036705461056401,0.33969465648854963,0.0,K004+KI01+KA08
svm,raw,source_holdout,0.42083333333333334,0.33055207898762345,0.3399583846665797,0.6869292128519506,0.32814495698633894,,,,,,,K004+KI01+KA08
svm,raw,target_real,0.6159355416293644,0.5931059145388705,0.13161114979148325,0.527758655080831,0.20849914154895272,0.1360787824529991,0.019736842105263157,0.11817367949865712,0.1602506714413608,0.0335195530726257,0.19158460161145927,K004+KI01+KA08
svm,temperature,target_real,0.6159355416293644,0.5931059145388705,0.04908820780677833,0.49537499141958063,0.2030082666218016,0.1378692927484333,0.01948051948051948,0.12085944494180842,0.1674127126230976,0.026737967914438502,0.19247985675917637,K004+KI01+KA08
svm,isotonic,target_real,0.6105640107430618,0.6014010835410025,0.20151726297704542,0.6144187330603114,0.23732494300209364,0.40017905102954343,0.2371364653243848,0.0,0.4780662488809311,0.2958801498127341,0.0,K004+KI01+KA08
xgboost,raw,source_holdout,0.7458333333333333,0.702235595092738,0.17935109461347265,0.3947329696666911,0.0679209473194077,,,,,,,K004+KI01+KA08
xgboost,raw,target_real,0.6069829901521934,0.5840291177478304,0.25391927345479937,0.5997702193848856,0.17355677731303482,0.37600716204118173,0.06666666666666667,0.1575649059982095,0.432408236347359,0.11594202898550725,0.3043867502238138,K004+KI01+KA08
xgboost,temperature,target_real,0.6069829901521934,0.5840291177478304,0.10965128014767518,0.48443563052495786,0.17247069016153005,0.38048343777976723,0.07529411764705882,0.1539838854073411,0.4440465532676813,0.1310483870967742,0.3124440465532677,K004+KI01+KA08
xgboost,isotonic,target_real,0.5783348254252462,0.5808645673936323,0.3189710608739704,0.6989898697355234,0.20795004322115468,0.5693822739480752,0.27672955974842767,0.0,0.9471799462846912,0.40737240075614367,0.12354521038495972,K004+KI01+KA08
random_forest,raw,source_holdout,0.5104602510460251,0.4401349818825547,0.24726646127461557,0.7058909510185704,0.278904089306696,,,,,,,K004+KI01+KA09
random_forest,raw,target_real,0.6150402864816473,0.6021407560364085,0.17385065842069805,0.540081191708864,0.184932154674835,0.1683079677708147,0.031914893617021274,0.0,0.22291853178155774,0.028112449799196786,0.3052820053715309,K004+KI01+KA09
random_forest,temperature,target_real,0.6150402864816473,0.6021407560364085,0.153962187877405,0.532710453723571,0.1860528845576575,0.1459265890778872,0.03067484662576687,0.09668755595344673,0.23545210384959714,0.026615969581749048,0.25962399283795884,K004+KI01+KA09
random_forest,isotonic,target_real,0.5962399283795882,0.5960669832764549,0.10410537648777837,0.5382192895355395,0.17422912623960496,0.1683079677708147,0.031914893617021274,0.0,0.24709042076991944,0.04710144927536232,0.24709042076991944,K004+KI01+KA09
svm,raw,source_holdout,0.2217573221757322,0.21971558175423467,0.4420143965413999,0.9836441964511433,0.811061224800086,,,,,,,K004+KI01+KA09
svm,raw,target_real,0.6159355416293644,0.5995070900454228,0.19253294425560558,0.555832729265918,0.1902042103932804,0.0,,0.11817367949865712,0.0,,0.20680393912264997,K004+KI01+KA09
svm,temperature,target_real,0.6159355416293644,0.5995070900454228,0.22857180050714496,0.6014879989767782,0.1981008371779785,0.0,,0.11817367949865712,0.0,,0.21665174574753804,K004+KI01+KA09
svm,isotonic,target_real,0.6114592658907789,0.5855215170125936,0.059009771875445774,0.5537697028470782,0.31669172600278594,0.0,,0.0,0.0,,0.0,K004+KI01+KA09
xgboost,raw,source_holdout,0.5313807531380753,0.4598208392267799,0.34550869277830404,0.7792622205068847,0.22168415052125165,,,,,,,K004+KI01+KA09
xgboost,raw,target_real,0.6150402864816473,0.5998934596401448,0.27606274186230817,0.6316938329661399,0.17856390050383944,0.17636526410026857,0.030456852791878174,0.11638316920322292,0.3428827215756491,0.06527415143603134,0.2873769024171889,K004+KI01+KA09
xgboost,temperature,target_real,0.6150402864816473,0.5998934596401448,0.13158208099622792,0.5178324817197241,0.17569180831523912,0.22023276633840644,0.028455284552845527,0.11638316920322292,0.36436884512085943,0.06388206388206388,0.3070725156669651,K004+KI01+KA09
xgboost,isotonic,target_real,0.5595344673231871,0.5631206157584068,0.12396296600638373,0.5741817485660891,0.1732325320068405,0.3025962399283796,0.09467455621301775,0.0,0.35899731423455683,0.11471321695760599,0.23097582811101164,K004+KI01+KA09
random_forest,raw,source_holdout,0.7016806722689075,0.6701586587366141,0.10255693145086531,0.3985254387885201,0.1159134047170886,,,,,,,K004+KI03+KA01
random_forest,raw,target_real,0.6114592658907789,0.5938222515092362,0.1411831074050155,0.5140449132180971,0.18058874568420927,0.18442256042972247,0.0048543689320388345,0.20143240823634737,0.3160250671441361,0.056657223796033995,0.3106535362578335,K004+KI03+KA01
random_forest,temperature,target_real,0.6114592658907789,0.5938222515092362,0.045347982814717226,0.46597559628307866,0.17765005960522803,0.17905102954341987,0.005,0.21486123545210384,0.3348254252461952,0.06951871657754011,0.2999104744852283,K004+KI03+KA01
random_forest,isotonic,target_real,0.5935541629364369,0.5934823396883874,0.2727593361986288,0.6711598789921012,0.27266519027689595,0.24261414503133394,0.12915129151291513,0.0,0.8478066248880931,0.36430834213305174,0.0,K004+KI03+KA01
svm,raw,source_holdout,0.3487394957983193,0.33415022499134645,0.32595139487248903,0.6525358266886002,0.4452965290317936,,,,,,,K004+KI03+KA01
svm,raw,target_real,0.6105640107430618,0.5903904985658326,0.13038735868375392,0.5403660559137642,0.22283891242442316,0.12712623097582812,0.035211267605633804,0.012533572068039392,0.12712623097582812,0.035211267605633804,0.19964189794091317,K004+KI03+KA01
svm,temperature,target_real,0.6105640107430618,0.5903904985658326,0.027344665997274628,0.5031781341313095,0.22081113174549125,0.11906893464637422,0.03759398496240601,0.01342882721575649,0.11906893464637422,0.03759398496240601,0.20590868397493287,K004+KI03+KA01
svm,isotonic,target_real,0.5926589077887198,0.5918524678174556,0.20624513136001155,0.6120658869990296,0.24439405778005965,0.25872873769024174,0.12110726643598616,0.0,0.5720680393912265,0.3270735524256651,0.22023276633840644,K004+KI03+KA01
xgboost,raw,source_holdout,0.6890756302521008,0.6594282910072383,0.20805355004903647,0.4738670085433057,0.11577831353306764,,,,,,,K004+KI03+KA01
xgboost,raw,target_real,0.5971351835273053,0.5771947669653974,0.26060917287824825,0.6132275117122017,0.18324993219533636,0.2784243509400179,0.04501607717041801,0.21307072515666964,0.36974037600716203,0.09927360774818401,0.2829006266786034,K004+KI03+KA01
xgboost,temperature,target_real,0.5971351835273053,0.5771947669653974,0.10984512162422484,0.4941855666977974,0.18199332020258815,0.26499552372426144,0.033783783783783786,0.21396598030438674,0.37600716204118173,0.1,0.2900626678603402,K004+KI03+KA01
xgboost,isotonic,target_real,0.5899731423455685,0.5895815090113024,0.25798167040436737,0.6334013854095032,0.20562954594015628,0.5013428827215757,0.20357142857142857,0.0,0.8683974932855864,0.37731958762886597,0.0,K004+KI03+KA01
random_forest,raw,source_holdout,0.70042194092827,0.6724428392868163,0.061865036944855734,0.39633721650479886,0.14820191243635794,,,,,,,K004+KI03+KA03
random_forest,raw,target_real,0.6141450313339302,0.5989218379141227,0.1188648114824688,0.49565795964999265,0.1762188913897712,0.22470904207699194,0.02390438247011952,0.18173679498657117,0.297224709042077,0.03614457831325301,0.341987466427932,K004+KI03+KA03
random_forest,temperature,target_real,0.6141450313339302,0.5989218379141227,0.10289406532210134,0.48550911608543657,0.17599485634122838,0.22649955237242614,0.023715415019762844,0.18173679498657117,0.2981199641897941,0.036036036036036036,0.341987466427932,K004+KI03+KA03
random_forest,isotonic,target_real,0.6078782452999105,0.6021980635310019,0.20524415199021193,0.5875418445563139,0.2069895113848927,0.2757385854968666,0.10064935064935066,0.0,0.38585496866606983,0.14153132250580047,0.21575649059982094,K004+KI03+KA03
svm,raw,source_holdout,0.7088607594936709,0.6776886079546037,0.053972959205681535,0.3959062149400355,0.12613829845508814,,,,,,,K004+KI03+KA03
svm,raw,target_real,0.6177260519247986,0.5953235466324888,0.1390105482096638,0.5000666055966617,0.17091836420281198,0.35004476275738583,0.03580562659846547,0.2757385854968666,0.36794986571172783,0.058394160583941604,0.36257833482542523,K004+KI03+KA03
svm,temperature,target_real,0.6177260519247986,0.5953235466324888,0.1159681798937209,0.48196695383211,0.17058311842539395,0.35541629364368843,0.04030226700251889,0.2766338406445837,0.36884512085944493,0.05339805825242718,0.36526410026857653,K004+KI03+KA03
svm,isotonic,target_real,0.6016114592658908,0.5963461747694695,0.23976043150486354,0.5910005455821541,0.19722287150603893,0.5201432408236347,0.17900172117039587,0.0,0.5774395702775291,0.2248062015503876,0.37779767233661593,K004+KI03+KA03
xgboost,raw,source_holdout,0.6751054852320675,0.6536599606080169,0.1571251995201352,0.4483580195147142,0.15238716951532746,,,,,,,K004+KI03+KA03
xgboost,raw,target_real,0.5998209489704566,0.5817421136738622,0.25089153268557096,0.6040966535645518,0.1782948274863646,0.25425246195165624,0.02464788732394366,0.19427036705461057,0.38675022381378693,0.09259259259259259,0.315129811996419,K004+KI03+KA03
xgboost,temperature,target_real,0.5998209489704566,0.5817421136738622,0.13849363142337937,0.5082960671207938,0.17762547452495675,0.24350940017905104,0.022058823529411766,0.18263205013428827,0.40376007162041183,0.10199556541019955,0.3169203222918532,K004+KI03+KA03
xgboost,isotonic,target_real,0.5890778871978514,0.581526058338446,0.22206992731458647,0.581999203814486,0.19352694110484414,0.270367054610564,0.03642384105960265,0.0,0.477170993733214,0.1651031894934334,0.3097582811101164,K004+KI03+KA03
random_forest,raw,source_holdout,0.70042194092827,0.6750097361722841,0.0990360445877514,0.40588573102465575,0.1299797117333395,,,,,,,K004+KI03+KA05
random_forest,raw,target_real,0.6078782452999105,0.5904873985144196,0.13699354301505917,0.5153005164865168,0.18440345413195536,0.26051924798567594,0.024054982817869417,0.18084153983885407,0.3169203222918532,0.059322033898305086,0.3088630259623993,K004+KI03+KA05
random_forest,temperature,target_real,0.6078782452999105,0.5904873985144196,0.050193202064882037,0.47310287377805216,0.18284576724568147,0.24082363473589974,0.026022304832713755,0.1548791405550582,0.3213965980304387,0.06128133704735376,0.3070725156669651,K004+KI03+KA05
random_forest,isotonic,target_real,0.603401969561325,0.6005548761691343,0.24296484553641576,0.6266266055596637,0.23731488492294048,0.40644583706356313,0.16740088105726872,0.0,0.7457475380483438,0.31812725090036015,0.0,K004+KI03+KA05
svm,raw,source_holdout,0.6455696202531646,0.6123188405797101,0.1629462171049783,0.4748674783715839,0.1620086618919825,,,,,,,K004+KI03+KA05
svm,raw,target_real,0.6078782452999105,0.5853954195348835,0.16871811724220984,0.5273789167495623,0.17696818150646468,0.24529991047448524,0.010948905109489052,0.24261414503133394,0.333034914950761,0.03763440860215054,0.3446732318710833,K004+KI03+KA05
svm,temperature,target_real,0.6078782452999105,0.5853954195348835,0.0923430642819175,0.47240968185537435,0.17648248765145813,0.25425246195165624,0.014084507042253521,0.25067144136078784,0.34646374216651743,0.04392764857881137,0.35004476275738583,K004+KI03+KA05
svm,isotonic,target_real,0.6016114592658908,0.5983325833625833,0.21646711206038372,0.581094826681857,0.17575264228559676,0.4709042076991943,0.16730038022813687,0.0,0.7287376902417189,0.300982800982801,0.3303491495076097,K004+KI03+KA05
xgboost,raw,source_holdout,0.6919831223628692,0.664217759633185,0.20450474604775631,0.5008030541771534,0.13572652337470176,,,,,,,K004+KI03+KA05
xgboost,raw,target_real,0.6025067144136079,0.5834854979845717,0.25453435422163945,0.6144829359240692,0.18413242462241208,0.22381378692927484,0.028,0.18889883616830797,0.3455684870188004,0.07253886010362694,0.2963294538943599,K004+KI03+KA05
xgboost,temperature,target_real,0.6025067144136079,0.5834854979845717,0.09832505988604895,0.49387683677902544,0.18311795698501734,0.19874664279319607,0.018018018018018018,0.19247985675917637,0.3393017009847807,0.0712401055408971,0.2981199641897941,K004+KI03+KA05
xgboost,isotonic,target_real,0.5890778871978514,0.588554042638854,0.2437972646373316,0.610001832925727,0.21591693680043814,0.24709042076991944,0.06159420289855073,0.0,0.7394807520143241,0.32929782082324455,0.0,K004+KI03+KA05
random_forest,raw,source_holdout,0.6848739495798319,0.6522694527082752,0.13817607229469686,0.39909432787877264,0.11388390212983003,,,,,,,K004+KI03+KA06
random_forest,raw,target_real,0.6114592658907789,0.5949407054212802,0.13666638206125123,0.5169384757847154,0.18612704359400423,0.24619516562220234,0.025454545454545455,0.18263205013428827,0.333034914950761,0.07526881720430108,0.297224709042077,K004+KI03+KA06
random_forest,temperature,target_real,0.6114592658907789,0.5949407054212802,0.03479098369671854,0.4710700046357665,0.18391901603231814,0.23097582811101164,0.01937984496124031,0.20053715308863027,0.35899731423455683,0.08478802992518704,0.2990152193375112,K004+KI03+KA06
random_forest,isotonic,target_real,0.5971351835273053,0.5950528181215163,0.2631400838351889,0.6498734030407637,0.23745222558394727,0.39212175470008953,0.17123287671232876,0.0,0.8379588182632051,0.3696581196581197,0.0,K004+KI03+KA06
svm,raw,source_holdout,0.6470588235294118,0.6124894262825298,0.18132466993034896,0.4627164445105223,0.13384107035402837,,,,,,,K004+KI03+KA06
svm,raw,target_real,0.6016114592658908,0.5791643137747372,0.1723068434329774,0.525124714214624,0.17871656932236019,0.23545210384959714,0.015209125475285171,0.22112802148612354,0.3428827215756491,0.05483028720626632,0.3285586392121755,K004+KI03+KA06
svm,temperature,target_real,0.6016114592658908,0.5791643137747372,0.0973732080318741,0.47045975363516684,0.1780181818916646,0.24888093106535364,0.014388489208633094,0.22649955237242614,0.35720680393912263,0.06015037593984962,0.3437779767233662,K004+KI03+KA06
svm,isotonic,target_real,0.5863921217547001,0.5868635949851493,0.2599159260309246,0.6282274549928901,0.20935423922127716,0.5819158460161146,0.25846153846153846,0.0,0.8478066248880931,0.3632523759239704,0.0,K004+KI03+KA06
xgboost,raw,source_holdout,0.6848739495798319,0.6563086163086164,0.21271856943098438,0.5004444124979042,0.12623687504405004,,,,,,,K004+KI03+KA06
xgboost,raw,target_real,0.594449418084154,0.5736374536605,0.26221238640983296,0.6173462622501613,0.18702209360822383,0.26410026857654434,0.04067796610169491,0.19695613249776187,0.35541629364368843,0.09319899244332494,0.2846911369740376,K004+KI03+KA06
xgboost,temperature,target_real,0.594449418084154,0.5736374536605,0.10498063847490698,0.4948547376676791,0.18600510118679334,0.24709042076991944,0.03260869565217391,0.20680393912264997,0.3366159355416294,0.07712765957446809,0.2891674127126231,K004+KI03+KA06
xgboost,isotonic,target_real,0.5935541629364369,0.5924627468293241,0.24648224102178232,0.6201135891784164,0.2026719560687003,0.4735899731423456,0.19659735349716445,0.0,0.8146821844225605,0.3648351648351648,0.1414503133393017,K004+KI03+KA06
random_forest,raw,source_holdout,0.6848739495798319,0.6522694527082752,0.1333449401053406,0.39382398427812326,0.10871205134841233,,,,,,,K004+KI03+KA07
random_forest,raw,target_real,0.6132497761862131,0.5960238661962118,0.13830452606709923,0.5169521575317693,0.1852964920433496,0.2981199641897941,0.05105105105105105,0.19874664279319607,0.3231871083258729,0.0664819944598338,0.3052820053715309,K004+KI03+KA07
random_forest,temperature,target_real,0.6132497761862131,0.5960238661962118,0.04258302116023788,0.47015173958348044,0.18317363502387324,0.2990152193375112,0.05089820359281437,0.20680393912264997,0.35273052820053713,0.08375634517766498,0.297224709042077,K004+KI03+KA07
random_forest,isotonic,target_real,0.6007162041181737,0.5978123119874587,0.2551696173416938,0.6542947687245007,0.2483686106721769,0.3312444046553268,0.12702702702702703,0.0,0.8119964189794091,0.37265711135611906,0.0,K004+KI03+KA07
svm,raw,source_holdout,0.6470588235294118,0.6124894262825298,0.18381534581875564,0.4648132013200184,0.13413784952750288,,,,,,,K004+KI03+KA07
svm,raw,target_real,0.6042972247090421,0.581883934523752,0.17082657524489894,0.5261898262408644,0.17884593855734207,0.23276633840644584,0.015384615384615385,0.21575649059982094,0.3384064458370636,0.05555555555555555,0.3249776186213071,K004+KI03+KA07
svm,temperature,target_real,0.6042972247090421,0.581883934523752,0.0909671649682664,0.4695282531829128,0.17801341453490227,0.24171888988361684,0.014814814814814815,0.22291853178155774,0.35541629364368843,0.05793450881612091,0.3401969561324978,K004+KI03+KA07
svm,isotonic,target_real,0.5899731423455685,0.589435279624983,0.25214151617548153,0.6224183348593526,0.19742162850652903,0.6517457475380484,0.2857142857142857,0.0,0.8307967770814683,0.35344827586206895,0.0,K004+KI03+KA07
xgboost,raw,source_holdout,0.6974789915966386,0.6680093303749217,0.21754314744171974,0.4884343618447421,0.11809000450749917,,,,,,,K004+KI03+KA07
xgboost,raw,target_real,0.5962399283795882,0.5760794061858526,0.2599534845928476,0.612885859093327,0.18476544437263998,0.26499552372426144,0.037162162162162164,0.19247985675917637,0.3393017009847807,0.07651715039577836,0.2891674127126231,K004+KI03+KA07
xgboost,temperature,target_real,0.5962399283795882,0.5760794061858526,0.1038611045357441,0.4917131573417305,0.18377782347604216,0.25693822739480754,0.03484320557491289,0.19158460161145927,0.35004476275738583,0.08695652173913043,0.2963294538943599,K004+KI03+KA07
xgboost,isotonic,target_real,0.594449418084154,0.5932865856268889,0.2519186810349419,0.6251983506779002,0.1965542750034182,0.4628469113697404,0.18762088974854932,0.0,0.8683974932855864,0.37216494845360826,0.1593554162936437,K004+KI03+KA07
random_forest,raw,source_holdout,0.6764705882352942,0.6492317592751974,0.10550680512871327,0.41556496838783347,0.13143196124917594,,,,,,,K004+KI03+KA08
random_forest,raw,target_real,0.612354521038496,0.595699364798583,0.1355026438228215,0.5146365973456278,0.18333346864905972,0.26589077887197854,0.02356902356902357,0.1593554162936437,0.3160250671441361,0.053824362606232294,0.3124440465532677,K004+KI03+KA08
random_forest,temperature,target_real,0.612354521038496,0.595699364798583,0.06693510570729115,0.47829381040044455,0.18260603451310017,0.2694717994628469,0.023255813953488372,0.1593554162936437,0.3178155774395703,0.05352112676056338,0.3097582811101164,K004+KI03+KA08
random_forest,isotonic,target_real,0.5953446732318711,0.5937321384608926,0.24173796433616954,0.6108239476327879,0.20038481099250063,0.306177260519248,0.0847953216374269,0.0,0.5443151298119964,0.25164473684210525,0.25067144136078784,K004+KI03+KA08
svm,raw,source_holdout,0.6596638655462185,0.624149459193707,0.15877207055717435,0.4754493777580759,0.16046055517654823,,,,,,,K004+KI03+KA08
svm,raw,target_real,0.6060877350044763,0.583549822911525,0.17116751007874426,0.5251262346243954,0.17792816379634926,0.20769919427036707,0.008620689655172414,0.23545210384959714,0.2829006266786034,0.02531645569620253,0.3294538943598926,K004+KI03+KA08
svm,temperature,target_real,0.6060877350044763,0.583549822911525,0.09303681510468137,0.4718645602730206,0.17716349106235596,0.21665174574753804,0.008264462809917356,0.24798567591763654,0.3008057296329454,0.03571428571428571,0.3428827215756491,K004+KI03+KA08
svm,isotonic,target_real,0.5953446732318711,0.591920691996047,0.21290860339749243,0.5730317851551773,0.18289735808168917,0.35899731423455683,0.04239401496259352,0.0,0.55863921217547,0.22115384615384615,0.36168307967770813,K004+KI03+KA08
xgboost,raw,source_holdout,0.6680672268907563,0.6374516207063377,0.2239178183699856,0.5166849834235919,0.1355871015533062,,,,,,,K004+KI03+KA08
xgboost,raw,target_real,0.603401969561325,0.5841272508235357,0.2595690512827922,0.6154602131662666,0.18222193392942043,0.26768128916741274,0.04013377926421405,0.18979409131602507,0.36078782452999103,0.08436724565756824,0.2900626678603402,K004+KI03+KA08
xgboost,temperature,target_real,0.603401969561325,0.5841272508235357,0.10702428676189604,0.49140535878841907,0.18131199489743444,0.25604297224709044,0.03146853146853147,0.19337511190689347,0.34825425246195163,0.06940874035989718,0.2918531781557744,K004+KI03+KA08
xgboost,isotonic,target_real,0.5917636526410027,0.5901661655899049,0.23366061003176647,0.5916616218939131,0.19190847071709116,0.4726947179946285,0.17613636363636365,0.10743061772605192,0.5631154879140555,0.2368839427662957,0.2712623097582811,K004+KI03+KA08
random_forest,raw,source_holdout,0.4641350210970464,0.4353838716765546,0.26400634413405516,0.7587461441119054,0.4004347331472275,,,,,,,K004+KI03+KA09
random_forest,raw,target_real,0.6105640107430618,0.6007827290992335,0.17473725550052532,0.5533778796441895,0.19703781890252628,0.0,,0.0,0.0,,0.3106535362578335,K004+KI03+KA09
random_forest,temperature,target_real,0.6105640107430618,0.6007827290992335,0.1894698547269172,0.5572415023167019,0.1962126246495844,0.0,,0.0,0.0,,0.2927484333034915,K004+KI03+KA09
random_forest,isotonic,target_real,0.6042972247090421,0.6014599167319808,0.09513162844756955,0.525202148635686,0.19514894095817722,0.0,,0.1369740376007162,0.0,,0.21486123545210384,K004+KI03+KA09
svm,raw,source_holdout,0.42616033755274263,0.37738299956219334,0.32439393324874594,0.8470412050909228,0.38612217195789794,,,,,,,K004+KI03+KA09
svm,raw,target_real,0.6096687555953447,0.593417506873796,0.2072695147381733,0.5601159131989693,0.17377251416602407,0.2712623097582811,0.019801980198019802,0.153088630259624,0.2712623097582811,0.019801980198019802,0.35899731423455683,K004+KI03+KA09
svm,temperature,target_real,0.6096687555953447,0.593417506873796,0.21377476583265423,0.5889335628697534,0.17000721317477513,0.19785138764547897,0.01809954751131222,0.1611459265890779,0.19785138764547897,0.01809954751131222,0.36347358997314233,K004+KI03+KA09
svm,isotonic,target_real,0.5890778871978514,0.588819999836949,0.11980201058054335,0.4947357570244226,0.1919630454873777,0.0,,0.0,0.0,,0.36347358997314233,K004+KI03+KA09
xgboost,raw,source_holdout,0.459915611814346,0.42062579821200513,0.4006891396478258,0.9061554535398533,0.43113603229276276,,,,,,,K004+KI03+KA09
xgboost,raw,target_real,0.6069829901521934,0.5953993249832358,0.27884554828291186,0.6441135988571355,0.19138283077319618,0.21486123545210384,0.029166666666666667,0.10922112802148612,0.21486123545210384,0.029166666666666667,0.2891674127126231,K004+KI03+KA09
xgboost,temperature,target_real,0.6069829901521934,0.5953993249832358,0.20365573641361082,0.5927786000605919,0.1904973350912903,0.25067144136078784,0.03214285714285714,0.09489704565801253,0.25067144136078784,0.03214285714285714,0.2990152193375112,K004+KI03+KA09
xgboost,isotonic,target_real,0.603401969561325,0.5990511673023731,0.08645383593803282,0.504476205128996,0.17853478459114172,0.22649955237242614,0.03162055335968379,0.0,0.22649955237242614,0.03162055335968379,0.23366159355416294,K004+KI03+KA09
random_forest,raw,source_holdout,0.41422594142259417,0.3530945861042949,0.3578911432234786,0.7837525066407331,0.31674481728564263,,,,,,,K004+KI05+KA01
random_forest,raw,target_real,0.6186213070725156,0.6056854757934184,0.1780674803603467,0.5395016751986429,0.18124802072560922,0.25962399283795884,0.03103448275862069,0.09042076991942703,0.3178155774395703,0.05352112676056338,0.3106535362578335,K004+KI05+KA01
random_forest,temperature,target_real,0.6186213070725156,0.6056854757934184,0.14167655852142066,0.5176337374974184,0.17589193158802077,0.22112802148612354,0.032388663967611336,0.09042076991942703,0.2730528200537153,0.05245901639344262,0.3115487914055506,K004+KI05+KA01
random_forest,isotonic,target_real,0.5756490599820949,0.5776203958599667,0.10341950307990844,0.5293569435560306,0.21500429919507866,0.0,,0.0,0.1468218442256043,0.07317073170731707,0.0,K004+KI05+KA01
svm,raw,source_holdout,0.16317991631799164,0.152014652014652,0.47588574500595787,0.9730182203184059,0.8408047221698037,,,,,,,K004+KI05+KA01
svm,raw,target_real,0.6069829901521934,0.5935955206177069,0.15758440897268805,0.5650169897481032,0.22000743646611595,0.0,,0.09400179051029543,0.0,,0.19695613249776187,K004+KI05+KA01
svm,temperature,target_real,0.6069829901521934,0.5935955206177069,0.23641284124263925,0.6238598755087863,0.22227377714461144,0.0,,0.09042076991942703,0.0,,0.18710832587287377,K004+KI05+KA01
svm,isotonic,target_real,0.5980304386750224,0.5829263067209319,0.1662191906815429,0.6007129456929585,0.30110115797314224,0.005371530886302597,0.3333333333333333,0.0,0.005371530886302597,0.3333333333333333,0.0,K004+KI05+KA01
xgboost,raw,source_holdout,0.4393305439330544,0.3791298929391686,0.4443717868258265,0.9415717594883553,0.3352664181223468,,,,,,,K004+KI05+KA01
xgboost,raw,target_real,0.6114592658907789,0.5977760714563384,0.2802844526197832,0.6396747662596907,0.17774591644912124,0.08146821844225605,0.01098901098901099,0.11996418979409132,0.19606087735004477,0.0273972602739726,0.3187108325872874,K004+KI05+KA01
xgboost,temperature,target_real,0.6114592658907789,0.5977760714563384,0.13599124391678027,0.5194101770668,0.1760998212378976,0.050134288272157566,0.0,0.09937332139659803,0.18800358102059087,0.0380952380952381,0.3303491495076097,K004+KI05+KA01
xgboost,isotonic,target_real,0.5595344673231871,0.5653693201543409,0.11987239039768784,0.5277329884727602,0.23168486312712877,0.0,,0.0026857654431512983,0.22112802148612354,0.05668016194331984,0.0026857654431512983,K004+KI05+KA01
random_forest,raw,source_holdout,0.40336134453781514,0.3553591470258137,0.29983286988183494,0.8361326643611818,0.5747193559490761,,,,,,,K004+KI05+KA03
random_forest,raw,target_real,0.6168307967770814,0.6061175436846381,0.16613368379650623,0.527538088199104,0.1821185978360683,0.21486123545210384,0.020833333333333332,0.0,0.21486123545210384,0.020833333333333332,0.36168307967770813,K004+KI05+KA03
random_forest,temperature,target_real,0.6168307967770814,0.6061175436846381,0.1955966255563173,0.5542081066583221,0.1906397278646806,0.22291853178155774,0.028112449799196786,0.0,0.22291853178155774,0.028112449799196786,0.35989256938227393,K004+KI05+KA03
random_forest,isotonic,target_real,0.5998209489704566,0.5953847056063805,0.09415828474930561,0.5275412364311556,0.20305353560011694,0.0,,0.0,0.0,,0.3249776186213071,K004+KI05+KA03
svm,raw,source_holdout,0.42436974789915966,0.38573848238482383,0.28616550284995546,0.8148717358635925,0.45654050458910167,,,,,,,K004+KI05+KA03
svm,raw,target_real,0.6042972247090421,0.588340562282812,0.18057473333329319,0.5217030484588417,0.16535524289002854,0.2891674127126231,0.01238390092879257,0.24440465532676814,0.2891674127126231,0.01238390092879257,0.37869292748433303,K004+KI05+KA03
svm,temperature,target_real,0.6042972247090421,0.588340562282812,0.21014947106180512,0.5910687537568665,0.16675111938988088,0.2802148612354521,0.012779552715654952,0.24619516562220234,0.2802148612354521,0.012779552715654952,0.36436884512085943,K004+KI05+KA03
svm,isotonic,target_real,0.5801253357206804,0.5815599996917618,0.12513082680311627,0.4950693541379119,0.18567147719009106,0.019695613249776187,0.0,0.019695613249776187,0.019695613249776187,0.0,0.3455684870188004,K004+KI05+KA03
xgboost,raw,source_holdout,0.3697478991596639,0.33981872700013627,0.4637348857246527,1.0038043925368,0.6211759154435063,,,,,,,K004+KI05+KA03
xgboost,raw,target_real,0.6060877350044763,0.5933492170814686,0.27734071179063813,0.6331837629472912,0.17656572308904447,0.0,,0.06714413607878246,0.0,,0.297224709042077,K004+KI05+KA03
xgboost,temperature,target_real,0.6060877350044763,0.5933492170814686,0.20844766618401733,0.5954411188145996,0.17580699902355076,0.0,,0.10205908683974933,0.0,,0.3258728737690242,K004+KI05+KA03
xgboost,isotonic,target_real,0.5998209489704566,0.5931664910295334,0.11911173381999475,0.5148434014637681,0.1909407363974449,0.1468218442256043,0.024390243902439025,0.0,0.1468218442256043,0.024390243902439025,0.1468218442256043,K004+KI05+KA03
random_forest,raw,source_holdout,0.4411764705882353,0.3671557480281031,0.33518418478115053,0.7722097007186551,0.3127198007075146,,,,,,,K004+KI05+KA05
random_forest,raw,target_real,0.6159355416293644,0.6028260676575642,0.17623137482352813,0.5401471909449957,0.17540776401058744,0.21128021486123547,0.029661016949152543,0.1638316920322292,0.3303491495076097,0.051490514905149054,0.3276633840644584,K004+KI05+KA05
random_forest,temperature,target_real,0.6159355416293644,0.6028260676575642,0.10102300619651428,0.49748048208636325,0.17384137326201035,0.25604297224709044,0.04195804195804196,0.1629364368845121,0.3375111906893465,0.050397877984084884,0.3115487914055506,K004+KI05+KA05
random_forest,isotonic,target_real,0.6096687555953447,0.5994835294814768,0.10295101379359713,0.5269715918710625,0.1740742627922356,0.18800358102059087,0.04285714285714286,0.0,0.22829006266786034,0.054901960784313725,0.19068934646374217,K004+KI05+KA05
svm,raw,source_holdout,0.46218487394957986,0.39034408961945194,0.3167125906563681,0.7534861350132648,0.2708344882846971,,,,,,,K004+KI05+KA05
svm,raw,target_real,0.6096687555953447,0.5922112342242305,0.19257544254457656,0.5403025171079041,0.1672333689582042,0.32408236347359,0.022099447513812154,0.2802148612354521,0.3357206803939123,0.02666666666666667,0.36436884512085943,K004+KI05+KA05
svm,temperature,target_real,0.6096687555953447,0.5922112342242305,0.1131320243769951,0.4933065140779868,0.16813397594765075,0.3312444046553268,0.024324324324324326,0.2730528200537153,0.3366159355416294,0.023936170212765957,0.36526410026857653,K004+KI05+KA05
svm,isotonic,target_real,0.6186213070725156,0.6023570022648347,0.09143522419884376,0.5273937508619541,0.1881237152306736,0.341987466427932,0.041884816753926704,0.0,0.36705461056401073,0.05853658536585366,0.3428827215756491,K004+KI05+KA05
xgboost,raw,source_holdout,0.47478991596638653,0.4012379775024768,0.41740753946184106,0.8990539874554689,0.3195020797631458,,,,,,,K004+KI05+KA05
xgboost,raw,target_real,0.6141450313339302,0.6009221524187418,0.27696087105314754,0.6402730659461132,0.17869284319410095,0.09937332139659803,0.009009009009009009,0.10743061772605192,0.1504028648164727,0.023809523809523808,0.3231871083258729,K004+KI05+KA05
xgboost,temperature,target_real,0.6141450313339302,0.6009221524187418,0.13598388202952855,0.5173717111435515,0.1765892153904761,0.07341092211280215,0.012195121951219513,0.09758281110116383,0.1396598030438675,0.019230769230769232,0.3285586392121755,K004+KI05+KA05
xgboost,isotonic,target_real,0.6060877350044763,0.5912412267757263,0.08129666139092652,0.5350110306752639,0.19768816888470353,0.04028648164726947,0.044444444444444446,0.0,0.25156669650850494,0.060498220640569395,0.04207699194270367,K004+KI05+KA05
random_forest,raw,source_holdout,0.4560669456066946,0.3810540866383969,0.3413387812175903,0.7553030065722619,0.2607642701716315,,,,,,,K004+KI05+KA06
random_forest,raw,target_real,0.6177260519247986,0.6045672352198036,0.17775642971685146,0.5401049826892269,0.18143816141183547,0.21486123545210384,0.03333333333333333,0.0,0.3401969561324978,0.05526315789473684,0.3258728737690242,K004+KI05+KA06
random_forest,temperature,target_real,0.6177260519247986,0.6045672352198036,0.11938025055770914,0.5060145315715459,0.17930464093900048,0.20411817367949867,0.03508771929824561,0.0,0.3446732318710833,0.05714285714285714,0.3231871083258729,K004+KI05+KA06
random_forest,isotonic,target_real,0.6016114592658908,0.5919954858152491,0.11659380683809295,0.5454464556035811,0.21183602112928598,0.0,,0.0,0.24261414503133394,0.06642066420664207,0.0,K004+KI05+KA06
svm,raw,source_holdout,0.4602510460251046,0.38334411265176493,0.3361925948895333,0.7514480952298043,0.24718967098690908,,,,,,,K004+KI05+KA06
svm,raw,target_real,0.6069829901521934,0.5900097836410078,0.19486411535796702,0.5404716714788323,0.16745052596050042,0.3294538943598926,0.021739130434782608,0.2900626678603402,0.35183527305282003,0.03816793893129771,0.35899731423455683,K004+KI05+KA06
svm,temperature,target_real,0.6069829901521934,0.5900097836410078,0.11054521971584515,0.49128852910695076,0.16835138309283548,0.3339301700984781,0.024128686327077747,0.2757385854968666,0.35810205908683973,0.0425,0.36168307967770813,K004+KI05+KA06
svm,isotonic,target_real,0.6177260519247986,0.6026011385944193,0.10810895380404528,0.5522293953171291,0.18490324714836204,0.3384064458370636,0.037037037037037035,0.0,0.37063563115487913,0.06521739130434782,0.3410922112802149,K004+KI05+KA06
xgboost,raw,source_holdout,0.4686192468619247,0.39371679958866873,0.4281208744607709,0.8922632564198955,0.288199953598835,,,,,,,K004+KI05+KA06
xgboost,raw,target_real,0.6096687555953447,0.5952633421125916,0.2816124218003282,0.6396823706430753,0.178788045847957,0.051029543419874666,0.0,0.08952551477170993,0.12354521038495972,0.014492753623188406,0.3052820053715309,K004+KI05+KA06
xgboost,temperature,target_real,0.6096687555953447,0.5952633421125916,0.1336901304224699,0.5099952065867357,0.17724250773919997,0.02954341987466428,0.0,0.09042076991942703,0.144136078782453,0.018633540372670808,0.3106535362578335,K004+KI05+KA06
xgboost,isotonic,target_real,0.5756490599820949,0.5797763826899568,0.11022259668267223,0.5507313125590786,0.20654646508749275,0.011638316920322292,0.07692307692307693,0.0,0.2829006266786034,0.06645569620253164,0.0,K004+KI05+KA06
random_forest,raw,source_holdout,0.4560669456066946,0.37898345931188643,0.34454613822673025,0.7564551669770537,0.2574344801546009,,,,,,,K004+KI05+KA07
random_forest,raw,target_real,0.6204118173679498,0.6069865705807893,0.17824330573540417,0.539396702495181,0.17529010252504368,0.22918531781557744,0.02734375,0.0,0.3437779767233662,0.0546875,0.3303491495076097,K004+KI05+KA07
random_forest,temperature,target_real,0.6204118173679498,0.6069865705807893,0.12675010692214606,0.5059985547588166,0.17356382738482,0.21307072515666964,0.029411764705882353,0.0,0.25067144136078784,0.03571428571428571,0.3133393017009848,K004+KI05+KA07
random_forest,isotonic,target_real,0.6042972247090421,0.5952434515419808,0.08839392463927272,0.5470945917015957,0.18850619512713054,0.0,,0.0,0.12891674127126232,0.041666666666666664,0.12891674127126232,K004+KI05+KA07
svm,raw,source_holdout,0.4602510460251046,0.3837421837421838,0.33412197065742827,0.7523550850115012,0.24802480603690474,,,,,,,K004+KI05+KA07
svm,raw,target_real,0.6087735004476276,0.5919971483642215,0.19478312731413994,0.5410377737052011,0.16748653085785298,0.3079677708146822,0.01744186046511628,0.2891674127126231,0.35452103849597133,0.04040404040404041,0.35810205908683973,K004+KI05+KA07
svm,temperature,target_real,0.6087735004476276,0.5919971483642215,0.1116089199910359,0.49190698228926377,0.16838346297971674,0.3097582811101164,0.02023121387283237,0.2766338406445837,0.35720680393912263,0.042606516290726815,0.36168307967770813,K004+KI05+KA07
svm,isotonic,target_real,0.622202327663384,0.6071897274184042,0.08540439418900868,0.5496466967332853,0.18803545146545425,0.3401969561324978,0.03684210526315789,0.0,0.36974037600716203,0.07990314769975787,0.3401969561324978,K004+KI05+KA07
xgboost,raw,source_holdout,0.4811715481171548,0.404445899503894,0.42078312670336604,0.8939704473472395,0.27892218895757287,,,,,,,K004+KI05+KA07
xgboost,raw,target_real,0.6150402864816473,0.6020449448645954,0.2754590951553283,0.6369981722913629,0.17902019171506464,0.06893464637421665,0.012987012987012988,0.06714413607878246,0.1647269471799463,0.021739130434782608,0.297224709042077,K004+KI05+KA07
xgboost,temperature,target_real,0.6150402864816473,0.6020449448645954,0.1221009566489874,0.5095338696649617,0.17674267408713237,0.05819158460161146,0.0,0.07430617726051925,0.1638316920322292,0.03278688524590164,0.3133393017009848,K004+KI05+KA07
xgboost,isotonic,target_real,0.576544315129812,0.5803157161001394,0.11881021945610064,0.5510518042149258,0.1826502578816912,0.04118173679498657,0.021739130434782608,0.0,0.2712623097582811,0.066006600660066,0.043867502238137866,K004+KI05+KA07
random_forest,raw,source_holdout,0.4351464435146444,0.36990210718433714,0.3484212644718391,0.784472899324975,0.32504985119399427,,,,,,,K004+KI05+KA08
random_forest,raw,target_real,0.6186213070725156,0.6065361428415789,0.17956781613808143,0.5436396077122189,0.18155921207541864,0.21933751119068934,0.0326530612244898,0.0,0.3348254252461952,0.05080213903743316,0.341987466427932,K004+KI05+KA08
random_forest,temperature,target_real,0.6186213070725156,0.6065361428415789,0.1478911258272841,0.5216679445213936,0.1792500897139628,0.18352730528200537,0.024390243902439025,0.0,0.22202327663384064,0.028225806451612902,0.35273052820053713,K004+KI05+KA08
random_forest,isotonic,target_real,0.6042972247090421,0.5953845922574535,0.09877617310106979,0.5136057694735525,0.18613606437775604,0.0,,0.0,0.13070725156669652,0.02054794520547945,0.13070725156669652,K004+KI05+KA08
svm,raw,source_holdout,0.4602510460251046,0.38565851034191234,0.3136893726508546,0.7635823503274851,0.28795541920051415,,,,,,,K004+KI05+KA08
svm,raw,target_real,0.6132497761862131,0.5964577722240076,0.191449633112677,0.542420701323775,0.1673822107652669,0.3178155774395703,0.01971830985915493,0.2730528200537153,0.3339301700984781,0.02680965147453083,0.36257833482542523,K004+KI05+KA08
svm,temperature,target_real,0.6132497761862131,0.5964577722240076,0.10988136910287068,0.49729242376670846,0.16781322307720473,0.3249776186213071,0.02203856749311295,0.2739480752014324,0.3366159355416294,0.02925531914893617,0.36347358997314233,K004+KI05+KA08
svm,isotonic,target_real,0.6150402864816473,0.5995046257922704,0.08710330710682568,0.5153277322836206,0.1748755932834407,0.3303491495076097,0.02168021680216802,0.0,0.3446732318710833,0.04415584415584416,0.3446732318710833,K004+KI05+KA08
xgboost,raw,source_holdout,0.4602510460251046,0.3936208572190514,0.4409033692282114,0.9327773331532637,0.33478451362104705,,,,,,,K004+KI05+KA08
xgboost,raw,target_real,0.6105640107430618,0.5971514059031993,0.284433584556904,0.6440718931340367,0.17828172601264494,0.07162041181736795,0.0,0.10922112802148612,0.1674127126230976,0.0106951871657754,0.3160250671441361,K004+KI05+KA08
xgboost,temperature,target_real,0.6105640107430618,0.5971514059031993,0.13341639455865803,0.5229681384490379,0.17683326168419355,0.04207699194270367,0.0,0.12354521038495972,0.04207699194270367,0.0,0.341987466427932,K004+KI05+KA08
xgboost,isotonic,target_real,0.5819158460161146,0.5856871287434172,0.10473973306293534,0.5260374007011445,0.21645512805943856,0.005371530886302597,0.16666666666666666,0.0,0.22918531781557744,0.05859375,0.0,K004+KI05+KA08
random_forest,raw,source_holdout,0.2184873949579832,0.1703401840851765,0.5637821828256824,1.2030372394368702,0.7997268265255677,,,,,,,K004+KI05+KA09
random_forest,raw,target_real,0.6159355416293644,0.6100793480057268,0.23513660930682947,0.5989495126393559,0.1973900954424515,0.0,,0.0,0.0,,0.21754700089525514,K004+KI05+KA09
random_forest,temperature,target_real,0.6159355416293644,0.6100793480057268,0.186477370054862,0.5555752261784429,0.1936539783000176,0.0,,0.0,0.0,,0.20769919427036707,K004+KI05+KA09
random_forest,isotonic,target_real,0.38943598925693823,0.28436683105613497,0.03275506685056719,0.6486838156070935,0.6580549734574418,0.0,,0.0,0.0,,0.0,K004+KI05+KA09
svm,raw,source_holdout,0.23529411764705882,0.18923335825365836,0.5702763165678486,1.2271424073839483,0.7730169251742336,,,,,,,K004+KI05+KA09
svm,raw,target_real,0.6132497761862131,0.6043267932764101,0.26639145229352157,0.6162703046098601,0.17657327117708274,0.22829006266786034,0.01568627450980392,0.19785138764547897,0.22829006266786034,0.01568627450980392,0.3088630259623993,K004+KI05+KA09
svm,temperature,target_real,0.6132497761862131,0.6043267932764101,0.2144711072524919,0.5882295063260075,0.17512119894050587,0.0,,0.22649955237242614,0.0,,0.3043867502238138,K004+KI05+KA09
svm,isotonic,target_real,0.4512085944494181,0.31201849951154365,0.19250277468879623,0.6412624213570277,0.7616982565258141,0.0,,0.0,0.0,,0.0,K004+KI05+KA09
xgboost,raw,source_holdout,0.2605042016806723,0.20956244566792237,0.643956925313012,1.3441935952938033,0.7961033836632163,,,,,,,K004+KI05+KA09
xgboost,raw,target_real,0.6159355416293644,0.6104179323046489,0.31610258621302895,0.6794025309871687,0.20128272583189624,0.0,,0.051029543419874666,0.0,,0.11906893464637422,K004+KI05+KA09
xgboost,temperature,target_real,0.6159355416293644,0.6104179323046489,0.20274567934861065,0.5878314340504245,0.19451007066330706,0.0,,0.04028648164726947,0.0,,0.1647269471799463,K004+KI05+KA09
xgboost,isotonic,target_real,0.36974037600716203,0.24997811049820506,0.09556088836458984,0.6486653569308438,0.6962533654429937,0.0,,0.0,0.0,,0.0,K004+KI05+KA09
random_forest,raw,source_holdout,0.6708333333333333,0.6334037419192192,0.13617289712923342,0.3987495701254436,0.10201856050718304,,,,,,,K004+KI07+KA01
random_forest,raw,target_real,0.6168307967770814,0.598709980830634,0.14296871217583085,0.5029834049722138,0.1715620169958806,0.3348254252461952,0.034759358288770054,0.1477170993733214,0.38943598925693823,0.0735632183908046,0.36078782452999103,K004+KI07+KA01
random_forest,temperature,target_real,0.6168307967770814,0.598709980830634,0.0579162395202114,0.4570714025239721,0.16990811728368752,0.34825425246195163,0.04113110539845758,0.1521933751119069,0.39838854073410923,0.08089887640449438,0.36526410026857653,K004+KI07+KA01
random_forest,isotonic,target_real,0.585496866606983,0.5874770163907792,0.2502248076237233,0.6033172713464868,0.20264309165573863,0.39122649955237243,0.13958810068649885,0.0,0.5219337511190689,0.19725557461406518,0.22023276633840644,K004+KI07+KA01
svm,raw,source_holdout,0.4166666666666667,0.3576106226708637,0.2872769982052985,0.6272704068673124,0.3391343262230194,,,,,,,K004+KI07+KA01
svm,raw,target_real,0.603401969561325,0.5819390356039323,0.12924412833163873,0.5393839536678906,0.224255371019621,0.1566696508504924,0.045714285714285714,0.01521933751119069,0.1566696508504924,0.045714285714285714,0.19337511190689347,K004+KI07+KA01
svm,temperature,target_real,0.603401969561325,0.5819390356039323,0.05393243574765402,0.5029887553274006,0.22318151981752443,0.1638316920322292,0.04918032786885246,0.01521933751119069,0.1638316920322292,0.04918032786885246,0.18621307072515667,K004+KI07+KA01
svm,isotonic,target_real,0.6016114592658908,0.5976180370464569,0.2161293410656505,0.6166213062479793,0.25947882858566407,0.20590868397493287,0.09130434782608696,0.0,0.20590868397493287,0.09130434782608696,0.0,K004+KI07+KA01
xgboost,raw,source_holdout,0.7,0.665875652586616,0.1782844724754492,0.4507448142545019,0.09839904939577543,,,,,,,K004+KI07+KA01
xgboost,raw,target_real,0.6087735004476276,0.5892784049646794,0.2526476503539107,0.6013566445025819,0.1717674926811697,0.38316920322291853,0.07476635514018691,0.19247985675917637,0.4476275738585497,0.13,0.341987466427932,K004+KI07+KA01
xgboost,temperature,target_real,0.6087735004476276,0.5892784049646794,0.11283273287985661,0.4840787574215173,0.1700510766145763,0.39212175470008953,0.0776255707762557,0.20143240823634737,0.4512085944494181,0.1349206349206349,0.35452103849597133,K004+KI07+KA01
xgboost,isotonic,target_real,0.5926589077887198,0.59244003876282,0.25209114459649407,0.6018212509566554,0.18176888663184088,0.39301700984780663,0.08656036446469248,0.0,0.5577439570277529,0.20545746388443017,0.3178155774395703,K004+KI07+KA01
random_forest,raw,source_holdout,0.6443514644351465,0.6190206355952212,0.08793524838852645,0.44463780983780227,0.17156857361648237,,,,,,,K004+KI07+KA03
random_forest,raw,target_real,0.6239928379588182,0.6090198980289526,0.11897664284711379,0.4871728832901773,0.16789487702179895,0.2820053715308863,0.02857142857142857,0.12981199641897942,0.2837958818263205,0.028391167192429023,0.38048343777976723,K004+KI07+KA03
random_forest,temperature,target_real,0.6239928379588182,0.6090198980289526,0.06342318885878526,0.45914191207375904,0.16722925008320416,0.2739480752014324,0.029411764705882353,0.12981199641897942,0.2873769024171889,0.028037383177570093,0.38137869292748433,K004+KI07+KA03
random_forest,isotonic,target_real,0.5953446732318711,0.5947047828180113,0.17923951447122646,0.5436793673917003,0.18810211503218985,0.23813786929274844,0.03383458646616541,0.0,0.36526410026857653,0.09068627450980392,0.25872873769024174,K004+KI07+KA03
svm,raw,source_holdout,0.6736401673640168,0.6417081761344057,0.09738909528913603,0.4362022451688925,0.14858178588504575,,,,,,,K004+KI07+KA03
svm,raw,target_real,0.6150402864816473,0.5909158683443418,0.13951176925754305,0.49535350661504596,0.16876232939195518,0.3142345568487019,0.022792022792022793,0.2784243509400179,0.36347358997314233,0.04433497536945813,0.36884512085944493,K004+KI07+KA03
svm,temperature,target_real,0.6150402864816473,0.5909158683443418,0.09766800138446981,0.4683547880911884,0.1687417007734204,0.3205013428827216,0.0223463687150838,0.2820053715308863,0.36615935541629363,0.044009779951100246,0.37153088630259623,K004+KI07+KA03
svm,isotonic,target_real,0.6042972247090421,0.6016726403823177,0.18948886853352623,0.5430822460512534,0.1864825581406032,0.3142345568487019,0.017094017094017096,0.0,0.450313339301701,0.11133200795228629,0.37332139659803043,K004+KI07+KA03
xgboost,raw,source_holdout,0.6485355648535565,0.6301444439102122,0.1846660051385728,0.5143988115201618,0.18011704964222217,,,,,,,K004+KI07+KA03
xgboost,raw,target_real,0.6042972247090421,0.5852243830188316,0.2501156918150886,0.6030906817632005,0.1718893449998979,0.1369740376007162,0.006535947712418301,0.21217547000895254,0.4350940017905103,0.11728395061728394,0.3446732318710833,K004+KI07+KA03
xgboost,temperature,target_real,0.6042972247090421,0.5852243830188316,0.11848345872517285,0.48711768051959436,0.17056443717267994,0.12891674127126232,0.006944444444444444,0.21486123545210384,0.4341987466427932,0.10927835051546392,0.35094001790510293,K004+KI07+KA03
xgboost,isotonic,target_real,0.5828111011638317,0.5823494319193646,0.1806226673205929,0.5462131814471721,0.1869030317394445,0.12085944494180842,0.007407407407407408,0.12264995523724262,0.41002685765443153,0.09170305676855896,0.22739480752014324,K004+KI07+KA03
random_forest,raw,source_holdout,0.7154811715481172,0.678544802252385,0.0900400261100636,0.3741636801962615,0.09164319229905533,,,,,,,K004+KI07+KA05
random_forest,raw,target_real,0.6168307967770814,0.5994148088561921,0.1368729291878411,0.5013505167455395,0.17000106794917685,0.2954341987466428,0.021212121212121213,0.18352730528200537,0.37421665174574753,0.07416267942583732,0.34735899731423453,K004+KI07+KA05
random_forest,temperature,target_real,0.6168307967770814,0.5994148088561921,0.06941247921930843,0.4642992117207815,0.16902005768752495,0.2900626678603402,0.021604938271604937,0.18263205013428827,0.38675022381378693,0.07175925925925926,0.35094001790510293,K004+KI07+KA05
random_forest,isotonic,target_real,0.5980304386750224,0.5976137573889094,0.252022536810972,0.6133796936043334,0.19978671820161167,0.4243509400179051,0.1518987341772152,0.0,0.6186213070725156,0.2590448625180897,0.0,K004+KI07+KA05
svm,raw,source_holdout,0.7112970711297071,0.6631199733774659,0.11883661741143813,0.40020474025073055,0.11087004842933484,,,,,,,K004+KI07+KA05
svm,raw,target_real,0.6078782452999105,0.5840153569337138,0.16426396153089926,0.5178754589849558,0.17364277133509712,0.23634735899731424,0.011363636363636364,0.22560429722470904,0.36436884512085943,0.06142506142506143,0.34646374216651743,K004+KI07+KA05
svm,temperature,target_real,0.6078782452999105,0.5840153569337138,0.08920732676190253,0.47189466313922873,0.17396613313651424,0.24619516562220234,0.014545454545454545,0.23008057296329454,0.36974037600716203,0.06779661016949153,0.34646374216651743,K004+KI07+KA05
svm,isotonic,target_real,0.594449418084154,0.590937738340171,0.23850816877404876,0.6055569082582771,0.19357498545146687,0.35452103849597133,0.08585858585858586,0.0,0.675022381378693,0.2917771883289125,0.3043867502238138,K004+KI07+KA05
xgboost,raw,source_holdout,0.694560669456067,0.648604493727685,0.19586411941500387,0.43224511512699665,0.08778102023772402,,,,,,,K004+KI07+KA05
xgboost,raw,target_real,0.6078782452999105,0.5869482331089041,0.24891892921316278,0.5974886226975336,0.17124067146280642,0.40286481647269473,0.09333333333333334,0.20411817367949867,0.4574753804834378,0.14481409001956946,0.3321396598030439,K004+KI07+KA05
xgboost,temperature,target_real,0.6078782452999105,0.5869482331089041,0.11846151278124661,0.4891666003364863,0.1691221970780448,0.41002685765443153,0.10043668122270742,0.21754700089525514,0.4637421665174575,0.14285714285714285,0.3357206803939123,K004+KI07+KA05
xgboost,isotonic,target_real,0.5926589077887198,0.5912543062653064,0.26296800965509015,0.624161333071364,0.1840423072321392,0.4288272157564906,0.11899791231732777,0.0,0.6920322291853178,0.296248382923674,0.2721575649059982,K004+KI07+KA05
random_forest,raw,source_holdout,0.7125,0.6737213403880071,0.11190085313511293,0.3668617831775182,0.08106922824617652,,,,,,,K004+KI07+KA06
random_forest,raw,target_real,0.6186213070725156,0.6029369369014094,0.13969908912191212,0.502986684189359,0.17503276546188426,0.3384064458370636,0.04497354497354497,0.13249776186213072,0.39033124440465533,0.0779816513761468,0.34735899731423453,K004+KI07+KA06
random_forest,temperature,target_real,0.6186213070725156,0.6029369369014094,0.04680461933711173,0.454944628152232,0.16870018954070523,0.3446732318710833,0.04415584415584416,0.13249776186213072,0.39928379588182633,0.08071748878923767,0.35183527305282003,K004+KI07+KA06
random_forest,isotonic,target_real,0.5908683974932856,0.5919130598154106,0.26766734998606745,0.6343596597441064,0.20579628414331472,0.39570277529095793,0.1244343891402715,0.0,0.612354521038496,0.260233918128655,0.25514771709937334,K004+KI07+KA06
svm,raw,source_holdout,0.7125,0.6634112713276269,0.134535538381787,0.3870233385701447,0.08961703222726028,,,,,,,K004+KI07+KA06
svm,raw,target_real,0.6087735004476276,0.5848412840771736,0.16119262141100857,0.5155809016174128,0.17448010769060435,0.23455684870188004,0.015267175572519083,0.21486123545210384,0.37063563115487913,0.07004830917874397,0.3455684870188004,K004+KI07+KA06
svm,temperature,target_real,0.6087735004476276,0.5848412840771736,0.08889591564118406,0.46814393913872676,0.17448428358901913,0.24529991047448524,0.014598540145985401,0.21754700089525514,0.37421665174574753,0.07416267942583732,0.3437779767233662,K004+KI07+KA06
svm,isotonic,target_real,0.5953446732318711,0.5936350618687162,0.2768993909404298,0.651027523321829,0.21454033125770952,0.4852282900626679,0.21217712177121772,0.0,0.8388540734109221,0.35859124866595515,0.0,K004+KI07+KA06
xgboost,raw,source_holdout,0.7166666666666667,0.6763242177876325,0.1899074765543143,0.4232431304802042,0.08163962540289128,,,,,,,K004+KI07+KA06
xgboost,raw,target_real,0.612354521038496,0.5920800468889752,0.25109256461142637,0.6010407055148083,0.172083058160779,0.37958818263205013,0.07075471698113207,0.21217547000895254,0.4431512981199642,0.12727272727272726,0.34735899731423453,K004+KI07+KA06
xgboost,temperature,target_real,0.612354521038496,0.5920800468889752,0.11375518410888,0.48770382923340555,0.16974355349081224,0.39928379588182633,0.08520179372197309,0.20769919427036707,0.468218442256043,0.1491395793499044,0.3428827215756491,K004+KI07+KA06
xgboost,isotonic,target_real,0.5926589077887198,0.5920029414384248,0.2899302290892284,0.6519584267455993,0.1864293393076232,0.41987466427931963,0.11300639658848614,0.0,0.8227394807520143,0.35799782372143635,0.2748433303491495,K004+KI07+KA06
random_forest,raw,source_holdout,0.7125,0.6727005304241076,0.1176866306085676,0.36347807589396086,0.07867655480794515,,,,,,,K004+KI07+KA07
random_forest,raw,target_real,0.622202327663384,0.6059122574662582,0.13679290464093433,0.5014772080959542,0.17555151302119418,0.3258728737690242,0.03571428571428571,0.0,0.39212175470008953,0.07990867579908675,0.34914950760966873,K004+KI07+KA07
random_forest,temperature,target_real,0.622202327663384,0.6059122574662582,0.03932710408195239,0.45415140229331574,0.1690438149924231,0.3276633840644584,0.03278688524590164,0.10743061772605192,0.38675022381378693,0.06944444444444445,0.36257833482542523,K004+KI07+KA07
random_forest,isotonic,target_real,0.5872873769024172,0.587889040718527,0.262716690065093,0.6313445807444343,0.20759495340693432,0.23813786929274844,0.03383458646616541,0.0,0.6230975828111012,0.27155172413793105,0.2811101163831692,K004+KI07+KA07
svm,raw,source_holdout,0.7125,0.6634112713276269,0.1357778755611318,0.38718778966352363,0.09019402285670765,,,,,,,K004+KI07+KA07
svm,raw,target_real,0.6078782452999105,0.5845305850023895,0.1629842947400224,0.5162491145608366,0.17454993065589497,0.23276633840644584,0.015384615384615385,0.21396598030438674,0.36257833482542523,0.06666666666666667,0.3455684870188004,K004+KI07+KA07
svm,temperature,target_real,0.6078782452999105,0.5845305850023895,0.0849980604433493,0.46630256328635944,0.17449956269982583,0.23903312444046554,0.0149812734082397,0.22112802148612354,0.37063563115487913,0.07004830917874397,0.3437779767233662,K004+KI07+KA07
svm,isotonic,target_real,0.5953446732318711,0.5936708917342159,0.2674918867413276,0.6419421582086747,0.20397801543523555,0.4664279319606088,0.20153550863723607,0.0,0.7985675917636527,0.3486547085201794,0.3160250671441361,K004+KI07+KA07
xgboost,raw,source_holdout,0.7125,0.6756224823857674,0.186701491723458,0.4152646941494828,0.0779293351153831,,,,,,,K004+KI07+KA07
xgboost,raw,target_real,0.6096687555953447,0.5889296982210879,0.2527253942342347,0.5990567718084877,0.1707936722534938,0.36436884512085943,0.06388206388206388,0.22560429722470904,0.4655326768128917,0.14807692307692308,0.34735899731423453,K004+KI07+KA07
xgboost,temperature,target_real,0.6096687555953447,0.5889296982210879,0.11247657358583897,0.48347740919888,0.1687268176745554,0.37958818263205013,0.06839622641509434,0.22918531781557744,0.4753804834377798,0.15254237288135594,0.35094001790510293,K004+KI07+KA07
xgboost,isotonic,target_real,0.5926589077887198,0.591661000894279,0.2794624604654033,0.6463432837750585,0.18484013994811774,0.41987466427931963,0.11087420042643924,0.0,0.8039391226499553,0.34743875278396436,0.35541629364368843,K004+KI07+KA07
random_forest,raw,source_holdout,0.6958333333333333,0.6611119924097928,0.10512456450336181,0.385875070255765,0.09810958368286173,,,,,,,K004+KI07+KA08
random_forest,raw,target_real,0.6230975828111012,0.6060773811123669,0.1337951593495727,0.5001339900530999,0.16899746157341206,0.26678603401969564,0.02348993288590604,0.18442256042972247,0.38316920322291853,0.0630841121495327,0.35899731423455683,K004+KI07+KA08
random_forest,temperature,target_real,0.6230975828111012,0.6060773811123669,0.05288098075953811,0.45705158187789524,0.1679788964722734,0.23366159355416294,0.022988505747126436,0.19606087735004477,0.38406445837063563,0.06060606060606061,0.36974037600716203,K004+KI07+KA08
random_forest,isotonic,target_real,0.5908683974932856,0.5911382431132489,0.23299252933392361,0.5819639801462161,0.1977825074515398,0.2820053715308863,0.0380952380952381,0.0008952551477170994,0.5559534467323187,0.22544283413848631,0.3321396598030439,K004+KI07+KA08
svm,raw,source_holdout,0.7083333333333334,0.6602061431224986,0.11987342314508248,0.40560403586602317,0.11462071000877941,,,,,,,K004+KI07+KA08
svm,raw,target_real,0.6114592658907789,0.5878380222569379,0.1630140662458581,0.5159035667000885,0.17448616520101123,0.21217547000895254,0.012658227848101266,0.20680393912264997,0.3321396598030439,0.05121293800539083,0.3294538943598926,K004+KI07+KA08
svm,temperature,target_real,0.6114592658907789,0.5878380222569379,0.08336127169560381,0.4707685640201422,0.17451926142015095,0.21486123545210384,0.0125,0.21307072515666964,0.3393017009847807,0.052770448548812667,0.3321396598030439,K004+KI07+KA08
svm,isotonic,target_real,0.5971351835273053,0.5938281078027624,0.2222826587970625,0.5842346541855001,0.19066866218375567,0.40017905102954343,0.11185682326621924,0.0,0.639212175470009,0.2689075630252101,0.2721575649059982,K004+KI07+KA08
xgboost,raw,source_holdout,0.7,0.6616559983481313,0.19147468817730742,0.45228714048659996,0.09679404607224301,,,,,,,K004+KI07+KA08
xgboost,raw,target_real,0.6087735004476276,0.5898237308711836,0.2552587707712913,0.6094542388077517,0.17375535550192298,0.39838854073410923,0.07640449438202247,0.21128021486123547,0.4646374216651746,0.15028901734104047,0.3437779767233662,K004+KI07+KA08
xgboost,temperature,target_real,0.6087735004476276,0.5898237308711836,0.11983436146916715,0.4901372432059884,0.17224733044824395,0.41181736794986573,0.0891304347826087,0.20680393912264997,0.468218442256043,0.1491395793499044,0.3357206803939123,K004+KI07+KA08
xgboost,isotonic,target_real,0.5926589077887198,0.5928418619464703,0.24610860267195303,0.5920738834285167,0.17929526514900865,0.3258728737690242,0.04120879120879121,0.0,0.6025067144136079,0.2362555720653789,0.35094001790510293,K004+KI07+KA08
random_forest,raw,source_holdout,0.502092050209205,0.4469408333774305,0.27080612574638574,0.73677052168594,0.2944388454916966,,,,,,,K004+KI07+KA09
random_forest,raw,target_real,0.6159355416293644,0.6056195648721215,0.1822411671889783,0.5415633243665949,0.17904885644329152,0.24888093106535364,0.039568345323741004,0.0,0.2873769024171889,0.04361370716510903,0.3222918531781558,K004+KI07+KA09
random_forest,temperature,target_real,0.6159355416293644,0.6056195648721215,0.15192661408141192,0.5250060506863435,0.1766794002315685,0.21665174574753804,0.024793388429752067,0.0,0.24529991047448524,0.021897810218978103,0.3142345568487019,K004+KI07+KA09
random_forest,isotonic,target_real,0.5828111011638317,0.5845689734003535,0.08692751696875806,0.503995164675681,0.18116924997037892,0.24619516562220234,0.05454545454545454,0.13160250671441362,0.2990152193375112,0.05688622754491018,0.2730528200537153,K004+KI07+KA09
svm,raw,source_holdout,0.4602510460251046,0.3884195685887495,0.3134320313941203,0.7843108228646172,0.3164532029613285,,,,,,,K004+KI07+KA09
svm,raw,target_real,0.6087735004476276,0.5914591604528711,0.20735484374998403,0.5530645298912072,0.17200721444219585,0.270367054610564,0.019867549668874173,0.1396598030438675,0.270367054610564,0.019867549668874173,0.35183527305282003,K004+KI07+KA09
svm,temperature,target_real,0.6087735004476276,0.5914591604528711,0.20193376375644304,0.5777265753895111,0.170632574465455,0.306177260519248,0.02631578947368421,0.1468218442256043,0.3178155774395703,0.028169014084507043,0.35452103849597133,K004+KI07+KA09
svm,isotonic,target_real,0.6025067144136079,0.5990955717755105,0.10747161296786126,0.508086056151972,0.19316252205226095,0.2802148612354521,0.06389776357827476,0.0,0.2802148612354521,0.06389776357827476,0.25604297224709044,K004+KI07+KA09
xgboost,raw,source_holdout,0.502092050209205,0.44463399042606966,0.36755285876565397,0.8356099450712703,0.30385381406318346,,,,,,,K004+KI07+KA09
xgboost,raw,target_real,0.6177260519247986,0.6067910912400385,0.27963975963041837,0.6376377925438245,0.17633787939003975,0.19695613249776187,0.02727272727272727,0.13428827215756492,0.2820053715308863,0.03492063492063492,0.3258728737690242,K004+KI07+KA09
xgboost,temperature,target_real,0.6177260519247986,0.6067910912400385,0.1446936991743633,0.5347074459272005,0.17236033735524706,0.25425246195165624,0.028169014084507043,0.1566696508504924,0.3312444046553268,0.04594594594594595,0.3321396598030439,K004+KI07+KA09
xgboost,isotonic,target_real,0.594449418084154,0.5946621172936392,0.07614156691133975,0.4964781068861769,0.17158923953053873,0.22649955237242614,0.015810276679841896,0.18173679498657117,0.279319606087735,0.038461538461538464,0.279319606087735,K004+KI07+KA09
random_forest,raw,source_holdout,0.6974789915966386,0.6653930682459949,0.1393477498971538,0.3710346037226634,0.08968743660242588,,,,,,,K004+KI08+KA01
random_forest,raw,target_real,0.6105640107430618,0.5934482400464981,0.15050288522027075,0.5071730985523779,0.1783966385947922,0.35810205908683973,0.0525,0.10474485228290063,0.39928379588182633,0.07847533632286996,0.34914950760966873,K004+KI08+KA01
random_forest,temperature,target_real,0.6105640107430618,0.5934482400464981,0.05610805251305683,0.4557362896025726,0.17759825576612093,0.36347358997314233,0.05172413793103448,0.10474485228290063,0.40465532676812893,0.0752212389380531,0.35810205908683973,K004+KI08+KA01
random_forest,isotonic,target_real,0.5810205908683975,0.5845909788840399,0.2926872309210618,0.6429313501749618,0.2741823845514546,0.4556848701880036,0.14931237721021612,0.0,0.963294538943599,0.40892193308550184,0.0,K004+KI08+KA01
svm,raw,source_holdout,0.4327731092436975,0.37450585515029466,0.3177988999003648,0.634750897355985,0.32644927000829577,,,,,,,K004+KI08+KA01
svm,raw,target_real,0.5998209489704566,0.5785929557962847,0.13282644142097197,0.5432412609754785,0.22637742687816295,0.1647269471799463,0.043478260869565216,0.012533572068039392,0.2811101163831692,0.09235668789808917,0.21933751119068934,K004+KI08+KA01
svm,temperature,target_real,0.5998209489704566,0.5785929557962847,0.051046018950607765,0.5038526909754741,0.22470138359535222,0.17636526410026857,0.04060913705583756,0.01432408236347359,0.2846911369740376,0.09119496855345911,0.19158460161145927,K004+KI08+KA01
svm,isotonic,target_real,0.5980304386750224,0.5970106026709149,0.24138182648294107,0.6305371722072312,0.2644187056277691,0.41808415398388543,0.26124197002141325,0.0,0.4512085944494181,0.2996031746031746,0.0,K004+KI08+KA01
xgboost,raw,source_holdout,0.7142857142857143,0.677225202304597,0.17983006041090033,0.4138035578312827,0.08199239758754905,,,,,,,K004+KI08+KA01
xgboost,raw,target_real,0.6051924798567592,0.5859720871604687,0.2581431516975618,0.6041079226214551,0.17280932418983755,0.36078782452999103,0.06451612903225806,0.22112802148612354,0.4547896150402865,0.14173228346456693,0.3410922112802149,K004+KI08+KA01
xgboost,temperature,target_real,0.6051924798567592,0.5859720871604687,0.1177594321967559,0.49034711807269626,0.1712817097946139,0.37779767233661593,0.07109004739336493,0.21575649059982094,0.468218442256043,0.14722753346080306,0.3401969561324978,K004+KI08+KA01
xgboost,isotonic,target_real,0.5890778871978514,0.5904986741117303,0.2883490261810325,0.6435714924539356,0.20982608517060866,0.4852282900626679,0.16974169741697417,0.0,0.9579230080572964,0.3990654205607477,0.0,K004+KI08+KA01
random_forest,raw,source_holdout,0.6582278481012658,0.6351982553635963,0.10528617033948391,0.4245947029973717,0.1597894255712721,,,,,,,K004+KI08+KA03
random_forest,raw,target_real,0.6105640107430618,0.596226635666749,0.12877739893835638,0.4903266023646541,0.16998418989051714,0.24440465532676814,0.03296703296703297,0.19606087735004477,0.3097582811101164,0.03757225433526012,0.36078782452999103,K004+KI08+KA03
random_forest,temperature,target_real,0.6105640107430618,0.596226635666749,0.07905658867268624,0.46496677425433347,0.16970732619271392,0.24977618621307074,0.03225806451612903,0.18979409131602507,0.3106535362578335,0.037463976945244955,0.36078782452999103,K004+KI08+KA03
random_forest,isotonic,target_real,0.5899731423455685,0.5889996337029424,0.2023673767382875,0.5724568221657641,0.19437025470854705,0.26141450313339304,0.09246575342465753,0.0,0.37600716204118173,0.1,0.20769919427036707,K004+KI08+KA03
svm,raw,source_holdout,0.7046413502109705,0.6734430661436797,0.0888808252962104,0.41442765309078217,0.1324556093798566,,,,,,,K004+KI08+KA03
svm,raw,target_real,0.6159355416293644,0.5924175822438874,0.1389596432461443,0.4949976449335782,0.1684553532250399,0.3312444046553268,0.02702702702702703,0.2820053715308863,0.38227394807520143,0.0702576112412178,0.36615935541629363,K004+KI08+KA03
svm,temperature,target_real,0.6159355416293644,0.5924175822438874,0.1049703661419326,0.4715119782225631,0.16815477419009123,0.3348254252461952,0.026737967914438502,0.2820053715308863,0.38406445837063563,0.06993006993006994,0.36884512085944493,K004+KI08+KA03
svm,isotonic,target_real,0.5926589077887198,0.5911960529965572,0.21469266669417983,0.5670892735181796,0.20633722406891433,0.37242614145031333,0.07211538461538461,0.0,0.5792300805729633,0.23493044822256567,0.3258728737690242,K004+KI08+KA03
xgboost,raw,source_holdout,0.6624472573839663,0.6409917445901673,0.17355180880691431,0.49727246007397335,0.1683717378478925,,,,,,,K004+KI08+KA03
xgboost,raw,target_real,0.6042972247090421,0.5835628072324206,0.2518783736517094,0.5990859340401675,0.1737578643202267,0.23455684870188004,0.019083969465648856,0.09937332139659803,0.3070725156669651,0.03498542274052478,0.3303491495076097,K004+KI08+KA03
xgboost,temperature,target_real,0.6042972247090421,0.5835628072324206,0.12162136512808658,0.48706584246760415,0.17294552119382708,0.24082363473589974,0.022304832713754646,0.07072515666965085,0.288272157564906,0.034161490683229816,0.3401969561324978,K004+KI08+KA03
xgboost,isotonic,target_real,0.5872873769024172,0.5856583228727051,0.2017922930706545,0.5607686890780125,0.1870644825726777,0.23724261414503134,0.07547169811320754,0.17815577439570277,0.35541629364368843,0.0906801007556675,0.21933751119068934,K004+KI08+KA03
random_forest,raw,source_holdout,0.7383966244725738,0.7023324929394681,0.10522857738426937,0.3543492623207305,0.08319890640917883,,,,,,,K004+KI08+KA05
random_forest,raw,target_real,0.6096687555953447,0.5913523664402696,0.14517114913449422,0.5049281984006461,0.1749005604290133,0.3303491495076097,0.04607046070460705,0.1405550581915846,0.37958818263205013,0.07075471698113207,0.3348254252461952,K004+KI08+KA05
random_forest,temperature,target_real,0.6096687555953447,0.5913523664402696,0.06709568380307346,0.4623827139754645,0.17791862103392392,0.3321396598030439,0.04582210242587601,0.1405550581915846,0.38764547896150403,0.07159353348729793,0.3384064458370636,K004+KI08+KA05
random_forest,isotonic,target_real,0.5837063563115488,0.5846405752566101,0.2800671637606508,0.638324194395589,0.277264851027345,0.4583706356311549,0.166015625,0.0,0.8307967770814683,0.35344827586206895,0.0,K004+KI08+KA05
svm,raw,source_holdout,0.7426160337552743,0.6971117320791312,0.09804544937547473,0.3812077318847589,0.09779562752188384,,,,,,,K004+KI08+KA05
svm,raw,target_real,0.6132497761862131,0.5890498939585612,0.16450981249010826,0.5202912047632791,0.17141161357867957,0.2802148612354521,0.009584664536741214,0.2820053715308863,0.37869292748433303,0.06855791962174941,0.36257833482542523,K004+KI08+KA05
svm,temperature,target_real,0.6132497761862131,0.5890498939585612,0.10171910782686323,0.47392567180808454,0.17133365248678845,0.2855863921217547,0.012539184952978056,0.2721575649059982,0.38585496866606983,0.07424593967517401,0.36347358997314233,K004+KI08+KA05
svm,isotonic,target_real,0.5980304386750224,0.5953921722744628,0.26091935108232567,0.6344023983441269,0.21494429191898648,0.6141450313339302,0.2521865889212828,0.0,0.8263205013428827,0.3553629469122427,0.0,K004+KI08+KA05
xgboost,raw,source_holdout,0.7341772151898734,0.7002295526173118,0.17174047759816619,0.4062568923136988,0.07573043289172596,,,,,,,K004+KI08+KA05
xgboost,raw,target_real,0.6087735004476276,0.587277147418107,0.25050637227355527,0.6023421042592282,0.17350227078269995,0.38406445837063563,0.07692307692307693,0.19068934646374217,0.4717994628469114,0.15180265654648956,0.3222918531781558,K004+KI08+KA05
xgboost,temperature,target_real,0.6087735004476276,0.587277147418107,0.11777835775015869,0.49531691986182635,0.1717849653821479,0.38943598925693823,0.07816091954022988,0.20590868397493287,0.4852282900626679,0.15867158671586715,0.3142345568487019,K004+KI08+KA05
xgboost,isotonic,target_real,0.5881826320501343,0.5874432103224209,0.3011525404163863,0.6652331405099919,0.2055892464103142,0.5452103849597135,0.22495894909688013,0.0,0.8415398388540735,0.3648936170212766,0.0,K004+KI08+KA05
random_forest,raw,source_holdout,0.7226890756302521,0.6796435272045028,0.12882484429216184,0.3459294269116285,0.07209541288156827,,,,,,,K004+KI08+KA06
random_forest,raw,target_real,0.6132497761862131,0.5961336258718246,0.14661099076383363,0.5057810523040074,0.17423155832973786,0.3446732318710833,0.04935064935064935,0.10743061772605192,0.39838854073410923,0.08089887640449438,0.34646374216651743,K004+KI08+KA06
random_forest,temperature,target_real,0.6132497761862131,0.5961336258718246,0.05215305961384744,0.45618373880772106,0.17148087592637085,0.35810205908683973,0.0525,0.10743061772605192,0.40555058191584603,0.08388520971302428,0.35273052820053713,K004+KI08+KA06
random_forest,isotonic,target_real,0.5792300805729633,0.582214674339251,0.31898318340751175,0.6852576949585651,0.2865701223454815,0.4395702775290958,0.17718940936863545,0.0,0.9212175470008953,0.38969873663751214,0.0,K004+KI08+KA06
svm,raw,source_holdout,0.7436974789915967,0.6978501162745675,0.11553288703007825,0.3656023440142704,0.07752590503486335,,,,,,,K004+KI08+KA06
svm,raw,target_real,0.6114592658907789,0.5871197071016924,0.16302814084626102,0.5164006025883461,0.17230417524505387,0.26768128916741274,0.013377926421404682,0.23903312444046554,0.39301700984780663,0.0888382687927107,0.35362578334825423,K004+KI08+KA06
svm,temperature,target_real,0.6114592658907789,0.5871197071016924,0.09319428945852183,0.46950538924217766,0.17193849144361453,0.2739480752014324,0.013071895424836602,0.2712623097582811,0.39391226499552373,0.08636363636363636,0.35810205908683973,K004+KI08+KA06
svm,isotonic,target_real,0.5863921217547001,0.5874625097760728,0.31917739950844287,0.7022157723196438,0.2437888586510441,0.7332139659803044,0.32234432234432236,0.0,0.8961504028648165,0.38461538461538464,0.0,K004+KI08+KA06
xgboost,raw,source_holdout,0.7352941176470589,0.6993627335403487,0.17863370027361802,0.4061941454689648,0.06961071547111498,,,,,,,K004+KI08+KA06
xgboost,raw,target_real,0.6069829901521934,0.5853604745114633,0.2517455866428604,0.6041420077983226,0.17497527277302918,0.39122649955237243,0.08695652173913043,0.21128021486123547,0.4476275738585497,0.136,0.3124440465532677,K004+KI08+KA06
xgboost,temperature,target_real,0.6069829901521934,0.5853604745114633,0.11026495072201961,0.4909956164975325,0.17283119577545258,0.40913160250671443,0.10065645514223195,0.21575649059982094,0.4556848701880036,0.14341846758349705,0.3178155774395703,K004+KI08+KA06
xgboost,isotonic,target_real,0.5863921217547001,0.5874047686679891,0.32063330552670316,0.6926599015156424,0.23404430672935003,0.5622202327663384,0.2372611464968153,0.0,0.9346463742166518,0.39846743295019155,0.0,K004+KI08+KA06
random_forest,raw,source_holdout,0.726890756302521,0.6859493791625287,0.11942827047049939,0.3400623907235763,0.06905640831804427,,,,,,,K004+KI08+KA07
random_forest,raw,target_real,0.6141450313339302,0.5966681786342766,0.14354327630257946,0.5040094197053099,0.17231225586954904,0.3393017009847807,0.047493403693931395,0.1414503133393017,0.39749328558639213,0.08333333333333333,0.3410922112802149,K004+KI08+KA07
random_forest,temperature,target_real,0.6141450313339302,0.5966681786342766,0.059888611885292,0.4555050114613596,0.17032650762056153,0.34825425246195163,0.05141388174807198,0.1414503133393017,0.40913160250671443,0.08315098468271334,0.34735899731423453,K004+KI08+KA07
random_forest,isotonic,target_real,0.5810205908683975,0.5835570102652983,0.32470964021409904,0.6927442690773845,0.3022131907532514,0.4709042076991943,0.19961977186311788,0.0,0.9015219337511191,0.38232373386295926,0.0,K004+KI08+KA07
svm,raw,source_holdout,0.7436974789915967,0.6978501162745675,0.11323138790676934,0.36523883773404403,0.0775223033382263,,,,,,,K004+KI08+KA07
svm,raw,target_real,0.6141450313339302,0.5903762093137339,0.1610065683129324,0.5166512488816963,0.17224570333767192,0.26410026857654434,0.013559322033898305,0.23813786929274844,0.39301700984780663,0.0888382687927107,0.35362578334825423,K004+KI08+KA07
svm,temperature,target_real,0.6141450313339302,0.5903762093137339,0.08460385230375551,0.4674541091665607,0.17180105758145495,0.2739480752014324,0.013071895424836602,0.2730528200537153,0.39391226499552373,0.08636363636363636,0.35810205908683973,K004+KI08+KA07
svm,isotonic,target_real,0.5890778871978514,0.5888959998923254,0.30970709442560806,0.694161020934207,0.2400694346614648,0.7197851387645479,0.31467661691542287,0.0,0.891674127126231,0.3825301204819277,0.0,K004+KI08+KA07
xgboost,raw,source_holdout,0.7352941176470589,0.6993627335403487,0.18626888672343822,0.40874941443580015,0.06737843744950249,,,,,,,K004+KI08+KA07
xgboost,raw,target_real,0.6159355416293644,0.5955579100052404,0.24511709806635212,0.6021654538166896,0.17378795588897197,0.39659803043867503,0.09255079006772009,0.22112802148612354,0.4610564010743062,0.13980582524271845,0.3115487914055506,K004+KI08+KA07
xgboost,temperature,target_real,0.6159355416293644,0.5955579100052404,0.1013680942630524,0.4877903336826683,0.1717696545920557,0.40196956132497763,0.0957683741648107,0.22202327663384064,0.477170993733214,0.14634146341463414,0.3133393017009848,K004+KI08+KA07
xgboost,isotonic,target_real,0.5837063563115488,0.584699703176735,0.320433795427129,0.6932026028101237,0.22925424536903616,0.5434198746642793,0.23064250411861614,0.0,0.9471799462846912,0.4045368620037807,0.0,K004+KI08+KA07
random_forest,raw,source_holdout,0.7142857142857143,0.681079451228705,0.09869296424088018,0.3607551374482273,0.08672955195162406,,,,,,,K004+KI08+KA08
random_forest,raw,target_real,0.6096687555953447,0.5933664622376721,0.14679464734244427,0.5034804987673582,0.17728574898615868,0.3446732318710833,0.04935064935064935,0.10832587287376902,0.39122649955237243,0.06407322654462243,0.36615935541629363,K004+KI08+KA08
random_forest,temperature,target_real,0.6096687555953447,0.5933664622376721,0.06526007817402961,0.4610337636155245,0.17666062994050877,0.35004476275738583,0.04859335038363171,0.10832587287376902,0.39033124440465533,0.05963302752293578,0.36168307967770813,K004+KI08+KA08
random_forest,isotonic,target_real,0.5810205908683975,0.5833481459227826,0.27017767214567234,0.617962475166546,0.200812328849704,0.4467323187108326,0.15030060120240482,0.0,0.7887197851387645,0.3325766174801362,0.2999104744852283,K004+KI08+KA08
svm,raw,source_holdout,0.7352941176470589,0.6870359794403198,0.09719413304690319,0.38699796339479875,0.10284634351562541,,,,,,,K004+KI08+KA08
svm,raw,target_real,0.6150402864816473,0.5907742590513613,0.1609621419011029,0.5159743839728931,0.17220101673969548,0.24171888988361684,0.007407407407407408,0.25872873769024174,0.36257833482542523,0.06172839506172839,0.35094001790510293,K004+KI08+KA08
svm,temperature,target_real,0.6150402864816473,0.5907742590513613,0.09730470952620103,0.47183542499691117,0.17165014436950432,0.25604297224709044,0.006993006993006993,0.26589077887197854,0.36436884512085943,0.05896805896805897,0.35273052820053713,K004+KI08+KA08
svm,isotonic,target_real,0.5953446732318711,0.5936194430860292,0.24947914221491985,0.6160521938641748,0.19931319367948433,0.5505819158460161,0.22439024390243903,0.0,0.7332139659803044,0.315018315018315,0.0,K004+KI08+KA08
xgboost,raw,source_holdout,0.7100840336134454,0.6713874045755501,0.1928294691718927,0.4341064542480004,0.08308390125064102,,,,,,,K004+KI08+KA08
xgboost,raw,target_real,0.6132497761862131,0.5926856453172243,0.24947512883529566,0.6014367773547878,0.17235842711958133,0.36974037600716203,0.07506053268765134,0.1378692927484333,0.40286481647269473,0.08444444444444445,0.3285586392121755,K004+KI08+KA08
xgboost,temperature,target_real,0.6132497761862131,0.5926856453172243,0.10799637556910235,0.4886476468570787,0.17121468745705856,0.37869292748433303,0.07565011820330969,0.1423455684870188,0.4485228290062668,0.12974051896207583,0.3231871083258729,K004+KI08+KA08
xgboost,isotonic,target_real,0.585496866606983,0.58544894438483,0.28410453015623727,0.6394653631676058,0.19229146545522496,0.4825425246195166,0.17439703153988867,0.0,0.7215756490599821,0.3250620347394541,0.3052820053715309,K004+KI08+KA08
random_forest,raw,source_holdout,0.5274261603375527,0.47159518909004355,0.23901589895234476,0.7086920990650907,0.26335477321971673,,,,,,,K004+KI08+KA09
random_forest,raw,target_real,0.6159355416293644,0.6055989611523668,0.17748973707260415,0.5397960890862189,0.18472572266939105,0.20501342882721577,0.026200873362445413,0.0,0.3043867502238138,0.04411764705882353,0.3446732318710833,K004+KI08+KA09
random_forest,temperature,target_real,0.6159355416293644,0.6055989611523668,0.1386487084715314,0.5202865394266991,0.17889006925186213,0.23276633840644584,0.03076923076923077,0.08952551477170993,0.26499552372426144,0.04054054054054054,0.2775290957923008,K004+KI08+KA09
random_forest,isotonic,target_real,0.5783348254252462,0.5818209520698104,0.12662041608117555,0.5224602349663675,0.17746729652066445,0.24977618621307074,0.043010752688172046,0.1405550581915846,0.26589077887197854,0.04377104377104377,0.2811101163831692,K004+KI08+KA09
svm,raw,source_holdout,0.48945147679324896,0.41218502905037985,0.2920588558602346,0.7545002756544527,0.2658288480888232,,,,,,,K004+KI08+KA09
svm,raw,target_real,0.6141450313339302,0.5969346808408984,0.20716400303822474,0.5534756458989502,0.1690221899402806,0.3312444046553268,0.024324324324324326,0.1387645478961504,0.37958818263205013,0.06367924528301887,0.36257833482542523,K004+KI08+KA09
svm,temperature,target_real,0.6141450313339302,0.5969346808408984,0.18362345535597877,0.5560262181634115,0.16646668702596926,0.34735899731423453,0.023195876288659795,0.1575649059982095,0.34914950760966873,0.02564102564102564,0.36974037600716203,K004+KI08+KA09
svm,isotonic,target_real,0.5828111011638317,0.5857545793747526,0.14949095181601038,0.5289517556065458,0.19843215262615194,0.0,,0.0,0.0,,0.0,K004+KI08+KA09
xgboost,raw,source_holdout,0.5063291139240507,0.44543688073099846,0.3535645103655787,0.8023949394666664,0.2613842546526527,,,,,,,K004+KI08+KA09
xgboost,raw,target_real,0.6159355416293644,0.6024582299833142,0.2783083604613691,0.6362743163981063,0.1794474057816237,0.24709042076991944,0.036231884057971016,0.12712623097582812,0.3384064458370636,0.06349206349206349,0.3124440465532677,K004+KI08+KA09
xgboost,temperature,target_real,0.6159355416293644,0.6024582299833142,0.1406619886235529,0.5307239471236651,0.17663956686082258,0.2927484333034915,0.04281345565749235,0.1414503133393017,0.37511190689346463,0.08353221957040573,0.3267681289167413,K004+KI08+KA09
xgboost,isotonic,target_real,0.5819158460161146,0.5838964557769019,0.08471934013770446,0.5243523724998929,0.18997327739746211,0.26410026857654434,0.04067796610169491,0.0,0.36705461056401073,0.0975609756097561,0.2864816472694718,K004+KI08+KA09
