model,calibration,domain,accuracy,macro_f1,ece,brier,aurc,auto_rate@1%,auto_error@1%,oracle_auto_rate@1%,auto_rate@5%,auto_error@5%,oracle_auto_rate@5%,calib_set
random_forest,raw,source_holdout,0.275,0.2698018435723354,0.28166013064776185,0.8137194756175123,0.6865340504963372,,,,,,,K001+KI01+KA01
random_forest,raw,target_real,0.3399103139013453,0.33372058684181877,0.28572170634432265,0.8570115445688152,0.7106952835214222,0.19282511210762332,0.7813953488372093,0.0,0.19282511210762332,0.7813953488372093,0.0,K001+KI01+KA01
random_forest,temperature,target_real,0.3399103139013453,0.33372058684181877,0.010397090009559445,0.6662692414021175,0.7003905057859138,0.05739910313901345,0.734375,0.0008968609865470852,0.05739910313901345,0.734375,0.0008968609865470852,K001+KI01+KA01
random_forest,isotonic,target_real,0.3596412556053812,0.3452696092615904,0.23553969852078288,0.8752871420633597,0.7160108771510838,0.17488789237668162,0.7948717948717948,0.0,0.17488789237668162,0.7948717948717948,0.0,K001+KI01+KA01
svm,raw,source_holdout,0.18333333333333332,0.18078451866280268,0.33707145751393275,0.7934052584314821,0.6646855215137738,,,,,,,K001+KI01+KA01
svm,raw,target_real,0.33363228699551567,0.3263831355583177,0.22464736230193344,0.7613376263244256,0.675130536592814,0.13183856502242153,0.7278911564625851,0.0,0.13183856502242153,0.7278911564625851,0.0,K001+KI01+KA01
svm,temperature,target_real,0.33363228699551567,0.3263831355583177,0.011327973298139893,0.6654085963076527,0.6607953126829136,0.06636771300448431,0.6756756756756757,0.0,0.06636771300448431,0.6756756756756757,0.0,K001+KI01+KA01
svm,isotonic,target_real,0.3345291479820628,0.3359643944896125,0.21766335163385594,0.8388896092121776,0.673087681333784,0.16591928251121077,0.7243243243243244,0.0,0.16591928251121077,0.7243243243243244,0.0,K001+KI01+KA01
xgboost,raw,source_holdout,0.16666666666666666,0.1700054734537493,0.45306645408272744,0.9888441341390558,0.7615633673147795,,,,,,,K001+KI01+KA01
xgboost,raw,target_real,0.3183856502242152,0.31532762819960536,0.39093731553565225,0.9515513242799981,0.7146789139587844,0.033183856502242155,0.8108108108108109,0.0,0.033183856502242155,0.8108108108108109,0.0,K001+KI01+KA01
xgboost,temperature,target_real,0.3183856502242152,0.31532762819960536,0.04010489041037212,0.6673962758724661,0.7120176235652328,0.036771300448430494,0.8292682926829268,0.0,0.036771300448430494,0.8292682926829268,0.0,K001+KI01+KA01
xgboost,isotonic,target_real,0.3506726457399103,0.306903428603751,0.176218174778488,0.7824544015854584,0.6988239710651871,0.06188340807174888,0.6956521739130435,0.0,0.06188340807174888,0.6956521739130435,0.0,K001+KI01+KA01
random_forest,raw,source_holdout,0.2625,0.25230833073970327,0.3150054921326743,0.852359558842923,0.7235752779274608,,,,,,,K001+KI01+KA03
random_forest,raw,target_real,0.30493273542600896,0.2987876771190096,0.3226719758045033,0.8924098676616624,0.7296968918248246,0.08430493273542601,0.8191489361702128,0.0,0.08430493273542601,0.8191489361702128,0.0,K001+KI01+KA03
random_forest,temperature,target_real,0.30493273542600896,0.2987876771190096,0.04696185827366165,0.6676766374769773,0.7263229483669557,0.026905829596412557,0.7333333333333333,0.0,0.026905829596412557,0.7333333333333333,0.0,K001+KI01+KA03
random_forest,isotonic,target_real,0.34618834080717487,0.3241533679507744,0.1867965256799718,0.8167457445463827,0.7426254432077172,0.0968609865470852,0.8148148148148148,0.0,0.0968609865470852,0.8148148148148148,0.0,K001+KI01+KA03
svm,raw,source_holdout,0.13333333333333333,0.14511784511784512,0.39929429165227126,0.8473771842401515,0.7849346691323379,,,,,,,K001+KI01+KA03
svm,raw,target_real,0.305829596412556,0.30293400155905176,0.2625439938746586,0.8022237444903001,0.7208044962738334,0.009865470852017937,0.7272727272727273,0.0,0.009865470852017937,0.7272727272727273,0.0,K001+KI01+KA03
svm,temperature,target_real,0.305829596412556,0.30293400155905176,0.03995204303473243,0.6667804502909893,0.7111191492399164,0.008071748878923767,0.6666666666666666,0.0,0.008071748878923767,0.6666666666666666,0.0,K001+KI01+KA03
svm,isotonic,target_real,0.3183856502242152,0.29301255610659055,0.19735168774749295,0.8342848513213821,0.7590572286189394,0.009865470852017937,0.7272727272727273,0.0,0.009865470852017937,0.7272727272727273,0.0,K001+KI01+KA03
xgboost,raw,source_holdout,0.1625,0.16237976227514364,0.45180692176024123,1.050871964123652,0.7908846230751406,,,,,,,K001+KI01+KA03
xgboost,raw,target_real,0.3031390134529148,0.3027631076008658,0.4120775071227497,0.9872421036486463,0.7180807865811439,0.03228699551569507,0.8333333333333334,0.0,0.03228699551569507,0.8333333333333334,0.0,K001+KI01+KA03
xgboost,temperature,target_real,0.3031390134529148,0.3027631076008658,0.05648852655769376,0.670021258527782,0.7134100597856217,0.034080717488789235,0.8157894736842105,0.0,0.034080717488789235,0.8157894736842105,0.0,K001+KI01+KA03
xgboost,isotonic,target_real,0.36233183856502243,0.31630299439779763,0.1674184415582515,0.776592955960237,0.7410294411323372,0.13273542600896862,0.777027027027027,0.0,0.13273542600896862,0.777027027027027,0.0,K001+KI01+KA03
random_forest,raw,source_holdout,0.35564853556485354,0.3223359209597742,0.20310772080259706,0.7656596757976165,0.5270657929540501,,,,,,,K001+KI01+KA05
random_forest,raw,target_real,0.3130044843049327,0.30397550964320835,0.30471319396174074,0.864629440334814,0.7190094953360818,0.18744394618834082,0.7559808612440191,0.0,0.18744394618834082,0.7559808612440191,0.0,K001+KI01+KA05
random_forest,temperature,target_real,0.3130044843049327,0.30397550964320835,0.03844496701309171,0.668070510948828,0.7113338886221341,0.17668161434977578,0.7766497461928934,0.0,0.17668161434977578,0.7766497461928934,0.0,K001+KI01+KA05
random_forest,isotonic,target_real,0.3417040358744395,0.3264904247676456,0.2517104136969668,0.9229391839711006,0.6648548355465976,0.29596412556053814,0.7757575757575758,0.0,0.3183856502242152,0.7549295774647887,0.0,K001+KI01+KA05
svm,raw,source_holdout,0.2928870292887029,0.2351046698872786,0.2781323719773344,0.7529301123985729,0.5028482063070051,,,,,,,K001+KI01+KA05
svm,raw,target_real,0.3237668161434978,0.30862991954981106,0.22831867631912503,0.7722570134543645,0.6957236877252069,0.004484304932735426,0.8,0.0,0.004484304932735426,0.8,0.0,K001+KI01+KA05
svm,temperature,target_real,0.3237668161434978,0.30862991954981106,0.021178758179396517,0.6660170033976411,0.6822118248912467,0.004484304932735426,0.8,0.0,0.004484304932735426,0.8,0.0,K001+KI01+KA05
svm,isotonic,target_real,0.33901345291479823,0.3388298594702688,0.3307941094458289,0.9819778838158784,0.6772940502465858,0.31928251121076234,0.7921348314606742,0.0,0.31928251121076234,0.7921348314606742,0.0,K001+KI01+KA05
xgboost,raw,source_holdout,0.3138075313807531,0.2874122824199214,0.30045143368353905,0.8727446864543734,0.5708540579768036,,,,,,,K001+KI01+KA05
xgboost,raw,target_real,0.30134529147982064,0.298580980797863,0.4016695072298093,0.9618142096330002,0.7128915976675924,0.1515695067264574,0.7455621301775148,0.0,0.1515695067264574,0.7455621301775148,0.0,K001+KI01+KA05
xgboost,temperature,target_real,0.30134529147982064,0.298580980797863,0.057004334888988095,0.6682071877386081,0.7079995175175695,0.1147982062780269,0.75,0.0,0.1147982062780269,0.75,0.0,K001+KI01+KA05
xgboost,isotonic,target_real,0.33363228699551567,0.32642389675057154,0.19800252322573908,0.8419128383915543,0.6778615708792715,0.2968609865470852,0.7613293051359517,0.0,0.2968609865470852,0.7613293051359517,0.0,K001+KI01+KA05
random_forest,raw,source_holdout,0.4583333333333333,0.40444521329079053,0.09152157614044502,0.6773522507156972,0.39133156892802246,,,,,,,K001+KI01+KA06
random_forest,raw,target_real,0.32645739910313903,0.31608309210128244,0.28500229349858885,0.8553286685847933,0.7161731031423885,0.16591928251121077,0.772972972972973,0.0,0.16591928251121077,0.772972972972973,0.0,K001+KI01+KA06
random_forest,temperature,target_real,0.32645739910313903,0.31608309210128244,0.07309448942978723,0.6793135960091796,0.7113452478777981,0.12197309417040358,0.7941176470588235,0.0,0.12197309417040358,0.7941176470588235,0.0,K001+KI01+KA06
random_forest,isotonic,target_real,0.3668161434977579,0.355712902219493,0.3022570818316162,0.9676085960973617,0.67712699888614,0.28878923766816145,0.7950310559006211,0.0,0.305829596412556,0.7888563049853372,0.0,K001+KI01+KA06
svm,raw,source_holdout,0.35,0.2602417202950871,0.25364603016623843,0.7243551553123179,0.40071954870285714,,,,,,,K001+KI01+KA06
svm,raw,target_real,0.3219730941704036,0.30447332987267683,0.2334368085056226,0.7758633786898894,0.6991191751999856,0.004484304932735426,0.8,0.0,0.004484304932735426,0.8,0.0,K001+KI01+KA06
svm,temperature,target_real,0.3219730941704036,0.30447332987267683,0.03019433736534488,0.6661008229382678,0.6871885535444189,0.004484304932735426,0.8,0.0,0.004484304932735426,0.8,0.0,K001+KI01+KA06
svm,isotonic,target_real,0.34439461883408073,0.3439177914647807,0.3524599953742128,0.9964547957444584,0.6769678642046746,0.31569506726457397,0.7897727272727273,0.0,0.3273542600896861,0.7835616438356164,0.0,K001+KI01+KA06
xgboost,raw,source_holdout,0.3,0.251871274259334,0.33789891252915066,0.8965842087308169,0.4863183741354779,,,,,,,K001+KI01+KA06
xgboost,raw,target_real,0.30134529147982064,0.2968894437337635,0.3962160479327488,0.9579042582115742,0.7174780357923688,0.10044843049327354,0.75,0.0,0.10044843049327354,0.75,0.0,K001+KI01+KA06
xgboost,temperature,target_real,0.30134529147982064,0.2968894437337635,0.05662723453380279,0.6689224278574261,0.7168331627597394,0.09327354260089686,0.7403846153846154,0.0,0.09327354260089686,0.7403846153846154,0.0,K001+KI01+KA06
xgboost,isotonic,target_real,0.35695067264573993,0.3384679764277192,0.2138753262206758,0.8365939889579188,0.684631950452092,0.25829596412556055,0.7916666666666666,0.0,0.25829596412556055,0.7916666666666666,0.0,K001+KI01+KA06
random_forest,raw,source_holdout,0.42083333333333334,0.38659596237248794,0.19633305615199553,0.716186452825129,0.4895791011232498,,,,,,,K001+KI01+KA07
random_forest,raw,target_real,0.32107623318385653,0.3127159929693364,0.30064252919237744,0.8543017188020774,0.7141669394307825,0.2116591928251121,0.7669491525423728,0.0,0.2116591928251121,0.7669491525423728,0.0,K001+KI01+KA07
random_forest,temperature,target_real,0.32107623318385653,0.3127159929693364,0.038600155609966706,0.667634089845714,0.7081468098247443,0.18654708520179372,0.75,0.0,0.18654708520179372,0.75,0.0,K001+KI01+KA07
random_forest,isotonic,target_real,0.34080717488789236,0.3257505239068495,0.2626417031827063,0.9287590147638608,0.6681554973879605,0.22152466367713006,0.7894736842105263,0.0,0.22152466367713006,0.7894736842105263,0.0,K001+KI01+KA07
svm,raw,source_holdout,0.31666666666666665,0.249042896528295,0.283661693944565,0.752300794166774,0.47542038070527803,,,,,,,K001+KI01+KA07
svm,raw,target_real,0.3219730941704036,0.3064676439557155,0.23689983751041,0.7773417827294656,0.6962625416090815,0.0053811659192825115,0.8333333333333334,0.0,0.15964125560538117,0.7191011235955056,0.0,K001+KI01+KA07
svm,temperature,target_real,0.3219730941704036,0.3064676439557155,0.02330517692235473,0.6659036988289139,0.6833336866384984,0.04125560538116592,0.7608695652173914,0.0,0.15515695067264573,0.6878612716763006,0.0,K001+KI01+KA07
svm,isotonic,target_real,0.33363228699551567,0.33271225391968423,0.3055028371744653,0.9293467862416647,0.6926250562480084,0.1757847533632287,0.7755102040816326,0.0,0.1757847533632287,0.7755102040816326,0.0,K001+KI01+KA07
xgboost,raw,source_holdout,0.25416666666666665,0.22555638909727435,0.4189062909533581,1.0000847534709394,0.5780554965205947,,,,,,,K001+KI01+KA07
xgboost,raw,target_real,0.30493273542600896,0.3008085152492644,0.4082337620546999,0.9754609374922667,0.7201611253852139,0.14260089686098654,0.7358490566037735,0.0,0.14260089686098654,0.7358490566037735,0.0,K001+KI01+KA07
xgboost,temperature,target_real,0.30493273542600896,0.3008085152492644,0.05401125478015201,0.6689889947989015,0.7144598389925207,0.14977578475336323,0.7425149700598802,0.0,0.14977578475336323,0.7425149700598802,0.0,K001+KI01+KA07
xgboost,isotonic,target_real,0.3434977578475336,0.285739093357574,0.17110315241869806,0.7896326729931894,0.749586246326919,0.17488789237668162,0.7538461538461538,0.0,0.17488789237668162,0.7538461538461538,0.0,K001+KI01+KA07
random_forest,raw,source_holdout,0.30962343096234307,0.2694601381042059,0.2278616905501929,0.7570669849746977,0.5037231560509129,,,,,,,K001+KI01+KA08
random_forest,raw,target_real,0.3183856502242152,0.30833221538745237,0.297711943176185,0.8683399123318905,0.7253549824693414,0.12645739910313902,0.8014184397163121,0.0,0.12645739910313902,0.8014184397163121,0.0,K001+KI01+KA08
random_forest,temperature,target_real,0.3183856502242152,0.30833221538745237,0.03163270055541117,0.667961393736061,0.7202961074449553,0.14708520179372198,0.7987804878048781,0.0,0.14708520179372198,0.7987804878048781,0.0,K001+KI01+KA08
random_forest,isotonic,target_real,0.3515695067264574,0.3387002987569096,0.271702741947376,0.910292281399637,0.6878310483448663,0.15784753363228698,0.7954545454545454,0.0,0.15784753363228698,0.7954545454545454,0.0,K001+KI01+KA08
svm,raw,source_holdout,0.3472803347280335,0.2626898481215028,0.2601337927207807,0.742246297697983,0.43529131996952714,,,,,,,K001+KI01+KA08
svm,raw,target_real,0.33183856502242154,0.3040160609165523,0.22255403148634612,0.7783887626306482,0.7007806042404935,0.004484304932735426,0.8,0.0,0.004484304932735426,0.8,0.0,K001+KI01+KA08
svm,temperature,target_real,0.33183856502242154,0.3040160609165523,0.013336270224047986,0.6660447834848767,0.6869210920921494,0.004484304932735426,0.8,0.0,0.004484304932735426,0.8,0.0,K001+KI01+KA08
svm,isotonic,target_real,0.336322869955157,0.33704208947048436,0.3192712574070453,0.9473779409931853,0.7281079732589846,0.10852017937219731,0.7851239669421488,0.0,0.10852017937219731,0.7851239669421488,0.0,K001+KI01+KA08
xgboost,raw,source_holdout,0.2510460251046025,0.22632783882783883,0.39640820712225217,0.9779005802296334,0.6228187089706523,,,,,,,K001+KI01+KA08
xgboost,raw,target_real,0.31748878923766816,0.3149124494401686,0.3780543039197879,0.961494406149211,0.7197696212408202,0.14260089686098654,0.7421383647798742,0.0,0.14260089686098654,0.7421383647798742,0.0,K001+KI01+KA08
xgboost,temperature,target_real,0.31748878923766816,0.3149124494401686,0.040334073047432355,0.669043620100815,0.7135915857541584,0.14439461883408072,0.7515527950310559,0.0,0.14439461883408072,0.7515527950310559,0.0,K001+KI01+KA08
xgboost,isotonic,target_real,0.3901345291479821,0.3403013964750268,0.1631719959121619,0.7970505953225493,0.6391704758335207,0.18654708520179372,0.7740384615384616,0.0,0.18654708520179372,0.7740384615384616,0.0,K001+KI01+KA08
random_forest,raw,source_holdout,0.29707112970711297,0.26427476041162573,0.2425921878725277,0.7868048203282523,0.5562470671562776,,,,,,,K001+KI01+KA09
random_forest,raw,target_real,0.31390134529147984,0.30566546475480544,0.3051811879317919,0.8646687453417132,0.7213910284345592,0.1147982062780269,0.7890625,0.0,0.1147982062780269,0.7890625,0.0,K001+KI01+KA09
random_forest,temperature,target_real,0.31390134529147984,0.30566546475480544,0.03613126649679167,0.6680166095636942,0.7176419726973206,0.07892376681614349,0.7727272727272727,0.0,0.07892376681614349,0.7727272727272727,0.0,K001+KI01+KA09
random_forest,isotonic,target_real,0.3515695067264574,0.3346668362993526,0.24160874587492018,0.8945580298854342,0.6952616562894203,0.24394618834080717,0.7977941176470589,0.0,0.336322869955157,0.7866666666666666,0.0,K001+KI01+KA09
svm,raw,source_holdout,0.3054393305439331,0.2448703372854745,0.2858737421526293,0.7493736014840144,0.4751002302797794,,,,,,,K001+KI01+KA09
svm,raw,target_real,0.31390134529147984,0.30128875798671734,0.2386101821320873,0.7750330199211832,0.7049224531303893,0.004484304932735426,0.8,0.0,0.004484304932735426,0.8,0.0,K001+KI01+KA09
svm,temperature,target_real,0.31390134529147984,0.30128875798671734,0.03108552835146816,0.6660843672783815,0.693913147853537,0.003587443946188341,0.75,0.0,0.003587443946188341,0.75,0.0,K001+KI01+KA09
svm,isotonic,target_real,0.3273542600896861,0.31715772776107903,0.3268042470785778,0.9654171206119466,0.6902539636689041,0.2825112107623318,0.7968253968253968,0.0,0.32645739910313903,0.7912087912087912,0.0,K001+KI01+KA09
xgboost,raw,source_holdout,0.2217573221757322,0.1971278677018906,0.4356651124096316,1.0056314832120834,0.6385359555803625,,,,,,,K001+KI01+KA09
xgboost,raw,target_real,0.31748878923766816,0.3137648274087526,0.3885517887203148,0.9659457632160464,0.721564788763538,0.08430493273542601,0.7127659574468085,0.0,0.08430493273542601,0.7127659574468085,0.0,K001+KI01+KA09
xgboost,temperature,target_real,0.31748878923766816,0.3137648274087526,0.04072746460919931,0.6687111226980581,0.7151786168028942,0.10224215246636771,0.7368421052631579,0.0,0.10224215246636771,0.7368421052631579,0.0,K001+KI01+KA09
xgboost,isotonic,target_real,0.34439461883408073,0.28241067277032533,0.18999527729527116,0.8136382809714579,0.7478018067561808,0.13004484304932734,0.7655172413793103,0.0,0.13004484304932734,0.7655172413793103,0.0,K001+KI01+KA09
random_forest,raw,source_holdout,0.25,0.24515093959538403,0.3321001486108294,0.8690086879073846,0.7253820233663762,,,,,,,K001+KI03+KA01
random_forest,raw,target_real,0.3937219730941704,0.3809783747927389,0.27862867871011676,0.8472276380451075,0.6149075333045402,0.013452914798206279,0.26666666666666666,0.007174887892376682,0.013452914798206279,0.26666666666666666,0.007174887892376682,K001+KI03+KA01
random_forest,temperature,target_real,0.3937219730941704,0.3809783747927389,0.038835253536955244,0.6627353334699578,0.6145902346884454,0.013452914798206279,0.26666666666666666,0.007174887892376682,0.013452914798206279,0.26666666666666666,0.007174887892376682,K001+KI03+KA01
random_forest,isotonic,target_real,0.37130044843049326,0.3408091018390506,0.1637643751820485,0.724143402653386,0.6535737758455477,0.15336322869955157,0.7076023391812866,0.0,0.15336322869955157,0.7076023391812866,0.0,K001+KI03+KA01
svm,raw,source_holdout,0.21666666666666667,0.2241968541747186,0.396970366857054,0.9375308399362406,0.8034761692482967,,,,,,,K001+KI03+KA01
svm,raw,target_real,0.39461883408071746,0.37892483112245906,0.242541508730603,0.7972624122761458,0.6247819362459432,0.0,,0.0,0.0,,0.0,K001+KI03+KA01
svm,temperature,target_real,0.39461883408071746,0.37892483112245906,0.04548495949081882,0.6653563491970963,0.6223109190075987,0.0,,0.0,0.0,,0.0,K001+KI03+KA01
svm,isotonic,target_real,0.31031390134529147,0.2608002460721777,0.10418232305240294,0.7095165872147889,0.7304643750387226,0.1336322869955157,0.8120805369127517,0.0,0.1336322869955157,0.8120805369127517,0.0,K001+KI03+KA01
xgboost,raw,source_holdout,0.26666666666666666,0.2626973211018436,0.4143172989288966,0.991727063188235,0.7356667236782464,,,,,,,K001+KI03+KA01
xgboost,raw,target_real,0.37309417040358744,0.3678043717097559,0.38339224545944967,0.9429810527675756,0.6086108885897047,0.02062780269058296,0.6086956521739131,0.0,0.02062780269058296,0.6086956521739131,0.0,K001+KI03+KA01
xgboost,temperature,target_real,0.37309417040358744,0.3678043717097559,0.011144115425893704,0.6640006017684612,0.6125500845743831,0.016143497757847534,0.6111111111111112,0.0,0.016143497757847534,0.6111111111111112,0.0,K001+KI03+KA01
xgboost,isotonic,target_real,0.36771300448430494,0.3502822916638913,0.11631495419155755,0.6948023078027288,0.670310940453906,0.05291479820627803,0.6101694915254238,0.007174887892376682,0.05291479820627803,0.6101694915254238,0.007174887892376682,K001+KI03+KA01
random_forest,raw,source_holdout,0.32916666666666666,0.2996571096748002,0.2606404935994572,0.8229291474678246,0.6340526329562922,,,,,,,K001+KI03+KA03
random_forest,raw,target_real,0.35336322869955156,0.3429150884588679,0.3103225177561438,0.888368440525574,0.6568106256427046,0.0026905829596412557,0.3333333333333333,0.0017937219730941704,0.0026905829596412557,0.3333333333333333,0.0017937219730941704,K001+KI03+KA03
random_forest,temperature,target_real,0.35336322869955156,0.3429150884588679,0.004868452779248823,0.6652609843528083,0.6487031924327042,0.011659192825112108,0.07692307692307693,0.0017937219730941704,0.011659192825112108,0.07692307692307693,0.0017937219730941704,K001+KI03+KA03
random_forest,isotonic,target_real,0.39103139013452914,0.3640737319169463,0.13129801044745457,0.6947564752417745,0.6500617784610786,0.09865470852017937,0.6636363636363637,0.0008968609865470852,0.09865470852017937,0.6636363636363637,0.0008968609865470852,K001+KI03+KA03
svm,raw,source_holdout,0.31666666666666665,0.2952973950876258,0.2668944482705568,0.818718874463493,0.6640928135967907,,,,,,,K001+KI03+KA03
svm,raw,target_real,0.34618834080717487,0.343832693943128,0.27690055069286523,0.844597997132444,0.7079377666836784,0.004484304932735426,0.8,0.0,0.004484304932735426,0.8,0.0,K001+KI03+KA03
svm,temperature,target_real,0.34618834080717487,0.343832693943128,0.0025248636738184893,0.6673527563069884,0.7063864255238489,0.004484304932735426,0.8,0.0,0.004484304932735426,0.8,0.0,K001+KI03+KA03
svm,isotonic,target_real,0.3147982062780269,0.2992806989982026,0.09059317791909208,0.7090951693221488,0.7518751665899466,0.08071748878923767,0.8222222222222222,0.0,0.08071748878923767,0.8222222222222222,0.0,K001+KI03+KA03
xgboost,raw,source_holdout,0.32083333333333336,0.3028358115314637,0.37593191886941596,0.948178450420584,0.6716575477723112,,,,,,,K001+KI03+KA03
xgboost,raw,target_real,0.32825112107623317,0.32611011941826834,0.42714356149258625,0.9949773414658176,0.6692001168007529,0.03139013452914798,0.7714285714285715,0.0,0.03139013452914798,0.7714285714285715,0.0,K001+KI03+KA03
xgboost,temperature,target_real,0.32825112107623317,0.32611011941826834,0.03682070901559646,0.6669853180716075,0.6727054092654179,0.09596412556053811,0.7102803738317757,0.0,0.09596412556053811,0.7102803738317757,0.0,K001+KI03+KA03
xgboost,isotonic,target_real,0.3614349775784753,0.33323786028386554,0.09768849711210235,0.7232018517152634,0.6730352711707317,0.07354260089686099,0.7926829268292683,0.0,0.07354260089686099,0.7926829268292683,0.0,K001+KI03+KA03
random_forest,raw,source_holdout,0.3682008368200837,0.31760912698412697,0.24601304061431284,0.7736808682007886,0.5317747324721005,,,,,,,K001+KI03+KA05
random_forest,raw,target_real,0.3668161434977579,0.3481743241797423,0.2915994115659192,0.856741536816502,0.6292468573572283,0.06905829596412556,0.5974025974025974,0.0017937219730941704,0.06905829596412556,0.5974025974025974,0.0017937219730941704,K001+KI03+KA05
random_forest,temperature,target_real,0.3668161434977579,0.3481743241797423,0.05392808227777695,0.6670543595714643,0.6264338043116536,0.07174887892376682,0.6,0.0017937219730941704,0.07174887892376682,0.6,0.0017937219730941704,K001+KI03+KA05
random_forest,isotonic,target_real,0.31569506726457397,0.3151139780577561,0.21815789867767268,0.7557942271809439,0.6714427415613857,0.14977578475336323,0.718562874251497,0.0,0.14977578475336323,0.718562874251497,0.0,K001+KI03+KA05
svm,raw,source_holdout,0.37656903765690375,0.33227236077647243,0.23877552007756997,0.7790682693313831,0.5602205820961798,,,,,,,K001+KI03+KA05
svm,raw,target_real,0.3829596412556054,0.3679483499861438,0.23397710928536308,0.8050993810173059,0.6498092021573094,0.0,,0.0,0.0,,0.0,K001+KI03+KA05
svm,temperature,target_real,0.3829596412556054,0.3679483499861438,0.02491181818915328,0.6667858505628954,0.6505228584332019,0.0,,0.0,0.0,,0.0,K001+KI03+KA05
svm,isotonic,target_real,0.3488789237668161,0.34144126957816573,0.19474527557045335,0.7623979836266692,0.6973650025693744,0.16771300448430493,0.8128342245989305,0.0,0.16771300448430493,0.8128342245989305,0.0,K001+KI03+KA05
xgboost,raw,source_holdout,0.35564853556485354,0.3177619260586951,0.33836228827552317,0.8759374019269451,0.5753702529582784,,,,,,,K001+KI03+KA05
xgboost,raw,target_real,0.34798206278026905,0.34012652814633637,0.39564692228364307,0.9514283981887315,0.6274230022041152,0.04753363228699552,0.6037735849056604,0.0,0.04753363228699552,0.6037735849056604,0.0,K001+KI03+KA05
xgboost,temperature,target_real,0.34798206278026905,0.34012652814633637,0.014988291693060502,0.6650875620787502,0.6317293696148226,0.004484304932735426,1.0,0.0,0.004484304932735426,1.0,0.0,K001+KI03+KA05
xgboost,isotonic,target_real,0.33542600896860986,0.33371091728261576,0.18114021805401215,0.7244205466169711,0.5809325170352406,0.2367713004484305,0.6287878787878788,0.034080717488789235,0.2367713004484305,0.6287878787878788,0.034080717488789235,K001+KI03+KA05
random_forest,raw,source_holdout,0.4,0.33133958133958136,0.22726024251925842,0.7608941260089241,0.5012592639021796,,,,,,,K001+KI03+KA06
random_forest,raw,target_real,0.3614349775784753,0.3416804380441103,0.3003008996895616,0.8567939860726121,0.6283174810408438,0.04932735426008968,0.5454545454545454,0.004484304932735426,0.04932735426008968,0.5454545454545454,0.004484304932735426,K001+KI03+KA06
random_forest,temperature,target_real,0.3614349775784753,0.3416804380441103,0.03966764103359716,0.6705384149369585,0.6296178859134903,0.059192825112107626,0.5757575757575758,0.004484304932735426,0.059192825112107626,0.5757575757575758,0.004484304932735426,K001+KI03+KA06
random_forest,isotonic,target_real,0.3094170403587444,0.2978454154329159,0.21686096141684572,0.7831731739195624,0.6796399832686465,0.16950672645739912,0.7248677248677249,0.0,0.16950672645739912,0.7248677248677249,0.0,K001+KI03+KA06
svm,raw,source_holdout,0.3958333333333333,0.33038070574141604,0.2340139178419544,0.7672253950447704,0.5271159274863096,,,,,,,K001+KI03+KA06
svm,raw,target_real,0.3919282511210762,0.37317446134943494,0.230001172335841,0.8024615441710355,0.6447701984581741,0.0,,0.0,0.0,,0.0,K001+KI03+KA06
svm,temperature,target_real,0.3919282511210762,0.37317446134943494,0.03532852673613714,0.6671301584252971,0.6449117975371905,0.0,,0.0,0.0,,0.0,K001+KI03+KA06
svm,isotonic,target_real,0.32645739910313903,0.32695293080843285,0.19664960004992232,0.7702518853678848,0.698048237427071,0.16053811659192826,0.8156424581005587,0.0,0.16053811659192826,0.8156424581005587,0.0,K001+KI03+KA06
xgboost,raw,source_holdout,0.3541666666666667,0.3075471806641243,0.3536005434890588,0.8632351451345538,0.5283160058807848,,,,,,,K001+KI03+KA06
xgboost,raw,target_real,0.36233183856502243,0.35236567689844484,0.3820694057930746,0.9456049811387535,0.6236018458736761,0.008968609865470852,0.7,0.0,0.008968609865470852,0.7,0.0,K001+KI03+KA06
xgboost,temperature,target_real,0.36233183856502243,0.35236567689844484,0.004612063324813255,0.6650214694903378,0.6277563235998481,0.006278026905829596,0.8571428571428571,0.0,0.006278026905829596,0.8571428571428571,0.0,K001+KI03+KA06
xgboost,isotonic,target_real,0.31031390134529147,0.29435133850042045,0.19162570170211252,0.7374608414059264,0.6230725642935189,0.16412556053811658,0.7377049180327869,0.004484304932735426,0.16412556053811658,0.7377049180327869,0.004484304932735426,K001+KI03+KA06
random_forest,raw,source_holdout,0.325,0.2836457803301562,0.28857986027498705,0.8095926020417359,0.58797352204391,,,,,,,K001+KI03+KA07
random_forest,raw,target_real,0.3704035874439462,0.35313398898462794,0.29623954186667184,0.8543773640620228,0.6206646731034396,0.008968609865470852,0.2,0.0026905829596412557,0.008968609865470852,0.2,0.0026905829596412557,K001+KI03+KA07
random_forest,temperature,target_real,0.3704035874439462,0.35313398898462794,0.01389421172729008,0.663173737872783,0.6192115076997993,0.013452914798206279,0.13333333333333333,0.011659192825112108,0.013452914798206279,0.13333333333333333,0.011659192825112108,K001+KI03+KA07
random_forest,isotonic,target_real,0.30672645739910315,0.2988753893364715,0.17506494905318376,0.7455046446033619,0.6715872694857855,0.17937219730941703,0.725,0.0,0.17937219730941703,0.725,0.0,K001+KI03+KA07
svm,raw,source_holdout,0.3375,0.2992428388980113,0.2805124055829755,0.8138559220177658,0.5864484246127705,,,,,,,K001+KI03+KA07
svm,raw,target_real,0.3919282511210762,0.37812109194506954,0.23274172627214823,0.80394720765667,0.6430593076176996,0.0,,0.0,0.0,,0.0,K001+KI03+KA07
svm,temperature,target_real,0.3919282511210762,0.37812109194506954,0.04318715597611633,0.6657977415023728,0.6410086517946589,0.0,,0.0,0.0,,0.0,K001+KI03+KA07
svm,isotonic,target_real,0.28878923766816145,0.2828095776361424,0.18663797386077852,0.7438502012097046,0.7153374161726026,0.18475336322869956,0.8058252427184466,0.0,0.18475336322869956,0.8058252427184466,0.0,K001+KI03+KA07
xgboost,raw,source_holdout,0.32083333333333336,0.29613140488350037,0.3857519259055456,0.9304623662756683,0.6079698314518187,,,,,,,K001+KI03+KA07
xgboost,raw,target_real,0.3704035874439462,0.3608171118959647,0.38335257175257387,0.9452253350198361,0.6157876731786255,0.013452914798206279,0.7333333333333333,0.0,0.013452914798206279,0.7333333333333333,0.0,K001+KI03+KA07
xgboost,temperature,target_real,0.3704035874439462,0.3608171118959647,0.006553598988040348,0.6645474091643563,0.6186005600509124,0.034080717488789235,0.6578947368421053,0.0,0.034080717488789235,0.6578947368421053,0.0,K001+KI03+KA07
xgboost,isotonic,target_real,0.33363228699551567,0.32594946554395227,0.12465302454291727,0.7014422364338497,0.607400596253308,0.10224215246636771,0.7368421052631579,0.003587443946188341,0.10224215246636771,0.7368421052631579,0.003587443946188341,K001+KI03+KA07
random_forest,raw,source_holdout,0.3389121338912134,0.2905456216449724,0.26414978384086346,0.8221210009989032,0.648921478571442,,,,,,,K001+KI03+KA08
random_forest,raw,target_real,0.3695067264573991,0.35003968430996774,0.2953455514145184,0.8621587897189336,0.6282192910940488,0.008968609865470852,0.4,0.004484304932735426,0.008968609865470852,0.4,0.004484304932735426,K001+KI03+KA08
random_forest,temperature,target_real,0.3695067264573991,0.35003968430996774,0.014853956624065644,0.664023447124905,0.62384978146892,0.0053811659192825115,0.0,0.013452914798206279,0.0053811659192825115,0.0,0.013452914798206279,K001+KI03+KA08
random_forest,isotonic,target_real,0.357847533632287,0.32932692600253805,0.17163075264590089,0.7379731528918626,0.6693460521716658,0.08161434977578476,0.6373626373626373,0.0,0.08161434977578476,0.6373626373626373,0.0,K001+KI03+KA08
svm,raw,source_holdout,0.3389121338912134,0.28110550651534255,0.2665203968552316,0.8130671982667341,0.62575623294818,,,,,,,K001+KI03+KA08
svm,raw,target_real,0.39641255605381165,0.38022519758847545,0.22204969628480475,0.8083132530774773,0.6544491117205163,0.0008968609865470852,1.0,0.0,0.0008968609865470852,1.0,0.0,K001+KI03+KA08
svm,temperature,target_real,0.39641255605381165,0.38022519758847545,0.04790155892522985,0.6662332665368026,0.6543811060703696,0.0008968609865470852,1.0,0.0,0.0008968609865470852,1.0,0.0,K001+KI03+KA08
svm,isotonic,target_real,0.31031390134529147,0.3004639587120197,0.17520009486685906,0.7364094680464943,0.7061505428836674,0.13542600896860987,0.7880794701986755,0.0,0.13542600896860987,0.7880794701986755,0.0,K001+KI03+KA08
xgboost,raw,source_holdout,0.32217573221757323,0.29112813963388673,0.36819003441343745,0.9334901282157521,0.6725620029433678,,,,,,,K001+KI03+KA08
xgboost,raw,target_real,0.3695067264573991,0.3607614547091101,0.3724025015071903,0.940905836307015,0.6205189304025621,0.013452914798206279,0.6666666666666666,0.0,0.013452914798206279,0.6666666666666666,0.0,K001+KI03+KA08
xgboost,temperature,target_real,0.3695067264573991,0.3607614547091101,0.010936855785178163,0.6650173624840768,0.6234856325234808,0.006278026905829596,0.7142857142857143,0.0,0.006278026905829596,0.7142857142857143,0.0,K001+KI03+KA08
xgboost,isotonic,target_real,0.34798206278026905,0.3365098189293143,0.11998708398780819,0.7231509318948961,0.6240361843242591,0.17668161434977578,0.7563451776649747,0.007174887892376682,0.17668161434977578,0.7563451776649747,0.007174887892376682,K001+KI03+KA08
random_forest,raw,source_holdout,0.34309623430962344,0.2954214548953398,0.2651452245177209,0.8034574404229102,0.5947742665077448,,,,,,,K001+KI03+KA09
random_forest,raw,target_real,0.3704035874439462,0.35296948476617507,0.28711583065108226,0.8532737049067475,0.6316522663601843,0.03587443946188341,0.575,0.0008968609865470852,0.03587443946188341,0.575,0.0008968609865470852,K001+KI03+KA09
random_forest,temperature,target_real,0.3704035874439462,0.35296948476617507,0.01166719936741174,0.6659552605032368,0.6291150539295738,0.04304932735426009,0.5416666666666666,0.003587443946188341,0.04304932735426009,0.5416666666666666,0.003587443946188341,K001+KI03+KA09
random_forest,isotonic,target_real,0.34618834080717487,0.3432015555047669,0.17989072759020636,0.7518437565445769,0.6678186951282117,0.16502242152466368,0.7336956521739131,0.0,0.16502242152466368,0.7336956521739131,0.0,K001+KI03+KA09
svm,raw,source_holdout,0.38493723849372385,0.3305610529953193,0.22425537888092636,0.7686721031235283,0.5470769167275276,,,,,,,K001+KI03+KA09
svm,raw,target_real,0.3874439461883408,0.37308422045930695,0.2238599163863201,0.8007834613691378,0.6540764727448112,0.0008968609865470852,1.0,0.0,0.0008968609865470852,1.0,0.0,K001+KI03+KA09
svm,temperature,target_real,0.3874439461883408,0.37308422045930695,0.03040824782633778,0.6666977874684303,0.6529689728115617,0.0,,0.0,0.0,,0.0,K001+KI03+KA09
svm,isotonic,target_real,0.33721973094170404,0.33274334016156937,0.1821857750465115,0.75997908926432,0.6762947628635346,0.17937219730941703,0.81,0.0,0.17937219730941703,0.81,0.0,K001+KI03+KA09
xgboost,raw,source_holdout,0.32217573221757323,0.2920803486006001,0.38012755540624327,0.9243528554191851,0.6259342806277756,,,,,,,K001+KI03+KA09
xgboost,raw,target_real,0.3695067264573991,0.36131855547039393,0.38135907978754946,0.9472612668481375,0.6170541285753288,0.015246636771300448,0.6470588235294118,0.0,0.015246636771300448,0.6470588235294118,0.0,K001+KI03+KA09
xgboost,temperature,target_real,0.3695067264573991,0.36131855547039393,0.0068569879207217195,0.6648992346660355,0.6212774495328753,0.0053811659192825115,0.6666666666666666,0.0,0.0053811659192825115,0.6666666666666666,0.0,K001+KI03+KA09
xgboost,isotonic,target_real,0.3183856502242152,0.3132803874565725,0.15577585061115568,0.7125535119996577,0.6475258689351673,0.13004484304932734,0.6413793103448275,0.0008968609865470852,0.13004484304932734,0.6413793103448275,0.0008968609865470852,K001+KI03+KA09
random_forest,raw,source_holdout,0.32916666666666666,0.31392496392496394,0.22966163255965233,0.803589740940244,0.6772272313464477,,,,,,,K001+KI05+KA01
random_forest,raw,target_real,0.3883408071748879,0.3781680661068905,0.2616435487937757,0.8281209745347612,0.6100743092299169,0.05560538116591928,0.6129032258064516,0.012556053811659192,0.05560538116591928,0.6129032258064516,0.012556053811659192,K001+KI05+KA01
random_forest,temperature,target_real,0.3883408071748879,0.3781680661068905,0.032070582307486606,0.6590535816478343,0.6086316758846192,0.017040358744394617,0.05263157894736842,0.012556053811659192,0.017040358744394617,0.05263157894736842,0.017937219730941704,K001+KI05+KA01
random_forest,isotonic,target_real,0.37847533632286995,0.34413257300950945,0.12150513332133053,0.6913304868287904,0.6308223906943176,0.05739910313901345,0.59375,0.015246636771300448,0.05739910313901345,0.59375,0.015246636771300448,K001+KI05+KA01
svm,raw,source_holdout,0.30416666666666664,0.29208520377293623,0.263449813695704,0.8245587663760217,0.7196339206112472,,,,,,,K001+KI05+KA01
svm,raw,target_real,0.3901345291479821,0.37693383677547226,0.20608510227200807,0.7499652526329146,0.623136613015921,0.0008968609865470852,1.0,0.0,0.0008968609865470852,1.0,0.0,K001+KI05+KA01
svm,temperature,target_real,0.3901345291479821,0.37693383677547226,0.04301544484776587,0.6632382901543847,0.6182087706768815,0.0008968609865470852,1.0,0.0,0.0008968609865470852,1.0,0.0,K001+KI05+KA01
svm,isotonic,target_real,0.3775784753363229,0.37467840244478506,0.14186945576913942,0.6980059691822138,0.6874871161716589,0.007174887892376682,0.875,0.0,0.007174887892376682,0.875,0.0,K001+KI05+KA01
xgboost,raw,source_holdout,0.30833333333333335,0.30503678551216745,0.34388830512762075,0.9174155004185214,0.7251849450718609,,,,,,,K001+KI05+KA01
xgboost,raw,target_real,0.37488789237668163,0.3705266589331743,0.3653769252011594,0.9061551553282257,0.6046623778614162,0.039461883408071746,0.5909090909090909,0.0,0.039461883408071746,0.5909090909090909,0.0,K001+KI05+KA01
xgboost,temperature,target_real,0.37488789237668163,0.3705266589331743,0.01215430983911556,0.6612861894970768,0.6031568330122932,0.04035874439461883,0.5777777777777777,0.0008968609865470852,0.04035874439461883,0.5777777777777777,0.0008968609865470852,K001+KI05+KA01
xgboost,isotonic,target_real,0.38385650224215245,0.3738073430909307,0.16236597803758776,0.707814445973887,0.6271763202419729,0.054708520179372194,0.5081967213114754,0.0,0.054708520179372194,0.5081967213114754,0.0,K001+KI05+KA01
random_forest,raw,source_holdout,0.21666666666666667,0.21826218615231166,0.3715213345393694,0.8912653885824606,0.7700288000319387,,,,,,,K001+KI05+KA03
random_forest,raw,target_real,0.36771300448430494,0.35733104147286454,0.29871873666532517,0.8634407782427557,0.6553022562237004,0.0,,0.0008968609865470852,0.0,,0.0008968609865470852,K001+KI05+KA03
random_forest,temperature,target_real,0.36771300448430494,0.35733104147286454,0.016242930276242813,0.6640549627627153,0.6417899155290385,0.009865470852017937,0.6363636363636364,0.0008968609865470852,0.009865470852017937,0.6363636363636364,0.0008968609865470852,K001+KI05+KA03
random_forest,isotonic,target_real,0.3201793721973094,0.2828013565513115,0.09045666045515333,0.6906529681366562,0.7086596863685386,0.0,,0.0008968609865470852,0.0,,0.0008968609865470852,K001+KI05+KA03
svm,raw,source_holdout,0.17916666666666667,0.18667347244250668,0.437479833737543,0.9728902849844009,0.8664510285564874,,,,,,,K001+KI05+KA03
svm,raw,target_real,0.3596412556053812,0.35072458517024047,0.25792710617475734,0.7972601345891625,0.6630733145951219,0.0053811659192825115,0.8333333333333334,0.0,0.0053811659192825115,0.8333333333333334,0.0,K001+KI05+KA03
svm,temperature,target_real,0.3596412556053812,0.35072458517024047,0.011117983135478793,0.6645955856452083,0.6682459478516793,0.0053811659192825115,0.8333333333333334,0.0,0.0053811659192825115,0.8333333333333334,0.0,K001+KI05+KA03
svm,isotonic,target_real,0.32645739910313903,0.2598175487343813,0.11871771304552378,0.7103311238483436,0.7320802334940099,0.0053811659192825115,0.8333333333333334,0.0,0.0053811659192825115,0.8333333333333334,0.0,K001+KI05+KA03
xgboost,raw,source_holdout,0.2625,0.2623077355553069,0.41491516468425593,1.0185942180003207,0.7809928332209544,,,,,,,K001+KI05+KA03
xgboost,raw,target_real,0.3614349775784753,0.3545991571259877,0.3892453388782895,0.949832000283141,0.6423239100932538,0.023318385650224215,0.7307692307692307,0.0,0.023318385650224215,0.7307692307692307,0.0,K001+KI05+KA03
xgboost,temperature,target_real,0.3614349775784753,0.3545991571259877,0.011997631025571623,0.6644654544147629,0.6442020337270508,0.023318385650224215,0.8076923076923077,0.0,0.023318385650224215,0.8076923076923077,0.0,K001+KI05+KA03
xgboost,isotonic,target_real,0.36053811659192825,0.326832077775474,0.1322428487876848,0.714546204143687,0.6560752005256187,0.021524663677130046,0.7916666666666666,0.0,0.021524663677130046,0.7916666666666666,0.0,K001+KI05+KA03
random_forest,raw,source_holdout,0.37656903765690375,0.3356417744402725,0.22006745490486793,0.7559745540924749,0.5627250761632859,,,,,,,K001+KI05+KA05
random_forest,raw,target_real,0.36053811659192825,0.34821945907697244,0.29089532684433667,0.8420983215267521,0.6371844028764287,0.04753363228699552,0.660377358490566,0.0,0.04753363228699552,0.660377358490566,0.0,K001+KI05+KA05
random_forest,temperature,target_real,0.36053811659192825,0.34821945907697244,0.036203163043066304,0.6666761897863486,0.6255997728108134,0.04663677130044843,0.5769230769230769,0.0,0.04663677130044843,0.5769230769230769,0.0,K001+KI05+KA05
random_forest,isotonic,target_real,0.3488789237668161,0.34686657339172466,0.1754387424328411,0.7537424059037445,0.6514641753677091,0.033183856502242155,0.4594594594594595,0.0,0.033183856502242155,0.4594594594594595,0.0,K001+KI05+KA05
svm,raw,source_holdout,0.37656903765690375,0.3316937164006754,0.22289813844983342,0.764856584041679,0.5748669148136117,,,,,,,K001+KI05+KA05
svm,raw,target_real,0.36771300448430494,0.35577668565072934,0.21747693266475934,0.7652494623309749,0.6596248247116764,0.003587443946188341,1.0,0.0,0.003587443946188341,1.0,0.0,K001+KI05+KA05
svm,temperature,target_real,0.36771300448430494,0.35577668565072934,0.015061808786790485,0.6625351261208036,0.6561505853785812,0.0026905829596412557,1.0,0.0,0.0026905829596412557,1.0,0.0,K001+KI05+KA05
svm,isotonic,target_real,0.32286995515695066,0.31608749077484916,0.18358290306424677,0.772385005313668,0.702558121994788,0.007174887892376682,1.0,0.0,0.007174887892376682,1.0,0.0,K001+KI05+KA05
xgboost,raw,source_holdout,0.39330543933054396,0.3612966131526954,0.27749024799179334,0.8312933635647419,0.5783752506501934,,,,,,,K001+KI05+KA05
xgboost,raw,target_real,0.3542600896860987,0.3490754980687249,0.37909238653867233,0.92130204046716,0.6257474104274302,0.06905829596412556,0.5194805194805194,0.0,0.06905829596412556,0.5194805194805194,0.0,K001+KI05+KA05
xgboost,temperature,target_real,0.3542600896860987,0.3490754980687249,0.03239706235500861,0.6627432864927536,0.6258253050454157,0.08251121076233184,0.532608695652174,0.0,0.08251121076233184,0.532608695652174,0.0,K001+KI05+KA05
xgboost,isotonic,target_real,0.35695067264573993,0.3569543848631107,0.17856303792195982,0.7630758892273305,0.6327982702671127,0.07713004484304933,0.7790697674418605,0.0,0.07713004484304933,0.7790697674418605,0.0,K001+KI05+KA05
random_forest,raw,source_holdout,0.4125,0.34684372866191043,0.20078708176625976,0.7232390627367306,0.46966501142232014,,,,,,,K001+KI05+KA06
random_forest,raw,target_real,0.36591928251121075,0.35040611390590864,0.2847555886881957,0.8400183416758403,0.6358765805192792,0.06188340807174888,0.6521739130434783,0.0026905829596412557,0.06188340807174888,0.6521739130434783,0.0026905829596412557,K001+KI05+KA06
random_forest,temperature,target_real,0.36591928251121075,0.35040611390590864,0.05694408176760216,0.6760709949087393,0.6292708496143891,0.06278026905829596,0.6571428571428571,0.0026905829596412557,0.06278026905829596,0.6571428571428571,0.0026905829596412557,K001+KI05+KA06
random_forest,isotonic,target_real,0.33901345291479823,0.3354370321515305,0.23141105143518576,0.8155602598553909,0.6579484821089474,0.07443946188340807,0.6506024096385542,0.014349775784753363,0.07443946188340807,0.6506024096385542,0.014349775784753363,K001+KI05+KA06
svm,raw,source_holdout,0.4041666666666667,0.34116745033252843,0.21405426841202535,0.7347797799402801,0.47483727000538034,,,,,,,K001+KI05+KA06
svm,raw,target_real,0.38385650224215245,0.3685368267774185,0.20863521900652515,0.7627423727250462,0.6523880112130882,0.004484304932735426,1.0,0.0,0.004484304932735426,1.0,0.0,K001+KI05+KA06
svm,temperature,target_real,0.38385650224215245,0.3685368267774185,0.04322862867481325,0.6619018218837558,0.6493640503123235,0.0026905829596412557,1.0,0.0,0.0026905829596412557,1.0,0.0,K001+KI05+KA06
svm,isotonic,target_real,0.34439461883408073,0.34229353705960985,0.21356212738181696,0.8001244107507206,0.7107736129133646,0.05022421524663677,0.8392857142857143,0.0,0.05022421524663677,0.8392857142857143,0.0,K001+KI05+KA06
xgboost,raw,source_holdout,0.4,0.36143990258606246,0.3067811633149783,0.7975579861810215,0.47204636995613125,,,,,,,K001+KI05+KA06
xgboost,raw,target_real,0.36233183856502243,0.3537376529511413,0.370695403097991,0.9145316505699268,0.6188635956646935,0.11838565022421525,0.5,0.0,0.11838565022421525,0.5,0.0,K001+KI05+KA06
xgboost,temperature,target_real,0.36233183856502243,0.3537376529511413,0.060668197106542275,0.6683039681681242,0.6188331310246771,0.06188340807174888,0.5362318840579711,0.0,0.06188340807174888,0.5362318840579711,0.0,K001+KI05+KA06
xgboost,isotonic,target_real,0.34439461883408073,0.33938266885040597,0.20739089768766394,0.7980763089239217,0.6754467095271999,0.08251121076233184,0.8152173913043478,0.0,0.08251121076233184,0.8152173913043478,0.0,K001+KI05+KA06
random_forest,raw,source_holdout,0.38333333333333336,0.339116737391953,0.20837319916836158,0.7482857564742053,0.5393703437192041,,,,,,,K001+KI05+KA07
random_forest,raw,target_real,0.3632286995515695,0.35067848130232737,0.29005923628467134,0.8414408483432441,0.6307460021855802,0.07443946188340807,0.6746987951807228,0.0017937219730941704,0.07443946188340807,0.6746987951807228,0.0017937219730941704,K001+KI05+KA07
random_forest,temperature,target_real,0.3632286995515695,0.35067848130232737,0.03307745045456336,0.6652096077737449,0.622222344433253,0.06995515695067264,0.6794871794871795,0.0017937219730941704,0.06995515695067264,0.6794871794871795,0.0017937219730941704,K001+KI05+KA07
random_forest,isotonic,target_real,0.34260089686098655,0.3402898876762115,0.17415103384788344,0.7632372928315057,0.670642983166256,0.05022421524663677,0.5892857142857143,0.0,0.05022421524663677,0.5892857142857143,0.0,K001+KI05+KA07
svm,raw,source_holdout,0.4,0.35246138487464224,0.2003895082668893,0.7447474139609612,0.5174325905595528,,,,,,,K001+KI05+KA07
svm,raw,target_real,0.3820627802690583,0.36887471894796625,0.20736589030415334,0.7610021989478355,0.6504656261615768,0.004484304932735426,1.0,0.0,0.004484304932735426,1.0,0.0,K001+KI05+KA07
svm,temperature,target_real,0.3820627802690583,0.36887471894796625,0.026931189310545382,0.6610122873243609,0.6465465518343291,0.0026905829596412557,1.0,0.0,0.0026905829596412557,1.0,0.0,K001+KI05+KA07
svm,isotonic,target_real,0.3309417040358744,0.32256476451230776,0.16084970276672003,0.743818642336526,0.7162136793400123,0.039461883408071746,0.8409090909090909,0.0,0.039461883408071746,0.8409090909090909,0.0,K001+KI05+KA07
xgboost,raw,source_holdout,0.36666666666666664,0.34425823375109293,0.31718300978342695,0.8503549079041922,0.5564245402208852,,,,,,,K001+KI05+KA07
xgboost,raw,target_real,0.36233183856502243,0.35416284473796855,0.37392522575074777,0.9107898849793801,0.6198063551831848,0.08789237668161436,0.5510204081632653,0.0,0.08789237668161436,0.5510204081632653,0.0,K001+KI05+KA07
xgboost,temperature,target_real,0.36233183856502243,0.35416284473796855,0.01788645856027836,0.6611819091387597,0.6204580652680911,0.010762331838565023,0.6666666666666666,0.0,0.010762331838565023,0.6666666666666666,0.0,K001+KI05+KA07
xgboost,isotonic,target_real,0.3345291479820628,0.30728310969557976,0.15777975910582223,0.7527297465633338,0.6672679813362958,0.053811659192825115,0.85,0.0,0.053811659192825115,0.85,0.0,K001+KI05+KA07
random_forest,raw,source_holdout,0.39330543933054396,0.33784109729019524,0.2034656274633749,0.7355619875492364,0.5112326035664677,,,,,,,K001+KI05+KA08
random_forest,raw,target_real,0.3704035874439462,0.355491809028442,0.2827945731531366,0.8440577994281329,0.6321390618171584,0.07085201793721974,0.6582278481012658,0.003587443946188341,0.07085201793721974,0.6582278481012658,0.003587443946188341,K001+KI05+KA08
random_forest,temperature,target_real,0.3704035874439462,0.355491809028442,0.038408366492069024,0.6672755924191265,0.6221063779690749,0.054708520179372194,0.6065573770491803,0.0026905829596412557,0.054708520179372194,0.6065573770491803,0.0026905829596412557,K001+KI05+KA08
random_forest,isotonic,target_real,0.33363228699551567,0.3190879603537103,0.19634621237679356,0.7700130414773995,0.6660833011015995,0.03587443946188341,0.475,0.0,0.03587443946188341,0.475,0.0,K001+KI05+KA08
svm,raw,source_holdout,0.40585774058577406,0.33402580832929174,0.20335641298883977,0.7313467308941536,0.47772128884459203,,,,,,,K001+KI05+KA08
svm,raw,target_real,0.3775784753363229,0.3632812026038776,0.2128879106492153,0.7644079522851184,0.6588925924208584,0.0053811659192825115,1.0,0.0,0.0053811659192825115,1.0,0.0,K001+KI05+KA08
svm,temperature,target_real,0.3775784753363229,0.3632812026038776,0.034884443139107865,0.661620027389428,0.6553613072727283,0.004484304932735426,1.0,0.0,0.004484304932735426,1.0,0.0,K001+KI05+KA08
svm,isotonic,target_real,0.33004484304932735,0.3067475062070492,0.20321444414545647,0.7925770287230414,0.7069684704721396,0.05201793721973094,0.8275862068965517,0.0,0.05201793721973094,0.8275862068965517,0.0,K001+KI05+KA08
xgboost,raw,source_holdout,0.4100418410041841,0.37791240691657196,0.27142334807368,0.8213128367884994,0.5668443418652297,,,,,,,K001+KI05+KA08
xgboost,raw,target_real,0.36233183856502243,0.35643855089038795,0.36718075695059227,0.9137801397282018,0.6245498880147996,0.02600896860986547,0.7241379310344828,0.0,0.02600896860986547,0.7241379310344828,0.0,K001+KI05+KA08
xgboost,temperature,target_real,0.36233183856502243,0.35643855089038795,0.020491199379421482,0.663012662830079,0.622349682369534,0.011659192825112108,0.7692307692307693,0.0,0.011659192825112108,0.7692307692307693,0.0,K001+KI05+KA08
xgboost,isotonic,target_real,0.35874439461883406,0.35370212725835826,0.18266171972448145,0.7694944624179472,0.6680443036170238,0.0484304932735426,0.8148148148148148,0.0,0.0484304932735426,0.8148148148148148,0.0,K001+KI05+KA08
random_forest,raw,source_holdout,0.38493723849372385,0.3373691208798551,0.2356928484012315,0.758026841939045,0.5462618460557448,,,,,,,K001+KI05+KA09
random_forest,raw,target_real,0.3775784753363229,0.3644001315875378,0.2773910370182864,0.839124675655784,0.6275799242835493,0.06457399103139014,0.6666666666666666,0.0026905829596412557,0.06457399103139014,0.6666666666666666,0.0026905829596412557,K001+KI05+KA09
random_forest,temperature,target_real,0.3775784753363229,0.3644001315875378,0.04267777268321071,0.6650099607703854,0.6163078932503493,0.015246636771300448,0.058823529411764705,0.0017937219730941704,0.015246636771300448,0.058823529411764705,0.0017937219730941704,K001+KI05+KA09
random_forest,isotonic,target_real,0.32107623318385653,0.2928625567491899,0.19703214468987063,0.7622976575590412,0.6644240308749663,0.06726457399103139,0.64,0.0,0.06726457399103139,0.64,0.0,K001+KI05+KA09
svm,raw,source_holdout,0.35564853556485354,0.3024174169463877,0.24701798912605263,0.7661113231703994,0.5413591441157127,,,,,,,K001+KI05+KA09
svm,raw,target_real,0.3739910313901345,0.36275509192313965,0.2117383138390595,0.7625118115968548,0.6579931719112783,0.004484304932735426,1.0,0.0,0.004484304932735426,1.0,0.0,K001+KI05+KA09
svm,temperature,target_real,0.3739910313901345,0.36275509192313965,0.022488845887963065,0.6620897048742247,0.6542924913731328,0.0053811659192825115,1.0,0.0,0.0053811659192825115,1.0,0.0,K001+KI05+KA09
svm,isotonic,target_real,0.3255605381165919,0.30879554818674654,0.17504716436074325,0.7882635554938441,0.7024333987279704,0.04484304932735426,0.84,0.0,0.04484304932735426,0.84,0.0,K001+KI05+KA09
xgboost,raw,source_holdout,0.33472803347280333,0.30826080138006745,0.3610547818399373,0.8779282578967108,0.5801622684232718,,,,,,,K001+KI05+KA09
xgboost,raw,target_real,0.3695067264573991,0.3620432073306821,0.36642561728644263,0.9079715757515928,0.6142952492606378,0.07354260089686099,0.524390243902439,0.0,0.07354260089686099,0.524390243902439,0.0,K001+KI05+KA09
xgboost,temperature,target_real,0.3695067264573991,0.3620432073306821,0.006195301943731829,0.6618753223551582,0.6139085389798121,0.06098654708520179,0.5147058823529411,0.0,0.06098654708520179,0.5147058823529411,0.0,K001+KI05+KA09
xgboost,isotonic,target_real,0.32825112107623317,0.3003263025816808,0.149672561576131,0.7362162935460197,0.6548958557090215,0.060089686098654706,0.6716417910447762,0.0,0.060089686098654706,0.6716417910447762,0.0,K001+KI05+KA09
random_forest,raw,source_holdout,0.3723849372384937,0.35954092204092203,0.17830445531491124,0.7438634837431886,0.6123012401995703,,,,,,,K001+KI07+KA01
random_forest,raw,target_real,0.3901345291479821,0.382381883315785,0.2506422574696271,0.8085130398550756,0.6095284890425162,0.034080717488789235,0.5,0.0053811659192825115,0.034080717488789235,0.5,0.0053811659192825115,K001+KI07+KA01
random_forest,temperature,target_real,0.3901345291479821,0.382381883315785,0.04416305181923826,0.6576178193003487,0.6077084495962294,0.16681614349775784,0.6397849462365591,0.0053811659192825115,0.16681614349775784,0.6397849462365591,0.0053811659192825115,K001+KI07+KA01
random_forest,isotonic,target_real,0.3632286995515695,0.357887580672684,0.15690817252324696,0.7767673937211613,0.6445838341539712,0.13901345291479822,0.7161290322580646,0.0,0.13901345291479822,0.7161290322580646,0.0,K001+KI07+KA01
svm,raw,source_holdout,0.35564853556485354,0.3361748552584272,0.19514963471177096,0.7543285093368609,0.60281320793247,,,,,,,K001+KI07+KA01
svm,raw,target_real,0.3811659192825112,0.37034182658817766,0.20528244885122643,0.7526475579893012,0.6362560447351164,0.06636771300448431,0.7702702702702703,0.0,0.06636771300448431,0.7702702702702703,0.0,K001+KI07+KA01
svm,temperature,target_real,0.3811659192825112,0.37034182658817766,0.03304808164437939,0.6634374774955588,0.63209845553466,0.04753363228699552,0.8113207547169812,0.0,0.04753363228699552,0.8113207547169812,0.0,K001+KI07+KA01
svm,isotonic,target_real,0.37847533632286995,0.36149169580184476,0.13364273980427974,0.7648657705842837,0.6745560514914618,0.0,,0.0008968609865470852,0.0,,0.0008968609865470852,K001+KI07+KA01
xgboost,raw,source_holdout,0.39748953974895396,0.3871115697741085,0.2598695949530502,0.818371600814125,0.5863514679090696,,,,,,,K001+KI07+KA01
xgboost,raw,target_real,0.3739910313901345,0.3703056065858204,0.35170509411615103,0.8899803624480752,0.5897539201100077,0.021524663677130046,0.4166666666666667,0.0,0.021524663677130046,0.4166666666666667,0.0,K001+KI07+KA01
xgboost,temperature,target_real,0.3739910313901345,0.3703056065858204,0.002733787046614796,0.6574517279150626,0.5914942686248538,0.012556053811659192,0.5,0.0,0.012556053811659192,0.5,0.0,K001+KI07+KA01
xgboost,isotonic,target_real,0.37847533632286995,0.37605463073145184,0.13481849748961594,0.7213405838997864,0.6075802547739296,0.008968609865470852,0.8,0.0,0.008968609865470852,0.8,0.0,K001+KI07+KA01
random_forest,raw,source_holdout,0.24686192468619247,0.24503620788973257,0.3339778189721976,0.8554575266182816,0.7358785383627521,,,,,,,K001+KI07+KA03
random_forest,raw,target_real,0.35515695067264574,0.348491719005043,0.3015188871780638,0.8534730856303595,0.6468127031396319,0.11659192825112108,0.6846153846153846,0.0,0.11659192825112108,0.6846153846153846,0.0,K001+KI07+KA03
random_forest,temperature,target_real,0.35515695067264574,0.348491719005043,0.00951871485104937,0.6628508874169635,0.6430990037722355,0.033183856502242155,0.43243243243243246,0.0,0.033183856502242155,0.43243243243243246,0.0,K001+KI07+KA03
random_forest,isotonic,target_real,0.3434977578475336,0.2950431247419466,0.11860658005021454,0.7422157744021803,0.6849589652960217,0.11031390134529148,0.7398373983739838,0.0,0.11031390134529148,0.7398373983739838,0.0,K001+KI07+KA03
svm,raw,source_holdout,0.19246861924686193,0.19663299663299663,0.4034007517437851,0.9330244202631052,0.8671317666216627,,,,,,,K001+KI07+KA03
svm,raw,target_real,0.3506726457399103,0.34483814756470416,0.271552058784835,0.8143289291322364,0.6936654780460587,0.003587443946188341,1.0,0.0,0.003587443946188341,1.0,0.0,K001+KI07+KA03
svm,temperature,target_real,0.3506726457399103,0.34483814756470416,0.0021320005310142,0.6653927134907613,0.6954315377873997,0.0053811659192825115,0.8333333333333334,0.0,0.0053811659192825115,0.8333333333333334,0.0,K001+KI07+KA03
svm,isotonic,target_real,0.32466367713004485,0.24848694258583445,0.11489761950886106,0.7376205248399736,0.7759614135992224,0.10403587443946188,0.8103448275862069,0.0,0.10403587443946188,0.8103448275862069,0.0,K001+KI07+KA03
xgboost,raw,source_holdout,0.301255230125523,0.2980490130187849,0.379542116340733,0.9682364157112914,0.7360709101356251,,,,,,,K001+KI07+KA03
xgboost,raw,target_real,0.368609865470852,0.36490045037757296,0.36964609855493624,0.9351877512025355,0.6183492844335582,0.026905829596412557,0.6666666666666666,0.0,0.026905829596412557,0.6666666666666666,0.0,K001+KI07+KA03
xgboost,temperature,target_real,0.368609865470852,0.36490045037757296,0.022488631353416375,0.6622224022833477,0.6192329522920157,0.03497757847533632,0.6666666666666666,0.0,0.03497757847533632,0.6666666666666666,0.0,K001+KI07+KA03
xgboost,isotonic,target_real,0.3668161434977579,0.3442454491418589,0.1062108668531862,0.7233321798631077,0.6324635317549835,0.04304932735426009,0.6875,0.0,0.04304932735426009,0.6875,0.0,K001+KI07+KA03
random_forest,raw,source_holdout,0.3697478991596639,0.3254244665160844,0.2202878033214181,0.7639104361447169,0.5863202892933064,,,,,,,K001+KI07+KA05
random_forest,raw,target_real,0.35874439461883406,0.3443373213850862,0.29319430209788616,0.8312853747721636,0.6350919768135701,0.10672645739910314,0.6218487394957983,0.0,0.10672645739910314,0.6218487394957983,0.0,K001+KI07+KA05
random_forest,temperature,target_real,0.35874439461883406,0.3443373213850862,0.03727311193757594,0.6640614122193563,0.6311033182390072,0.10134529147982063,0.6194690265486725,0.0,0.10134529147982063,0.6194690265486725,0.0,K001+KI07+KA05
random_forest,isotonic,target_real,0.34260089686098655,0.3432195651446988,0.20458161605719744,0.8030217382844657,0.652762081690439,0.23946188340807176,0.7453183520599251,0.0,0.23946188340807176,0.7453183520599251,0.0,K001+KI07+KA05
svm,raw,source_holdout,0.31932773109243695,0.27337109465840137,0.2817066000463102,0.7908750412541525,0.6137202425698972,,,,,,,K001+KI07+KA05
svm,raw,target_real,0.3596412556053812,0.3418700740889191,0.23950735151323937,0.7857493966163771,0.6833146360713042,0.0242152466367713,0.8148148148148148,0.0,0.0242152466367713,0.8148148148148148,0.0,K001+KI07+KA05
svm,temperature,target_real,0.3596412556053812,0.3418700740889191,0.003578323514805748,0.6643677895089233,0.6776875948337964,0.02062780269058296,0.8695652173913043,0.0,0.02062780269058296,0.8695652173913043,0.0,K001+KI07+KA05
svm,isotonic,target_real,0.3130044843049327,0.31154705977251584,0.22144566135917104,0.8157758859694947,0.718108695633762,0.22152466367713006,0.7975708502024291,0.0,0.22152466367713006,0.7975708502024291,0.0,K001+KI07+KA05
xgboost,raw,source_holdout,0.40336134453781514,0.37599579873071826,0.27530460961225656,0.845955860175631,0.5893172570050781,,,,,,,K001+KI07+KA05
xgboost,raw,target_real,0.3668161434977579,0.3606043291433008,0.3674986221597868,0.9054549943322431,0.6077081712769712,0.010762331838565023,0.75,0.0,0.010762331838565023,0.75,0.0,K001+KI07+KA05
xgboost,temperature,target_real,0.3668161434977579,0.3606043291433008,0.014374570841349478,0.6586979797562462,0.6053362256303758,0.009865470852017937,0.8181818181818182,0.0,0.009865470852017937,0.8181818181818182,0.0,K001+KI07+KA05
xgboost,isotonic,target_real,0.36771300448430494,0.36103464855250095,0.1494950934476545,0.7351399088855441,0.6130516001616314,0.11300448430493273,0.4523809523809524,0.0,0.11300448430493273,0.4523809523809524,0.0,K001+KI07+KA05
random_forest,raw,source_holdout,0.41422594142259417,0.34728322578030485,0.19198117425900388,0.7232737025321494,0.47319324583200834,,,,,,,K001+KI07+KA06
random_forest,raw,target_real,0.3614349775784753,0.345822226386527,0.28740404195858105,0.8321755996486495,0.6351547631644836,0.14977578475336323,0.6407185628742516,0.0,0.14977578475336323,0.6407185628742516,0.0,K001+KI07+KA06
random_forest,temperature,target_real,0.3614349775784753,0.345822226386527,0.06405055838263671,0.6701683656467168,0.6271972687605122,0.12825112107623318,0.6713286713286714,0.0,0.12825112107623318,0.6713286713286714,0.0,K001+KI07+KA06
random_forest,isotonic,target_real,0.3399103139013453,0.3393252202196952,0.24376606119781646,0.8543683910822413,0.6612582536535867,0.24125560538116592,0.7509293680297398,0.0,0.24125560538116592,0.7509293680297398,0.0,K001+KI07+KA06
svm,raw,source_holdout,0.3891213389121339,0.31415024046602996,0.2157563814750656,0.736708010525734,0.5072446011265433,,,,,,,K001+KI07+KA06
svm,raw,target_real,0.3524663677130045,0.33427368697566306,0.2464967829791903,0.7815125592393124,0.6807343611954494,0.003587443946188341,1.0,0.0,0.003587443946188341,1.0,0.0,K001+KI07+KA06
svm,temperature,target_real,0.3524663677130045,0.33427368697566306,0.034990254070243,0.6646241285966774,0.6781522668494512,0.003587443946188341,1.0,0.0,0.003587443946188341,1.0,0.0,K001+KI07+KA06
svm,isotonic,target_real,0.3112107623318386,0.3060980006640126,0.23501056537335802,0.8398809724070218,0.6792532719346344,0.16950672645739912,0.8095238095238095,0.0,0.16950672645739912,0.8095238095238095,0.0,K001+KI07+KA06
xgboost,raw,source_holdout,0.42677824267782427,0.400016373579592,0.2705353182978211,0.7927818575539161,0.4821619329352832,,,,,,,K001+KI07+KA06
xgboost,raw,target_real,0.3614349775784753,0.35375810183259987,0.3639697868995068,0.9065768144013853,0.5961940499781704,0.10224215246636771,0.41228070175438597,0.0,0.10224215246636771,0.41228070175438597,0.0,K001+KI07+KA06
xgboost,temperature,target_real,0.3614349775784753,0.35375810183259987,0.06934548845465072,0.6639137318354984,0.5954186013399844,0.019730941704035873,0.4090909090909091,0.0,0.019730941704035873,0.4090909090909091,0.0,K001+KI07+KA06
xgboost,isotonic,target_real,0.3255605381165919,0.3217840367434588,0.2231589272038255,0.7752219503780882,0.6219125667154036,0.13094170403587443,0.5,0.0,0.13094170403587443,0.5,0.0,K001+KI07+KA06
random_forest,raw,source_holdout,0.41841004184100417,0.3707361550124637,0.16816415667221746,0.7228211084597287,0.4981855864298049,,,,,,,K001+KI07+KA07
random_forest,raw,target_real,0.36591928251121075,0.35190574250660117,0.28228147855287944,0.8285788495233256,0.6286849201362444,0.17937219730941703,0.665,0.0017937219730941704,0.17937219730941703,0.665,0.0017937219730941704,K001+KI07+KA07
random_forest,temperature,target_real,0.36591928251121075,0.35190574250660117,0.04470981845281691,0.6651820383243964,0.6210497320823685,0.16681614349775784,0.6559139784946236,0.0017937219730941704,0.16681614349775784,0.6559139784946236,0.0017937219730941704,K001+KI07+KA07
random_forest,isotonic,target_real,0.347085201793722,0.34238511092195,0.23386532700448218,0.844254658336196,0.6420891339963896,0.17937219730941703,0.735,0.0,0.17937219730941703,0.735,0.0,K001+KI07+KA07
svm,raw,source_holdout,0.35564853556485354,0.29766811345758715,0.2440736282255496,0.7432232046989533,0.4966252831372898,,,,,,,K001+KI07+KA07
svm,raw,target_real,0.36053811659192825,0.3441448530227064,0.23627222782773,0.776574338873801,0.6725743508558093,0.07085201793721974,0.7721518987341772,0.0,0.07085201793721974,0.7721518987341772,0.0,K001+KI07+KA07
svm,temperature,target_real,0.36053811659192825,0.3441448530227064,0.0264749629328472,0.6629010592615933,0.6674538502166342,0.04753363228699552,0.8113207547169812,0.0,0.04753363228699552,0.8113207547169812,0.0,K001+KI07+KA07
svm,isotonic,target_real,0.30672645739910315,0.3054034953629357,0.2000028343913423,0.7964040168440584,0.677953937121121,0.13542600896860987,0.7748344370860927,0.0,0.13542600896860987,0.7748344370860927,0.0,K001+KI07+KA07
xgboost,raw,source_holdout,0.39748953974895396,0.378283304869287,0.27696173360656995,0.8236892754442963,0.5452682286305117,,,,,,,K001+KI07+KA07
xgboost,raw,target_real,0.3704035874439462,0.36122493791356725,0.36178644831405093,0.908901563157823,0.6136092260177112,0.02780269058295964,0.6129032258064516,0.0,0.02780269058295964,0.6129032258064516,0.0,K001+KI07+KA07
xgboost,temperature,target_real,0.3704035874439462,0.36122493791356725,0.023250308954532048,0.6595598318853916,0.607510225107276,0.030493273542600896,0.6176470588235294,0.0,0.030493273542600896,0.6176470588235294,0.0,K001+KI07+KA07
xgboost,isotonic,target_real,0.32107623318385653,0.305084112068625,0.17718030112675368,0.7397143475265286,0.6407979525610885,0.033183856502242155,0.5135135135135135,0.0,0.033183856502242155,0.5135135135135135,0.0,K001+KI07+KA07
random_forest,raw,source_holdout,0.38235294117647056,0.3316255032804641,0.20670357412544066,0.7264273459597481,0.5103453278394685,,,,,,,K001+KI07+KA08
random_forest,raw,target_real,0.368609865470852,0.35284739379529334,0.27766319899218217,0.8329506218211231,0.6406914990349697,0.11031390134529148,0.6504065040650406,0.0017937219730941704,0.11031390134529148,0.6504065040650406,0.0017937219730941704,K001+KI07+KA08
random_forest,temperature,target_real,0.368609865470852,0.35284739379529334,0.056376608708067884,0.6671974383111543,0.6292053560230719,0.07982062780269059,0.6292134831460674,0.012556053811659192,0.07982062780269059,0.6292134831460674,0.012556053811659192,K001+KI07+KA08
random_forest,isotonic,target_real,0.32825112107623317,0.30967741899982854,0.24306708143875544,0.8601157142079121,0.6491180366886989,0.1757847533632287,0.7346938775510204,0.0,0.1757847533632287,0.7346938775510204,0.0,K001+KI07+KA08
svm,raw,source_holdout,0.38235294117647056,0.3007640507640507,0.2167411353888609,0.7335362142604717,0.5016052693034403,,,,,,,K001+KI07+KA08
svm,raw,target_real,0.35874439461883406,0.33575698382749025,0.2399939877399386,0.7773969223160445,0.6769126452866321,0.004484304932735426,1.0,0.0,0.004484304932735426,1.0,0.0,K001+KI07+KA08
svm,temperature,target_real,0.35874439461883406,0.33575698382749025,0.032191496245027415,0.6632087263674196,0.6732877385206265,0.003587443946188341,1.0,0.0,0.003587443946188341,1.0,0.0,K001+KI07+KA08
svm,isotonic,target_real,0.32645739910313903,0.31087585894849235,0.23763007635009925,0.8331913035950873,0.6714383295899904,0.07623318385650224,0.7764705882352941,0.0,0.07623318385650224,0.7764705882352941,0.0,K001+KI07+KA08
xgboost,raw,source_holdout,0.4327731092436975,0.4064262895165536,0.25847598772589897,0.8162631026945477,0.5692679610700961,,,,,,,K001+KI07+KA08
xgboost,raw,target_real,0.37847533632286995,0.3708604650899365,0.3521137551609176,0.9094050270605909,0.6127999777570272,0.008968609865470852,0.8,0.0,0.008968609865470852,0.8,0.0,K001+KI07+KA08
xgboost,temperature,target_real,0.37847533632286995,0.3708604650899365,0.025143651135048486,0.6599380223754827,0.6096735240996333,0.010762331838565023,0.75,0.0,0.010762331838565023,0.75,0.0,K001+KI07+KA08
xgboost,isotonic,target_real,0.36771300448430494,0.366851646839868,0.15503995887139882,0.7452903607935999,0.6361752141789623,0.09506726457399103,0.5377358490566038,0.0,0.09506726457399103,0.5377358490566038,0.0,K001+KI07+KA08
random_forest,raw,source_holdout,0.3949579831932773,0.3467488732465691,0.18686877750586997,0.7444759251050778,0.5556941547519948,,,,,,,K001+KI07+KA09
random_forest,raw,target_real,0.3775784753363229,0.3640859494193889,0.27489044448710115,0.8281563006882154,0.6357996611735645,0.14977578475336323,0.6586826347305389,0.0,0.14977578475336323,0.6586826347305389,0.0,K001+KI07+KA09
random_forest,temperature,target_real,0.3775784753363229,0.3640859494193889,0.04937432768774241,0.6656610609295359,0.6266588492288369,0.12197309417040358,0.6544117647058824,0.0,0.12197309417040358,0.6544117647058824,0.0,K001+KI07+KA09
random_forest,isotonic,target_real,0.3524663677130045,0.3470138253511246,0.23779029435055304,0.845615983027152,0.6488360247838718,0.2681614349775785,0.6956521739130435,0.0,0.2681614349775785,0.6956521739130435,0.0,K001+KI07+KA09
svm,raw,source_holdout,0.3697478991596639,0.30640664621247143,0.22618249888121011,0.7574360282725275,0.5536332366844781,,,,,,,K001+KI07+KA09
svm,raw,target_real,0.36053811659192825,0.34503353368923023,0.2327822461155597,0.7801042948476021,0.6840322452415968,0.004484304932735426,1.0,0.0,0.004484304932735426,1.0,0.0,K001+KI07+KA09
svm,temperature,target_real,0.36053811659192825,0.34503353368923023,0.01527268339403862,0.6638162677530216,0.678128601505184,0.003587443946188341,1.0,0.0,0.003587443946188341,1.0,0.0,K001+KI07+KA09
svm,isotonic,target_real,0.32466367713004485,0.3069835043153689,0.19488708271184896,0.8289137867780372,0.6997224149941498,0.15784753363228698,0.8068181818181818,0.0,0.15784753363228698,0.8068181818181818,0.0,K001+KI07+KA09
xgboost,raw,source_holdout,0.3865546218487395,0.3695119385973065,0.29212813868242155,0.8425250318173582,0.5765671227143012,,,,,,,K001+KI07+KA09
xgboost,raw,target_real,0.3847533632286996,0.37832054846401625,0.34481953607011806,0.9034849919816402,0.6123768707166205,0.11300448430493273,0.47619047619047616,0.0,0.11300448430493273,0.47619047619047616,0.0,K001+KI07+KA09
xgboost,temperature,target_real,0.3847533632286996,0.37832054846401625,0.022331492424164327,0.6596075481692707,0.6089780958518599,0.07892376681614349,0.5113636363636364,0.0,0.07892376681614349,0.5113636363636364,0.0,K001+KI07+KA09
xgboost,isotonic,target_real,0.36771300448430494,0.3618297834085817,0.1731470993346933,0.7364616817347217,0.6149562769983486,0.12376681614349776,0.4855072463768116,0.0,0.12376681614349776,0.4855072463768116,0.0,K001+KI07+KA09
random_forest,raw,source_holdout,0.29411764705882354,0.286170140036234,0.26368651212602195,0.7932899719317472,0.6823570322126543,,,,,,,K001+KI08+KA01
random_forest,raw,target_real,0.3883408071748879,0.376420910858071,0.2580350605378051,0.8023453998312953,0.5856722726175839,0.053811659192825115,0.6166666666666667,0.0053811659192825115,0.053811659192825115,0.6166666666666667,0.0053811659192825115,K001+KI08+KA01
random_forest,temperature,target_real,0.3883408071748879,0.376420910858071,0.0336627729739647,0.6595796852415728,0.5839907008335222,0.05560538116591928,0.5967741935483871,0.0053811659192825115,0.05560538116591928,0.5967741935483871,0.0053811659192825115,K001+KI08+KA01
random_forest,isotonic,target_real,0.37309417040358744,0.3468310703839281,0.2015878105423317,0.7552908724221233,0.6589707038213959,0.16233183856502242,0.712707182320442,0.0,0.16233183856502242,0.712707182320442,0.0,K001+KI08+KA01
svm,raw,source_holdout,0.28991596638655465,0.28800308385433604,0.299171765732577,0.8150144357738454,0.7141563948140867,,,,,,,K001+KI08+KA01
svm,raw,target_real,0.39461883408071746,0.3786788797928076,0.19747790293841097,0.7306709157889569,0.5989056460341413,0.028699551569506727,0.78125,0.0,0.028699551569506727,0.78125,0.0,K001+KI08+KA01
svm,temperature,target_real,0.39461883408071746,0.3786788797928076,0.04787609099078166,0.6625747260484091,0.5931563218163329,0.021524663677130046,0.7916666666666666,0.0,0.021524663677130046,0.7916666666666666,0.0,K001+KI08+KA01
svm,isotonic,target_real,0.32825112107623317,0.31125720876908497,0.12605044626313083,0.7488157220381279,0.7210063128563157,0.18385650224215247,0.7463414634146341,0.0,0.18385650224215247,0.7463414634146341,0.0,K001+KI08+KA01
xgboost,raw,source_holdout,0.2773109243697479,0.2764535957901892,0.3763893828922961,0.9118257825415904,0.682523631150696,,,,,,,K001+KI08+KA01
xgboost,raw,target_real,0.3865470852017937,0.37938698564055534,0.34553027078175225,0.8772881704073328,0.5688213315093824,0.015246636771300448,0.5294117647058824,0.0,0.015246636771300448,0.5294117647058824,0.0,K001+KI08+KA01
xgboost,temperature,target_real,0.3865470852017937,0.37938698564055534,0.024846827782109306,0.6585290582628545,0.5698761550890346,0.007174887892376682,0.625,0.0,0.007174887892376682,0.625,0.0,K001+KI08+KA01
xgboost,isotonic,target_real,0.37847533632286995,0.36104056556963643,0.1210338557950647,0.7126212591766983,0.6369704013674293,0.0017937219730941704,1.0,0.0,0.0017937219730941704,1.0,0.0,K001+KI08+KA01
random_forest,raw,source_holdout,0.226890756302521,0.22655502392344498,0.3580522732381058,0.861715025486261,0.7476356044443282,,,,,,,K001+KI08+KA03
random_forest,raw,target_real,0.36412556053811657,0.3538547192150919,0.29449252732829484,0.8360166040785192,0.6244916804191424,0.028699551569506727,0.5625,0.0008968609865470852,0.028699551569506727,0.5625,0.0008968609865470852,K001+KI08+KA03
random_forest,temperature,target_real,0.36412556053811657,0.3538547192150919,0.008944650571811723,0.6612266133175164,0.6193712484561679,0.03139013452914798,0.42857142857142855,0.0008968609865470852,0.03139013452914798,0.42857142857142855,0.0008968609865470852,K001+KI08+KA03
random_forest,isotonic,target_real,0.32645739910313903,0.2749626374540582,0.16224691073131642,0.7514629451422142,0.7077655906713832,0.08251121076233184,0.782608695652174,0.0,0.08251121076233184,0.782608695652174,0.0,K001+KI08+KA03
svm,raw,source_holdout,0.23949579831932774,0.2470989956138471,0.345939562475318,0.873330992677146,0.8106178392367258,,,,,,,K001+KI08+KA03
svm,raw,target_real,0.3596412556053812,0.35338733447540077,0.23627853957862902,0.7703327001296186,0.6527418374521471,0.0026905829596412557,1.0,0.0,0.0026905829596412557,1.0,0.0,K001+KI08+KA03
svm,temperature,target_real,0.3596412556053812,0.35338733447540077,0.012198203133053809,0.664079605768937,0.6596568238511181,0.0026905829596412557,1.0,0.0,0.0026905829596412557,1.0,0.0,K001+KI08+KA03
svm,isotonic,target_real,0.273542600896861,0.2339304531085353,0.16095636517096915,0.7463154383383643,0.7338357412828507,0.004484304932735426,0.8,0.0,0.004484304932735426,0.8,0.0,K001+KI08+KA03
xgboost,raw,source_holdout,0.2815126050420168,0.2790232656006547,0.3902751482835337,0.9894661888894007,0.7532302215960359,,,,,,,K001+KI08+KA03
xgboost,raw,target_real,0.3632286995515695,0.35734990732210054,0.3767958469455017,0.9213441795139761,0.6021550906236507,0.06816143497757847,0.4473684210526316,0.0,0.06816143497757847,0.4473684210526316,0.0,K001+KI08+KA03
xgboost,temperature,target_real,0.3632286995515695,0.35734990732210054,0.01795867844527347,0.6616355507329539,0.6067025187371753,0.06457399103139014,0.4861111111111111,0.0,0.06457399103139014,0.4861111111111111,0.0,K001+KI08+KA03
xgboost,isotonic,target_real,0.3452914798206278,0.2976955446065217,0.14685425431396676,0.7391861212711635,0.6834702197561912,0.033183856502242155,0.7297297297297297,0.0,0.033183856502242155,0.7297297297297297,0.0,K001+KI08+KA03
random_forest,raw,source_holdout,0.3881856540084388,0.32714336825964735,0.2011007284807592,0.7249696887355818,0.5288637038290391,,,,,,,K001+KI08+KA05
random_forest,raw,target_real,0.37309417040358744,0.3547086762171439,0.27279045104914945,0.811253051749612,0.6049308961730221,0.054708520179372194,0.5573770491803278,0.0017937219730941704,0.054708520179372194,0.5573770491803278,0.0017937219730941704,K001+KI08+KA05
random_forest,temperature,target_real,0.37309417040358744,0.3547086762171439,0.049189411083644975,0.664105822738716,0.5997387330944902,0.011659192825112108,0.3076923076923077,0.0017937219730941704,0.011659192825112108,0.3076923076923077,0.0017937219730941704,K001+KI08+KA05
random_forest,isotonic,target_real,0.3452914798206278,0.3440485973131963,0.23682247653151425,0.8467242515690888,0.6624003787763837,0.2242152466367713,0.74,0.0,0.2242152466367713,0.74,0.0,K001+KI08+KA05
svm,raw,source_holdout,0.42616033755274263,0.37678784775558966,0.15166989494158417,0.693669235504195,0.5203767897623136,,,,,,,K001+KI08+KA05
svm,raw,target_real,0.3820627802690583,0.36400587776115206,0.19481992217484448,0.7438786592056897,0.6396351234701625,0.0,,0.0,0.0,,0.0,K001+KI08+KA05
svm,temperature,target_real,0.3820627802690583,0.36400587776115206,0.021028663708353067,0.6614621843168578,0.6352925330452339,0.0,,0.0,0.0,,0.0,K001+KI08+KA05
svm,isotonic,target_real,0.32645739910313903,0.3255053441846935,0.30503200231335237,0.8888201351953087,0.6861728465040475,0.31390134529147984,0.7771428571428571,0.0,0.31390134529147984,0.7771428571428571,0.0,K001+KI08+KA05
xgboost,raw,source_holdout,0.4092827004219409,0.37795906216233993,0.26814076832578154,0.8009778934556555,0.5315818620997366,,,,,,,K001+KI08+KA05
xgboost,raw,target_real,0.3739910313901345,0.3641943870116495,0.3533806471012098,0.8899312292001889,0.5855853077049418,0.09865470852017937,0.4090909090909091,0.0,0.09865470852017937,0.4090909090909091,0.0,K001+KI08+KA05
xgboost,temperature,target_real,0.3739910313901345,0.3641943870116495,0.04372313278166559,0.6577358821109778,0.5835912479861366,0.10224215246636771,0.41228070175438597,0.0,0.10224215246636771,0.41228070175438597,0.0,K001+KI08+KA05
xgboost,isotonic,target_real,0.36053811659192825,0.3604953732639024,0.19836451706588148,0.8057462574725704,0.63133788781546,0.1757847533632287,0.6887755102040817,0.0,0.1757847533632287,0.6887755102040817,0.0,K001+KI08+KA05
random_forest,raw,source_holdout,0.40756302521008403,0.3244131202554445,0.20957994338808228,0.7051572230900974,0.43813852433773665,,,,,,,K001+KI08+KA06
random_forest,raw,target_real,0.368609865470852,0.34900730376488104,0.27888728499889104,0.8122139961427135,0.6081681244102684,0.07713004484304933,0.6162790697674418,0.0,0.07713004484304933,0.6162790697674418,0.0,K001+KI08+KA06
random_forest,temperature,target_real,0.368609865470852,0.34900730376488104,0.0763202535798235,0.670910353279378,0.6005038259573913,0.06995515695067264,0.6153846153846154,0.0,0.06995515695067264,0.6153846153846154,0.0,K001+KI08+KA06
random_forest,isotonic,target_real,0.33901345291479823,0.3332147291843589,0.2904876568980074,0.8801794163023664,0.6626102715291465,0.22690582959641256,0.7430830039525692,0.0,0.22690582959641256,0.7430830039525692,0.0,K001+KI08+KA06
svm,raw,source_holdout,0.42436974789915966,0.35598667149477503,0.17293652793506692,0.6939641035138524,0.4607883308301477,,,,,,,K001+KI08+KA06
svm,raw,target_real,0.39282511210762333,0.3650090548349005,0.18865638093621842,0.7370349895098455,0.6311665792871851,0.0,,0.0,0.0,,0.0,K001+KI08+KA06
svm,temperature,target_real,0.39282511210762333,0.3650090548349005,0.016410816186794054,0.6598165735347074,0.6271403142626223,0.0,,0.0,0.0,,0.0,K001+KI08+KA06
svm,isotonic,target_real,0.3327354260089686,0.33080035214921183,0.29364936748768744,0.89756750128319,0.6709227951958366,0.21076233183856502,0.7957446808510639,0.0,0.31390134529147984,0.7771428571428571,0.0,K001+KI08+KA06
xgboost,raw,source_holdout,0.3865546218487395,0.3480691841376684,0.29843731086795067,0.7937896515892209,0.4596546560609898,,,,,,,K001+KI08+KA06
xgboost,raw,target_real,0.36771300448430494,0.35708502528656116,0.3581252698406511,0.8861618886530873,0.5881758335595573,0.16771300448430493,0.5294117647058824,0.0,0.16771300448430493,0.5294117647058824,0.0,K001+KI08+KA06
xgboost,temperature,target_real,0.36771300448430494,0.35708502528656116,0.057719926864042745,0.6608311109139241,0.5876650778478615,0.12197309417040358,0.4632352941176471,0.0,0.12197309417040358,0.4632352941176471,0.0,K001+KI08+KA06
xgboost,isotonic,target_real,0.32645739910313903,0.3134647031751322,0.242937571439446,0.8247743741345439,0.6443947178202393,0.31210762331838565,0.6551724137931034,0.0,0.31210762331838565,0.6551724137931034,0.0,K001+KI08+KA06
random_forest,raw,source_holdout,0.3697478991596639,0.30644910910979467,0.21964809617169678,0.7304759439605227,0.5129449561002606,,,,,,,K001+KI08+KA07
random_forest,raw,target_real,0.3695067264573991,0.35144196642208875,0.2784895092403473,0.8093537148570465,0.6012976534137588,0.08520179372197309,0.6210526315789474,0.0017937219730941704,0.08520179372197309,0.6210526315789474,0.0017937219730941704,K001+KI08+KA07
random_forest,temperature,target_real,0.3695067264573991,0.35144196642208875,0.04252116863289635,0.6599494167313342,0.5923322732288768,0.059192825112107626,0.5757575757575758,0.0017937219730941704,0.059192825112107626,0.5757575757575758,0.0017937219730941704,K001+KI08+KA07
random_forest,isotonic,target_real,0.3327354260089686,0.29884463519299204,0.225789008896833,0.8160135654035783,0.6423096964038644,0.18923766816143497,0.7251184834123223,0.0,0.18923766816143497,0.7251184834123223,0.0,K001+KI08+KA07
svm,raw,source_holdout,0.4327731092436975,0.385155522443658,0.1579873505234359,0.7120710061599969,0.4909709069224132,,,,,,,K001+KI08+KA07
svm,raw,target_real,0.4026905829596413,0.378726960461689,0.18555247665225413,0.7387176296745499,0.6278128215020095,0.0,,0.0,0.0,,0.0,K001+KI08+KA07
svm,temperature,target_real,0.4026905829596413,0.378726960461689,0.022173669279483648,0.6586796790445674,0.6226664559679314,0.0008968609865470852,1.0,0.0,0.0008968609865470852,1.0,0.0,K001+KI08+KA07
svm,isotonic,target_real,0.32107623318385653,0.31817173614269856,0.2442495395823465,0.8212213916561044,0.6965082306566589,0.0017937219730941704,1.0,0.0,0.0017937219730941704,1.0,0.0,K001+KI08+KA07
xgboost,raw,source_holdout,0.3739495798319328,0.34702380952380957,0.28932638704275887,0.8170847553428666,0.5271352218763187,,,,,,,K001+KI08+KA07
xgboost,raw,target_real,0.37130044843049326,0.3604604610042186,0.3624348403627028,0.8934140220580543,0.5947626602735837,0.0053811659192825115,0.8333333333333334,0.0,0.0053811659192825115,0.8333333333333334,0.0,K001+KI08+KA07
xgboost,temperature,target_real,0.37130044843049326,0.3604604610042186,0.024825033160502444,0.6579583020177278,0.5953859096944729,0.0026905829596412557,1.0,0.0,0.0026905829596412557,1.0,0.0,K001+KI08+KA07
xgboost,isotonic,target_real,0.3417040358744395,0.32187236233175726,0.18311925813389024,0.786470346071856,0.6680072809455375,0.13991031390134528,0.75,0.0,0.13991031390134528,0.75,0.0,K001+KI08+KA07
random_forest,raw,source_holdout,0.39662447257383965,0.3338188237890323,0.19633760196867434,0.7337787645924692,0.5179292619828536,,,,,,,K001+KI08+KA08
random_forest,raw,target_real,0.37668161434977576,0.35604080112942,0.27413353227560566,0.8138689787570303,0.6039080592500656,0.12645739910313902,0.6028368794326241,0.0017937219730941704,0.12645739910313902,0.6028368794326241,0.0017937219730941704,K001+KI08+KA08
random_forest,temperature,target_real,0.37668161434977576,0.35604080112942,0.041659575692642406,0.6606695412708454,0.5956961700713895,0.07713004484304933,0.6162790697674418,0.013452914798206279,0.07713004484304933,0.6162790697674418,0.013452914798206279,K001+KI08+KA08
random_forest,isotonic,target_real,0.34080717488789236,0.32701635902258547,0.2340814026771041,0.8474850934522876,0.6550123205073389,0.15874439461883408,0.7288135593220338,0.0,0.15874439461883408,0.7288135593220338,0.0,K001+KI08+KA08
svm,raw,source_holdout,0.3924050632911392,0.3247079974694018,0.21159756919358408,0.7349796070769047,0.4987645879938258,,,,,,,K001+KI08+KA08
svm,raw,target_real,0.4008968609865471,0.37162264246897037,0.19225530209274755,0.7412320629029928,0.6291729537748548,0.0008968609865470852,1.0,0.0,0.0008968609865470852,1.0,0.0,K001+KI08+KA08
svm,temperature,target_real,0.4008968609865471,0.37162264246897037,0.030536229588197142,0.6577871537986147,0.6289277418803317,0.0026905829596412557,1.0,0.0,0.0026905829596412557,1.0,0.0,K001+KI08+KA08
svm,isotonic,target_real,0.3094170403587444,0.3008519159291733,0.25821867367287377,0.8339757219380242,0.7190915702932685,0.10672645739910314,0.7983193277310925,0.0,0.10672645739910314,0.7983193277310925,0.0,K001+KI08+KA08
xgboost,raw,source_holdout,0.38396624472573837,0.3437955483089998,0.28819053585519266,0.8150119548576765,0.5520124189907868,,,,,,,K001+KI08+KA08
xgboost,raw,target_real,0.3775784753363229,0.367192361902731,0.35031122907394785,0.8940728284325321,0.6006224971172568,0.09865470852017937,0.4636363636363636,0.0,0.09865470852017937,0.4636363636363636,0.0,K001+KI08+KA08
xgboost,temperature,target_real,0.3775784753363229,0.367192361902731,0.01911267603749211,0.6588208040869782,0.5969734381521657,0.003587443946188341,1.0,0.0,0.003587443946188341,1.0,0.0,K001+KI08+KA08
xgboost,isotonic,target_real,0.33363228699551567,0.3064724178620393,0.21003630851496052,0.8031720629313919,0.6474799419240943,0.17757847533632287,0.6565656565656566,0.0,0.17757847533632287,0.6565656565656566,0.0,K001+KI08+KA08
random_forest,raw,source_holdout,0.3924050632911392,0.3332784321679086,0.20080056237154953,0.7348908722222494,0.5365652063195725,,,,,,,K001+KI08+KA09
random_forest,raw,target_real,0.3775784753363229,0.36096761028826246,0.2668583575530865,0.8108784671381001,0.6032025426354414,0.11031390134529148,0.5691056910569106,0.0026905829596412557,0.11031390134529148,0.5691056910569106,0.0026905829596412557,K001+KI08+KA09
random_forest,temperature,target_real,0.3775784753363229,0.36096761028826246,0.03526174182126881,0.6617331630543031,0.5941394030282978,0.07085201793721974,0.5949367088607594,0.0026905829596412557,0.07085201793721974,0.5949367088607594,0.0026905829596412557,K001+KI08+KA09
random_forest,isotonic,target_real,0.3434977578475336,0.3336327389092144,0.23254408895124465,0.8425614134573978,0.6612375269050319,0.1757847533632287,0.7244897959183674,0.0,0.1757847533632287,0.7244897959183674,0.0,K001+KI08+KA09
svm,raw,source_holdout,0.4050632911392405,0.3439948790667014,0.19155049750299274,0.7126110275026013,0.496190310165907,,,,,,,K001+KI08+KA09
svm,raw,target_real,0.3847533632286996,0.36591206226039946,0.1924419412688454,0.740336959120071,0.6374266226387939,0.0008968609865470852,1.0,0.0,0.0008968609865470852,1.0,0.0,K001+KI08+KA09
svm,temperature,target_real,0.3847533632286996,0.36591206226039946,0.011519934125274878,0.6594976121903497,0.6335267720483696,0.0,,0.0,0.0,,0.0,K001+KI08+KA09
svm,isotonic,target_real,0.31748878923766816,0.3005816863297838,0.2747383434284334,0.866978546554807,0.6865333223291681,0.18654708520179372,0.7932692307692307,0.0,0.18654708520179372,0.7932692307692307,0.0,K001+KI08+KA09
xgboost,raw,source_holdout,0.3628691983122363,0.3353153301791795,0.3172222829820738,0.8398825258445818,0.5706301610930417,,,,,,,K001+KI08+KA09
xgboost,raw,target_real,0.3820627802690583,0.37218233368309867,0.34253886173658843,0.8874623651350666,0.58893594674009,0.12286995515695068,0.4744525547445255,0.0,0.12286995515695068,0.4744525547445255,0.0,K001+KI08+KA09
xgboost,temperature,target_real,0.3820627802690583,0.37218233368309867,0.019373248888325655,0.6581333143996368,0.5877644542025231,0.05650224215246637,0.3968253968253968,0.0,0.05650224215246637,0.3968253968253968,0.0,K001+KI08+KA09
xgboost,isotonic,target_real,0.32825112107623317,0.31413311062598726,0.20607869841799875,0.7905393009496731,0.6332736271729398,0.20538116591928252,0.6986899563318777,0.0,0.20538116591928252,0.6986899563318777,0.0,K001+KI08+KA09
random_forest,raw,source_holdout,0.30416666666666664,0.3009874716089855,0.23831991745908396,0.8309711406516591,0.705635347828638,,,,,,,K002+KI01+KA01
random_forest,raw,target_real,0.32825112107623317,0.3264012466359782,0.2984481845278176,0.8494672601146395,0.7086296627038322,0.0,,0.0,0.0,,0.0,K002+KI01+KA01
random_forest,temperature,target_real,0.32825112107623317,0.3264012466359782,0.023297948951902573,0.6642853692947647,0.684516063927748,0.0026905829596412557,0.6666666666666666,0.0,0.0026905829596412557,0.6666666666666666,0.0,K002+KI01+KA01
random_forest,isotonic,target_real,0.34618834080717487,0.3292213445961291,0.21332842932414103,0.8600130838578564,0.7007745880788038,0.242152466367713,0.7962962962962963,0.0,0.242152466367713,0.7962962962962963,0.0,K002+KI01+KA01
svm,raw,source_holdout,0.175,0.16691804927099044,0.36507601131073886,0.8313632212268026,0.7480337489305877,,,,,,,K002+KI01+KA01
svm,raw,target_real,0.3452914798206278,0.34182638523217257,0.21978668480059055,0.7474991935041737,0.6621403047503293,0.0,,0.0,0.0,,0.0,K002+KI01+KA01
svm,temperature,target_real,0.3452914798206278,0.34182638523217257,0.0007869379229159534,0.6629099656700851,0.6277023497751582,0.0,,0.0,0.0,,0.0,K002+KI01+KA01
svm,isotonic,target_real,0.35336322869955156,0.338607550873313,0.17561710290654134,0.859860174587118,0.6629356555270816,0.13273542600896862,0.7905405405405406,0.0,0.13273542600896862,0.7905405405405406,0.0,K002+KI01+KA01
xgboost,raw,source_holdout,0.2625,0.26067861771805984,0.4028116536637148,0.9836971289786576,0.7176944361447702,,,,,,,K002+KI01+KA01
xgboost,raw,target_real,0.3327354260089686,0.33113740055482954,0.3838709930935248,0.9429704008715447,0.7117761308636201,0.0,,0.0,0.0,,0.0,K002+KI01+KA01
xgboost,temperature,target_real,0.3327354260089686,0.33113740055482954,0.027039379423438863,0.6642641719660332,0.6947138791196888,0.0,,0.0,0.0,,0.0,K002+KI01+KA01
xgboost,isotonic,target_real,0.3560538116591928,0.27098280971781913,0.1941021500795726,0.8283768798045773,0.6484507432053457,0.2116591928251121,0.7966101694915254,0.0,0.2116591928251121,0.7966101694915254,0.0,K002+KI01+KA01
random_forest,raw,source_holdout,0.29583333333333334,0.28874830331703233,0.28537048583694097,0.8501203581278727,0.765107247913091,,,,,,,K002+KI01+KA03
random_forest,raw,target_real,0.3022421524663677,0.29795866078745975,0.33275865102447444,0.8770295606877341,0.7141285072293491,0.0,,0.0008968609865470852,0.0,,0.0008968609865470852,K002+KI01+KA03
random_forest,temperature,target_real,0.3022421524663677,0.29795866078745975,0.051475570106937034,0.6650183324482647,0.6980145278576854,0.0,,0.0008968609865470852,0.0,,0.0008968609865470852,K002+KI01+KA03
random_forest,isotonic,target_real,0.32825112107623317,0.2929498088263065,0.19995801810447034,0.8390479248725092,0.7286550703016735,0.10941704035874439,0.8360655737704918,0.0,0.10941704035874439,0.8360655737704918,0.0,K002+KI01+KA03
svm,raw,source_holdout,0.14583333333333334,0.15633660871756108,0.41909298156435065,0.8517094094249616,0.8466006054544886,,,,,,,K002+KI01+KA03
svm,raw,target_real,0.31569506726457397,0.31511302311373585,0.24179463087111214,0.76172243067121,0.686935796052929,0.0,,0.0,0.0,,0.0,K002+KI01+KA03
svm,temperature,target_real,0.31569506726457397,0.31511302311373585,0.0299510953588894,0.6639590024507045,0.6513968482390764,0.0,,0.0017937219730941704,0.0,,0.0017937219730941704,K002+KI01+KA03
svm,isotonic,target_real,0.3345291479820628,0.31175927221426164,0.2024956194814602,0.8311446842479177,0.6678112481878992,0.0,,0.0008968609865470852,0.0,,0.0008968609865470852,K002+KI01+KA03
xgboost,raw,source_holdout,0.19583333333333333,0.1945562242820952,0.4559697249283393,1.0180681500433082,0.8334504111587753,,,,,,,K002+KI01+KA03
xgboost,raw,target_real,0.3165919282511211,0.314561050513608,0.39976721732071163,0.9714279466819793,0.7110134999195367,0.0,,0.0008968609865470852,0.0,,0.0008968609865470852,K002+KI01+KA03
xgboost,temperature,target_real,0.3165919282511211,0.314561050513608,0.04412899066603807,0.6661752362891781,0.6954141232301566,0.0,,0.0,0.0,,0.0,K002+KI01+KA03
xgboost,isotonic,target_real,0.33542600896860986,0.30436521666926286,0.1998634836268558,0.8368847559221368,0.7312066220066634,0.12556053811659193,0.8071428571428572,0.0,0.12556053811659193,0.8071428571428572,0.0,K002+KI01+KA03
random_forest,raw,source_holdout,0.39330543933054396,0.36839202553605155,0.169163121144695,0.7499961944990755,0.5665413225337398,,,,,,,K002+KI01+KA05
random_forest,raw,target_real,0.31390134529147984,0.307009995322251,0.3044832490151761,0.8520434022270548,0.7129554020530149,0.0,,0.0,0.0,,0.0,K002+KI01+KA05
random_forest,temperature,target_real,0.31390134529147984,0.307009995322251,0.03822440399070222,0.6650852487752417,0.6881376581050106,0.0,,0.0008968609865470852,0.0,,0.0008968609865470852,K002+KI01+KA05
random_forest,isotonic,target_real,0.357847533632287,0.3555360413464013,0.26740614087865516,0.922994025915898,0.6689027132035402,0.2609865470852018,0.7972508591065293,0.0,0.2609865470852018,0.7972508591065293,0.0,K002+KI01+KA05
svm,raw,source_holdout,0.2928870292887029,0.23741047764055714,0.29186139952588713,0.7601774016806352,0.559593561530649,,,,,,,K002+KI01+KA05
svm,raw,target_real,0.3327354260089686,0.3220637052400504,0.215048638498569,0.7487509556982649,0.6702513842982996,0.010762331838565023,0.75,0.0,0.010762331838565023,0.75,0.0,K002+KI01+KA05
svm,temperature,target_real,0.3327354260089686,0.3220637052400504,0.0162430419004152,0.6631321629183374,0.6401349904288574,0.0017937219730941704,1.0,0.0,0.0017937219730941704,1.0,0.0,K002+KI01+KA05
svm,isotonic,target_real,0.34618834080717487,0.3402637637191102,0.33674908284861127,0.9750104386941075,0.6483623394852925,0.34439461883408073,0.7578125,0.0,0.34439461883408073,0.7578125,0.0,K002+KI01+KA05
xgboost,raw,source_holdout,0.37656903765690375,0.35682539682539677,0.2931955464215458,0.8723700939999255,0.6071680406867949,,,,,,,K002+KI01+KA05
xgboost,raw,target_real,0.31210762331838565,0.3082361540250507,0.394832705061532,0.9513993652697756,0.7178053298635708,0.036771300448430494,0.7804878048780488,0.0,0.036771300448430494,0.7804878048780488,0.0,K002+KI01+KA05
xgboost,temperature,target_real,0.31210762331838565,0.3082361540250507,0.04707698248400078,0.6652052741613622,0.6988145650676664,0.02242152466367713,0.72,0.0,0.02242152466367713,0.72,0.0,K002+KI01+KA05
xgboost,isotonic,target_real,0.3219730941704036,0.31724220369217554,0.23365686632184635,0.8627343933566474,0.6762263538747418,0.2484304932735426,0.7833935018050542,0.0,0.2484304932735426,0.7833935018050542,0.0,K002+KI01+KA05
random_forest,raw,source_holdout,0.4708333333333333,0.4282922766441362,0.11810593196997692,0.6604180753058633,0.37438535677782736,,,,,,,K002+KI01+KA06
random_forest,raw,target_real,0.3094170403587444,0.3014350795004079,0.30473372378136987,0.8467236714608227,0.7108287616989273,0.08968609865470852,0.77,0.0,0.08968609865470852,0.77,0.0,K002+KI01+KA06
random_forest,temperature,target_real,0.3094170403587444,0.3014350795004079,0.07285815156280007,0.6685334455928601,0.6922440633328117,0.025112107623318385,0.75,0.0,0.025112107623318385,0.75,0.0,K002+KI01+KA06
random_forest,isotonic,target_real,0.35336322869955156,0.3525671723277721,0.34024673865512345,0.9880125448791105,0.6684278935151137,0.295067264573991,0.7963525835866262,0.0,0.33363228699551567,0.7876344086021505,0.0,K002+KI01+KA06
svm,raw,source_holdout,0.3458333333333333,0.25751908991740685,0.2756068486479362,0.7347982117163426,0.43707703433901385,,,,,,,K002+KI01+KA06
svm,raw,target_real,0.3291479820627803,0.3145738926582553,0.22518578757666094,0.7546902120777583,0.6750470144111927,0.03766816143497758,0.7380952380952381,0.0,0.03766816143497758,0.7380952380952381,0.0,K002+KI01+KA06
svm,temperature,target_real,0.3291479820627803,0.3145738926582553,0.03638771728909669,0.6612507471265014,0.6489107167309085,0.0053811659192825115,0.8333333333333334,0.0,0.0053811659192825115,0.8333333333333334,0.0,K002+KI01+KA06
svm,isotonic,target_real,0.3434977578475336,0.33805138586293015,0.37049840047069893,0.9979741555016395,0.6404126870729026,0.2556053811659193,0.7649122807017544,0.0,0.2556053811659193,0.7649122807017544,0.0,K002+KI01+KA06
xgboost,raw,source_holdout,0.4708333333333333,0.43758482952774275,0.19321147675315542,0.6928657303762704,0.37225266729357237,,,,,,,K002+KI01+KA06
xgboost,raw,target_real,0.3183856502242152,0.3137748613139521,0.3803208084918993,0.930180096462409,0.7095830712075626,0.09327354260089686,0.75,0.0008968609865470852,0.09327354260089686,0.75,0.0008968609865470852,K002+KI01+KA06
xgboost,temperature,target_real,0.3183856502242152,0.3137748613139521,0.09444911102383001,0.6749631581286161,0.6939981607834824,0.06726457399103139,0.7733333333333333,0.0008968609865470852,0.06726457399103139,0.7733333333333333,0.0008968609865470852,K002+KI01+KA06
xgboost,isotonic,target_real,0.33363228699551567,0.3321008173949351,0.30354592201731434,0.9493806837851994,0.6667255867852319,0.33901345291479823,0.7777777777777778,0.0,0.33901345291479823,0.7777777777777778,0.0,K002+KI01+KA06
random_forest,raw,source_holdout,0.4083333333333333,0.3854715158210363,0.18355443759486337,0.7502048936482384,0.5152179583265522,,,,,,,K002+KI01+KA07
random_forest,raw,target_real,0.3130044843049327,0.3060066946756128,0.32003134182886206,0.8593020800466484,0.7152539331647882,0.07892376681614349,0.7727272727272727,0.0,0.07892376681614349,0.7727272727272727,0.0,K002+KI01+KA07
random_forest,temperature,target_real,0.3130044843049327,0.3060066946756128,0.03774663751835661,0.6653225457388717,0.6958256084645982,0.04304932735426009,0.75,0.0,0.04304932735426009,0.75,0.0,K002+KI01+KA07
random_forest,isotonic,target_real,0.3452914798206278,0.3400940889569292,0.24642287539899557,0.9047164634036764,0.6919890278570463,0.17488789237668162,0.8,0.0,0.17488789237668162,0.8,0.0,K002+KI01+KA07
svm,raw,source_holdout,0.30416666666666664,0.23345911949685536,0.2809066565656819,0.7653679292141924,0.5292765721001823,,,,,,,K002+KI01+KA07
svm,raw,target_real,0.347085201793722,0.33544232181433453,0.21528394340895804,0.7522670651105676,0.6689533667665762,0.028699551569506727,0.71875,0.0,0.028699551569506727,0.71875,0.0,K002+KI01+KA07
svm,temperature,target_real,0.347085201793722,0.33544232181433453,0.00027495089235557435,0.6630689316488927,0.6333558857500785,0.004484304932735426,0.4,0.0008968609865470852,0.004484304932735426,0.4,0.0008968609865470852,K002+KI01+KA07
svm,isotonic,target_real,0.34260089686098655,0.33738919997457256,0.29753356233791073,0.928745142395394,0.6393825451916336,0.24125560538116592,0.7360594795539034,0.0,0.2538116591928251,0.734982332155477,0.0,K002+KI01+KA07
xgboost,raw,source_holdout,0.30416666666666664,0.27579157684945704,0.38475795996685824,0.9278119607821174,0.5928525037376614,,,,,,,K002+KI01+KA07
xgboost,raw,target_real,0.3201793721973094,0.31766197759959675,0.39193517739462747,0.9614173570194526,0.7215055420800901,0.07623318385650224,0.7294117647058823,0.0,0.07623318385650224,0.7294117647058823,0.0,K002+KI01+KA07
xgboost,temperature,target_real,0.3201793721973094,0.31766197759959675,0.03940636944215633,0.6655304251466891,0.7029940529009678,0.054708520179372194,0.7049180327868853,0.0,0.054708520179372194,0.7049180327868853,0.0,K002+KI01+KA07
xgboost,isotonic,target_real,0.3237668161434978,0.2767640814583509,0.18616865538209731,0.8140131671104578,0.7240240918954681,0.12556053811659193,0.7928571428571428,0.0,0.12556053811659193,0.7928571428571428,0.0,K002+KI01+KA07
random_forest,raw,source_holdout,0.39330543933054396,0.3720441744635293,0.1848891353056538,0.7344751240283727,0.47841556567276894,,,,,,,K002+KI01+KA08
random_forest,raw,target_real,0.3022421524663677,0.2947811860629712,0.32058269046199905,0.8675379549846532,0.7235472201794381,0.06726457399103139,0.8133333333333334,0.0,0.06726457399103139,0.8133333333333334,0.0,K002+KI01+KA08
random_forest,temperature,target_real,0.3022421524663677,0.2947811860629712,0.04880688323692246,0.666027830827257,0.7089061670104361,0.0008968609865470852,1.0,0.0,0.0008968609865470852,1.0,0.0,K002+KI01+KA08
random_forest,isotonic,target_real,0.3434977578475336,0.34087980719339744,0.29024359579413417,0.9399726077376751,0.6984675552066041,0.13452914798206278,0.8066666666666666,0.0,0.13452914798206278,0.8066666666666666,0.0,K002+KI01+KA08
svm,raw,source_holdout,0.33472803347280333,0.2529612426519643,0.26266465286412966,0.7414389319648944,0.48089927448845315,,,,,,,K002+KI01+KA08
svm,raw,target_real,0.3542600896860987,0.3318660542635306,0.19181054993095553,0.7447345071114949,0.667612601735844,0.036771300448430494,0.7073170731707317,0.0,0.036771300448430494,0.7073170731707317,0.0,K002+KI01+KA08
svm,temperature,target_real,0.3542600896860987,0.3318660542635306,0.002227028871227388,0.661813061208815,0.6332450972878125,0.011659192825112108,0.6923076923076923,0.0,0.011659192825112108,0.6923076923076923,0.0,K002+KI01+KA08
svm,isotonic,target_real,0.3345291479820628,0.3274169990418901,0.34813562777950585,0.9636222651116114,0.6750058018266334,0.18385650224215247,0.7804878048780488,0.0,0.18385650224215247,0.7804878048780488,0.0,K002+KI01+KA08
xgboost,raw,source_holdout,0.39330543933054396,0.37336889512242083,0.3049578305068874,0.8399962271080225,0.5177267914069116,,,,,,,K002+KI01+KA08
xgboost,raw,target_real,0.3309417040358744,0.32766090239809514,0.380874632131893,0.9455753472947485,0.724716395842723,0.11031390134529148,0.7967479674796748,0.0,0.11031390134529148,0.7967479674796748,0.0,K002+KI01+KA08
xgboost,temperature,target_real,0.3309417040358744,0.32766090239809514,0.02835162478681862,0.6654464276663273,0.7093804824474664,0.0726457399103139,0.7777777777777778,0.0,0.0726457399103139,0.7777777777777778,0.0,K002+KI01+KA08
xgboost,isotonic,target_real,0.336322869955157,0.31390702688489036,0.24465516357917494,0.8544124421960231,0.6820504172982449,0.1336322869955157,0.7785234899328859,0.0,0.1336322869955157,0.7785234899328859,0.0,K002+KI01+KA08
random_forest,raw,source_holdout,0.37656903765690375,0.3560121233315848,0.18609448653892874,0.7524166105056445,0.5372196201048353,,,,,,,K002+KI01+KA09
random_forest,raw,target_real,0.3112107623318386,0.3054418415144419,0.30776627205637047,0.8551328459673985,0.7142145159638402,0.06816143497757847,0.8026315789473685,0.0,0.06816143497757847,0.8026315789473685,0.0,K002+KI01+KA09
random_forest,temperature,target_real,0.3112107623318386,0.3054418415144419,0.03925300154755245,0.6655320232339356,0.692077147557188,0.025112107623318385,0.75,0.0,0.025112107623318385,0.75,0.0,K002+KI01+KA09
random_forest,isotonic,target_real,0.3542600896860987,0.35022083467730486,0.27435129528107893,0.9351195771382712,0.6719175784531027,0.22062780269058296,0.7926829268292683,0.0,0.22062780269058296,0.7926829268292683,0.0,K002+KI01+KA09
svm,raw,source_holdout,0.29707112970711297,0.2363884342607747,0.2797066353299253,0.7587386436740728,0.5260731100124983,,,,,,,K002+KI01+KA09
svm,raw,target_real,0.336322869955157,0.3257610135574103,0.2106308197687233,0.7437418707644313,0.6704682397254751,0.012556053811659192,0.7857142857142857,0.0,0.012556053811659192,0.7857142857142857,0.0,K002+KI01+KA09
svm,temperature,target_real,0.336322869955157,0.3257610135574103,0.014619023953726829,0.6627569592770054,0.6386201050407642,0.0017937219730941704,1.0,0.0,0.0017937219730941704,1.0,0.0,K002+KI01+KA09
svm,isotonic,target_real,0.33183856502242154,0.3253245001420539,0.3307964542559493,0.9553347979456479,0.6586663692791395,0.2717488789237668,0.7623762376237624,0.0,0.2717488789237668,0.7623762376237624,0.0,K002+KI01+KA09
xgboost,raw,source_holdout,0.3263598326359833,0.3120878694942271,0.37703866215430537,0.9207430023350531,0.6219581922718067,,,,,,,K002+KI01+KA09
xgboost,raw,target_real,0.31748878923766816,0.31450446099965773,0.39354031331870587,0.9594778010214735,0.7260542172042596,0.0726457399103139,0.7901234567901234,0.0,0.0726457399103139,0.7901234567901234,0.0,K002+KI01+KA09
xgboost,temperature,target_real,0.31748878923766816,0.31450446099965773,0.04187412144843543,0.665668348731939,0.7057662886128246,0.04663677130044843,0.75,0.0,0.04663677130044843,0.75,0.0,K002+KI01+KA09
xgboost,isotonic,target_real,0.32466367713004485,0.28312557651869463,0.21523024357250908,0.8308196339455657,0.7064474412063985,0.17937219730941703,0.775,0.0,0.17937219730941703,0.775,0.0,K002+KI01+KA09
random_forest,raw,source_holdout,0.2375,0.23294331567712864,0.37818675080710473,0.927398983937959,0.7901925328017135,,,,,,,K002+KI03+KA01
random_forest,raw,target_real,0.3757847533632287,0.3696446321485752,0.2993543376458293,0.8467263002977385,0.6077386254895253,0.0,,0.012556053811659192,0.0,,0.012556053811659192,K002+KI03+KA01
random_forest,temperature,target_real,0.3757847533632287,0.3696446321485752,0.017752676799481643,0.658596371067239,0.6053778697529643,0.0,,0.012556053811659192,0.0,,0.012556053811659192,K002+KI03+KA01
random_forest,isotonic,target_real,0.39730941704035877,0.33339892428691015,0.14112334721779385,0.6958790270295457,0.6487756631508151,0.05022421524663677,0.7857142857142857,0.0,0.05022421524663677,0.7857142857142857,0.0,K002+KI03+KA01
svm,raw,source_holdout,0.225,0.22467337759691583,0.3957350123738623,0.962602006707821,0.8149953654711607,,,,,,,K002+KI03+KA01
svm,raw,target_real,0.40358744394618834,0.3932642543866529,0.2294815061294122,0.7661141443703757,0.5921734696180376,0.0,,0.0017937219730941704,0.0,,0.0017937219730941704,K002+KI03+KA01
svm,temperature,target_real,0.40358744394618834,0.3932642543866529,0.05407886615669194,0.6616375107086608,0.575746823210122,0.0,,0.0008968609865470852,0.0,,0.0008968609865470852,K002+KI03+KA01
svm,isotonic,target_real,0.37847533632286995,0.29401204891305044,0.11599741384017914,0.6926020920139268,0.6153201410969864,0.1336322869955157,0.7248322147651006,0.0,0.1336322869955157,0.7248322147651006,0.0,K002+KI03+KA01
xgboost,raw,source_holdout,0.225,0.22377967711301042,0.48659134010473887,1.0741676847938144,0.7909809454928791,,,,,,,K002+KI03+KA01
xgboost,raw,target_real,0.36771300448430494,0.3633143331708755,0.3985642533665815,0.944151523885045,0.6022036943147273,0.0,,0.0,0.0,,0.0,K002+KI03+KA01
xgboost,temperature,target_real,0.36771300448430494,0.3633143331708755,0.01929571675122558,0.6600237284899622,0.6013917969593163,0.0,,0.0,0.0,,0.0,K002+KI03+KA01
xgboost,isotonic,target_real,0.40179372197309415,0.334899333470762,0.13147250954389106,0.68967623295574,0.6361532001232371,0.006278026905829596,0.7142857142857143,0.0008968609865470852,0.006278026905829596,0.7142857142857143,0.0008968609865470852,K002+KI03+KA01
random_forest,raw,source_holdout,0.3458333333333333,0.3138439991381168,0.26112165248914815,0.8246543796843978,0.6754653853176329,,,,,,,K002+KI03+KA03
random_forest,raw,target_real,0.3542600896860987,0.34525986786117685,0.3191424734525693,0.8764855169755188,0.6464266588150502,0.0,,0.0017937219730941704,0.0,,0.0017937219730941704,K002+KI03+KA03
random_forest,temperature,target_real,0.3542600896860987,0.34525986786117685,0.01523315656534414,0.6624900293940418,0.6325526140532224,0.0,,0.0017937219730941704,0.0,,0.0017937219730941704,K002+KI03+KA03
random_forest,isotonic,target_real,0.3345291479820628,0.3295327976141969,0.0963056351642204,0.6929720343871352,0.6760138150996764,0.051121076233183856,0.7719298245614035,0.0,0.051121076233183856,0.7719298245614035,0.0,K002+KI03+KA03
svm,raw,source_holdout,0.35833333333333334,0.3308764241061688,0.2678887343646147,0.8008579160786921,0.6630633443603848,,,,,,,K002+KI03+KA03
svm,raw,target_real,0.3829596412556054,0.37895995645163677,0.2066994820680188,0.753492863813118,0.6203592928406243,0.0,,0.0,0.0,,0.0,K002+KI03+KA03
svm,temperature,target_real,0.3829596412556054,0.37895995645163677,0.03411781240430767,0.6622645799021605,0.5901588103259364,0.0,,0.0,0.0,,0.0,K002+KI03+KA03
svm,isotonic,target_real,0.33183856502242154,0.3290725441809694,0.12958882614528133,0.727887192568408,0.6733776386659965,0.09775784753363229,0.7614678899082569,0.0,0.09775784753363229,0.7614678899082569,0.0,K002+KI03+KA03
xgboost,raw,source_holdout,0.3333333333333333,0.3133775798431228,0.3817534343649943,0.9338794299790131,0.6671518602126368,,,,,,,K002+KI03+KA03
xgboost,raw,target_real,0.35515695067264574,0.35297564750747173,0.4004953592614743,0.9624527812311192,0.6400670104698276,0.0,,0.0,0.0,,0.0,K002+KI03+KA03
xgboost,temperature,target_real,0.35515695067264574,0.35297564750747173,0.015557589121747904,0.6626568827106181,0.6340255090481929,0.0,,0.0,0.0,,0.0,K002+KI03+KA03
xgboost,isotonic,target_real,0.347085201793722,0.34571683414260107,0.09287776038215645,0.6906387310816353,0.6891953184084514,0.08161434977578476,0.7912087912087912,0.0,0.08161434977578476,0.7912087912087912,0.0,K002+KI03+KA03
random_forest,raw,source_holdout,0.3682008368200837,0.3257753307565094,0.2741211600904034,0.8013735329570767,0.5912813967770701,,,,,,,K002+KI03+KA05
random_forest,raw,target_real,0.3542600896860987,0.34000302277484096,0.3085887696626536,0.8543502200507763,0.6323608553233409,0.0,,0.0008968609865470852,0.0,,0.0008968609865470852,K002+KI03+KA05
random_forest,temperature,target_real,0.3542600896860987,0.34000302277484096,0.018851433416876038,0.6630745337112921,0.6224319030514037,0.0,,0.0008968609865470852,0.0,,0.0008968609865470852,K002+KI03+KA05
random_forest,isotonic,target_real,0.33901345291479823,0.34023029642304836,0.1665055906356608,0.7377342698944066,0.634459733370149,0.11569506726457399,0.6976744186046512,0.013452914798206279,0.11569506726457399,0.6976744186046512,0.013452914798206279,K002+KI03+KA05
svm,raw,source_holdout,0.3891213389121339,0.34453096439277625,0.25008334899970314,0.7990491682441068,0.6112088717940631,,,,,,,K002+KI03+KA05
svm,raw,target_real,0.38385650224215245,0.3698033427133429,0.21538714810221377,0.7598563734669898,0.5990893163435451,0.0,,0.0008968609865470852,0.0,,0.0008968609865470852,K002+KI03+KA05
svm,temperature,target_real,0.38385650224215245,0.3698033427133429,0.017426184505743545,0.659817386144934,0.5849657345767124,0.0,,0.0,0.0,,0.0,K002+KI03+KA05
svm,isotonic,target_real,0.36771300448430494,0.36078040739673267,0.21822814734577167,0.7387310801816096,0.6612648324525217,0.1452914798206278,0.7777777777777778,0.0,0.1452914798206278,0.7777777777777778,0.0,K002+KI03+KA05
xgboost,raw,source_holdout,0.33472803347280333,0.2980306961617833,0.3879553237968908,0.897363695143869,0.6189796541199278,,,,,,,K002+KI03+KA05
xgboost,raw,target_real,0.3515695067264574,0.3440187200582396,0.4025745227732466,0.9497749708506202,0.6229026301753092,0.0,,0.0,0.0,,0.0,K002+KI03+KA05
xgboost,temperature,target_real,0.3515695067264574,0.3440187200582396,0.013416842871682481,0.66185276755269,0.6194537405003107,0.0,,0.0,0.0,,0.0,K002+KI03+KA05
xgboost,isotonic,target_real,0.3399103139013453,0.3404908306165216,0.15803499377266977,0.7198468342332986,0.6508677981681721,0.08968609865470852,0.8,0.0,0.08968609865470852,0.8,0.0,K002+KI03+KA05
random_forest,raw,source_holdout,0.38333333333333336,0.32235580228117444,0.2723408776025264,0.7899767320589005,0.5505368877136548,,,,,,,K002+KI03+KA06
random_forest,raw,target_real,0.3596412556053812,0.34294509703070525,0.3070295748890203,0.8550921025902268,0.6284585053258771,0.09327354260089686,0.6153846153846154,0.0,0.09327354260089686,0.6153846153846154,0.0,K002+KI03+KA06
random_forest,temperature,target_real,0.3596412556053812,0.34294509703070525,0.0046720086389784215,0.6626053552680173,0.6209030707804168,0.0,,0.0,0.0,,0.0,K002+KI03+KA06
random_forest,isotonic,target_real,0.336322869955157,0.3342618888939823,0.19159523050833177,0.7609139914520128,0.6574113336789391,0.07713004484304933,0.7558139534883721,0.0,0.07713004484304933,0.7558139534883721,0.0,K002+KI03+KA06
svm,raw,source_holdout,0.4041666666666667,0.34036400256526717,0.25436732593590805,0.7874718001731649,0.571258727248988,,,,,,,K002+KI03+KA06
svm,raw,target_real,0.39820627802690584,0.3812791321943075,0.20734294925652405,0.7569357555500583,0.5889864538548676,0.0,,0.0008968609865470852,0.0,,0.0008968609865470852,K002+KI03+KA06
svm,temperature,target_real,0.39820627802690584,0.3812791321943075,0.0197682439689671,0.6578294827924974,0.574994122367185,0.0,,0.0008968609865470852,0.0,,0.0008968609865470852,K002+KI03+KA06
svm,isotonic,target_real,0.3237668161434978,0.31827708542130323,0.1916685913921815,0.7574015094657531,0.6722045007823932,0.13991031390134528,0.7884615384615384,0.0,0.13991031390134528,0.7884615384615384,0.0,K002+KI03+KA06
xgboost,raw,source_holdout,0.37916666666666665,0.33019108686636683,0.35331776763002076,0.8784795979902089,0.5919390495945317,,,,,,,K002+KI03+KA06
xgboost,raw,target_real,0.35515695067264574,0.3474037207163547,0.3972603917656458,0.9473271053731817,0.6164692791627987,0.0,,0.0,0.0,,0.0,K002+KI03+KA06
xgboost,temperature,target_real,0.35515695067264574,0.3474037207163547,0.00957588632049866,0.6614290281773417,0.6129484916723102,0.0,,0.0,0.0,,0.0,K002+KI03+KA06
xgboost,isotonic,target_real,0.3291479820627803,0.32621642445828875,0.17979331328529125,0.7193155037451653,0.5813909178421488,0.1273542600896861,0.47183098591549294,0.0053811659192825115,0.1273542600896861,0.47183098591549294,0.04932735426008968,K002+KI03+KA06
random_forest,raw,source_holdout,0.3333333333333333,0.29390228818800246,0.3065140828252598,0.8327273595593172,0.6358161069852265,,,,,,,K002+KI03+KA07
random_forest,raw,target_real,0.3614349775784753,0.3463382107143409,0.3119896119505281,0.8583165983629,0.623533836794906,0.0,,0.004484304932735426,0.0,,0.004484304932735426,K002+KI03+KA07
random_forest,temperature,target_real,0.3614349775784753,0.3463382107143409,0.009853362330102798,0.6615060039679194,0.6179586326510396,0.0,,0.006278026905829596,0.0,,0.006278026905829596,K002+KI03+KA07
random_forest,isotonic,target_real,0.3399103139013453,0.34212188472830163,0.1480219331957719,0.7047723671663553,0.6401211642772805,0.09327354260089686,0.6538461538461539,0.013452914798206279,0.09327354260089686,0.6538461538461539,0.013452914798206279,K002+KI03+KA07
svm,raw,source_holdout,0.35833333333333334,0.31707430031540706,0.2823787577948354,0.833450128476585,0.6359691867854464,,,,,,,K002+KI03+KA07
svm,raw,target_real,0.4062780269058296,0.39162055101031495,0.20545587417603925,0.7548811258054478,0.589163974871756,0.0,,0.0008968609865470852,0.0,,0.0008968609865470852,K002+KI03+KA07
svm,temperature,target_real,0.4062780269058296,0.39162055101031495,0.05064750213269276,0.6603503858942366,0.5711013143791186,0.0,,0.0,0.0,,0.0,K002+KI03+KA07
svm,isotonic,target_real,0.3506726457399103,0.3514838204479376,0.1595636411762345,0.7178759154788171,0.6811487501208423,0.13632286995515694,0.8026315789473685,0.0,0.13632286995515694,0.8026315789473685,0.0,K002+KI03+KA07
xgboost,raw,source_holdout,0.31666666666666665,0.2891830870279146,0.4160177502781153,0.9399899577960898,0.6322960246805928,,,,,,,K002+KI03+KA07
xgboost,raw,target_real,0.37488789237668163,0.3692312827571355,0.3920129658128114,0.9414658123388179,0.6130603739497872,0.0,,0.0,0.0,,0.0,K002+KI03+KA07
xgboost,temperature,target_real,0.37488789237668163,0.3692312827571355,0.012553481229865089,0.6606818758413081,0.610558931964048,0.0,,0.0,0.0,,0.0,K002+KI03+KA07
xgboost,isotonic,target_real,0.3452914798206278,0.3443995974845284,0.15420244328601762,0.6951742745697223,0.6081083211798913,0.09596412556053811,0.7289719626168224,0.0008968609865470852,0.09596412556053811,0.7289719626168224,0.0008968609865470852,K002+KI03+KA07
random_forest,raw,source_holdout,0.3389121338912134,0.31311413950065975,0.3106498390500375,0.8378118245459764,0.6442294364865755,,,,,,,K002+KI03+KA08
random_forest,raw,target_real,0.3506726457399103,0.3344547154429967,0.31962265352771413,0.8620150649444263,0.6350316711071754,0.0,,0.0017937219730941704,0.0,,0.0017937219730941704,K002+KI03+KA08
random_forest,temperature,target_real,0.3506726457399103,0.3344547154429967,0.025357737030575554,0.6620610512166487,0.6232332443283926,0.016143497757847534,0.05555555555555555,0.009865470852017937,0.016143497757847534,0.05555555555555555,0.009865470852017937,K002+KI03+KA08
random_forest,isotonic,target_real,0.3345291479820628,0.3287299797310274,0.18464650382415349,0.7292957922125809,0.6354417366528853,0.15605381165919283,0.735632183908046,0.013452914798206279,0.15605381165919283,0.735632183908046,0.013452914798206279,K002+KI03+KA08
svm,raw,source_holdout,0.3598326359832636,0.3004079997124914,0.2695055477438639,0.8298491533329095,0.6775275125474469,,,,,,,K002+KI03+KA08
svm,raw,target_real,0.4062780269058296,0.38935242324583313,0.19410039403690507,0.7537938462465674,0.5952242854395978,0.0,,0.0008968609865470852,0.0,,0.0008968609865470852,K002+KI03+KA08
svm,temperature,target_real,0.4062780269058296,0.38935242324583313,0.05057032021499369,0.6608687728405618,0.5758851699795833,0.0,,0.0,0.0,,0.0,K002+KI03+KA08
svm,isotonic,target_real,0.3847533632286996,0.36969896746413294,0.2051900890389301,0.723603212720107,0.6552074352615477,0.15874439461883408,0.7909604519774012,0.0,0.15874439461883408,0.7909604519774012,0.0,K002+KI03+KA08
xgboost,raw,source_holdout,0.3472803347280335,0.3120083082126314,0.3826719052372617,0.9417071992124173,0.662807195011075,,,,,,,K002+KI03+KA08
xgboost,raw,target_real,0.3632286995515695,0.35562253577329933,0.39811021546611874,0.9466626618938165,0.627452366611499,0.0,,0.0,0.0,,0.0,K002+KI03+KA08
xgboost,temperature,target_real,0.3632286995515695,0.35562253577329933,0.0017807329437851108,0.6619279225399489,0.6255461357335107,0.0,,0.0,0.0,,0.0,K002+KI03+KA08
xgboost,isotonic,target_real,0.3515695067264574,0.34811906066361775,0.18374982197406484,0.7042685366402943,0.6192474526544111,0.13452914798206278,0.7533333333333333,0.004484304932735426,0.13452914798206278,0.7533333333333333,0.004484304932735426,K002+KI03+KA08
random_forest,raw,source_holdout,0.36401673640167365,0.3265227505402795,0.297326910282135,0.8178241697038207,0.6231027624083746,,,,,,,K002+KI03+KA09
random_forest,raw,target_real,0.3560538116591928,0.3432349296520399,0.3069944651414633,0.8535394385764189,0.6287320382186019,0.0,,0.0017937219730941704,0.0,,0.0017937219730941704,K002+KI03+KA09
random_forest,temperature,target_real,0.3560538116591928,0.3432349296520399,0.022369635684776724,0.6616118306465503,0.6169957233524307,0.015246636771300448,0.058823529411764705,0.014349775784753363,0.015246636771300448,0.058823529411764705,0.014349775784753363,K002+KI03+KA09
random_forest,isotonic,target_real,0.3327354260089686,0.33235811511881885,0.17347984108327538,0.7265966734870822,0.6405055721683156,0.09058295964125561,0.6534653465346535,0.013452914798206279,0.09058295964125561,0.6534653465346535,0.013452914798206279,K002+KI03+KA09
svm,raw,source_holdout,0.39330543933054396,0.34248993772321246,0.2410248980295329,0.7847152270368388,0.5964438305201791,,,,,,,K002+KI03+KA09
svm,raw,target_real,0.3937219730941704,0.37875544408795037,0.1968744918896453,0.7499305138846599,0.5984849598069273,0.0,,0.0,0.0,,0.0,K002+KI03+KA09
svm,temperature,target_real,0.3937219730941704,0.37875544408795037,0.026519690308333687,0.6586652500588431,0.581177070347366,0.0,,0.0,0.0,,0.0,K002+KI03+KA09
svm,isotonic,target_real,0.34977578475336324,0.34826297846493687,0.17146447422416727,0.752672107403568,0.6641171902098216,0.15336322869955157,0.783625730994152,0.0,0.15336322869955157,0.783625730994152,0.0,K002+KI03+KA09
xgboost,raw,source_holdout,0.3263598326359833,0.30161128482000094,0.3864846653519315,0.9419308828081108,0.678697941331578,,,,,,,K002+KI03+KA09
xgboost,raw,target_real,0.3632286995515695,0.3575950594884734,0.38937556182322486,0.9400749164233312,0.6105746865924899,0.0,,0.0,0.0,,0.0,K002+KI03+KA09
xgboost,temperature,target_real,0.3632286995515695,0.3575950594884734,0.011283599347364715,0.6613153620948086,0.6097227113096008,0.0,,0.0,0.0,,0.0,K002+KI03+KA09
xgboost,isotonic,target_real,0.37309417040358744,0.35546876889546297,0.20002664248679555,0.6973334764203837,0.574313772006538,0.14798206278026907,0.5151515151515151,0.0484304932735426,0.14798206278026907,0.5151515151515151,0.0484304932735426,K002+KI03+KA09
random_forest,raw,source_holdout,0.3,0.29640623926338217,0.2946968837900892,0.8771801266246805,0.7458748957163988,,,,,,,K002+KI05+KA01
random_forest,raw,target_real,0.36771300448430494,0.36479894381167627,0.28879621997429,0.8266301549209916,0.6073881061568126,0.0,,0.013452914798206279,0.0,,0.013452914798206279,K002+KI05+KA01
random_forest,temperature,target_real,0.36771300448430494,0.36479894381167627,0.010508868808688442,0.6578091830786715,0.5985398209561461,0.0,,0.013452914798206279,0.0,,0.013452914798206279,K002+KI05+KA01
random_forest,isotonic,target_real,0.36591928251121075,0.3467735487070051,0.1287683129513139,0.7038492862485556,0.6901816922441062,0.0,,0.0,0.0,,0.0,K002+KI05+KA01
svm,raw,source_holdout,0.3,0.29259564270310584,0.28776123810395315,0.863671764153551,0.7525553437275112,,,,,,,K002+KI05+KA01
svm,raw,target_real,0.4,0.39415613239023367,0.21029076038807717,0.7485665399378428,0.6140288615430541,0.0,,0.0008968609865470852,0.0,,0.0008968609865470852,K002+KI05+KA01
svm,temperature,target_real,0.4,0.39415613239023367,0.05140140505082824,0.66108459524412,0.5913133993421289,0.0,,0.0008968609865470852,0.0,,0.0008968609865470852,K002+KI05+KA01
svm,isotonic,target_real,0.38026905829596414,0.3444432151545009,0.1185106931835056,0.6979488369175033,0.6597072851573667,0.0,,0.0,0.0,,0.0,K002+KI05+KA01
xgboost,raw,source_holdout,0.2791666666666667,0.2796364129697463,0.4086607729395231,0.9985325944818998,0.7624967293063594,,,,,,,K002+KI05+KA01
xgboost,raw,target_real,0.3937219730941704,0.3912320440327422,0.35043643980282835,0.9019451850461105,0.5854552692541249,0.0,,0.0008968609865470852,0.0,,0.0008968609865470852,K002+KI05+KA01
xgboost,temperature,target_real,0.3937219730941704,0.3912320440327422,0.0287667578244655,0.6579677829325905,0.5753855443922173,0.0,,0.0008968609865470852,0.0,,0.0008968609865470852,K002+KI05+KA01
xgboost,isotonic,target_real,0.36591928251121075,0.34409040373367983,0.08809629112954633,0.6827663087384865,0.6506436703311236,0.0,,0.0,0.0,,0.0,K002+KI05+KA01
random_forest,raw,source_holdout,0.22916666666666666,0.23322839747960522,0.3985175562624046,0.9469389470892338,0.8407749123512207,,,,,,,K002+KI05+KA03
random_forest,raw,target_real,0.3524663677130045,0.3446850010459739,0.3146465588401276,0.8530593743705347,0.6357662638488076,0.0,,0.0,0.0,,0.0,K002+KI05+KA03
random_forest,temperature,target_real,0.3524663677130045,0.3446850010459739,0.007647677405425652,0.6623734024012439,0.6210900267493914,0.0,,0.0,0.0,,0.0,K002+KI05+KA03
random_forest,isotonic,target_real,0.33721973094170404,0.3063194882306224,0.1429458885354091,0.6936952785163064,0.675781585362517,0.0,,0.0053811659192825115,0.0,,0.0053811659192825115,K002+KI05+KA03
svm,raw,source_holdout,0.19583333333333333,0.20319995331197724,0.44260782848270763,0.9841603920700094,0.8880667402191892,,,,,,,K002+KI05+KA03
svm,raw,target_real,0.3775784753363229,0.3724074233470927,0.23236570787501712,0.7629364153417271,0.6108866857342997,0.0,,0.0008968609865470852,0.0,,0.0008968609865470852,K002+KI05+KA03
svm,temperature,target_real,0.3775784753363229,0.3724074233470927,0.029243150972471266,0.662118454072156,0.5838713691964653,0.0,,0.003587443946188341,0.0,,0.003587443946188341,K002+KI05+KA03
svm,isotonic,target_real,0.2905829596412556,0.2443746549788749,0.12427115184375673,0.6979691985427602,0.678140490675426,0.0,,0.0,0.0,,0.0,K002+KI05+KA03
xgboost,raw,source_holdout,0.25833333333333336,0.2573748928497532,0.46739147106806445,1.047776609007705,0.8080947690241681,,,,,,,K002+KI05+KA03
xgboost,raw,target_real,0.3632286995515695,0.35785038946158565,0.39981167046478505,0.9401620941044353,0.6151249041504571,0.0,,0.0008968609865470852,0.0,,0.0008968609865470852,K002+KI05+KA03
xgboost,temperature,target_real,0.3632286995515695,0.35785038946158565,0.008670399156832301,0.6606273936847498,0.6122348561646089,0.0,,0.0008968609865470852,0.0,,0.0008968609865470852,K002+KI05+KA03
xgboost,isotonic,target_real,0.35874439461883406,0.317069165542747,0.12151648760216291,0.7009873164965739,0.6898504818608555,0.0,,0.0,0.0,,0.0,K002+KI05+KA03
random_forest,raw,source_holdout,0.3891213389121339,0.35408920848251396,0.23100735260514169,0.787334127460512,0.6141746581367605,,,,,,,K002+KI05+KA05
random_forest,raw,target_real,0.34798206278026905,0.33910759945819247,0.30342835487444747,0.8354595836680331,0.6286655820779259,0.0,,0.0,0.0,,0.0,K002+KI05+KA05
random_forest,temperature,target_real,0.34798206278026905,0.33910759945819247,0.03469377418384995,0.6602130312279205,0.6108627818113245,0.0,,0.0,0.0,,0.0,K002+KI05+KA05
random_forest,isotonic,target_real,0.36591928251121075,0.3658539324789792,0.16354758879926248,0.7595379408250881,0.6076437353042069,0.0,,0.013452914798206279,0.0,,0.013452914798206279,K002+KI05+KA05
svm,raw,source_holdout,0.38493723849372385,0.34354762104322073,0.23615891740828698,0.7786681087493211,0.5963493057978606,,,,,,,K002+KI05+KA05
svm,raw,target_real,0.3811659192825112,0.3737704918686861,0.20083295947415142,0.7450129401589582,0.6200705351009741,0.012556053811659192,0.7857142857142857,0.0008968609865470852,0.012556053811659192,0.7857142857142857,0.0008968609865470852,K002+KI05+KA05
svm,temperature,target_real,0.3811659192825112,0.3737704918686861,0.018218771547262542,0.6577015952608206,0.5969067612111322,0.0,,0.0,0.0,,0.0,K002+KI05+KA05
svm,isotonic,target_real,0.34080717488789236,0.3270726812599796,0.18335956048592392,0.7656375654063938,0.6681863233799156,0.0,,0.0,0.0,,0.0,K002+KI05+KA05
xgboost,raw,source_holdout,0.3723849372384937,0.3417162252741768,0.3226976626587712,0.8470200091953837,0.6019062206129172,,,,,,,K002+KI05+KA05
xgboost,raw,target_real,0.36591928251121075,0.3609961717690493,0.3744442409196777,0.9093164118851836,0.6111597398980517,0.02242152466367713,0.68,0.0,0.02242152466367713,0.68,0.0,K002+KI05+KA05
xgboost,temperature,target_real,0.36591928251121075,0.3609961717690493,0.014233711128108967,0.6586818972613523,0.6028061937728202,0.009865470852017937,0.6363636363636364,0.0008968609865470852,0.009865470852017937,0.6363636363636364,0.0008968609865470852,K002+KI05+KA05
xgboost,isotonic,target_real,0.3596412556053812,0.3577326788368607,0.14517048763215326,0.7359463586152001,0.6365385064821742,0.0008968609865470852,0.0,0.0017937219730941704,0.0008968609865470852,0.0,0.0017937219730941704,K002+KI05+KA05
random_forest,raw,source_holdout,0.43333333333333335,0.37464355111413933,0.21144261699702932,0.7463482677945403,0.4895189546014785,,,,,,,K002+KI05+KA06
random_forest,raw,target_real,0.3506726457399103,0.3394485809134224,0.30686020836641126,0.8368115243736406,0.6302774956855802,0.05739910313901345,0.6875,0.0017937219730941704,0.05739910313901345,0.6875,0.0017937219730941704,K002+KI05+KA06
random_forest,temperature,target_real,0.3506726457399103,0.3394485809134224,0.049288177300926016,0.6659788021326285,0.6158017431359146,0.0242152466367713,0.37037037037037035,0.0017937219730941704,0.0242152466367713,0.37037037037037035,0.0017937219730941704,K002+KI05+KA06
random_forest,isotonic,target_real,0.3542600896860987,0.3480109776622018,0.24403335215161345,0.8139480448630316,0.6391112002653393,0.013452914798206279,0.0,0.013452914798206279,0.013452914798206279,0.0,0.013452914798206279,K002+KI05+KA06
svm,raw,source_holdout,0.4,0.33861007715455155,0.2430593673103812,0.7478313283572352,0.48802985926482556,,,,,,,K002+KI05+KA06
svm,raw,target_real,0.3955156950672646,0.3843003543907752,0.2025658876945503,0.7419920397507472,0.6139283251404832,0.02062780269058296,0.8260869565217391,0.0008968609865470852,0.02062780269058296,0.8260869565217391,0.0008968609865470852,K002+KI05+KA06
svm,temperature,target_real,0.3955156950672646,0.3843003543907752,0.012988230215502761,0.655482382990406,0.5923874395862935,0.003587443946188341,0.25,0.0008968609865470852,0.003587443946188341,0.25,0.0008968609865470852,K002+KI05+KA06
svm,isotonic,target_real,0.3452914798206278,0.3427810735257852,0.20469026901818804,0.7929628754948214,0.6779733031246167,0.0,,0.0,0.0,,0.0,K002+KI05+KA06
xgboost,raw,source_holdout,0.4083333333333333,0.36961391099322133,0.3113566053410371,0.8048719939461316,0.47639863024268936,,,,,,,K002+KI05+KA06
xgboost,raw,target_real,0.3775784753363229,0.3713717210734934,0.3557479210498621,0.8984335713076446,0.5993637440968687,0.036771300448430494,0.4878048780487805,0.0,0.036771300448430494,0.4878048780487805,0.0,K002+KI05+KA06
xgboost,temperature,target_real,0.3775784753363229,0.3713717210734934,0.03843721527323463,0.6591758581070933,0.5897220878568333,0.03228699551569507,0.5,0.0,0.03228699551569507,0.5,0.0,K002+KI05+KA06
xgboost,isotonic,target_real,0.34618834080717487,0.3234422049906381,0.2317018039530056,0.7980815368732623,0.6663694432368052,0.019730941704035873,0.45454545454545453,0.0,0.019730941704035873,0.45454545454545453,0.0,K002+KI05+KA06
random_forest,raw,source_holdout,0.36666666666666664,0.3308184098669082,0.2585982650564526,0.7723944869392637,0.5681103212335821,,,,,,,K002+KI05+KA07
random_forest,raw,target_real,0.35874439461883406,0.3497532048865626,0.29835617545110527,0.8378725110321064,0.6290568130993756,0.0,,0.0,0.0,,0.0,K002+KI05+KA07
random_forest,temperature,target_real,0.35874439461883406,0.3497532048865626,0.029514716954764604,0.6621557985139556,0.6142932040340916,0.0,,0.0,0.0,,0.0,K002+KI05+KA07
random_forest,isotonic,target_real,0.3614349775784753,0.3501238112814396,0.1801858119181151,0.7509701741788603,0.6082391686455392,0.014349775784753363,0.0,0.014349775784753363,0.014349775784753363,0.0,0.014349775784753363,K002+KI05+KA07
svm,raw,source_holdout,0.3875,0.3419753086419753,0.23828419175148519,0.7607886610638168,0.5445393324263819,,,,,,,K002+KI05+KA07
svm,raw,target_real,0.39461883408071746,0.3848996704720978,0.19101527184489833,0.7378347773664685,0.6124052319875628,0.009865470852017937,0.8181818181818182,0.0008968609865470852,0.009865470852017937,0.8181818181818182,0.0008968609865470852,K002+KI05+KA07
svm,temperature,target_real,0.39461883408071746,0.3848996704720978,0.025872808567753616,0.6558711081796403,0.5871892232592278,0.0,,0.0026905829596412557,0.0,,0.0026905829596412557,K002+KI05+KA07
svm,isotonic,target_real,0.3596412556053812,0.3478801050549449,0.133497967030467,0.7347251636817203,0.644799637192034,0.0,,0.0,0.0,,0.0,K002+KI05+KA07
xgboost,raw,source_holdout,0.36666666666666664,0.34628720875614,0.33804132367173834,0.8496144888776606,0.5553036078758706,,,,,,,K002+KI05+KA07
xgboost,raw,target_real,0.38026905829596414,0.3754106354220692,0.35847054126551336,0.9063018207975879,0.6079705468052589,0.015246636771300448,0.6470588235294118,0.0,0.015246636771300448,0.6470588235294118,0.0,K002+KI05+KA07
xgboost,temperature,target_real,0.38026905829596414,0.3754106354220692,0.025944509772134135,0.65721493966709,0.5993674300747243,0.033183856502242155,0.5675675675675675,0.0008968609865470852,0.033183856502242155,0.5675675675675675,0.0008968609865470852,K002+KI05+KA07
xgboost,isotonic,target_real,0.3434977578475336,0.33540378342731686,0.19588000563641922,0.7439663276282611,0.6461575102090564,0.0008968609865470852,0.0,0.0017937219730941704,0.0008968609865470852,0.0,0.0017937219730941704,K002+KI05+KA07
random_forest,raw,source_holdout,0.4100418410041841,0.36627597513200477,0.23478679956494303,0.7479433572321211,0.5221355677246773,,,,,,,K002+KI05+KA08
random_forest,raw,target_real,0.35874439461883406,0.34665322947162586,0.295666791147375,0.8407805458504902,0.6320565403298152,0.06547085201793722,0.6986301369863014,0.0008968609865470852,0.06547085201793722,0.6986301369863014,0.0008968609865470852,K002+KI05+KA08
random_forest,temperature,target_real,0.35874439461883406,0.34665322947162586,0.05088638308061995,0.6642929773086953,0.6147405382128683,0.06905829596412556,0.6493506493506493,0.0008968609865470852,0.06905829596412556,0.6493506493506493,0.0008968609865470852,K002+KI05+KA08
random_forest,isotonic,target_real,0.34439461883408073,0.3348743563317538,0.20954154952767093,0.7757821787615387,0.6331678694102251,0.015246636771300448,0.0,0.015246636771300448,0.015246636771300448,0.0,0.015246636771300448,K002+KI05+KA08
svm,raw,source_holdout,0.41841004184100417,0.3497388620585069,0.20875742358033714,0.7337577897049631,0.49765486399353237,,,,,,,K002+KI05+KA08
svm,raw,target_real,0.39820627802690584,0.38648187698955244,0.18193445579903725,0.7347050283987183,0.613571884100668,0.019730941704035873,0.8181818181818182,0.0008968609865470852,0.019730941704035873,0.8181818181818182,0.0008968609865470852,K002+KI05+KA08
svm,temperature,target_real,0.39820627802690584,0.38648187698955244,0.019301750803143173,0.654986611651139,0.5896269134373079,0.0,,0.0017937219730941704,0.0,,0.0017937219730941704,K002+KI05+KA08
svm,isotonic,target_real,0.3488789237668161,0.3295874990708941,0.20303446203209113,0.7844188077557155,0.6629408935413169,0.0,,0.0,0.0,,0.0,K002+KI05+KA08
xgboost,raw,source_holdout,0.41422594142259417,0.38113147914032863,0.31135081583984725,0.8300049230921327,0.5437315346277833,,,,,,,K002+KI05+KA08
xgboost,raw,target_real,0.37847533632286995,0.371389398873615,0.3492194396230672,0.8961872904935297,0.6095670385941205,0.004484304932735426,0.6,0.0,0.004484304932735426,0.6,0.0,K002+KI05+KA08
xgboost,temperature,target_real,0.37847533632286995,0.371389398873615,0.03581982427530562,0.6572505249650304,0.6005786788799587,0.02780269058295964,0.5806451612903226,0.0,0.02780269058295964,0.5806451612903226,0.0,K002+KI05+KA08
xgboost,isotonic,target_real,0.3650224215246637,0.3659279752679192,0.16077744371918443,0.749642783877236,0.6478998940042643,0.017937219730941704,0.45,0.0,0.017937219730941704,0.45,0.0,K002+KI05+KA08
random_forest,raw,source_holdout,0.3891213389121339,0.35130553220212324,0.24306193961544917,0.7736491612772173,0.5590136643107974,,,,,,,K002+KI05+KA09
random_forest,raw,target_real,0.3560538116591928,0.34627091509227625,0.2977912354027894,0.8356240867110128,0.632934757211877,0.05022421524663677,0.625,0.0,0.05022421524663677,0.625,0.0,K002+KI05+KA09
random_forest,temperature,target_real,0.3560538116591928,0.34627091509227625,0.036234304109786605,0.6643910636799328,0.6160064214364349,0.04932735426008968,0.5272727272727272,0.0,0.04932735426008968,0.5272727272727272,0.0,K002+KI05+KA09
random_forest,isotonic,target_real,0.36053811659192825,0.3544986763848627,0.19415041011885575,0.7797123645324987,0.6303307198629098,0.015246636771300448,0.0,0.015246636771300448,0.015246636771300448,0.0,0.015246636771300448,K002+KI05+KA09
svm,raw,source_holdout,0.3723849372384937,0.3265141184894617,0.2523157943047839,0.7738472175589742,0.5610674888376815,,,,,,,K002+KI05+KA09
svm,raw,target_real,0.38923766816143496,0.38074914893270256,0.18981441549224845,0.7380092626037418,0.6148238604710642,0.008071748878923767,0.7777777777777778,0.0008968609865470852,0.008071748878923767,0.7777777777777778,0.0008968609865470852,K002+KI05+KA09
svm,temperature,target_real,0.38923766816143496,0.38074914893270256,0.025594553871029855,0.6566979164888804,0.5881245614574994,0.0,,0.0008968609865470852,0.0,,0.0008968609865470852,K002+KI05+KA09
svm,isotonic,target_real,0.34618834080717487,0.34058452527576016,0.18816672401769538,0.7619548431385299,0.6820053122973886,0.0,,0.0,0.0,,0.0,K002+KI05+KA09
xgboost,raw,source_holdout,0.3682008368200837,0.34281973875748606,0.3253586204979709,0.8501998032726303,0.5662254934866142,,,,,,,K002+KI05+KA09
xgboost,raw,target_real,0.3695067264573991,0.36457140370183855,0.3575808844491505,0.8971688704974882,0.601523170638937,0.017040358744394617,0.631578947368421,0.0,0.017040358744394617,0.631578947368421,0.0,K002+KI05+KA09
xgboost,temperature,target_real,0.3695067264573991,0.36457140370183855,0.017591753477850112,0.6570782300517424,0.5913134889266023,0.017937219730941704,0.6,0.0008968609865470852,0.017937219730941704,0.6,0.0008968609865470852,K002+KI05+KA09
xgboost,isotonic,target_real,0.3506726457399103,0.318617236619374,0.14799762070049122,0.7539961126719626,0.634719236297916,0.007174887892376682,0.0,0.008071748878923767,0.007174887892376682,0.0,0.008071748878923767,K002+KI05+KA09
random_forest,raw,source_holdout,0.34309623430962344,0.33646383283936204,0.25907016687625845,0.8289924510779454,0.6946624962551158,,,,,,,K002+KI07+KA01
random_forest,raw,target_real,0.37668161434977576,0.3740697025661399,0.270828039470161,0.8078943361515175,0.6076411053753147,0.0,,0.0,0.0,,0.0,K002+KI07+KA01
random_forest,temperature,target_real,0.37668161434977576,0.3740697025661399,0.02500420912811693,0.6572431193949243,0.5969879571375852,0.017937219730941704,0.2,0.0,0.017937219730941704,0.2,0.0,K002+KI07+KA01
random_forest,isotonic,target_real,0.36412556053811657,0.33748704314434946,0.15388955783684194,0.7924686502091725,0.6768259669039445,0.24573991031390136,0.7226277372262774,0.0,0.24573991031390136,0.7226277372262774,0.0,K002+KI07+KA01
svm,raw,source_holdout,0.3472803347280335,0.34619089768336336,0.24566158972293928,0.8210599426614007,0.697351934501873,,,,,,,K002+KI07+KA01
svm,raw,target_real,0.38385650224215245,0.3789874156116368,0.2224875581967892,0.7529063373461995,0.6247930080661342,0.0,,0.0008968609865470852,0.0,,0.0008968609865470852,K002+KI07+KA01
svm,temperature,target_real,0.38385650224215245,0.3789874156116368,0.03535388518696109,0.6613326739352883,0.6029386701182748,0.0,,0.0008968609865470852,0.0,,0.0008968609865470852,K002+KI07+KA01
svm,isotonic,target_real,0.3668161434977579,0.34335084202940624,0.09717328329047628,0.768007068345224,0.6432781722401013,0.07713004484304933,0.7674418604651163,0.0,0.07713004484304933,0.7674418604651163,0.0,K002+KI07+KA01
xgboost,raw,source_holdout,0.3263598326359833,0.3261737325028464,0.3514369973078932,0.9297667229525882,0.7063409395147513,,,,,,,K002+KI07+KA01
xgboost,raw,target_real,0.3883408071748879,0.3866642772628168,0.3446636088493159,0.8919220345507047,0.5796101074519947,0.0,,0.0,0.0,,0.0,K002+KI07+KA01
xgboost,temperature,target_real,0.3883408071748879,0.3866642772628168,0.02515998739896383,0.6565540123266792,0.5695245046270566,0.10134529147982063,0.3805309734513274,0.0,0.10134529147982063,0.3805309734513274,0.0,K002+KI07+KA01
xgboost,isotonic,target_real,0.3596412556053812,0.33296484975332935,0.12332914361739651,0.7656079800071208,0.6590811571758789,0.13991031390134528,0.7884615384615384,0.0,0.13991031390134528,0.7884615384615384,0.0,K002+KI07+KA01
random_forest,raw,source_holdout,0.2384937238493724,0.2375972611266729,0.3613123127678392,0.9044569214913802,0.8001534578234096,,,,,,,K002+KI07+KA03
random_forest,raw,target_real,0.3632286995515695,0.3592965314362046,0.29799659290876757,0.8440604109147042,0.6310557871616256,0.0,,0.0008968609865470852,0.0,,0.0008968609865470852,K002+KI07+KA03
random_forest,temperature,target_real,0.3632286995515695,0.3592965314362046,0.009101426410445769,0.661021027338953,0.6197805285022358,0.0,,0.0008968609865470852,0.0,,0.0008968609865470852,K002+KI07+KA03
random_forest,isotonic,target_real,0.3094170403587444,0.23338858164030243,0.12638581893203404,0.7579387099681855,0.7849145815876885,0.07085201793721974,0.810126582278481,0.0,0.07085201793721974,0.810126582278481,0.0,K002+KI07+KA03
svm,raw,source_holdout,0.22594142259414227,0.23006483073223896,0.3805741596650709,0.9449538882208606,0.8816618777740244,,,,,,,K002+KI07+KA03
svm,raw,target_real,0.3739910313901345,0.37092547491335354,0.23507212077593487,0.7720416911778208,0.6276769939574829,0.0,,0.0017937219730941704,0.0,,0.0017937219730941704,K002+KI07+KA03
svm,temperature,target_real,0.3739910313901345,0.37092547491335354,0.025546641518924162,0.6625676372546928,0.597889890394896,0.0,,0.003587443946188341,0.0,,0.003587443946188341,K002+KI07+KA03
svm,isotonic,target_real,0.35695067264573993,0.2804452727213431,0.10153754434483826,0.7163846770558783,0.6775062214911098,0.07085201793721974,0.7848101265822784,0.0,0.07085201793721974,0.7848101265822784,0.0,K002+KI07+KA03
xgboost,raw,source_holdout,0.28451882845188287,0.2843517367346625,0.4105575708165827,1.0046982578862778,0.7721255530459614,,,,,,,K002+KI07+KA03
xgboost,raw,target_real,0.357847533632287,0.3558372893521917,0.39618060773263597,0.9388566990741037,0.5955816308138863,0.0,,0.0,0.0,,0.0,K002+KI07+KA03
xgboost,temperature,target_real,0.357847533632287,0.3558372893521917,0.04828333183266578,0.6590483037120557,0.591811468556425,0.0,,0.0,0.0,,0.0,K002+KI07+KA03
xgboost,isotonic,target_real,0.3811659192825112,0.3605641086844094,0.1699502135094286,0.7343942378175123,0.6230604870915385,0.11928251121076233,0.8045112781954887,0.0,0.11928251121076233,0.8045112781954887,0.0,K002+KI07+KA03
random_forest,raw,source_holdout,0.3403361344537815,0.30415896317561436,0.2631454273319652,0.7967424185684343,0.6113523274498098,,,,,,,K002+KI07+KA05
random_forest,raw,target_real,0.35336322869955156,0.3430797418770751,0.294998964514095,0.8253786171777138,0.6304202917704841,0.0,,0.0,0.0,,0.0,K002+KI07+KA05
random_forest,temperature,target_real,0.35336322869955156,0.3430797418770751,0.010232485225628769,0.6608050958264606,0.6129932982829087,0.05022421524663677,0.5535714285714286,0.0,0.05022421524663677,0.5535714285714286,0.0,K002+KI07+KA05
random_forest,isotonic,target_real,0.35874439461883406,0.34592937952240105,0.17652778659206939,0.8088392135070288,0.6446951463597772,0.23228699551569507,0.749034749034749,0.0,0.23228699551569507,0.749034749034749,0.0,K002+KI07+KA05
svm,raw,source_holdout,0.3319327731092437,0.29492390472532154,0.2913566964205878,0.8078678412866095,0.6098747812323483,,,,,,,K002+KI07+KA05
svm,raw,target_real,0.37488789237668163,0.36220314455749575,0.21994170403046737,0.7605582262751108,0.6331878517499392,0.030493273542600896,0.8235294117647058,0.0008968609865470852,0.030493273542600896,0.8235294117647058,0.0008968609865470852,K002+KI07+KA05
svm,temperature,target_real,0.37488789237668163,0.36220314455749575,0.027155196625695377,0.6626525872591954,0.6069679747750439,0.0008968609865470852,0.0,0.0026905829596412557,0.0008968609865470852,0.0,0.0026905829596412557,K002+KI07+KA05
svm,isotonic,target_real,0.3345291479820628,0.3306633324571091,0.13137110619298617,0.7343813757926885,0.6640192022110981,0.11031390134529148,0.7642276422764228,0.0,0.11031390134529148,0.7642276422764228,0.0,K002+KI07+KA05
xgboost,raw,source_holdout,0.36554621848739494,0.34674222179293174,0.3148101906315619,0.8675651298304488,0.6236751604848992,,,,,,,K002+KI07+KA05
xgboost,raw,target_real,0.3650224215246637,0.36058087095668795,0.36964199620512034,0.9022198789753894,0.5903775169088987,0.0,,0.0,0.0,,0.0,K002+KI07+KA05
xgboost,temperature,target_real,0.3650224215246637,0.36058087095668795,0.040380904100735984,0.657651416275304,0.5813176281628322,0.0,,0.0,0.0,,0.0,K002+KI07+KA05
xgboost,isotonic,target_real,0.37130044843049326,0.36913251350212883,0.16163955936309704,0.7361912244604604,0.6256514323493714,0.12286995515695068,0.781021897810219,0.004484304932735426,0.12286995515695068,0.781021897810219,0.004484304932735426,K002+KI07+KA05
random_forest,raw,source_holdout,0.40585774058577406,0.3512861726720747,0.21133770495101098,0.7389900037143324,0.47584218755052965,,,,,,,K002+KI07+KA06
random_forest,raw,target_real,0.347085201793722,0.3364498895974644,0.3020869962702773,0.8252842627971568,0.6281505827504142,0.0968609865470852,0.6574074074074074,0.0017937219730941704,0.0968609865470852,0.6574074074074074,0.0017937219730941704,K002+KI07+KA06
random_forest,temperature,target_real,0.347085201793722,0.3364498895974644,0.043587593980251936,0.6583888142831618,0.613556531801606,0.06905829596412556,0.5974025974025974,0.0017937219730941704,0.06905829596412556,0.5974025974025974,0.0017937219730941704,K002+KI07+KA06
random_forest,isotonic,target_real,0.36591928251121075,0.35799600165637835,0.2198942159356823,0.8639825221260112,0.65542077957134,0.26547085201793724,0.7635135135135135,0.0,0.26547085201793724,0.7635135135135135,0.0,K002+KI07+KA06
svm,raw,source_holdout,0.39748953974895396,0.33356554046209225,0.2217259352979732,0.7507185816962368,0.4740792998730882,,,,,,,K002+KI07+KA06
svm,raw,target_real,0.3721973094170404,0.35961871493839476,0.22280321001558598,0.7559299115971632,0.6314730231495566,0.03766816143497758,0.7857142857142857,0.0008968609865470852,0.03766816143497758,0.7857142857142857,0.0008968609865470852,K002+KI07+KA06
svm,temperature,target_real,0.3721973094170404,0.35961871493839476,0.018790534300717712,0.6586599452730189,0.6109199740304219,0.012556053811659192,0.6428571428571429,0.0008968609865470852,0.012556053811659192,0.6428571428571429,0.0008968609865470852,K002+KI07+KA06
svm,isotonic,target_real,0.33363228699551567,0.3222822205530927,0.15898102278525683,0.754947248751038,0.6634774328805293,0.11121076233183856,0.7580645161290323,0.0,0.11121076233183856,0.7580645161290323,0.0,K002+KI07+KA06
xgboost,raw,source_holdout,0.41841004184100417,0.3932305790280912,0.26959563361550976,0.8024988474714084,0.5015538600618468,,,,,,,K002+KI07+KA06
xgboost,raw,target_real,0.3829596412556054,0.3777989552918328,0.3513903771815279,0.8986634238117338,0.594657163932513,0.10403587443946188,0.41379310344827586,0.0,0.10403587443946188,0.41379310344827586,0.0,K002+KI07+KA06
xgboost,temperature,target_real,0.3829596412556054,0.3777989552918328,0.019882027526112126,0.6551028125089559,0.5878341270771562,0.09237668161434978,0.3592233009708738,0.0,0.09237668161434978,0.3592233009708738,0.0,K002+KI07+KA06
xgboost,isotonic,target_real,0.3515695067264574,0.35001529392221364,0.18551591478845375,0.783577913051797,0.6504011475730734,0.20179372197309417,0.7022222222222222,0.0,0.20179372197309417,0.7022222222222222,0.0,K002+KI07+KA06
random_forest,raw,source_holdout,0.39748953974895396,0.3591082450379699,0.2035192483401768,0.7541977537138563,0.5188801037204843,,,,,,,K002+KI07+KA07
random_forest,raw,target_real,0.35336322869955156,0.3428995402307418,0.29952126616628116,0.8256578954269024,0.6241831599425448,0.0,,0.0008968609865470852,0.0,,0.0008968609865470852,K002+KI07+KA07
random_forest,temperature,target_real,0.35336322869955156,0.3428995402307418,0.011918877333468672,0.6597704684140304,0.6083241446909288,0.015246636771300448,0.058823529411764705,0.0008968609865470852,0.015246636771300448,0.058823529411764705,0.0008968609865470852,K002+KI07+KA07
random_forest,isotonic,target_real,0.3542600896860987,0.34323637128576995,0.19943895080370325,0.8401830439075503,0.6631344543725647,0.14887892376681613,0.7891566265060241,0.0,0.14887892376681613,0.7891566265060241,0.0,K002+KI07+KA07
svm,raw,source_holdout,0.36401673640167365,0.317831629079703,0.24332619106243322,0.7641269211190936,0.517676010948755,,,,,,,K002+KI07+KA07
svm,raw,target_real,0.37847533632286995,0.3649291893433144,0.2146458367550056,0.7490176463505198,0.6256685715797529,0.04125560538116592,0.7608695652173914,0.0008968609865470852,0.04125560538116592,0.7608695652173914,0.0008968609865470852,K002+KI07+KA07
svm,temperature,target_real,0.37847533632286995,0.3649291893433144,0.024227987346539637,0.6601616300295057,0.6015107963165972,0.013452914798206279,0.6,0.0008968609865470852,0.013452914798206279,0.6,0.0008968609865470852,K002+KI07+KA07
svm,isotonic,target_real,0.3596412556053812,0.3278104081731718,0.11324956077937512,0.7355030870546566,0.6494424356419927,0.10672645739910314,0.773109243697479,0.0,0.10672645739910314,0.773109243697479,0.0,K002+KI07+KA07
xgboost,raw,source_holdout,0.37656903765690375,0.3490480313408142,0.307976455369255,0.8177502303323031,0.5104046156234526,,,,,,,K002+KI07+KA07
xgboost,raw,target_real,0.3739910313901345,0.36871652817667483,0.3661259733507986,0.904157442405635,0.5951696840950093,0.0,,0.0,0.0,,0.0,K002+KI07+KA07
xgboost,temperature,target_real,0.3739910313901345,0.36871652817667483,0.01000388048815714,0.654590102446088,0.5822891778389494,0.06726457399103139,0.36,0.0008968609865470852,0.06726457399103139,0.36,0.0008968609865470852,K002+KI07+KA07
xgboost,isotonic,target_real,0.3632286995515695,0.3544783044167841,0.1623640647611298,0.7708781576377393,0.6349605604138631,0.11300448430493273,0.7857142857142857,0.0,0.11300448430493273,0.7857142857142857,0.0,K002+KI07+KA07
random_forest,raw,source_holdout,0.3865546218487395,0.34845996914962435,0.2220667345879249,0.7549705609754738,0.5040621809460533,,,,,,,K002+KI07+KA08
random_forest,raw,target_real,0.35515695067264574,0.3441381365948391,0.29536248989865077,0.8309432195386296,0.6364199002969773,0.0,,0.0017937219730941704,0.0,,0.0017937219730941704,K002+KI07+KA08
random_forest,temperature,target_real,0.35515695067264574,0.3441381365948391,0.02664971784521597,0.6595147217134563,0.6239538105240711,0.07623318385650224,0.6470588235294118,0.0017937219730941704,0.07623318385650224,0.6470588235294118,0.0017937219730941704,K002+KI07+KA08
random_forest,isotonic,target_real,0.357847533632287,0.34753862112106165,0.21744141567954384,0.8522476734193025,0.6567794555277218,0.13094170403587443,0.6986301369863014,0.0,0.13094170403587443,0.6986301369863014,0.0,K002+KI07+KA08
svm,raw,source_holdout,0.40336134453781514,0.33213090865641864,0.2025343278044849,0.7342185676725743,0.4565352587813477,,,,,,,K002+KI07+KA08
svm,raw,target_real,0.37847533632286995,0.35902634732151273,0.20824187110368175,0.7419261747329577,0.6212909374481814,0.051121076233183856,0.7719298245614035,0.0008968609865470852,0.051121076233183856,0.7719298245614035,0.0008968609865470852,K002+KI07+KA08
svm,temperature,target_real,0.37847533632286995,0.35902634732151273,0.019364839321075314,0.6581750611020132,0.6018085668260443,0.023318385650224215,0.6923076923076923,0.0008968609865470852,0.023318385650224215,0.6923076923076923,0.0008968609865470852,K002+KI07+KA08
svm,isotonic,target_real,0.34439461883408073,0.3439876646406443,0.18766487858812847,0.7831692748541835,0.6776632547592707,0.1210762331838565,0.762962962962963,0.0,0.1210762331838565,0.762962962962963,0.0,K002+KI07+KA08
xgboost,raw,source_holdout,0.40756302521008403,0.3885331492150998,0.3087139938558851,0.8218063602165195,0.5122574533850317,,,,,,,K002+KI07+KA08
xgboost,raw,target_real,0.3757847533632287,0.3696331955598897,0.3554680415600404,0.8965160762828186,0.5942278733652285,0.11210762331838565,0.44,0.0,0.11210762331838565,0.44,0.0,K002+KI07+KA08
xgboost,temperature,target_real,0.3757847533632287,0.3696331955598897,0.00653802975299475,0.6546678198649402,0.5815953634156656,0.1031390134529148,0.4,0.0,0.1031390134529148,0.4,0.0,K002+KI07+KA08
xgboost,isotonic,target_real,0.3542600896860987,0.35305380524603214,0.16151864055522308,0.7824052817240033,0.6555618470042753,0.0,,0.0,0.0,,0.0,K002+KI07+KA08
random_forest,raw,source_holdout,0.3865546218487395,0.34782737767812394,0.20185291810401812,0.7569633113522792,0.5420161028267122,,,,,,,K002+KI07+KA09
random_forest,raw,target_real,0.357847533632287,0.3488938502319123,0.2918201591359674,0.8261241998071871,0.6356035854695287,0.0,,0.0008968609865470852,0.0,,0.0008968609865470852,K002+KI07+KA09
random_forest,temperature,target_real,0.357847533632287,0.3488938502319123,0.017305787630842985,0.6595937524135062,0.6229995364072287,0.06188340807174888,0.5942028985507246,0.0008968609865470852,0.06188340807174888,0.5942028985507246,0.0008968609865470852,K002+KI07+KA09
random_forest,isotonic,target_real,0.35695067264573993,0.3447500934570315,0.2274198616802095,0.8603780370509659,0.6531205654146454,0.28161434977578476,0.7643312101910829,0.0,0.28161434977578476,0.7643312101910829,0.0,K002+KI07+KA09
svm,raw,source_holdout,0.37815126050420167,0.3219827439706276,0.22510916575382375,0.7646861009906691,0.5292491864136284,,,,,,,K002+KI07+KA09
svm,raw,target_real,0.3757847533632287,0.3631826030079394,0.20920619886483063,0.7503274468016797,0.6325700479762504,0.03766816143497758,0.8333333333333334,0.0008968609865470852,0.03766816143497758,0.8333333333333334,0.0008968609865470852,K002+KI07+KA09
svm,temperature,target_real,0.3757847533632287,0.3631826030079394,0.01887272316303823,0.6601966562854374,0.6031202837371451,0.010762331838565023,0.5,0.0017937219730941704,0.010762331838565023,0.5,0.0017937219730941704,K002+KI07+KA09
svm,isotonic,target_real,0.33901345291479823,0.32997245960406274,0.13677131489544178,0.7452676842456692,0.6760054141672324,0.10403587443946188,0.7672413793103449,0.0,0.10403587443946188,0.7672413793103449,0.0,K002+KI07+KA09
xgboost,raw,source_holdout,0.36554621848739494,0.34915659053590087,0.3061768119575597,0.8319494472352861,0.5685621226392135,,,,,,,K002+KI07+KA09
xgboost,raw,target_real,0.3874439461883408,0.383952529256763,0.3413797649300152,0.890363048960601,0.5911388664386293,0.0,,0.0,0.0,,0.0,K002+KI07+KA09
xgboost,temperature,target_real,0.3874439461883408,0.383952529256763,0.016493159451183667,0.6558767497035562,0.5748935352031629,0.028699551569506727,0.4375,0.0,0.028699551569506727,0.4375,0.0,K002+KI07+KA09
xgboost,isotonic,target_real,0.357847533632287,0.35806527090005674,0.16871581933299298,0.7777486857313752,0.6237469397336939,0.09417040358744394,0.7714285714285715,0.0,0.09417040358744394,0.7714285714285715,0.0,K002+KI07+KA09
random_forest,raw,source_holdout,0.2773109243697479,0.2755363755363755,0.31169796452693993,0.8635061654534524,0.746878064930611,,,,,,,K002+KI08+KA01
random_forest,raw,target_real,0.37847533632286995,0.3742094418832795,0.2762956579067429,0.7979082076376784,0.5761967411767975,0.0,,0.013452914798206279,0.0,,0.013452914798206279,K002+KI08+KA01
random_forest,temperature,target_real,0.37847533632286995,0.3742094418832795,0.023890377511511973,0.6547606275903145,0.5665758655685932,0.0,,0.013452914798206279,0.0,,0.013452914798206279,K002+KI08+KA01
random_forest,isotonic,target_real,0.37309417040358744,0.35281728494410985,0.1430051286187638,0.7711595377908015,0.6569927184456283,0.22062780269058296,0.6910569105691057,0.0,0.22062780269058296,0.6910569105691057,0.0,K002+KI08+KA01
svm,raw,source_holdout,0.28991596638655465,0.2832354637232686,0.2886114281184483,0.8559158524915113,0.7551240983227625,,,,,,,K002+KI08+KA01
svm,raw,target_real,0.41524663677130047,0.4073248876030737,0.18643661244246895,0.7232252599429561,0.5889961590941503,0.03766816143497758,0.7857142857142857,0.0008968609865470852,0.03766816143497758,0.7857142857142857,0.0008968609865470852,K002+KI08+KA01
svm,temperature,target_real,0.41524663677130047,0.4073248876030737,0.0671080411948839,0.6600730610181608,0.5659348976627955,0.0,,0.0008968609865470852,0.0,,0.0008968609865470852,K002+KI08+KA01
svm,isotonic,target_real,0.3883408071748879,0.34499814527174316,0.15064700005553283,0.7598156610860983,0.6687222279960554,0.15426008968609867,0.7848837209302325,0.0,0.15426008968609867,0.7848837209302325,0.0,K002+KI08+KA01
xgboost,raw,source_holdout,0.2605042016806723,0.26039809863339275,0.4203000658450006,0.987257234968214,0.7431900793204764,,,,,,,K002+KI08+KA01
xgboost,raw,target_real,0.3874439461883408,0.38382113679497293,0.3474886538469203,0.8765558307628692,0.5699703512975066,0.0,,0.0,0.0,,0.0,K002+KI08+KA01
xgboost,temperature,target_real,0.3874439461883408,0.38382113679497293,0.02466629097995759,0.656082678700418,0.563058527658984,0.0,,0.0,0.0,,0.0,K002+KI08+KA01
xgboost,isotonic,target_real,0.41076233183856503,0.3607599486769095,0.13091913592419138,0.720804921478751,0.6290867177340494,0.0053811659192825115,1.0,0.0,0.0053811659192825115,1.0,0.0,K002+KI08+KA01
random_forest,raw,source_holdout,0.25630252100840334,0.255223940229334,0.3517821754510407,0.9067813775179411,0.800803030815649,,,,,,,K002+KI08+KA03
random_forest,raw,target_real,0.3650224215246637,0.3587216951131324,0.2949905143401631,0.8270672665743841,0.6043292633079649,0.0,,0.0,0.0,,0.0,K002+KI08+KA03
random_forest,temperature,target_real,0.3650224215246637,0.3587216951131324,0.009006749785784333,0.6586087303888316,0.5925170424790045,0.0,,0.0,0.0,,0.0,K002+KI08+KA03
random_forest,isotonic,target_real,0.3309417040358744,0.2853470730095942,0.15040474402393764,0.7536126179670147,0.6987623918468631,0.06816143497757847,0.8157894736842105,0.0,0.06816143497757847,0.8157894736842105,0.0,K002+KI08+KA03
svm,raw,source_holdout,0.23949579831932774,0.24378762999452652,0.37158252212762366,0.8930766204105992,0.8295408677431703,,,,,,,K002+KI08+KA03
svm,raw,target_real,0.3937219730941704,0.3897291764361058,0.2104663067529939,0.732287366267129,0.5929749517704721,0.0,,0.0017937219730941704,0.0,,0.0017937219730941704,K002+KI08+KA03
svm,temperature,target_real,0.3937219730941704,0.3897291764361058,0.04615939397704444,0.6611424206306792,0.5616470180742027,0.0,,0.0017937219730941704,0.0,,0.0017937219730941704,K002+KI08+KA03
svm,isotonic,target_real,0.3219730941704036,0.2877753010259791,0.12543990407212638,0.753419542925669,0.6648352949241307,0.12017937219730941,0.7761194029850746,0.0,0.12017937219730941,0.7761194029850746,0.0,K002+KI08+KA03
xgboost,raw,source_holdout,0.2689075630252101,0.26831320440057027,0.4289886257728609,1.028158056878144,0.8009809954973417,,,,,,,K002+KI08+KA03
xgboost,raw,target_real,0.37309417040358744,0.36757762515827314,0.3727799754773554,0.9098836272793513,0.5849511402382902,0.0,,0.0,0.0,,0.0,K002+KI08+KA03
xgboost,temperature,target_real,0.37309417040358744,0.36757762515827314,0.016718767936204314,0.6586087260735372,0.5824597560353141,0.0,,0.0,0.0,,0.0,K002+KI08+KA03
xgboost,isotonic,target_real,0.3614349775784753,0.3392867558931834,0.10256481231843093,0.6993519148470884,0.6326247701790204,0.08968609865470852,0.79,0.0,0.08968609865470852,0.79,0.0,K002+KI08+KA03
random_forest,raw,source_holdout,0.3924050632911392,0.35233001658374796,0.20700006491104883,0.7482785953631769,0.5530429280441611,,,,,,,K002+KI08+KA05
random_forest,raw,target_real,0.36233183856502243,0.3508527709012239,0.282357916707329,0.8085785230182125,0.603596465340526,0.0,,0.0,0.0,,0.0,K002+KI08+KA05
random_forest,temperature,target_real,0.36233183856502243,0.3508527709012239,0.021322963165740942,0.6561538102304294,0.5857936694947067,0.01883408071748879,0.14285714285714285,0.0,0.01883408071748879,0.14285714285714285,0.0,K002+KI08+KA05
random_forest,isotonic,target_real,0.3560538116591928,0.3567378203864955,0.20474203047369782,0.8303439957488532,0.6482669222554595,0.2591928251121076,0.7577854671280276,0.0,0.2591928251121076,0.7577854671280276,0.0,K002+KI08+KA05
svm,raw,source_holdout,0.4177215189873418,0.3714329819232029,0.1721217964032339,0.7108936844697892,0.5225742632015287,,,,,,,K002+KI08+KA05
svm,raw,target_real,0.39282511210762333,0.3797498011961038,0.1804099294481265,0.7196074117507107,0.5993178299708178,0.0,,0.0,0.0,,0.0,K002+KI08+KA05
svm,temperature,target_real,0.39282511210762333,0.3797498011961038,0.020840546306162895,0.6524836890086139,0.5767811485553597,0.006278026905829596,0.5714285714285714,0.0,0.006278026905829596,0.5714285714285714,0.0,K002+KI08+KA05
svm,isotonic,target_real,0.36233183856502243,0.3586522588775454,0.2333673544078545,0.8383384632045886,0.6333184687220246,0.2807174887892377,0.7092651757188498,0.0,0.2807174887892377,0.7092651757188498,0.0,K002+KI08+KA05
xgboost,raw,source_holdout,0.41350210970464135,0.39095102428435763,0.2705898913653088,0.8276243815124963,0.582400018909392,,,,,,,K002+KI08+KA05
xgboost,raw,target_real,0.37488789237668163,0.3673982048619009,0.3499642152155461,0.8751031878127652,0.5767454015724853,0.0,,0.0,0.0,,0.0,K002+KI08+KA05
xgboost,temperature,target_real,0.37488789237668163,0.3673982048619009,0.02913931051555032,0.6558296130306787,0.5679216086917523,0.060089686098654706,0.3582089552238806,0.0,0.060089686098654706,0.3582089552238806,0.0,K002+KI08+KA05
xgboost,isotonic,target_real,0.3775784753363229,0.37819506344948334,0.1584423887656342,0.772637442301556,0.6335602127512437,0.18026905829596412,0.746268656716418,0.008071748878923767,0.18026905829596412,0.746268656716418,0.008071748878923767,K002+KI08+KA05
random_forest,raw,source_holdout,0.42436974789915966,0.36711805555555554,0.2013824501157579,0.717150450707223,0.44419680633970204,,,,,,,K002+KI08+KA06
random_forest,raw,target_real,0.368609865470852,0.35482173966384495,0.27918996464327317,0.8070865704516194,0.5968477994270867,0.0726457399103139,0.6049382716049383,0.0008968609865470852,0.0726457399103139,0.6049382716049383,0.0008968609865470852,K002+KI08+KA06
random_forest,temperature,target_real,0.368609865470852,0.35482173966384495,0.04119009446169065,0.6564077278351255,0.5857207309938305,0.08161434977578476,0.6043956043956044,0.0008968609865470852,0.08161434977578476,0.6043956043956044,0.0008968609865470852,K002+KI08+KA06
random_forest,isotonic,target_real,0.3596412556053812,0.3588526197504343,0.24049208165643565,0.8531936441453746,0.6513737966252234,0.26367713004484306,0.7482993197278912,0.0,0.26367713004484306,0.7482993197278912,0.0,K002+KI08+KA06
svm,raw,source_holdout,0.42016806722689076,0.343970843970844,0.1977372450740794,0.7106254257006833,0.42848352769712666,,,,,,,K002+KI08+KA06
svm,raw,target_real,0.40896860986547084,0.3880594371535342,0.1693436949919918,0.7124422237605978,0.5902222023386877,0.0484304932735426,0.8148148148148148,0.0008968609865470852,0.0484304932735426,0.8148148148148148,0.0008968609865470852,K002+KI08+KA06
svm,temperature,target_real,0.40896860986547084,0.3880594371535342,0.026752682939439897,0.6503732901919441,0.5711729649624486,0.016143497757847534,0.7777777777777778,0.0008968609865470852,0.016143497757847534,0.7777777777777778,0.0008968609865470852,K002+KI08+KA06
svm,isotonic,target_real,0.3632286995515695,0.35178816065281876,0.25436052430790185,0.8720094515822281,0.6370421599254874,0.21076233183856502,0.7489361702127659,0.0,0.24484304932735426,0.7509157509157509,0.0,K002+KI08+KA06
xgboost,raw,source_holdout,0.41596638655462187,0.3663213258774401,0.2834062661443438,0.791933962775388,0.45412484660049035,,,,,,,K002+KI08+KA06
xgboost,raw,target_real,0.3757847533632287,0.3673577488348287,0.3523760986167753,0.8797908055364556,0.5714424207770048,0.12197309417040358,0.4632352941176471,0.0,0.12197309417040358,0.4632352941176471,0.0,K002+KI08+KA06
xgboost,temperature,target_real,0.3757847533632287,0.3673577488348287,0.04813176861453965,0.6517565370987346,0.5622389934026361,0.09147982062780269,0.38235294117647056,0.0,0.09147982062780269,0.38235294117647056,0.0,K002+KI08+KA06
xgboost,isotonic,target_real,0.347085201793722,0.32879663314991064,0.22401207339577928,0.8175130460749572,0.652528136992357,0.284304932735426,0.6403785488958991,0.0,0.284304932735426,0.6403785488958991,0.0,K002+KI08+KA06
random_forest,raw,source_holdout,0.38235294117647056,0.3391079251294305,0.22175092844801567,0.7501511866320016,0.5173286286450149,,,,,,,K002+KI08+KA07
random_forest,raw,target_real,0.3668161434977579,0.35379070828260817,0.2903069394316804,0.8118201199393817,0.6003857349191893,0.07892376681614349,0.6136363636363636,0.0,0.07892376681614349,0.6136363636363636,0.0,K002+KI08+KA07
random_forest,temperature,target_real,0.3668161434977579,0.35379070828260817,0.020690270123804786,0.6552787991440447,0.5845744723664527,0.016143497757847534,0.1111111111111111,0.0,0.016143497757847534,0.1111111111111111,0.0,K002+KI08+KA07
random_forest,isotonic,target_real,0.3668161434977579,0.36558406455028153,0.17598433696594717,0.7916713041677456,0.6445982960717317,0.16502242152466368,0.7228260869565217,0.0,0.16502242152466368,0.7228260869565217,0.0,K002+KI08+KA07
svm,raw,source_holdout,0.4117647058823529,0.3587258454106281,0.18909310296343856,0.7324096124966671,0.5001876307714935,,,,,,,K002+KI08+KA07
svm,raw,target_real,0.42511210762331836,0.4053616768303314,0.15771682751333851,0.712531759324691,0.5886212192804278,0.05022421524663677,0.7678571428571429,0.0008968609865470852,0.05022421524663677,0.7678571428571429,0.0008968609865470852,K002+KI08+KA07
svm,temperature,target_real,0.42511210762331836,0.4053616768303314,0.05506775249870448,0.6526216265818071,0.5626383054808347,0.0053811659192825115,0.5,0.0008968609865470852,0.0053811659192825115,0.5,0.0008968609865470852,K002+KI08+KA07
svm,isotonic,target_real,0.357847533632287,0.3482960827916297,0.21225176904453236,0.8077957958334738,0.6411973892694499,0.19282511210762332,0.7581395348837209,0.0,0.19282511210762332,0.7581395348837209,0.0,K002+KI08+KA07
xgboost,raw,source_holdout,0.3865546218487395,0.35805998910812287,0.30530713586246266,0.8144283846025527,0.5071412354472187,,,,,,,K002+KI08+KA07
xgboost,raw,target_real,0.37668161434977576,0.36924775996103515,0.35494521915110766,0.8804950921457584,0.5817355689879254,0.0,,0.0,0.0,,0.0,K002+KI08+KA07
xgboost,temperature,target_real,0.37668161434977576,0.36924775996103515,0.013295966751778531,0.6535116106076926,0.5723767021655967,0.054708520179372194,0.36065573770491804,0.0,0.054708520179372194,0.36065573770491804,0.0,K002+KI08+KA07
xgboost,isotonic,target_real,0.3381165919282511,0.3245193368058667,0.1854384244842636,0.7452163158343462,0.6242423416063191,0.21883408071748878,0.5778688524590164,0.0,0.21883408071748878,0.5778688524590164,0.0,K002+KI08+KA07
random_forest,raw,source_holdout,0.4050632911392405,0.3644817073170732,0.22782403815140292,0.7399405499748787,0.48752252562650533,,,,,,,K002+KI08+KA08
random_forest,raw,target_real,0.3632286995515695,0.3492367774320921,0.291439056166741,0.8163817265701351,0.6085736526202862,0.08071748878923767,0.6444444444444445,0.0017937219730941704,0.08071748878923767,0.6444444444444445,0.0017937219730941704,K002+KI08+KA08
random_forest,temperature,target_real,0.3632286995515695,0.3492367774320921,0.034118716920779335,0.6561077420887038,0.5967489584993797,0.06995515695067264,0.6153846153846154,0.0017937219730941704,0.06995515695067264,0.6153846153846154,0.0017937219730941704,K002+KI08+KA08
random_forest,isotonic,target_real,0.35695067264573993,0.35625302177729895,0.22111560898013694,0.827967795758825,0.6550953519619941,0.09865470852017937,0.7636363636363637,0.0,0.09865470852017937,0.7636363636363637,0.0,K002+KI08+KA08
svm,raw,source_holdout,0.38396624472573837,0.3110446343779677,0.23319562831706994,0.747317424720643,0.5071996784413757,,,,,,,K002+KI08+KA08
svm,raw,target_real,0.4188340807174888,0.39438759917389093,0.1656800447385946,0.708257355512158,0.5763988592212518,0.03228699551569507,0.8333333333333334,0.0008968609865470852,0.03228699551569507,0.8333333333333334,0.0008968609865470852,K002+KI08+KA08
svm,temperature,target_real,0.4188340807174888,0.39438759917389093,0.04587732026309891,0.65157301045084,0.5602538690701488,0.010762331838565023,0.75,0.0008968609865470852,0.010762331838565023,0.75,0.0008968609865470852,K002+KI08+KA08
svm,isotonic,target_real,0.347085201793722,0.3366237582611851,0.2153421739438442,0.8148140258388751,0.6413509190146749,0.16412556053811658,0.7704918032786885,0.0,0.16412556053811658,0.7704918032786885,0.0,K002+KI08+KA08
xgboost,raw,source_holdout,0.4177215189873418,0.3902848884584045,0.2757868033672687,0.7957739463851077,0.4903702659383973,,,,,,,K002+KI08+KA08
xgboost,raw,target_real,0.3847533632286996,0.3754102133902801,0.34736115975230264,0.8808176529412179,0.5847521143053352,0.03228699551569507,0.4722222222222222,0.0,0.03228699551569507,0.4722222222222222,0.0,K002+KI08+KA08
xgboost,temperature,target_real,0.3847533632286996,0.3754102133902801,0.02308684843638122,0.652505683349612,0.5758362023690731,0.004484304932735426,0.6,0.0,0.004484304932735426,0.6,0.0,K002+KI08+KA08
xgboost,isotonic,target_real,0.36412556053811657,0.365335910623598,0.21792106383946092,0.782506933449724,0.6602204331753295,0.14439461883408072,0.7267080745341615,0.0,0.14439461883408072,0.7267080745341615,0.0,K002+KI08+KA08
random_forest,raw,source_holdout,0.38396624472573837,0.3381982555210901,0.2174166320025156,0.7405099303880569,0.5173647222440989,,,,,,,K002+KI08+KA09
random_forest,raw,target_real,0.36053811659192825,0.3493463435084512,0.283398948305982,0.8054620275766353,0.5993601397078441,0.0,,0.0017937219730941704,0.0,,0.0017937219730941704,K002+KI08+KA09
random_forest,temperature,target_real,0.36053811659192825,0.3493463435084512,0.010281833126399607,0.6575568543617153,0.5831830357519467,0.014349775784753363,0.0,0.014349775784753363,0.014349775784753363,0.0,0.014349775784753363,K002+KI08+KA09
random_forest,isotonic,target_real,0.3506726457399103,0.3452215758659054,0.2261936983016119,0.8354573483982117,0.6398969307930846,0.23946188340807176,0.7453183520599251,0.0,0.23946188340807176,0.7453183520599251,0.0,K002+KI08+KA09
svm,raw,source_holdout,0.39662447257383965,0.33820028602637303,0.20621379048955266,0.7262851727990909,0.4800937495384061,,,,,,,K002+KI08+KA09
svm,raw,target_real,0.4098654708520179,0.39353560310496594,0.16620712223843503,0.712038000627699,0.5905258746092961,0.03587443946188341,0.825,0.0,0.03587443946188341,0.825,0.0,K002+KI08+KA09
svm,temperature,target_real,0.4098654708520179,0.39353560310496594,0.030166281783431247,0.6516460795506406,0.5667208775691888,0.009865470852017937,0.7272727272727273,0.0,0.009865470852017937,0.7272727272727273,0.0,K002+KI08+KA09
svm,isotonic,target_real,0.35695067264573993,0.3377452686993116,0.2165913806541233,0.8393670520336363,0.6507763663346208,0.2600896860986547,0.7482758620689656,0.0,0.262780269058296,0.7440273037542662,0.0,K002+KI08+KA09
xgboost,raw,source_holdout,0.38396624472573837,0.36148148148148146,0.3103879223644482,0.8353291109548265,0.5729918211773797,,,,,,,K002+KI08+KA09
xgboost,raw,target_real,0.3847533632286996,0.3780795571651829,0.3404277684442666,0.8790295916280946,0.5875995874560055,0.06636771300448431,0.44594594594594594,0.0,0.06636771300448431,0.44594594594594594,0.0,K002+KI08+KA09
xgboost,temperature,target_real,0.3847533632286996,0.3780795571651829,0.013294159910908298,0.6558760850710205,0.5779149129464983,0.023318385650224215,0.46153846153846156,0.0,0.023318385650224215,0.46153846153846156,0.0,K002+KI08+KA09
xgboost,isotonic,target_real,0.37488789237668163,0.3730601394018825,0.1778840645154553,0.7630970084120892,0.634427207054288,0.19730941704035873,0.5772727272727273,0.0,0.19730941704035873,0.5772727272727273,0.0,K002+KI08+KA09
random_forest,raw,source_holdout,0.31666666666666665,0.3025510868150462,0.222350023966072,0.7525123236939038,0.6508888461199606,,,,,,,K004+KI01+KA01
random_forest,raw,target_real,0.36233183856502243,0.35855363360804465,0.17285333132628597,0.7111905612620025,0.619679830081405,0.05022421524663677,0.5178571428571429,0.0017937219730941704,0.05022421524663677,0.5178571428571429,0.0017937219730941704,K004+KI01+KA01
random_forest,temperature,target_real,0.36233183856502243,0.35855363360804465,0.009194288206898759,0.660968391659082,0.6160947565373708,0.06995515695067264,0.5384615384615384,0.0008968609865470852,0.06995515695067264,0.5384615384615384,0.0008968609865470852,K004+KI01+KA01
random_forest,isotonic,target_real,0.35336322869955156,0.3074317157757425,0.12268900062041041,0.6750383502476885,0.6259070581090723,0.05739910313901345,0.515625,0.0,0.05739910313901345,0.515625,0.0,K004+KI01+KA01
svm,raw,source_holdout,0.13333333333333333,0.10208396254907881,0.35732063094235295,0.7216672681009619,0.7478608400432186,,,,,,,K004+KI01+KA01
svm,raw,target_real,0.3883408071748879,0.3140358702751343,0.09472165145263031,0.6566357488629865,0.5831756811498965,0.13004484304932734,0.4689655172413793,0.0,0.13004484304932734,0.4689655172413793,0.0,K004+KI01+KA01
svm,temperature,target_real,0.3883408071748879,0.3140358702751343,0.03777235224056047,0.6577620507545893,0.5802637015041451,0.19461883408071748,0.47465437788018433,0.0008968609865470852,0.19461883408071748,0.47465437788018433,0.0008968609865470852,K004+KI01+KA01
svm,isotonic,target_real,0.37668161434977576,0.3670470853231366,0.20182562563584108,0.744696832219924,0.5024889179207235,0.15246636771300448,0.4764705882352941,0.0,0.21434977578475337,0.5146443514644351,0.0,K004+KI01+KA01
xgboost,raw,source_holdout,0.425,0.42377545404512934,0.3046933049956958,0.8005602911768651,0.5903466670640505,,,,,,,K004+KI01+KA01
xgboost,raw,target_real,0.357847533632287,0.3570491593479548,0.2896935169739574,0.8216486863813122,0.6508506388571321,0.008071748878923767,0.4444444444444444,0.003587443946188341,0.008071748878923767,0.4444444444444444,0.003587443946188341,K004+KI01+KA01
xgboost,temperature,target_real,0.357847533632287,0.3570491593479548,0.07284067286774841,0.6650317354163199,0.6552682792569852,0.013452914798206279,0.6,0.003587443946188341,0.013452914798206279,0.6,0.003587443946188341,K004+KI01+KA01
xgboost,isotonic,target_real,0.33542600896860986,0.3204422308576433,0.1617436699745443,0.7027356006078251,0.6205106120024403,0.014349775784753363,0.375,0.0,0.014349775784753363,0.375,0.0,K004+KI01+KA01
random_forest,raw,source_holdout,0.3875,0.3955982179820888,0.1631286619678593,0.6696735083246566,0.5184470283172252,,,,,,,K004+KI01+KA03
random_forest,raw,target_real,0.33901345291479823,0.33191694107187064,0.19304175673815296,0.7252087919651055,0.6290115907113241,0.007174887892376682,0.5,0.0017937219730941704,0.007174887892376682,0.5,0.0017937219730941704,K004+KI01+KA03
random_forest,temperature,target_real,0.33901345291479823,0.33191694107187064,0.10511046998321051,0.6756148850749628,0.6265295852355991,0.007174887892376682,0.375,0.0017937219730941704,0.007174887892376682,0.375,0.0017937219730941704,K004+KI01+KA03
random_forest,isotonic,target_real,0.347085201793722,0.30705517822183936,0.21601327535976184,0.7538065375830116,0.6215479776072412,0.13901345291479822,0.5483870967741935,0.0,0.15784753363228698,0.5568181818181818,0.0,K004+KI01+KA03
svm,raw,source_holdout,0.10833333333333334,0.10588235294117647,0.38195529492474123,0.7313017131201434,0.8122989782614803,,,,,,,K004+KI01+KA03
svm,raw,target_real,0.3847533632286996,0.2895542474604866,0.10442747180359538,0.6607690979511875,0.5984956455228251,0.08430493273542601,0.43617021276595747,0.0,0.08430493273542601,0.43617021276595747,0.0,K004+KI01+KA03
svm,temperature,target_real,0.3847533632286996,0.2895542474604866,0.025780252971271872,0.6568375050871058,0.5947014840626303,0.09417040358744394,0.42857142857142855,0.0,0.09417040358744394,0.42857142857142855,0.0,K004+KI01+KA03
svm,isotonic,target_real,0.3291479820627803,0.3115685574829334,0.23019502194507807,0.7439812733311842,0.5902513661421012,0.18654708520179372,0.5480769230769231,0.0,0.18654708520179372,0.5480769230769231,0.0,K004+KI01+KA03
xgboost,raw,source_holdout,0.4666666666666667,0.47783890579104726,0.23018963411450383,0.6941479609496781,0.5116470666921752,,,,,,,K004+KI01+KA03
xgboost,raw,target_real,0.33901345291479823,0.33351966592293186,0.30559490488783664,0.8244418701506554,0.6327631866553242,0.004484304932735426,0.6,0.0017937219730941704,0.004484304932735426,0.6,0.0017937219730941704,K004+KI01+KA03
xgboost,temperature,target_real,0.33901345291479823,0.33351966592293186,0.14154272951425267,0.6892695555914619,0.6317914073953996,0.007174887892376682,0.625,0.0017937219730941704,0.007174887892376682,0.625,0.0017937219730941704,K004+KI01+KA03
xgboost,isotonic,target_real,0.3452914798206278,0.31255141390436286,0.20456849154755946,0.756800589253322,0.6438081781993397,0.09327354260089686,0.625,0.0,0.09327354260089686,0.625,0.0,K004+KI01+KA03
random_forest,raw,source_holdout,0.4476987447698745,0.4179075425790755,0.12090290755826018,0.6272150260257957,0.42747098275649426,,,,,,,K004+KI01+KA05
random_forest,raw,target_real,0.34439461883408073,0.33597382968437445,0.17612570931715657,0.7071371907539,0.6222008234812414,0.06816143497757847,0.5263157894736842,0.0017937219730941704,0.10582959641255606,0.5677966101694916,0.0017937219730941704,K004+KI01+KA05
random_forest,temperature,target_real,0.34439461883408073,0.33597382968437445,0.13912479803550545,0.6850002229723776,0.619733048526418,0.06457399103139014,0.5138888888888888,0.0017937219730941704,0.10672645739910314,0.5714285714285714,0.0017937219730941704,K004+KI01+KA05
random_forest,isotonic,target_real,0.3668161434977579,0.33189849777339964,0.21736923462389401,0.7655730495803493,0.6285920606702216,0.07533632286995516,0.5476190476190477,0.0,0.2484304932735426,0.6389891696750902,0.0,K004+KI01+KA05
svm,raw,source_holdout,0.24267782426778242,0.14215686274509803,0.3396593382555603,0.6865795571679806,0.5138504583998282,,,,,,,K004+KI01+KA05
svm,raw,target_real,0.33901345291479823,0.24412042561654734,0.13610653353413804,0.6666560680135668,0.6049504678381759,0.15964125560538117,0.48314606741573035,0.0008968609865470852,0.17309417040358743,0.48186528497409326,0.0008968609865470852,K004+KI01+KA05
svm,temperature,target_real,0.33901345291479823,0.24412042561654734,0.06649616611131386,0.6504347684134011,0.6040900624527239,0.17668161434977578,0.4873096446700508,0.0008968609865470852,0.17757847533632287,0.48484848484848486,0.0008968609865470852,K004+KI01+KA05
svm,isotonic,target_real,0.37130044843049326,0.3674742041797165,0.28877640652351116,0.7952412686040193,0.5412833734574908,0.22062780269058296,0.5691056910569106,0.0,0.27085201793721975,0.5562913907284768,0.0,K004+KI01+KA05
xgboost,raw,source_holdout,0.40585774058577406,0.40719588806396345,0.286500052178754,0.7919242608062207,0.6010767130400406,,,,,,,K004+KI01+KA05
xgboost,raw,target_real,0.33542600896860986,0.3332507684125185,0.3030331264696848,0.8304142532787941,0.6687674650704136,0.004484304932735426,0.2,0.0026905829596412557,0.004484304932735426,0.2,0.0026905829596412557,K004+KI01+KA05
xgboost,temperature,target_real,0.33542600896860986,0.3332507684125185,0.09971492709965431,0.6731841272968888,0.667041070372845,0.004484304932735426,0.2,0.0026905829596412557,0.004484304932735426,0.2,0.0026905829596412557,K004+KI01+KA05
xgboost,isotonic,target_real,0.3399103139013453,0.3013965418341098,0.16918921690068206,0.7048760515136587,0.6359864146652092,0.14887892376681613,0.6807228915662651,0.0,0.22780269058295965,0.7125984251968503,0.0,K004+KI01+KA05
random_forest,raw,source_holdout,0.525,0.507188955232279,0.09349801473647466,0.5429973838486489,0.28443700850462544,,,,,,,K004+KI01+KA06
random_forest,raw,target_real,0.35515695067264574,0.3465189377439126,0.15935671276518884,0.7000465676524784,0.6120915569180688,0.04753363228699552,0.5660377358490566,0.0026905829596412557,0.14977578475336323,0.5269461077844312,0.0026905829596412557,K004+KI01+KA06
random_forest,temperature,target_real,0.35515695067264574,0.3465189377439126,0.20653275643007674,0.7345047246345789,0.6134021640044415,0.04484304932735426,0.58,0.0026905829596412557,0.13991031390134528,0.5384615384615384,0.0026905829596412557,K004+KI01+KA06
random_forest,isotonic,target_real,0.3883408071748879,0.37416725293549485,0.31193875120652026,0.8248092167676687,0.6015159204189132,0.11748878923766816,0.5648854961832062,0.0,0.22600896860986547,0.6111111111111112,0.0,K004+KI01+KA06
svm,raw,source_holdout,0.30416666666666664,0.16957026713124276,0.33811190121571977,0.6573654579927252,0.409508530997771,,,,,,,K004+KI01+KA06
svm,raw,target_real,0.34260089686098655,0.24592175191743515,0.13163745719614536,0.6665203683950555,0.6070912248714616,0.16591928251121077,0.4756756756756757,0.0,0.17309417040358743,0.48704663212435234,0.0,K004+KI01+KA06
svm,temperature,target_real,0.34260089686098655,0.24592175191743515,0.08414316992319007,0.6524144811323174,0.6060159117951326,0.17309417040358743,0.48186528497409326,0.0,0.18295964125560538,0.5,0.0,K004+KI01+KA06
svm,isotonic,target_real,0.36591928251121075,0.36158790968751653,0.3191762849582973,0.8335781551868044,0.5568083280432887,0.18923766816143497,0.5876777251184834,0.0,0.18923766816143497,0.5876777251184834,0.0,K004+KI01+KA06
xgboost,raw,source_holdout,0.5458333333333333,0.5496364631169088,0.18232270553708077,0.6219917929384604,0.39396226465735756,,,,,,,K004+KI01+KA06
xgboost,raw,target_real,0.3452914798206278,0.34022541989586097,0.2828040666109778,0.811929499651835,0.6554595925109327,0.015246636771300448,0.6470588235294118,0.0008968609865470852,0.015246636771300448,0.6470588235294118,0.0008968609865470852,K004+KI01+KA06
xgboost,temperature,target_real,0.3452914798206278,0.34022541989586097,0.17073670854592612,0.7117760512148528,0.6543045162417617,0.015246636771300448,0.7058823529411765,0.0008968609865470852,0.015246636771300448,0.7058823529411765,0.0008968609865470852,K004+KI01+KA06
xgboost,isotonic,target_real,0.31569506726457397,0.30423426497767786,0.23899719941892192,0.7557659849406321,0.6708809106300762,0.02780269058295964,0.6774193548387096,0.0,0.02780269058295964,0.6774193548387096,0.0,K004+KI01+KA06
random_forest,raw,source_holdout,0.43333333333333335,0.399791013584117,0.15929056961758756,0.6297885331256432,0.41377264966465266,,,,,,,K004+KI01+KA07
random_forest,raw,target_real,0.3506726457399103,0.34530019574402254,0.17369305415474406,0.7107584173688003,0.6278655696850421,0.07802690582959641,0.5287356321839081,0.0017937219730941704,0.07802690582959641,0.5287356321839081,0.0017937219730941704,K004+KI01+KA07
random_forest,temperature,target_real,0.3506726457399103,0.34530019574402254,0.12461046234827307,0.6814821540970462,0.626348394122121,0.09147982062780269,0.5490196078431373,0.0017937219730941704,0.09147982062780269,0.5490196078431373,0.0017937219730941704,K004+KI01+KA07
random_forest,isotonic,target_real,0.36233183856502243,0.31732983623532823,0.184652941760943,0.7351744371409549,0.6435958896226444,0.033183856502242155,0.5675675675675675,0.0,0.033183856502242155,0.5675675675675675,0.0,K004+KI01+KA07
svm,raw,source_holdout,0.2791666666666667,0.16125150421179302,0.3093439128005965,0.6797246630801276,0.5088578588450833,,,,,,,K004+KI01+KA07
svm,raw,target_real,0.3560538116591928,0.2609474169414601,0.11577946506513992,0.6641343712021481,0.6013110061782956,0.15964125560538117,0.4887640449438202,0.0,0.17309417040358743,0.49222797927461137,0.0,K004+KI01+KA07
svm,temperature,target_real,0.3560538116591928,0.2609474169414601,0.053500353950872,0.6493381004859557,0.6002864384162081,0.16412556053811658,0.5081967213114754,0.0,0.17399103139013453,0.5103092783505154,0.0,K004+KI01+KA07
svm,isotonic,target_real,0.3650224215246637,0.3590386694024843,0.26038389654143596,0.773273336745558,0.5379954321067054,0.11031390134529148,0.4796747967479675,0.0,0.27085201793721975,0.5397350993377483,0.0,K004+KI01+KA07
xgboost,raw,source_holdout,0.4041666666666667,0.40397087097817025,0.3004282496869564,0.7529964784866219,0.5306660072096306,,,,,,,K004+KI01+KA07
xgboost,raw,target_real,0.33542600896860986,0.3326223522534881,0.30714705765514627,0.8280016225144199,0.6634249943422043,0.004484304932735426,0.4,0.0026905829596412557,0.004484304932735426,0.4,0.0026905829596412557,K004+KI01+KA07
xgboost,temperature,target_real,0.33542600896860986,0.3326223522534881,0.13053279381088542,0.6812218701917514,0.6656429412691337,0.004484304932735426,0.4,0.0026905829596412557,0.004484304932735426,0.4,0.0026905829596412557,K004+KI01+KA07
xgboost,isotonic,target_real,0.34260089686098655,0.30973074018705443,0.16133616870156242,0.6954592537542945,0.6594547372385043,0.1031390134529148,0.6782608695652174,0.0,0.1147982062780269,0.6640625,0.0,K004+KI01+KA07
random_forest,raw,source_holdout,0.5606694560669456,0.5691561123996264,0.11998045251159557,0.5833511303731701,0.3941382685742962,,,,,,,K004+KI01+KA08
random_forest,raw,target_real,0.35336322869955156,0.34313086900194917,0.16571778446978055,0.7111752136012502,0.6328620313595115,0.06278026905829596,0.5857142857142857,0.0008968609865470852,0.08340807174887892,0.5698924731182796,0.0008968609865470852,K004+KI01+KA08
random_forest,temperature,target_real,0.35336322869955156,0.34313086900194917,0.17738918518433103,0.719590532273993,0.633515145783234,0.06367713004484304,0.5774647887323944,0.0008968609865470852,0.08699551569506726,0.5876288659793815,0.0008968609865470852,K004+KI01+KA08
random_forest,isotonic,target_real,0.357847533632287,0.3490800174084632,0.2314581939470114,0.7760921094127979,0.632312680846289,0.04484304932735426,0.56,0.0,0.06816143497757847,0.5921052631578947,0.0,K004+KI01+KA08
svm,raw,source_holdout,0.2928870292887029,0.16203703703703703,0.2988134481994951,0.6684954741213137,0.4687057484920273,,,,,,,K004+KI01+KA08
svm,raw,target_real,0.3596412556053812,0.24803251670201953,0.10887025700908809,0.6651347633296478,0.6016803494022086,0.14887892376681613,0.4939759036144578,0.0,0.17130044843049327,0.49214659685863876,0.0,K004+KI01+KA08
svm,temperature,target_real,0.3596412556053812,0.24803251670201953,0.05685420917034563,0.6512628457054519,0.6002852151839863,0.16681614349775784,0.4946236559139785,0.0,0.18295964125560538,0.5098039215686274,0.0,K004+KI01+KA08
svm,isotonic,target_real,0.35874439461883406,0.3549624787277985,0.3037461583890773,0.8096518696194291,0.5665294482488116,0.12376681614349776,0.5,0.0,0.25650224215246636,0.5699300699300699,0.0,K004+KI01+KA08
xgboost,raw,source_holdout,0.5564853556485355,0.5644390620772941,0.2294124382310333,0.6911672403760849,0.5159380759596794,,,,,,,K004+KI01+KA08
xgboost,raw,target_real,0.3417040358744395,0.33875765746051006,0.2936781062406275,0.8327562063087911,0.6807978944714408,0.003587443946188341,0.75,0.0008968609865470852,0.003587443946188341,0.75,0.0008968609865470852,K004+KI01+KA08
xgboost,temperature,target_real,0.3417040358744395,0.33875765746051006,0.13068539568708698,0.6931804868116132,0.6811849483456903,0.003587443946188341,0.75,0.0008968609865470852,0.003587443946188341,0.75,0.0008968609865470852,K004+KI01+KA08
xgboost,isotonic,target_real,0.33183856502242154,0.31773653309753663,0.23428451786170765,0.7421740783816339,0.6683579965467857,0.003587443946188341,0.75,0.0,0.05650224215246637,0.6984126984126984,0.0,K004+KI01+KA08
random_forest,raw,source_holdout,0.41422594142259417,0.4024395804833561,0.14435951433031022,0.6318796647271943,0.46496180517082847,,,,,,,K004+KI01+KA09
random_forest,raw,target_real,0.357847533632287,0.34963615521639063,0.15991130378301396,0.7096287555893124,0.6292697558883877,0.034080717488789235,0.5526315789473685,0.0017937219730941704,0.034080717488789235,0.5526315789473685,0.0017937219730941704,K004+KI01+KA09
random_forest,temperature,target_real,0.357847533632287,0.34963615521639063,0.11679325049402856,0.6839992699647613,0.6265145865776828,0.042152466367713005,0.5531914893617021,0.0017937219730941704,0.042152466367713005,0.5531914893617021,0.0017937219730941704,K004+KI01+KA09
random_forest,isotonic,target_real,0.35336322869955156,0.33061341182522497,0.217049255566929,0.7518779778745467,0.6403466282625332,0.053811659192825115,0.5333333333333333,0.0,0.3040358744394619,0.6843657817109144,0.0,K004+KI01+KA09
svm,raw,source_holdout,0.2594142259414226,0.14814814814814814,0.3448558436955244,0.681787404183909,0.50891885477702,,,,,,,K004+KI01+KA09
svm,raw,target_real,0.3452914798206278,0.24908657389344083,0.12443952840449006,0.6670963773565819,0.6121864618099139,0.11121076233183856,0.49193548387096775,0.0008968609865470852,0.13721973094170403,0.48366013071895425,0.0008968609865470852,K004+KI01+KA09
svm,temperature,target_real,0.3452914798206278,0.24908657389344083,0.0628763593030985,0.6516328271580233,0.6121692527613638,0.11838565022421525,0.5,0.0,0.14349775784753363,0.475,0.0,K004+KI01+KA09
svm,isotonic,target_real,0.34977578475336324,0.3389805123290434,0.2848537468147658,0.7961346525209796,0.5811619557939173,0.10134529147982063,0.504424778761062,0.0,0.17040358744394618,0.5736842105263158,0.0,K004+KI01+KA09
xgboost,raw,source_holdout,0.39748953974895396,0.4074390741738932,0.3067194057558371,0.8071601978283441,0.6211604966120453,,,,,,,K004+KI01+KA09
xgboost,raw,target_real,0.3542600896860987,0.3518797636425263,0.28079215012858266,0.822199542078377,0.6708790385872033,0.0017937219730941704,0.0,0.0017937219730941704,0.0017937219730941704,0.0,0.0017937219730941704,K004+KI01+KA09
xgboost,temperature,target_real,0.3542600896860987,0.3518797636425263,0.07915129618949474,0.6719673764942206,0.6688849910469251,0.0026905829596412557,0.3333333333333333,0.0017937219730941704,0.0026905829596412557,0.3333333333333333,0.0017937219730941704,K004+KI01+KA09
xgboost,isotonic,target_real,0.34080717488789236,0.299240240946448,0.16858975867238726,0.7038543392522391,0.6498099657691985,0.13183856502242153,0.673469387755102,0.0,0.13183856502242153,0.673469387755102,0.0,K004+KI01+KA09
random_forest,raw,source_holdout,0.3541666666666667,0.34498401711250515,0.19169346538936508,0.7460089950515669,0.6501102826575897,,,,,,,K004+KI03+KA01
random_forest,raw,target_real,0.4179372197309417,0.4058197174682768,0.14892091279337957,0.6882362690186784,0.4769088630675106,0.0,,0.03856502242152467,0.0,,0.04125560538116592,K004+KI03+KA01
random_forest,temperature,target_real,0.4179372197309417,0.4058197174682768,0.044509379182834354,0.6433842329563376,0.4742954054702038,0.0,,0.03856502242152467,0.0,,0.04035874439461883,K004+KI03+KA01
random_forest,isotonic,target_real,0.37309417040358744,0.3483523786998905,0.09860649427399959,0.6466973186467666,0.4638554365754219,0.06457399103139014,0.19444444444444445,0.042152466367713005,0.06457399103139014,0.19444444444444445,0.04484304932735426,K004+KI03+KA01
svm,raw,source_holdout,0.2916666666666667,0.308278624893045,0.295188767459278,0.8117712676293375,0.7993759848368889,,,,,,,K004+KI03+KA01
svm,raw,target_real,0.4242152466367713,0.3919609504939758,0.11975895958375493,0.6751628842950158,0.5211929430852564,0.0,,0.0017937219730941704,0.0,,0.0017937219730941704,K004+KI03+KA01
svm,temperature,target_real,0.4242152466367713,0.3919609504939758,0.08036655196798032,0.6619392310930202,0.5179363955831163,0.0,,0.0008968609865470852,0.0,,0.0008968609865470852,K004+KI03+KA01
svm,isotonic,target_real,0.4062780269058296,0.35449542851014515,0.040077421684107335,0.6448502059805541,0.49183866657302383,0.0,,0.0,0.0,,0.0,K004+KI03+KA01
xgboost,raw,source_holdout,0.4,0.38217338217338215,0.3046269652744134,0.8499537975581897,0.5984000593698958,,,,,,,K004+KI03+KA01
xgboost,raw,target_real,0.39730941704035877,0.39473680519323323,0.29677821726542414,0.813630016918509,0.5066056051511152,0.0,,0.010762331838565023,0.0,,0.03587443946188341,K004+KI03+KA01
xgboost,temperature,target_real,0.39730941704035877,0.39473680519323323,0.027134736302956302,0.654177294116964,0.507765498568735,0.0,,0.010762331838565023,0.0,,0.039461883408071746,K004+KI03+KA01
xgboost,isotonic,target_real,0.40717488789237666,0.35739664442498403,0.05394872392388499,0.6354173523210992,0.47978199721957715,0.06636771300448431,0.16216216216216217,0.04304932735426009,0.06636771300448431,0.16216216216216217,0.04932735426008968,K004+KI03+KA01
random_forest,raw,source_holdout,0.48333333333333334,0.46394357987993234,0.10762290994949487,0.6140521723862735,0.44608589100212737,,,,,,,K004+KI03+KA03
random_forest,raw,target_real,0.3757847533632287,0.37187469511924715,0.18775157214857144,0.716971375853874,0.5389334221200289,0.0,,0.04304932735426009,0.0,,0.045739910313901344,K004+KI03+KA03
random_forest,temperature,target_real,0.3757847533632287,0.37187469511924715,0.1464433622557657,0.6759770805261248,0.5371739152767284,0.0,,0.04304932735426009,0.0,,0.04663677130044843,K004+KI03+KA03
random_forest,isotonic,target_real,0.36591928251121075,0.35742791953148206,0.20168308635928,0.7131427247857275,0.5338142824619893,0.07713004484304933,0.23255813953488372,0.0484304932735426,0.07713004484304933,0.23255813953488372,0.0484304932735426,K004+KI03+KA03
svm,raw,source_holdout,0.4791666666666667,0.4770679660233494,0.12359709349648669,0.6505715156865698,0.5661529443826117,,,,,,,K004+KI03+KA03
svm,raw,target_real,0.40896860986547084,0.38021136847899734,0.07809055946242342,0.6544026584168008,0.5060489239785267,0.0,,0.0,0.0,,0.0,K004+KI03+KA03
svm,temperature,target_real,0.40896860986547084,0.38021136847899734,0.05858211138994741,0.6455997568131991,0.5036104532713613,0.0,,0.0,0.0,,0.0,K004+KI03+KA03
svm,isotonic,target_real,0.3811659192825112,0.3668952199465528,0.13753331115598072,0.7060087020000626,0.5885476030965677,0.0,,0.0026905829596412557,0.0,,0.0026905829596412557,K004+KI03+KA03
xgboost,raw,source_holdout,0.45,0.43143280686188695,0.23324848574896653,0.707981480333957,0.47091409389523237,,,,,,,K004+KI03+KA03
xgboost,raw,target_real,0.368609865470852,0.3676426297269328,0.3136350262860012,0.8479688522313623,0.5526530818725697,0.0,,0.014349775784753363,0.0,,0.036771300448430494,K004+KI03+KA03
xgboost,temperature,target_real,0.368609865470852,0.3676426297269328,0.11688502956252153,0.6736072762652192,0.5495921617896692,0.0,,0.015246636771300448,0.0,,0.036771300448430494,K004+KI03+KA03
xgboost,isotonic,target_real,0.3721973094170404,0.35991947482999875,0.15939493248071585,0.6858861078450466,0.5351017725322118,0.0,,0.0,0.0,,0.054708520179372194,K004+KI03+KA03
random_forest,raw,source_holdout,0.5062761506276151,0.47931780497433873,0.09278350778884338,0.6126657177266435,0.426654285001735,,,,,,,K004+KI03+KA05
random_forest,raw,target_real,0.39461883408071746,0.37962591339553664,0.16278093561374682,0.6942857710853173,0.49157253977108784,0.0,,0.039461883408071746,0.0,,0.04484304932735426,K004+KI03+KA05
random_forest,temperature,target_real,0.39461883408071746,0.37962591339553664,0.10009936719928834,0.6581706707043012,0.4899076201896495,0.0,,0.039461883408071746,0.0,,0.04304932735426009,K004+KI03+KA05
random_forest,isotonic,target_real,0.379372197309417,0.37443762387454926,0.1912742846762204,0.698853803373265,0.5210150576328397,0.09506726457399103,0.3490566037735849,0.0484304932735426,0.09506726457399103,0.3490566037735849,0.05022421524663677,K004+KI03+KA05
svm,raw,source_holdout,0.35564853556485354,0.28321026856396564,0.19766887818397103,0.6862285343419279,0.5763448931796745,,,,,,,K004+KI03+KA05
svm,raw,target_real,0.4170403587443946,0.34012262774164737,0.10480391719232647,0.6758891460741485,0.532507482537232,0.0,,0.0,0.0,,0.0,K004+KI03+KA05
svm,temperature,target_real,0.4170403587443946,0.34012262774164737,0.023594969463819542,0.6495142662768852,0.5284887964519492,0.0,,0.0,0.0,,0.0,K004+KI03+KA05
svm,isotonic,target_real,0.37309417040358744,0.3729061052464166,0.1762944369333236,0.6880214090357706,0.533667355513177,0.0008968609865470852,1.0,0.0,0.0008968609865470852,1.0,0.0,K004+KI03+KA05
xgboost,raw,source_holdout,0.4811715481171548,0.4598346181858158,0.19459415354988066,0.68204029317257,0.4340629299076289,,,,,,,K004+KI03+KA05
xgboost,raw,target_real,0.37847533632286995,0.37314034237618504,0.29958097541813355,0.810889502729582,0.5164995800370763,0.033183856502242155,0.10810810810810811,0.0026905829596412557,0.033183856502242155,0.10810810810810811,0.017937219730941704,K004+KI03+KA05
xgboost,temperature,target_real,0.37847533632286995,0.37314034237618504,0.10122555739981144,0.6633154198525143,0.5158643880021473,0.02242152466367713,0.12,0.0017937219730941704,0.02242152466367713,0.12,0.0017937219730941704,K004+KI03+KA05
xgboost,isotonic,target_real,0.38923766816143496,0.37537420391973697,0.154598380445823,0.678037023526897,0.5136065087306655,0.09506726457399103,0.33962264150943394,0.0,0.09506726457399103,0.33962264150943394,0.051121076233183856,K004+KI03+KA05
random_forest,raw,source_holdout,0.5166666666666667,0.4784268227064838,0.06030947929192825,0.5979560132385787,0.3924786934467781,,,,,,,K004+KI03+KA06
random_forest,raw,target_real,0.4008968609865471,0.381978076973083,0.15555236828811317,0.6926167269017088,0.4902610490515093,0.04035874439461883,0.044444444444444446,0.03856502242152467,0.04035874439461883,0.044444444444444446,0.04035874439461883,K004+KI03+KA06
random_forest,temperature,target_real,0.4008968609865471,0.381978076973083,0.09660501014477225,0.6581690368361106,0.4885463244956875,0.04035874439461883,0.044444444444444446,0.03856502242152467,0.04035874439461883,0.044444444444444446,0.04035874439461883,K004+KI03+KA06
random_forest,isotonic,target_real,0.3596412556053812,0.3544085233243137,0.232387688322359,0.7245825552904337,0.5445611832220061,0.08789237668161436,0.3163265306122449,0.0484304932735426,0.08789237668161436,0.3163265306122449,0.051121076233183856,K004+KI03+KA06
svm,raw,source_holdout,0.375,0.29743421646073953,0.19531691984283256,0.667841177870109,0.5267680347150993,,,,,,,K004+KI03+KA06
svm,raw,target_real,0.42511210762331836,0.3507052765677914,0.1026355688984292,0.6719720381113586,0.5238938939727634,0.0,,0.0008968609865470852,0.0,,0.0008968609865470852,K004+KI03+KA06
svm,temperature,target_real,0.42511210762331836,0.3507052765677914,0.02811320913044503,0.6475120894488887,0.5196724524276422,0.0,,0.0008968609865470852,0.0,,0.0008968609865470852,K004+KI03+KA06
svm,isotonic,target_real,0.35874439461883406,0.3588460999235336,0.21610404078617723,0.7108146602378627,0.513795310316749,0.0008968609865470852,1.0,0.0,0.0008968609865470852,1.0,0.04663677130044843,K004+KI03+KA06
xgboost,raw,source_holdout,0.5125,0.4843781495666197,0.1932940971106291,0.6741470935955557,0.4155281440843664,,,,,,,K004+KI03+KA06
xgboost,raw,target_real,0.3847533632286996,0.3773630434362385,0.294232690628334,0.8111054411578674,0.5109399685146458,0.019730941704035873,0.09090909090909091,0.007174887892376682,0.019730941704035873,0.09090909090909091,0.007174887892376682,K004+KI03+KA06
xgboost,temperature,target_real,0.3847533632286996,0.3773630434362385,0.10398646164597783,0.6654530210404871,0.5090076656828609,0.0,,0.007174887892376682,0.0,,0.007174887892376682,K004+KI03+KA06
xgboost,isotonic,target_real,0.38385650224215245,0.3734581409961562,0.14982493743386516,0.6806716758140041,0.522197274451485,0.07623318385650224,0.24705882352941178,0.0,0.07623318385650224,0.24705882352941178,0.051121076233183856,K004+KI03+KA06
random_forest,raw,source_holdout,0.45,0.4275055187637969,0.12008285548189505,0.6432682784895992,0.4832706327650636,,,,,,,K004+KI03+KA07
random_forest,raw,target_real,0.4134529147982063,0.39834928491316157,0.1514082902934975,0.6940651727309292,0.49070603391846795,0.0,,0.03856502242152467,0.0,,0.04125560538116592,K004+KI03+KA07
random_forest,temperature,target_real,0.4134529147982063,0.39834928491316157,0.06863417652212259,0.6470716281558346,0.48838600874255883,0.0,,0.03856502242152467,0.0,,0.04125560538116592,K004+KI03+KA07
random_forest,isotonic,target_real,0.3775784753363229,0.36108199923325973,0.16512274156821813,0.6819629080654551,0.5143123222080542,0.08251121076233184,0.2717391304347826,0.0,0.11659192825112108,0.4153846153846154,0.05201793721973094,K004+KI03+KA07
svm,raw,source_holdout,0.38333333333333336,0.3411027568922305,0.23752942252069686,0.7030316083661207,0.6032268195775394,,,,,,,K004+KI03+KA07
svm,raw,target_real,0.4304932735426009,0.3738721468620511,0.09336543886832041,0.6685083909887172,0.520587235742459,0.0,,0.0,0.0,,0.0,K004+KI03+KA07
svm,temperature,target_real,0.4304932735426009,0.3738721468620511,0.04415883754069205,0.645700097358849,0.516818801983973,0.0,,0.0,0.0,,0.0,K004+KI03+KA07
svm,isotonic,target_real,0.37847533632286995,0.3766635311771069,0.12912503839664352,0.674960601270923,0.5528348266135144,0.0,,0.0008968609865470852,0.0,,0.0008968609865470852,K004+KI03+KA07
xgboost,raw,source_holdout,0.42083333333333334,0.4017588332197228,0.27574066370725625,0.7270645209728237,0.4693947056331072,,,,,,,K004+KI03+KA07
xgboost,raw,target_real,0.3874439461883408,0.3825387141897596,0.30321500937500345,0.8192864259485516,0.518093040416744,0.0,,0.007174887892376682,0.0,,0.007174887892376682,K004+KI03+KA07
xgboost,temperature,target_real,0.3874439461883408,0.3825387141897596,0.0805069996586762,0.6581608858822761,0.5147707882952759,0.0,,0.008071748878923767,0.0,,0.008071748878923767,K004+KI03+KA07
xgboost,isotonic,target_real,0.3847533632286996,0.3708465682939101,0.1370740737206051,0.6628626015235917,0.5152199675165746,0.0,,0.0,0.0,,0.051121076233183856,K004+KI03+KA07
random_forest,raw,source_holdout,0.4602510460251046,0.44340659340659344,0.1226426719182096,0.651235764661759,0.5218528071393462,,,,,,,K004+KI03+KA08
random_forest,raw,target_real,0.4044843049327354,0.38534816438042246,0.1557909019194172,0.6983691991202474,0.49503252925521485,0.0,,0.03856502242152467,0.0,,0.04125560538116592,K004+KI03+KA08
random_forest,temperature,target_real,0.4044843049327354,0.38534816438042246,0.06347079564051761,0.6480213320983734,0.49295310337134784,0.0,,0.03856502242152467,0.0,,0.04035874439461883,K004+KI03+KA08
random_forest,isotonic,target_real,0.379372197309417,0.3762148498690942,0.19586394713098992,0.6955150354035703,0.5220480783233844,0.0,,0.0484304932735426,0.0,,0.05201793721973094,K004+KI03+KA08
svm,raw,source_holdout,0.3514644351464435,0.28408720637459645,0.19260104546189932,0.7069748955362656,0.6395306184851124,,,,,,,K004+KI03+KA08
svm,raw,target_real,0.4304932735426009,0.3582163423794278,0.08856040664822648,0.6738314000135844,0.5315484755381159,0.0,,0.0,0.0,,0.0,K004+KI03+KA08
svm,temperature,target_real,0.4304932735426009,0.3582163423794278,0.037136898261598536,0.6490382394369917,0.526805924605392,0.0,,0.0,0.0,,0.0,K004+KI03+KA08
svm,isotonic,target_real,0.4134529147982063,0.3932445617539173,0.10971770020016425,0.6736304628949221,0.5322356431351211,0.007174887892376682,0.0,0.007174887892376682,0.007174887892376682,0.0,0.007174887892376682,K004+KI03+KA08
xgboost,raw,source_holdout,0.4560669456066946,0.4397663500215257,0.24147056573105655,0.7363122539877114,0.5203331970905669,,,,,,,K004+KI03+KA08
xgboost,raw,target_real,0.4026905829596413,0.3956556984605301,0.2799412363580524,0.8101950760482862,0.5185941011924149,0.0,,0.0008968609865470852,0.0,,0.0008968609865470852,K004+KI03+KA08
xgboost,temperature,target_real,0.4026905829596413,0.3956556984605301,0.06118701487190546,0.6549824987277235,0.514892366605895,0.0,,0.0008968609865470852,0.0,,0.0008968609865470852,K004+KI03+KA08
xgboost,isotonic,target_real,0.4053811659192825,0.3794546120155839,0.11564099011511217,0.6669547053433826,0.5214083103955761,0.08968609865470852,0.34,0.042152466367713005,0.08968609865470852,0.34,0.04484304932735426,K004+KI03+KA08
random_forest,raw,source_holdout,0.4602510460251046,0.4396077246160557,0.09755281399347489,0.6324379768764077,0.475652491120696,,,,,,,K004+KI03+KA09
random_forest,raw,target_real,0.4098654708520179,0.3934555894134153,0.14710203604399985,0.6874673437562467,0.48736278931678517,0.0,,0.039461883408071746,0.0,,0.042152466367713005,K004+KI03+KA09
random_forest,temperature,target_real,0.4098654708520179,0.3934555894134153,0.06477223428577282,0.6479031767036985,0.4853721355309461,0.0,,0.03856502242152467,0.0,,0.04125560538116592,K004+KI03+KA09
random_forest,isotonic,target_real,0.3695067264573991,0.3687761020141898,0.1987708894936831,0.6946337068113994,0.5208949301086743,0.11838565022421525,0.4318181818181818,0.0,0.13811659192825113,0.474025974025974,0.051121076233183856,K004+KI03+KA09
svm,raw,source_holdout,0.39748953974895396,0.34819511416073484,0.17208179848789126,0.6661486718532142,0.557589327998627,,,,,,,K004+KI03+KA09
svm,raw,target_real,0.4233183856502242,0.3583239207034072,0.08516398539346176,0.6663246549445272,0.5253301008661176,0.0,,0.0,0.0,,0.0,K004+KI03+KA09
svm,temperature,target_real,0.4233183856502242,0.3583239207034072,0.03702299784655508,0.6473715702703339,0.5212984203255397,0.0,,0.0,0.0,,0.0,K004+KI03+KA09
svm,isotonic,target_real,0.3757847533632287,0.3730657748736646,0.18738923784281183,0.6998120751212723,0.5305489357992434,0.0,,0.0008968609865470852,0.0,,0.03587443946188341,K004+KI03+KA09
xgboost,raw,source_holdout,0.4309623430962343,0.41983396084115504,0.25583308361564217,0.7432773350638178,0.5052722714100242,,,,,,,K004+KI03+KA09
xgboost,raw,target_real,0.39282511210762333,0.38526015487907966,0.2816609415772784,0.8030659760751628,0.5195573054416696,0.030493273542600896,0.14705882352941177,0.0017937219730941704,0.030493273542600896,0.14705882352941177,0.0017937219730941704,K004+KI03+KA09
xgboost,temperature,target_real,0.39282511210762333,0.38526015487907966,0.06652098840708467,0.6548969201221627,0.5190013050528812,0.029596412556053813,0.12121212121212122,0.0026905829596412557,0.029596412556053813,0.12121212121212122,0.0026905829596412557,K004+KI03+KA09
xgboost,isotonic,target_real,0.4062780269058296,0.3788559024123613,0.11340394957222956,0.6585093645869344,0.4996709226664836,0.1031390134529148,0.3739130434782609,0.0,0.1031390134529148,0.3739130434782609,0.04932735426008968,K004+KI03+KA09
random_forest,raw,source_holdout,0.4083333333333333,0.3888576387799912,0.1325586642358701,0.6922530282659508,0.5739700684383331,,,,,,,K004+KI05+KA01
random_forest,raw,target_real,0.4134529147982063,0.40834432136256343,0.14038039601281668,0.6643788641925322,0.47317809902488,0.0,,0.04035874439461883,0.0,,0.0484304932735426,K004+KI05+KA01
random_forest,temperature,target_real,0.4134529147982063,0.40834432136256343,0.02359790478148475,0.6260269629647798,0.47362388855968174,0.0,,0.04304932735426009,0.0,,0.05201793721973094,K004+KI05+KA01
random_forest,isotonic,target_real,0.39730941704035877,0.397366839613823,0.0893758958195545,0.6299843978794826,0.4643421300577024,0.05829596412556054,0.18461538461538463,0.042152466367713005,0.05829596412556054,0.18461538461538463,0.04484304932735426,K004+KI05+KA01
svm,raw,source_holdout,0.4,0.4002516154857894,0.1349619349123007,0.7060103788400337,0.6557450029138108,,,,,,,K004+KI05+KA01
svm,raw,target_real,0.43228699551569505,0.4153079508819613,0.09831528348063734,0.6490843576029266,0.5110936223770134,0.0,,0.0008968609865470852,0.0,,0.0008968609865470852,K004+KI05+KA01
svm,temperature,target_real,0.43228699551569505,0.4153079508819613,0.04481610251137368,0.6408260910761503,0.5114989037496068,0.0,,0.0008968609865470852,0.0,,0.0008968609865470852,K004+KI05+KA01
svm,isotonic,target_real,0.41973094170403585,0.4028041869328054,0.037182514302412734,0.6381249034767359,0.5042119197235663,0.016143497757847534,0.7222222222222222,0.0,0.016143497757847534,0.7222222222222222,0.0,K004+KI05+KA01
xgboost,raw,source_holdout,0.4041666666666667,0.39056841156684863,0.2531519681215286,0.77597824452377,0.5639062938216531,,,,,,,K004+KI05+KA01
xgboost,raw,target_real,0.3991031390134529,0.3985215939836253,0.2673808690945663,0.767752851404328,0.49669395412236017,0.053811659192825115,0.03333333333333333,0.05022421524663677,0.053811659192825115,0.03333333333333333,0.054708520179372194,K004+KI05+KA01
xgboost,temperature,target_real,0.3991031390134529,0.3985215939836253,0.05691332971551483,0.6372134175518555,0.4972507930105972,0.054708520179372194,0.04918032786885246,0.04932735426008968,0.054708520179372194,0.04918032786885246,0.054708520179372194,K004+KI05+KA01
xgboost,isotonic,target_real,0.39103139013452914,0.3830027897765888,0.08947182538101266,0.633529161760665,0.49607762918093157,0.08520179372197309,0.2736842105263158,0.051121076233183856,0.08520179372197309,0.2736842105263158,0.054708520179372194,K004+KI05+KA01
random_forest,raw,source_holdout,0.4125,0.404770301112704,0.16033977154740486,0.6842930454249565,0.5581617639256761,,,,,,,K004+KI05+KA03
random_forest,raw,target_real,0.39641255605381165,0.3875537647926443,0.17510581463681255,0.7006629686870604,0.4961514593085947,0.0,,0.04484304932735426,0.0,,0.04663677130044843,K004+KI05+KA03
random_forest,temperature,target_real,0.39641255605381165,0.3875537647926443,0.059985195323624715,0.6400816444422713,0.49403979528317327,0.0,,0.04484304932735426,0.0,,0.04663677130044843,K004+KI05+KA03
random_forest,isotonic,target_real,0.39282511210762333,0.36751119618551326,0.13265581885215313,0.6787694660358727,0.5235559934831554,0.07802690582959641,0.3563218390804598,0.042152466367713005,0.07802690582959641,0.3563218390804598,0.04484304932735426,K004+KI05+KA03
svm,raw,source_holdout,0.32916666666666666,0.35676639134093097,0.2593901707566894,0.7820423142379825,0.8168938945826054,,,,,,,K004+KI05+KA03
svm,raw,target_real,0.41614349775784754,0.38193755970021354,0.11568468990155968,0.6537630863677817,0.4943290827487889,0.0,,0.0,0.0,,0.0,K004+KI05+KA03
svm,temperature,target_real,0.41614349775784754,0.38193755970021354,0.05800550711097584,0.6542333378176063,0.48854241122490055,0.0,,0.0,0.0,,0.0,K004+KI05+KA03
svm,isotonic,target_real,0.3542600896860987,0.2796736546908321,0.11992578546434905,0.6787130417863023,0.6852132234727674,0.0053811659192825115,0.6666666666666666,0.0,0.0053811659192825115,0.6666666666666666,0.0,K004+KI05+KA03
xgboost,raw,source_holdout,0.44583333333333336,0.4361099661753256,0.2722666916747888,0.7486225657263479,0.5096484483754662,,,,,,,K004+KI05+KA03
xgboost,raw,target_real,0.39282511210762333,0.3896595097635489,0.296792032232199,0.8175115041808135,0.5130613653173653,0.051121076233183856,0.10526315789473684,0.03766816143497758,0.051121076233183856,0.10526315789473684,0.04484304932735426,K004+KI05+KA03
xgboost,temperature,target_real,0.39282511210762333,0.3896595097635489,0.07987198509883295,0.6549602131534508,0.5135620296379704,0.051121076233183856,0.10526315789473684,0.036771300448430494,0.051121076233183856,0.10526315789473684,0.04035874439461883,K004+KI05+KA03
xgboost,isotonic,target_real,0.4080717488789238,0.3991880565741226,0.11514443390958032,0.6742448383900861,0.5196874670477426,0.033183856502242155,0.08108108108108109,0.025112107623318385,0.033183856502242155,0.08108108108108109,0.025112107623318385,K004+KI05+KA03
random_forest,raw,source_holdout,0.5564853556485355,0.5428130743583349,0.0828520014680338,0.5780551994746979,0.3806423344523729,,,,,,,K004+KI05+KA05
random_forest,raw,target_real,0.3874439461883408,0.3791510689707327,0.15982158254019718,0.6756920073956391,0.4890994616474972,0.0,,0.04394618834080718,0.0,,0.05650224215246637,K004+KI05+KA05
random_forest,temperature,target_real,0.3874439461883408,0.3791510689707327,0.13470452067736946,0.6594167564613662,0.48921961506574213,0.0,,0.04394618834080718,0.0,,0.05739910313901345,K004+KI05+KA05
random_forest,isotonic,target_real,0.36412556053811657,0.3651246556455184,0.23185554965211766,0.7017682268792265,0.5116835596493137,0.14260089686098654,0.4779874213836478,0.04932735426008968,0.1452914798206278,0.48148148148148145,0.051121076233183856,K004+KI05+KA05
svm,raw,source_holdout,0.42677824267782427,0.4057017543859649,0.10931292829212677,0.6456669179949027,0.5076303614743268,,,,,,,K004+KI05+KA05
svm,raw,target_real,0.39730941704035877,0.35245167395099747,0.1005204522814157,0.6520538798823171,0.530467676450586,0.0008968609865470852,1.0,0.0,0.0008968609865470852,1.0,0.0,K004+KI05+KA05
svm,temperature,target_real,0.39730941704035877,0.35245167395099747,0.07608220231161643,0.6395368419454761,0.5285952414371919,0.0008968609865470852,1.0,0.0,0.0008968609865470852,1.0,0.0,K004+KI05+KA05
svm,isotonic,target_real,0.4295964125560538,0.4298038715065333,0.15229455691292731,0.6916879578034196,0.5602817917467844,0.03497757847533632,0.6666666666666666,0.0,0.03497757847533632,0.6666666666666666,0.0,K004+KI05+KA05
xgboost,raw,source_holdout,0.5732217573221757,0.5564372086209862,0.09701781504822576,0.5701790181130582,0.3158455917226865,,,,,,,K004+KI05+KA05
xgboost,raw,target_real,0.3874439461883408,0.3840213878793181,0.2771632128232263,0.7861917587133647,0.5096797683273021,0.036771300448430494,0.0,0.04394618834080718,0.036771300448430494,0.0,0.04932735426008968,K004+KI05+KA05
xgboost,temperature,target_real,0.3874439461883408,0.3840213878793181,0.17137030916651347,0.6918735018497115,0.5105128497385801,0.03497757847533632,0.0,0.04394618834080718,0.03497757847533632,0.0,0.051121076233183856,K004+KI05+KA05
xgboost,isotonic,target_real,0.39103139013452914,0.38742444972064854,0.21132668532942644,0.7166990664921478,0.5275619740032139,0.16950672645739912,0.48148148148148145,0.0,0.16950672645739912,0.48148148148148145,0.0,K004+KI05+KA05
random_forest,raw,source_holdout,0.5916666666666667,0.5518880306931193,0.10937307712197573,0.5336137428128428,0.2941053497039847,,,,,,,K004+KI05+KA06
random_forest,raw,target_real,0.39103139013452914,0.37936358987371893,0.15679250296465305,0.6745403908551778,0.4859395061001049,0.039461883408071746,0.0,0.04035874439461883,0.039461883408071746,0.0,0.0484304932735426,K004+KI05+KA06
random_forest,temperature,target_real,0.39103139013452914,0.37936358987371893,0.1535176461802898,0.6724715932725615,0.4859358137933649,0.039461883408071746,0.0,0.04035874439461883,0.039461883408071746,0.0,0.0484304932735426,K004+KI05+KA06
random_forest,isotonic,target_real,0.3739910313901345,0.37361181493677176,0.25917259631049294,0.7406162605948585,0.5147264590848015,0.051121076233183856,0.03508771929824561,0.04932735426008968,0.051121076233183856,0.03508771929824561,0.051121076233183856,K004+KI05+KA06
svm,raw,source_holdout,0.45416666666666666,0.41507288004093823,0.14934417423694277,0.6141360871487609,0.4092689894995531,,,,,,,K004+KI05+KA06
svm,raw,target_real,0.4080717488789238,0.36100272420252466,0.09673947209654919,0.6497614806660141,0.5210363738286342,0.0026905829596412557,0.6666666666666666,0.0,0.0026905829596412557,0.6666666666666666,0.0,K004+KI05+KA06
svm,temperature,target_real,0.4080717488789238,0.36100272420252466,0.07224895466330407,0.6404057125427459,0.5202182739047473,0.0026905829596412557,0.6666666666666666,0.0,0.0026905829596412557,0.6666666666666666,0.0,K004+KI05+KA06
svm,isotonic,target_real,0.42152466367713004,0.4191333143382628,0.1932842390564901,0.7035688593826828,0.5211075064560367,0.0017937219730941704,0.5,0.0,0.0017937219730941704,0.5,0.0,K004+KI05+KA06
xgboost,raw,source_holdout,0.5333333333333333,0.507146461209344,0.1462174154818058,0.5734206468763513,0.3101578545670163,,,,,,,K004+KI05+KA06
xgboost,raw,target_real,0.3775784753363229,0.37246720878434436,0.2807463124461238,0.7791408221280278,0.5102466126568814,0.04035874439461883,0.022222222222222223,0.028699551569506727,0.04035874439461883,0.022222222222222223,0.054708520179372194,K004+KI05+KA06
xgboost,temperature,target_real,0.3775784753363229,0.37246720878434436,0.17068949361189945,0.6850585817355426,0.5106200440953155,0.04035874439461883,0.022222222222222223,0.02780269058295964,0.04035874439461883,0.022222222222222223,0.053811659192825115,K004+KI05+KA06
xgboost,isotonic,target_real,0.3847533632286996,0.372782628862272,0.2082571533710299,0.7184926933013905,0.5356046694394107,0.10941704035874439,0.38524590163934425,0.0,0.10941704035874439,0.38524590163934425,0.053811659192825115,K004+KI05+KA06
random_forest,raw,source_holdout,0.5166666666666667,0.48697182657496835,0.06458301953168087,0.5723053734173279,0.3735723990021222,,,,,,,K004+KI05+KA07
random_forest,raw,target_real,0.4044843049327354,0.3965835088654342,0.15042465090874044,0.678149339802447,0.49153070330953363,0.0,,0.04125560538116592,0.0,,0.04753363228699552,K004+KI05+KA07
random_forest,temperature,target_real,0.4044843049327354,0.3965835088654342,0.1344248152006523,0.6633980089754602,0.49117275229719565,0.0,,0.04125560538116592,0.0,,0.04753363228699552,K004+KI05+KA07
random_forest,isotonic,target_real,0.37847533632286995,0.37819566134988025,0.19361128230423913,0.6974602789833506,0.5124267671731721,0.10672645739910314,0.35294117647058826,0.0484304932735426,0.10672645739910314,0.35294117647058826,0.05201793721973094,K004+KI05+KA07
svm,raw,source_holdout,0.48333333333333334,0.45542537900360697,0.09361239766446651,0.6197986361970121,0.4568466368113568,,,,,,,K004+KI05+KA07
svm,raw,target_real,0.40896860986547084,0.375063787133224,0.09183867817210087,0.6446649186227938,0.5159987367997884,0.0,,0.0008968609865470852,0.0,,0.0008968609865470852,K004+KI05+KA07
svm,temperature,target_real,0.40896860986547084,0.375063787133224,0.06285881235328807,0.6372236215855627,0.515916919224112,0.0,,0.0008968609865470852,0.0,,0.0008968609865470852,K004+KI05+KA07
svm,isotonic,target_real,0.41614349775784754,0.41606137178663416,0.15798054326900596,0.680459324478763,0.5269291426244959,0.06188340807174888,0.42028985507246375,0.0,0.06188340807174888,0.42028985507246375,0.0,K004+KI05+KA07
xgboost,raw,source_holdout,0.4875,0.46947627224359184,0.17937750220298768,0.6249120574035293,0.3737756628863781,,,,,,,K004+KI05+KA07
xgboost,raw,target_real,0.40179372197309415,0.3981718644305376,0.2608741923298002,0.7695732351932838,0.5050330874170986,0.02780269058295964,0.0,0.029596412556053813,0.02780269058295964,0.0,0.0484304932735426,K004+KI05+KA07
xgboost,temperature,target_real,0.40179372197309415,0.3981718644305376,0.12611334354580397,0.6624974166018616,0.5037074679186101,0.030493273542600896,0.0,0.033183856502242155,0.030493273542600896,0.0,0.053811659192825115,K004+KI05+KA07
xgboost,isotonic,target_real,0.4053811659192825,0.39949988569659317,0.1531080046251469,0.677367634441348,0.5063083052719122,0.12017937219730941,0.417910447761194,0.0,0.13632286995515694,0.4407894736842105,0.053811659192825115,K004+KI05+KA07
random_forest,raw,source_holdout,0.5690376569037657,0.5395849119066883,0.07819281563026431,0.5435307861495032,0.32278040983902884,,,,,,,K004+KI05+KA08
random_forest,raw,target_real,0.3883408071748879,0.3779785398717102,0.16133167081720037,0.6778855553784113,0.4951711519156822,0.0,,0.04304932735426009,0.0,,0.053811659192825115,K004+KI05+KA08
random_forest,temperature,target_real,0.3883408071748879,0.3779785398717102,0.16569267011677322,0.6808889777076262,0.4952793642527685,0.0,,0.04304932735426009,0.0,,0.053811659192825115,K004+KI05+KA08
random_forest,isotonic,target_real,0.37668161434977576,0.37581848637125015,0.2392382677701031,0.7320085573444765,0.5185534264298414,0.09955156950672646,0.34234234234234234,0.0484304932735426,0.09955156950672646,0.34234234234234234,0.04932735426008968,K004+KI05+KA08
svm,raw,source_holdout,0.4811715481171548,0.4348476555373108,0.048318104559054616,0.6030972252191675,0.43095245573384366,,,,,,,K004+KI05+KA08
svm,raw,target_real,0.40896860986547084,0.3665954640132991,0.09019275874176388,0.6444704644026088,0.5219244984285144,0.0,,0.0,0.0,,0.0,K004+KI05+KA08
svm,temperature,target_real,0.40896860986547084,0.3665954640132991,0.07918351288642585,0.6413192422852538,0.5214289918746066,0.0,,0.0,0.0,,0.0,K004+KI05+KA08
svm,isotonic,target_real,0.42152466367713004,0.4187496368186469,0.20937051255506636,0.7166819277403922,0.5219662508879723,0.11838565022421525,0.4015151515151515,0.0,0.11838565022421525,0.4015151515151515,0.0,K004+KI05+KA08
xgboost,raw,source_holdout,0.5648535564853556,0.5480853354869103,0.11239645109515808,0.5720907370043058,0.31988178793689703,,,,,,,K004+KI05+KA08
xgboost,raw,target_real,0.40358744394618834,0.3983163341324989,0.2534181999251447,0.7752657427257345,0.5082975300562892,0.042152466367713005,0.0,0.04484304932735426,0.042152466367713005,0.0,0.051121076233183856,K004+KI05+KA08
xgboost,temperature,target_real,0.40358744394618834,0.3983163341324989,0.1503447262171851,0.6859725254908134,0.5079735208590858,0.04394618834080718,0.0,0.04484304932735426,0.04394618834080718,0.0,0.05022421524663677,K004+KI05+KA08
xgboost,isotonic,target_real,0.3874439461883408,0.38012807921596115,0.22286381608572498,0.7189217564488823,0.5257741432558013,0.09596412556053811,0.32710280373831774,0.0,0.09596412556053811,0.32710280373831774,0.0,K004+KI05+KA08
random_forest,raw,source_holdout,0.5606694560669456,0.5437302046324602,0.0439985172292071,0.5688084801567451,0.353275307621945,,,,,,,K004+KI05+KA09
random_forest,raw,target_real,0.3883408071748879,0.37803497862301566,0.15638256520747837,0.6723627068802182,0.4856310408975382,0.04304932735426009,0.0,0.04304932735426009,0.04304932735426009,0.0,0.054708520179372194,K004+KI05+KA09
random_forest,temperature,target_real,0.3883408071748879,0.37803497862301566,0.1374085769239991,0.6611341292149272,0.4856818514917611,0.04304932735426009,0.0,0.04304932735426009,0.04304932735426009,0.0,0.054708520179372194,K004+KI05+KA09
random_forest,isotonic,target_real,0.3820627802690583,0.37711106658377064,0.20663954515124713,0.7094935272477564,0.5167960331322112,0.15784753363228698,0.48863636363636365,0.05201793721973094,0.17130044843049327,0.5026178010471204,0.053811659192825115,K004+KI05+KA09
svm,raw,source_holdout,0.4393305439330544,0.4141327914554614,0.1380943545087134,0.6354834996098843,0.48291821372801025,,,,,,,K004+KI05+KA09
svm,raw,target_real,0.41076233183856503,0.3712864701166823,0.0848954374059268,0.6449984864583949,0.5183181100284466,0.004484304932735426,0.6,0.0,0.004484304932735426,0.6,0.0,K004+KI05+KA09
svm,temperature,target_real,0.41076233183856503,0.3712864701166823,0.06609238052828081,0.6361237434505275,0.5166759200909168,0.004484304932735426,0.6,0.0,0.004484304932735426,0.6,0.0,K004+KI05+KA09
svm,isotonic,target_real,0.3919282511210762,0.38445753602756855,0.15274443042917765,0.696165526988403,0.6052934050271128,0.019730941704035873,0.6818181818181818,0.0,0.019730941704035873,0.6818181818181818,0.0,K004+KI05+KA09
xgboost,raw,source_holdout,0.5146443514644351,0.5075567420576034,0.15461285705346942,0.6290466888448916,0.37330919912280136,,,,,,,K004+KI05+KA09
xgboost,raw,target_real,0.3847533632286996,0.3811834027686691,0.27179885511975654,0.7776904064104994,0.5105529027695085,0.05022421524663677,0.03571428571428571,0.03497757847533632,0.05022421524663677,0.03571428571428571,0.051121076233183856,K004+KI05+KA09
xgboost,temperature,target_real,0.3847533632286996,0.3811834027686691,0.13628208018952592,0.6680828853390618,0.5098503362090582,0.05201793721973094,0.05172413793103448,0.039461883408071746,0.05201793721973094,0.05172413793103448,0.051121076233183856,K004+KI05+KA09
xgboost,isotonic,target_real,0.37847533632286995,0.3676754394059425,0.16900442895458961,0.684833669162191,0.5190405716383555,0.05022421524663677,0.0,0.05022421524663677,0.05022421524663677,0.0,0.053811659192825115,K004+KI05+KA09
random_forest,raw,source_holdout,0.41422594142259417,0.40181728974925096,0.13008583944851254,0.6746320326729258,0.5716932422054879,,,,,,,K004+KI07+KA01
random_forest,raw,target_real,0.42869955156950673,0.4242604219695684,0.11872495092898051,0.6519647350588338,0.4662430984316997,0.0,,0.04125560538116592,0.0,,0.04753363228699552,K004+KI07+KA01
random_forest,temperature,target_real,0.42869955156950673,0.4242604219695684,0.0368606033331312,0.6231660508618353,0.46532955380863966,0.0,,0.04394618834080718,0.0,,0.04663677130044843,K004+KI07+KA01
random_forest,isotonic,target_real,0.4242152466367713,0.424098953324584,0.08981580319070573,0.6327072424861623,0.45515592234588637,0.0,,0.042152466367713005,0.0,,0.04484304932735426,K004+KI07+KA01
svm,raw,source_holdout,0.4393305439330544,0.4362189330439267,0.07219882409098699,0.6562684692086324,0.562061047568846,,,,,,,K004+KI07+KA01
svm,raw,target_real,0.420627802690583,0.41110222884601927,0.09172551931390119,0.6459063077452966,0.5177769494103357,0.01883408071748879,0.7142857142857143,0.0,0.01883408071748879,0.7142857142857143,0.0,K004+KI07+KA01
svm,temperature,target_real,0.420627802690583,0.41110222884601927,0.0653691041816655,0.634692175253486,0.5162782539235383,0.017937219730941704,0.75,0.0008968609865470852,0.017937219730941704,0.75,0.0008968609865470852,K004+KI07+KA01
svm,isotonic,target_real,0.4098654708520179,0.408313971433663,0.1098005097029261,0.646183225619431,0.49873341871458055,0.08609865470852018,0.3229166666666667,0.0,0.08609865470852018,0.3229166666666667,0.0,K004+KI07+KA01
xgboost,raw,source_holdout,0.4100418410041841,0.40254820396096597,0.2595433989329318,0.7716870671618528,0.562982544270758,,,,,,,K004+KI07+KA01
xgboost,raw,target_real,0.43228699551569505,0.4314688271612512,0.23604944612947815,0.7455786288266307,0.4816902272620183,0.05291479820627803,0.03389830508474576,0.05022421524663677,0.05291479820627803,0.03389830508474576,0.053811659192825115,K004+KI07+KA01
xgboost,temperature,target_real,0.43228699551569505,0.4314688271612512,0.043291880649942875,0.6295743193698634,0.4813017671647094,0.05022421524663677,0.0,0.05022421524663677,0.05022421524663677,0.0,0.053811659192825115,K004+KI07+KA01
xgboost,isotonic,target_real,0.45739910313901344,0.44477885056178207,0.06632405456832091,0.6260673948150592,0.45760932751409983,0.06547085201793722,0.1506849315068493,0.05201793721973094,0.06547085201793722,0.1506849315068493,0.05560538116591928,K004+KI07+KA01
random_forest,raw,source_holdout,0.41841004184100417,0.40996439511477106,0.1193532837479558,0.6722305123350647,0.5530031287584941,,,,,,,K004+KI07+KA03
random_forest,raw,target_real,0.41076233183856503,0.4046148127251296,0.14183524695073932,0.6745336394981447,0.48730000606836504,0.0,,0.04484304932735426,0.0,,0.04663677130044843,K004+KI07+KA03
random_forest,temperature,target_real,0.41076233183856503,0.4046148127251296,0.05317474049476301,0.6343161604261434,0.4854309286396762,0.0,,0.04394618834080718,0.0,,0.04663677130044843,K004+KI07+KA03
random_forest,isotonic,target_real,0.39103139013452914,0.3775939806494381,0.12589473442073967,0.669900677240645,0.504146354299556,0.09147982062780269,0.4019607843137255,0.042152466367713005,0.11569506726457399,0.4573643410852713,0.042152466367713005,K004+KI07+KA03
svm,raw,source_holdout,0.3807531380753138,0.40102827935401697,0.21671595970655175,0.7346627569333956,0.7721865833701059,,,,,,,K004+KI07+KA03
svm,raw,target_real,0.40896860986547084,0.38359432578346225,0.09949961909416266,0.6611726058427981,0.509039241433191,0.0,,0.0026905829596412557,0.0,,0.0026905829596412557,K004+KI07+KA03
svm,temperature,target_real,0.40896860986547084,0.38359432578346225,0.04061896311527889,0.6524427215814367,0.5037582141333051,0.0,,0.0026905829596412557,0.0,,0.0026905829596412557,K004+KI07+KA03
svm,isotonic,target_real,0.368609865470852,0.2944120668032391,0.0937505371468117,0.682000368125006,0.6293907407618261,0.06547085201793722,0.8356164383561644,0.0,0.14708520179372198,0.7804878048780488,0.0,K004+KI07+KA03
xgboost,raw,source_holdout,0.39330543933054396,0.39183372567835706,0.29152957053862855,0.7798206629770238,0.559101562366219,,,,,,,K004+KI07+KA03
xgboost,raw,target_real,0.4044843049327354,0.3963133563058899,0.27085929205599385,0.7774566498433875,0.4917380394677356,0.05022421524663677,0.017857142857142856,0.04753363228699552,0.05022421524663677,0.017857142857142856,0.05739910313901345,K004+KI07+KA03
xgboost,temperature,target_real,0.4044843049327354,0.3963133563058899,0.05839330370820401,0.6388651636767924,0.49017740582879343,0.04394618834080718,0.0,0.04663677130044843,0.04394618834080718,0.0,0.05560538116591928,K004+KI07+KA03
xgboost,isotonic,target_real,0.3901345291479821,0.38502985693684977,0.10972709047521666,0.6518585981118303,0.5035623045085489,0.0,,0.0,0.0,,0.0,K004+KI07+KA03
random_forest,raw,source_holdout,0.5294117647058824,0.5061928721174004,0.02958546372922313,0.6022537532691651,0.4035111349839432,,,,,,,K004+KI07+KA05
random_forest,raw,target_real,0.3955156950672646,0.3859237053813677,0.14545451365143108,0.662607827088383,0.48919222458109163,0.04394618834080718,0.0,0.04394618834080718,0.04394618834080718,0.0,0.04753363228699552,K004+KI07+KA05
random_forest,temperature,target_real,0.3955156950672646,0.3859237053813677,0.1147372073084682,0.6465988625889783,0.4888266120281932,0.04394618834080718,0.0,0.04394618834080718,0.04394618834080718,0.0,0.04753363228699552,K004+KI07+KA05
random_forest,isotonic,target_real,0.38385650224215245,0.3820168258345915,0.18268087316187515,0.6765667995007701,0.49524423420235364,0.0,,0.0,0.0,,0.0484304932735426,K004+KI07+KA05
svm,raw,source_holdout,0.36134453781512604,0.33218327028163097,0.15356077136943272,0.6650634539178849,0.5155553932349609,,,,,,,K004+KI07+KA05
svm,raw,target_real,0.37488789237668163,0.3157109703413658,0.13126982935298098,0.6668351803721636,0.5516193472946433,0.028699551569506727,0.625,0.0,0.028699551569506727,0.625,0.0,K004+KI07+KA05
svm,temperature,target_real,0.37488789237668163,0.3157109703413658,0.06831281746063908,0.6465168599740445,0.5502247397622053,0.036771300448430494,0.6341463414634146,0.0,0.036771300448430494,0.6341463414634146,0.0,K004+KI07+KA05
svm,isotonic,target_real,0.4026905829596413,0.4020310391600885,0.14283623141051843,0.6801666737797668,0.5393548124202651,0.03766816143497758,0.6666666666666666,0.0,0.03766816143497758,0.6666666666666666,0.0,K004+KI07+KA05
xgboost,raw,source_holdout,0.5042016806722689,0.4938713772519785,0.14626548971448627,0.6687892396546994,0.44473291624840333,,,,,,,K004+KI07+KA05
xgboost,raw,target_real,0.40179372197309415,0.3985912886397203,0.25394605930076053,0.7541622787264306,0.49358447656211535,0.0,,0.05022421524663677,0.0,,0.053811659192825115,K004+KI07+KA05
xgboost,temperature,target_real,0.40179372197309415,0.3985912886397203,0.10047821792522672,0.6431950351787227,0.4924341251902419,0.04932735426008968,0.0,0.05022421524663677,0.04932735426008968,0.0,0.053811659192825115,K004+KI07+KA05
xgboost,isotonic,target_real,0.39282511210762333,0.38194938841253906,0.1629597252875887,0.6739206944875931,0.4992456454853696,0.04932735426008968,0.0,0.04932735426008968,0.04932735426008968,0.0,0.054708520179372194,K004+KI07+KA05
random_forest,raw,source_holdout,0.5690376569037657,0.533061141756794,0.036865985364034445,0.5570714712199584,0.31561460187568385,,,,,,,K004+KI07+KA06
random_forest,raw,target_real,0.4008968609865471,0.38819212599271596,0.13963920416308828,0.6614342872440181,0.48975359191515316,0.04394618834080718,0.02040816326530612,0.04304932735426009,0.04394618834080718,0.02040816326530612,0.04753363228699552,K004+KI07+KA06
random_forest,temperature,target_real,0.4008968609865471,0.38819212599271596,0.13892561987937949,0.6610208831805771,0.48968763254154474,0.04394618834080718,0.02040816326530612,0.04304932735426009,0.04394618834080718,0.02040816326530612,0.04753363228699552,K004+KI07+KA06
random_forest,isotonic,target_real,0.3901345291479821,0.3903010390206459,0.23373212025621642,0.7178974316807805,0.5118377767405764,0.0,,0.04753363228699552,0.0,,0.04753363228699552,K004+KI07+KA06
svm,raw,source_holdout,0.4686192468619247,0.42613388944655056,0.149447939370008,0.6108617514472,0.3809289092489017,,,,,,,K004+KI07+KA06
svm,raw,target_real,0.3721973094170404,0.319758635612558,0.1329264195745839,0.6605684959096549,0.5433621898268194,0.033183856502242155,0.6756756756756757,0.0,0.03587443946188341,0.675,0.0,K004+KI07+KA06
svm,temperature,target_real,0.3721973094170404,0.319758635612558,0.10921988490848045,0.6521028219222978,0.5429156930584522,0.033183856502242155,0.6756756756756757,0.0,0.03766816143497758,0.6904761904761905,0.0,K004+KI07+KA06
svm,isotonic,target_real,0.4053811659192825,0.40521444602023404,0.20404549846778902,0.7146529798469178,0.5603740234992118,0.004484304932735426,0.8,0.0,0.004484304932735426,0.8,0.0,K004+KI07+KA06
xgboost,raw,source_holdout,0.497907949790795,0.48202614379084974,0.17439559713068367,0.6424292910082613,0.37276656759498744,,,,,,,K004+KI07+KA06
xgboost,raw,target_real,0.4044843049327354,0.39921288983552805,0.25002085074715547,0.7503656124930432,0.5000949010145652,0.051121076233183856,0.017543859649122806,0.05022421524663677,0.051121076233183856,0.017543859649122806,0.053811659192825115,K004+KI07+KA06
xgboost,temperature,target_real,0.4044843049327354,0.39921288983552805,0.11113313386732847,0.6480114433134296,0.498838050225574,0.05201793721973094,0.034482758620689655,0.05022421524663677,0.05201793721973094,0.034482758620689655,0.05201793721973094,K004+KI07+KA06
xgboost,isotonic,target_real,0.3883408071748879,0.38800025635795565,0.14922515657126556,0.6683063175511935,0.5015975418100912,0.07174887892376682,0.225,0.04932735426008968,0.07174887892376682,0.225,0.05201793721973094,K004+KI07+KA06
random_forest,raw,source_holdout,0.5439330543933054,0.5190534465100939,0.027476421650612797,0.5750043460656048,0.35363195215293464,,,,,,,K004+KI07+KA07
random_forest,raw,target_real,0.4116591928251121,0.4018094661806852,0.15058796949952574,0.6605170195649797,0.4888292134153684,0.04663677130044843,0.057692307692307696,0.04394618834080718,0.04663677130044843,0.057692307692307696,0.045739910313901344,K004+KI07+KA07
random_forest,temperature,target_real,0.4116591928251121,0.4018094661806852,0.14315237627754246,0.6586068111226224,0.48881084322029533,0.04663677130044843,0.057692307692307696,0.04394618834080718,0.04663677130044843,0.057692307692307696,0.045739910313901344,K004+KI07+KA07
random_forest,isotonic,target_real,0.3901345291479821,0.38827918866403993,0.19632207837372026,0.6914588618936705,0.5023244758360845,0.0,,0.0,0.0,,0.04753363228699552,K004+KI07+KA07
svm,raw,source_holdout,0.4811715481171548,0.4516457720902027,0.0677077158884505,0.6117264194278439,0.4046142820394677,,,,,,,K004+KI07+KA07
svm,raw,target_real,0.3829596412556054,0.3483577603373602,0.1156309304232435,0.6510455085784527,0.5346825424935402,0.019730941704035873,0.6363636363636364,0.0008968609865470852,0.019730941704035873,0.6363636363636364,0.0008968609865470852,K004+KI07+KA07
svm,temperature,target_real,0.3829596412556054,0.3483577603373602,0.10260750787619831,0.6468513423227547,0.5343838276562765,0.01883408071748879,0.6666666666666666,0.0008968609865470852,0.01883408071748879,0.6666666666666666,0.0008968609865470852,K004+KI07+KA07
svm,isotonic,target_real,0.4134529147982063,0.4106755755733436,0.14514827929360744,0.6801696194336597,0.5322572734397706,0.003587443946188341,0.0,0.003587443946188341,0.003587443946188341,0.0,0.003587443946188341,K004+KI07+KA07
xgboost,raw,source_holdout,0.46443514644351463,0.4522610726357404,0.20302730898478044,0.6518381435155713,0.3910076355972271,,,,,,,K004+KI07+KA07
xgboost,raw,target_real,0.3937219730941704,0.38995603896067904,0.27036369020628825,0.765243299949758,0.503811692061213,0.05201793721973094,0.017241379310344827,0.051121076233183856,0.05201793721973094,0.017241379310344827,0.054708520179372194,K004+KI07+KA07
xgboost,temperature,target_real,0.3937219730941704,0.38995603896067904,0.1318269811989658,0.6544476103720593,0.502893102495305,0.053811659192825115,0.03333333333333333,0.05022421524663677,0.053811659192825115,0.03333333333333333,0.054708520179372194,K004+KI07+KA07
xgboost,isotonic,target_real,0.39641255605381165,0.3926398990167106,0.12975610619987674,0.6572292262225881,0.4902392871787917,0.053811659192825115,0.016666666666666666,0.05201793721973094,0.053811659192825115,0.016666666666666666,0.05650224215246637,K004+KI07+KA07
random_forest,raw,source_holdout,0.5546218487394958,0.5227413488283054,0.03798270664922027,0.5631379816408908,0.31229616357098955,,,,,,,K004+KI07+KA08
random_forest,raw,target_real,0.39641255605381165,0.38531849865722223,0.14503413358048903,0.6668348831970562,0.49773099063645104,0.07443946188340807,0.20481927710843373,0.04484304932735426,0.1147982062780269,0.375,0.04753363228699552,K004+KI07+KA08
random_forest,temperature,target_real,0.39641255605381165,0.38531849865722223,0.15424378263035493,0.6726270766460495,0.4977905067308349,0.07533632286995516,0.21428571428571427,0.04484304932735426,0.11569506726457399,0.37209302325581395,0.04663677130044843,K004+KI07+KA08
random_forest,isotonic,target_real,0.3820627802690583,0.38135274810927805,0.211193526978393,0.7041502032948473,0.524530676457933,0.08161434977578476,0.27472527472527475,0.0,0.08161434977578476,0.27472527472527475,0.0,K004+KI07+KA08
svm,raw,source_holdout,0.48739495798319327,0.4436220157582835,0.05736198921798827,0.5941694521068539,0.36777713844770366,,,,,,,K004+KI07+KA08
svm,raw,target_real,0.3865470852017937,0.33730310504017136,0.11112084208928971,0.6476715126552566,0.5268190219704137,0.016143497757847534,0.6666666666666666,0.0,0.016143497757847534,0.6666666666666666,0.0,K004+KI07+KA08
svm,temperature,target_real,0.3865470852017937,0.33730310504017136,0.12412673969414131,0.6521950934948885,0.5270486700919715,0.016143497757847534,0.6666666666666666,0.0,0.016143497757847534,0.6666666666666666,0.0,K004+KI07+KA08
svm,isotonic,target_real,0.4170403587443946,0.41548586292613,0.20578856593899106,0.7147510529623374,0.5270261487363442,0.06098654708520179,0.14705882352941177,0.0,0.06098654708520179,0.14705882352941177,0.0,K004+KI07+KA08
xgboost,raw,source_holdout,0.5,0.4872211620714615,0.17443544511534587,0.6481400430302775,0.4102778194197062,,,,,,,K004+KI07+KA08
xgboost,raw,target_real,0.4008968609865471,0.3970374920735574,0.25765245201341774,0.7578137856566319,0.5041187882051832,0.05022421524663677,0.017857142857142856,0.04932735426008968,0.05022421524663677,0.017857142857142856,0.05201793721973094,K004+KI07+KA08
xgboost,temperature,target_real,0.4008968609865471,0.3970374920735574,0.12108316804564778,0.6529290187911739,0.5031442326221481,0.051121076233183856,0.03508771929824561,0.04932735426008968,0.051121076233183856,0.03508771929824561,0.05201793721973094,K004+KI07+KA08
xgboost,isotonic,target_real,0.3874439461883408,0.384972286398332,0.1641548217725641,0.6726919658469419,0.5143105142528999,0.060089686098654706,0.1044776119402985,0.0,0.060089686098654706,0.1044776119402985,0.05560538116591928,K004+KI07+KA08
random_forest,raw,source_holdout,0.5336134453781513,0.5123858304005363,0.026488269024502367,0.5804511356902394,0.36133654529117315,,,,,,,K004+KI07+KA09
random_forest,raw,target_real,0.4062780269058296,0.39765435582309167,0.127819053353211,0.6572579095965064,0.4880597141971139,0.039461883408071746,0.0,0.04484304932735426,0.039461883408071746,0.0,0.04663677130044843,K004+KI07+KA09
random_forest,temperature,target_real,0.4062780269058296,0.39765435582309167,0.12153039208385953,0.654215181883996,0.4881066262804017,0.039461883408071746,0.0,0.04484304932735426,0.039461883408071746,0.0,0.04663677130044843,K004+KI07+KA09
random_forest,isotonic,target_real,0.41434977578475335,0.40541806669529107,0.17676684219603717,0.7054569130154725,0.5062139215460368,0.11031390134529148,0.3983739837398374,0.0,0.14798206278026907,0.48484848484848486,0.04753363228699552,K004+KI07+KA09
svm,raw,source_holdout,0.46638655462184875,0.4379812942126003,0.07341143363748602,0.6195437300334934,0.41486139911681774,,,,,,,K004+KI07+KA09
svm,raw,target_real,0.3775784753363229,0.3344784627951964,0.1153495989729689,0.6551643204284748,0.541870929473576,0.019730941704035873,0.6818181818181818,0.0,0.019730941704035873,0.6818181818181818,0.0,K004+KI07+KA09
svm,temperature,target_real,0.3775784753363229,0.3344784627951964,0.09202995535877066,0.6480278052464082,0.5408518837364215,0.02062780269058296,0.6521739130434783,0.0,0.02062780269058296,0.6521739130434783,0.0,K004+KI07+KA09
svm,isotonic,target_real,0.3937219730941704,0.3868874307621793,0.17585773749777325,0.7005195637388567,0.5672470654094254,0.017040358744394617,0.6842105263157895,0.0,0.017040358744394617,0.6842105263157895,0.0,K004+KI07+KA09
xgboost,raw,source_holdout,0.453781512605042,0.45145310320126036,0.20222571216711477,0.6697246126029486,0.43645188933092194,,,,,,,K004+KI07+KA09
xgboost,raw,target_real,0.40179372197309415,0.3984256202833169,0.24696431424585696,0.7489311487839371,0.49585208834049843,0.0,,0.04932735426008968,0.0,,0.05201793721973094,K004+KI07+KA09
xgboost,temperature,target_real,0.40179372197309415,0.3984256202833169,0.10544071574267644,0.6449841612929941,0.4948359559269157,0.04932735426008968,0.0,0.04932735426008968,0.04932735426008968,0.0,0.05201793721973094,K004+KI07+KA09
xgboost,isotonic,target_real,0.4062780269058296,0.3860067884335033,0.1468296635393484,0.6712536199260745,0.49800968848055965,0.06188340807174888,0.11594202898550725,0.0,0.06188340807174888,0.11594202898550725,0.05650224215246637,K004+KI07+KA09
random_forest,raw,source_holdout,0.3445378151260504,0.33808980819735274,0.18644785149173437,0.7284882979063662,0.6702834495768774,,,,,,,K004+KI08+KA01
random_forest,raw,target_real,0.43946188340807174,0.4294108049394533,0.11232562227140493,0.6387491466748076,0.4395320488355838,0.0,,0.04394618834080718,0.0,,0.06098654708520179,K004+KI08+KA01
random_forest,temperature,target_real,0.43946188340807174,0.4294108049394533,0.034755705929621156,0.6213227422473128,0.44085162500365604,0.0,,0.04394618834080718,0.0,,0.053811659192825115,K004+KI08+KA01
random_forest,isotonic,target_real,0.3955156950672646,0.3709506059460141,0.07087668334468321,0.6303898336821452,0.4486127845742581,0.0726457399103139,0.2962962962962963,0.042152466367713005,0.0726457399103139,0.2962962962962963,0.04304932735426009,K004+KI08+KA01
svm,raw,source_holdout,0.27310924369747897,0.2509722585909975,0.21828286541659347,0.7344443370760526,0.7299965048754319,,,,,,,K004+KI08+KA01
svm,raw,target_real,0.4439461883408072,0.37101244337978795,0.07621201760928589,0.6297360377607465,0.48349185156696756,0.0026905829596412557,0.6666666666666666,0.0008968609865470852,0.0026905829596412557,0.6666666666666666,0.0008968609865470852,K004+KI08+KA01
svm,temperature,target_real,0.4439461883408072,0.37101244337978795,0.08905285034289367,0.652216004059728,0.48951380489790014,0.0,,0.0008968609865470852,0.0,,0.0008968609865470852,K004+KI08+KA01
svm,isotonic,target_real,0.3937219730941704,0.3268350030836297,0.07244342009749268,0.6392091140642671,0.5590806927366336,0.010762331838565023,0.5833333333333334,0.0,0.010762331838565023,0.5833333333333334,0.0,K004+KI08+KA01
xgboost,raw,source_holdout,0.35294117647058826,0.34523967433159847,0.303554041545932,0.8432410416744556,0.6159605742459038,,,,,,,K004+KI08+KA01
xgboost,raw,target_real,0.4304932735426009,0.42641078483197853,0.23959515386098165,0.7416436266534672,0.4714031093379864,0.0,,0.05022421524663677,0.0,,0.05650224215246637,K004+KI08+KA01
xgboost,temperature,target_real,0.4304932735426009,0.42641078483197853,0.0481777398636571,0.640492943191482,0.47226295240082705,0.0,,0.051121076233183856,0.0,,0.05560538116591928,K004+KI08+KA01
xgboost,isotonic,target_real,0.4044843049327354,0.3808200756679727,0.08767663592496676,0.6276048194951185,0.4596999121516841,0.05829596412556054,0.09230769230769231,0.04932735426008968,0.05829596412556054,0.09230769230769231,0.05201793721973094,K004+KI08+KA01
random_forest,raw,source_holdout,0.36554621848739494,0.37443645541805054,0.17786568356546809,0.6980851961717551,0.6298564031186714,,,,,,,K004+KI08+KA03
random_forest,raw,target_real,0.4125560538116592,0.40217764194339095,0.14394743475187355,0.6653452762374128,0.4608036831944067,0.0,,0.04304932735426009,0.0,,0.05829596412556054,K004+KI08+KA03
random_forest,temperature,target_real,0.4125560538116592,0.40217764194339095,0.047140774230641926,0.6272504109784419,0.4601932601784108,0.0,,0.04394618834080718,0.0,,0.05829596412556054,K004+KI08+KA03
random_forest,isotonic,target_real,0.3937219730941704,0.38362979942614367,0.153288524586431,0.6779022619679371,0.5086446042997417,0.04932735426008968,0.09090909090909091,0.04394618834080718,0.04932735426008968,0.09090909090909091,0.04394618834080718,K004+KI08+KA03
svm,raw,source_holdout,0.18067226890756302,0.1500242600679282,0.3453179459543584,0.7493196381153407,0.8109633549305184,,,,,,,K004+KI08+KA03
svm,raw,target_real,0.46457399103139013,0.3348596224508296,0.051603908426188075,0.6283753602599498,0.43894164061225976,0.008968609865470852,0.5,0.0,0.008968609865470852,0.5,0.0,K004+KI08+KA03
svm,temperature,target_real,0.46457399103139013,0.3348596224508296,0.08310003079036664,0.6408422913543516,0.43498780919259866,0.011659192825112108,0.46153846153846156,0.0,0.011659192825112108,0.46153846153846156,0.0,K004+KI08+KA03
svm,isotonic,target_real,0.38565022421524664,0.3578021631770037,0.12696760199926535,0.6880627100738668,0.6318640818863799,0.009865470852017937,0.5454545454545454,0.0,0.08609865470852018,0.6875,0.0,K004+KI08+KA03
xgboost,raw,source_holdout,0.3907563025210084,0.3936713153505662,0.2793381047599456,0.811184205451714,0.6133159649034513,,,,,,,K004+KI08+KA03
xgboost,raw,target_real,0.4026905829596413,0.39291785551321085,0.27076593094877066,0.7733948403628075,0.4814294296070326,0.03587443946188341,0.0,0.04663677130044843,0.03587443946188341,0.0,0.05650224215246637,K004+KI08+KA03
xgboost,temperature,target_real,0.4026905829596413,0.39291785551321085,0.04301259960843428,0.6389338695522762,0.48479193978474905,0.033183856502242155,0.0,0.04753363228699552,0.033183856502242155,0.0,0.05829596412556054,K004+KI08+KA03
xgboost,isotonic,target_real,0.39461883408071746,0.3854939427940434,0.10721657251641624,0.6617587245466298,0.5131797234269996,0.006278026905829596,0.0,0.011659192825112108,0.006278026905829596,0.0,0.05739910313901345,K004+KI08+KA03
random_forest,raw,source_holdout,0.4767932489451477,0.46133278486219664,0.1224942406544008,0.6023601851339878,0.406594433799103,,,,,,,K004+KI08+KA05
random_forest,raw,target_real,0.4170403587443946,0.4030443246480982,0.12456929551075972,0.6474443875266933,0.46090677127886376,0.0,,0.04394618834080718,0.0,,0.06098654708520179,K004+KI08+KA05
random_forest,temperature,target_real,0.4170403587443946,0.4030443246480982,0.09975490210201032,0.6353247339716563,0.46074756293672287,0.0,,0.04394618834080718,0.0,,0.06098654708520179,K004+KI08+KA05
random_forest,isotonic,target_real,0.3820627802690583,0.3748672584076969,0.18654904763621916,0.6880098491313158,0.5085135659449288,0.13811659192825113,0.461038961038961,0.0,0.15067264573991032,0.47023809523809523,0.05022421524663677,K004+KI08+KA05
svm,raw,source_holdout,0.3755274261603376,0.2835386495731005,0.15619914086052067,0.6214598573837123,0.4499645984235611,,,,,,,K004+KI08+KA05
svm,raw,target_real,0.4430493273542601,0.3354907273197825,0.06062188091392061,0.6274791613439373,0.48962688005356597,0.011659192825112108,0.6153846153846154,0.0,0.011659192825112108,0.6153846153846154,0.0,K004+KI08+KA05
svm,temperature,target_real,0.4430493273542601,0.3354907273197825,0.03846249029940789,0.6246300310990788,0.4900044351400799,0.011659192825112108,0.6153846153846154,0.0,0.011659192825112108,0.6153846153846154,0.0,K004+KI08+KA05
svm,isotonic,target_real,0.4134529147982063,0.41213125028415315,0.18244328292679227,0.6904901995685147,0.49059564315231374,0.03587443946188341,0.025,0.0,0.03587443946188341,0.025,0.03766816143497758,K004+KI08+KA05
xgboost,raw,source_holdout,0.43037974683544306,0.42338383838383836,0.2074201418880672,0.6644073607486449,0.43174946861070723,,,,,,,K004+KI08+KA05
xgboost,raw,target_real,0.40896860986547084,0.40233869698012015,0.24550563973696243,0.7437947394130711,0.4802711070518365,0.04035874439461883,0.0,0.04753363228699552,0.04035874439461883,0.0,0.05560538116591928,K004+KI08+KA05
xgboost,temperature,target_real,0.40896860986547084,0.40233869698012015,0.10293018588977366,0.641441027983791,0.47810471636266955,0.0484304932735426,0.018518518518518517,0.04753363228699552,0.0484304932735426,0.018518518518518517,0.05560538116591928,K004+KI08+KA05
xgboost,isotonic,target_real,0.4,0.39363306852557106,0.13600840642602086,0.6698904638668339,0.5024159825099249,0.06098654708520179,0.10294117647058823,0.0,0.15695067264573992,0.42857142857142855,0.054708520179372194,K004+KI08+KA05
random_forest,raw,source_holdout,0.5126050420168067,0.4734318616150388,0.09864227313433274,0.5634274703745495,0.3246818956969295,,,,,,,K004+KI08+KA06
random_forest,raw,target_real,0.4260089686098655,0.4085409196253424,0.11441112929262223,0.6457613703272532,0.45941174463907336,0.042152466367713005,0.0,0.04304932735426009,0.042152466367713005,0.0,0.054708520179372194,K004+KI08+KA06
random_forest,temperature,target_real,0.4260089686098655,0.4085409196253424,0.10848145954190053,0.6429179493427388,0.4594668390988754,0.042152466367713005,0.0,0.04304932735426009,0.042152466367713005,0.0,0.054708520179372194,K004+KI08+KA06
random_forest,isotonic,target_real,0.3883408071748879,0.38934679878398537,0.21610661397486142,0.7049043267772732,0.5067495839292997,0.06098654708520179,0.07352941176470588,0.0,0.06098654708520179,0.07352941176470588,0.05829596412556054,K004+KI08+KA06
svm,raw,source_holdout,0.36554621848739494,0.2553678425012389,0.21778556540786256,0.6150112507172029,0.38207542147250634,,,,,,,K004+KI08+KA06
svm,raw,target_real,0.45739910313901344,0.3453864994358134,0.045863215839727176,0.6207808702891481,0.47447958998500894,0.02242152466367713,0.56,0.0,0.030493273542600896,0.5,0.0,K004+KI08+KA06
svm,temperature,target_real,0.45739910313901344,0.3453864994358134,0.024255118386647626,0.6184910105129576,0.4755496278238381,0.026905829596412557,0.5333333333333333,0.0,0.034080717488789235,0.5,0.0,K004+KI08+KA06
svm,isotonic,target_real,0.4044843049327354,0.39847818917298206,0.20467742168645423,0.7070626473004967,0.48727362154847426,0.045739910313901344,0.0196078431372549,0.0,0.045739910313901344,0.0196078431372549,0.04663677130044843,K004+KI08+KA06
xgboost,raw,source_holdout,0.5,0.4791156099427752,0.16933143214017404,0.6414696249478419,0.37011560519166237,,,,,,,K004+KI08+KA06
xgboost,raw,target_real,0.4188340807174888,0.41137689985488546,0.23327696224499178,0.7366673807993247,0.4747730472807231,0.0726457399103139,0.16049382716049382,0.04932735426008968,0.0726457399103139,0.16049382716049382,0.053811659192825115,K004+KI08+KA06
xgboost,temperature,target_real,0.4188340807174888,0.41137689985488546,0.10319715353048847,0.6453767568241116,0.47460306244044104,0.07354260089686099,0.18292682926829268,0.04932735426008968,0.07354260089686099,0.18292682926829268,0.054708520179372194,K004+KI08+KA06
xgboost,isotonic,target_real,0.3919282511210762,0.3887055349791724,0.15488081746701426,0.6751295176227096,0.504546377045893,0.07982062780269059,0.19101123595505617,0.0,0.17219730941704037,0.4635416666666667,0.05560538116591928,K004+KI08+KA06
random_forest,raw,source_holdout,0.4495798319327731,0.42243336808442317,0.08967591714504825,0.603443151087648,0.41172433417223875,,,,,,,K004+KI08+KA07
random_forest,raw,target_real,0.42152466367713004,0.4085726021113049,0.12230180173739758,0.6465011110304884,0.4559271460679882,0.042152466367713005,0.0,0.04394618834080718,0.042152466367713005,0.0,0.05739910313901345,K004+KI08+KA07
random_forest,temperature,target_real,0.42152466367713004,0.4085726021113049,0.09618219169370237,0.6338311574347623,0.4560461950170168,0.042152466367713005,0.0,0.04304932735426009,0.042152466367713005,0.0,0.05829596412556054,K004+KI08+KA07
random_forest,isotonic,target_real,0.3937219730941704,0.38570150024658384,0.15611760863944343,0.6673749253388555,0.4902445262504122,0.053811659192825115,0.03333333333333333,0.05201793721973094,0.053811659192825115,0.03333333333333333,0.054708520179372194,K004+KI08+KA07
svm,raw,source_holdout,0.38235294117647056,0.2883430799220273,0.16824599444293586,0.6345663953243973,0.477035569721534,,,,,,,K004+KI08+KA07
svm,raw,target_real,0.46995515695067264,0.35513737763076786,0.03722353211679122,0.6219539233314934,0.4712398045414541,0.0053811659192825115,0.3333333333333333,0.0,0.0053811659192825115,0.3333333333333333,0.0,K004+KI08+KA07
svm,temperature,target_real,0.46995515695067264,0.35513737763076786,0.02960109744273036,0.6190806828250395,0.47250470027798136,0.014349775784753363,0.625,0.0,0.014349775784753363,0.625,0.0,K004+KI08+KA07
svm,isotonic,target_real,0.4242152466367713,0.4028554389793609,0.13578569613491742,0.6707149152011902,0.5104807891864848,0.010762331838565023,0.16666666666666666,0.0,0.010762331838565023,0.16666666666666666,0.0,K004+KI08+KA07
xgboost,raw,source_holdout,0.4369747899159664,0.42366243969690176,0.22264657376193198,0.6735931093303191,0.40942061127426177,,,,,,,K004+KI08+KA07
xgboost,raw,target_real,0.4242152466367713,0.4174529725512186,0.23976349296056637,0.735313025670022,0.4726787506308879,0.05560538116591928,0.04838709677419355,0.04753363228699552,0.05560538116591928,0.04838709677419355,0.05650224215246637,K004+KI08+KA07
xgboost,temperature,target_real,0.4242152466367713,0.4174529725512186,0.09358542952140529,0.6377218031882864,0.47229229958942986,0.059192825112107626,0.10606060606060606,0.05022421524663677,0.059192825112107626,0.10606060606060606,0.054708520179372194,K004+KI08+KA07
xgboost,isotonic,target_real,0.4188340807174888,0.3952499530929656,0.09890193169478113,0.6579271782461622,0.4968054428913502,0.08699551569506726,0.27835051546391754,0.0,0.08699551569506726,0.27835051546391754,0.0,K004+KI08+KA07
random_forest,raw,source_holdout,0.5189873417721519,0.4949116608667823,0.07059117107883092,0.5824614232978795,0.36263514920381534,,,,,,,K004+KI08+KA08
random_forest,raw,target_real,0.420627802690583,0.4043825194817394,0.12460258679654754,0.650729957735855,0.46252594725633134,0.05022421524663677,0.017857142857142856,0.045739910313901344,0.05022421524663677,0.017857142857142856,0.05650224215246637,K004+KI08+KA08
random_forest,temperature,target_real,0.420627802690583,0.4043825194817394,0.11417691914043245,0.6453607354585638,0.4626087523793874,0.05022421524663677,0.017857142857142856,0.045739910313901344,0.05022421524663677,0.017857142857142856,0.05650224215246637,K004+KI08+KA08
random_forest,isotonic,target_real,0.4044843049327354,0.4007803102030361,0.184695595339399,0.6954451193324727,0.5043141826483196,0.05829596412556054,0.09230769230769231,0.0,0.05829596412556054,0.09230769230769231,0.053811659192825115,K004+KI08+KA08
svm,raw,source_holdout,0.3291139240506329,0.23212453722289128,0.21221979476867356,0.6488981407591349,0.4871036636509827,,,,,,,K004+KI08+KA08
svm,raw,target_real,0.46816143497757845,0.34907662657656563,0.046987121707751565,0.6174823237598148,0.45386351742531145,0.0,,0.0008968609865470852,0.0,,0.0008968609865470852,K004+KI08+KA08
svm,temperature,target_real,0.46816143497757845,0.34907662657656563,0.006451321938091439,0.6148603309769687,0.459156310904084,0.0,,0.0,0.0,,0.0,K004+KI08+KA08
svm,isotonic,target_real,0.4053811659192825,0.3993868435557959,0.16095281962899413,0.6742848682739062,0.5100980375891067,0.03587443946188341,0.125,0.0,0.19192825112107623,0.48598130841121495,0.030493273542600896,K004+KI08+KA08
xgboost,raw,source_holdout,0.48523206751054854,0.4690814434861143,0.17170214564991398,0.664402656704552,0.41406968094235613,,,,,,,K004+KI08+KA08
xgboost,raw,target_real,0.420627802690583,0.41305487468830115,0.23231237434485572,0.7385498453743108,0.47787676121734946,0.04125560538116592,0.0,0.04484304932735426,0.04125560538116592,0.0,0.053811659192825115,K004+KI08+KA08
xgboost,temperature,target_real,0.420627802690583,0.41305487468830115,0.08800333008880089,0.6396206082723956,0.4769435605832386,0.04394618834080718,0.0,0.04663677130044843,0.04394618834080718,0.0,0.053811659192825115,K004+KI08+KA08
xgboost,isotonic,target_real,0.4053811659192825,0.40166577583641633,0.14368242555339802,0.663281700948803,0.4970983880883798,0.05829596412556054,0.07692307692307693,0.0,0.05829596412556054,0.07692307692307693,0.05201793721973094,K004+KI08+KA08
random_forest,raw,source_holdout,0.48945147679324896,0.4717897323931899,0.0619259246795629,0.5972933442020367,0.4078350169074587,,,,,,,K004+KI08+KA09
random_forest,raw,target_real,0.42690582959641254,0.41300536057608367,0.11330573286510257,0.6438576264572624,0.4570825501342413,0.04304932735426009,0.0,0.04304932735426009,0.04304932735426009,0.0,0.060089686098654706,K004+KI08+KA09
random_forest,temperature,target_real,0.42690582959641254,0.41300536057608367,0.09139870993674548,0.633732666475212,0.45705561317518534,0.04304932735426009,0.0,0.04304932735426009,0.04304932735426009,0.0,0.060089686098654706,K004+KI08+KA09
random_forest,isotonic,target_real,0.40896860986547084,0.4015440028225396,0.17031463921721346,0.685443869503627,0.5006464124319784,0.051121076233183856,0.017543859649122806,0.04932735426008968,0.051121076233183856,0.017543859649122806,0.053811659192825115,K004+KI08+KA09
svm,raw,source_holdout,0.35443037974683544,0.2598091198303288,0.18482806221338088,0.6294424422234159,0.44897912123534506,,,,,,,K004+KI08+KA09
svm,raw,target_real,0.4609865470852018,0.34451074082158994,0.04662183899661469,0.621659288265086,0.47294203478003594,0.014349775784753363,0.625,0.0,0.014349775784753363,0.625,0.0,K004+KI08+KA09
svm,temperature,target_real,0.4609865470852018,0.34451074082158994,0.021119403504242722,0.6190618350324726,0.47315502691194383,0.02600896860986547,0.6551724137931034,0.0,0.02600896860986547,0.6551724137931034,0.0,K004+KI08+KA09
svm,isotonic,target_real,0.3937219730941704,0.38722314279711817,0.18305590025212592,0.694132971362875,0.5071663423429335,0.0484304932735426,0.16666666666666666,0.0,0.0484304932735426,0.16666666666666666,0.03856502242152467,K004+KI08+KA09
xgboost,raw,source_holdout,0.4472573839662447,0.4435756105975932,0.20087766672488508,0.6883121559528382,0.4542725745106844,,,,,,,K004+KI08+KA09
xgboost,raw,target_real,0.4170403587443946,0.41010606592798377,0.24392249308894032,0.7412212861568628,0.4811294589299114,0.039461883408071746,0.0,0.04932735426008968,0.039461883408071746,0.0,0.053811659192825115,K004+KI08+KA09
xgboost,temperature,target_real,0.4170403587443946,0.41010606592798377,0.086683730524512,0.6395394474333151,0.48072143967652714,0.045739910313901344,0.0,0.04932735426008968,0.045739910313901344,0.0,0.053811659192825115,K004+KI08+KA09
xgboost,isotonic,target_real,0.39641255605381165,0.38125701459034794,0.13277557107047241,0.6623561958378228,0.4958336161924587,0.07533632286995516,0.17857142857142858,0.0,0.07533632286995516,0.17857142857142858,0.059192825112107626,K004+KI08+KA09
