model,calibration,domain,accuracy,macro_f1,ece,brier,aurc,auto_rate@1%,auto_error@1%,oracle_auto_rate@1%,auto_rate@5%,auto_error@5%,oracle_auto_rate@5%,calib_set
random_forest,raw,source_holdout,0.175,0.19887278582930756,0.3625987667327703,0.8750388024589303,0.716409509701077,,,,,,,K001+KI01+KA01
random_forest,raw,target_real,0.3381165919282511,0.33410151474619026,0.27997705775280735,0.8233369948934678,0.6295145844860167,0.11748878923766816,0.5954198473282443,0.0,0.11748878923766816,0.5954198473282443,0.0,K001+KI01+KA01
random_forest,temperature,target_real,0.3381165919282511,0.33410151474619026,0.016600255933673445,0.6645933227938172,0.6217126899979541,0.12556053811659193,0.5571428571428572,0.0,0.12556053811659193,0.5571428571428572,0.0,K001+KI01+KA01
random_forest,isotonic,target_real,0.4600896860986547,0.43054172475518565,0.20301021462282,0.7824931000719956,0.544248875141379,0.19551569506726457,0.6330275229357798,0.0,0.19551569506726457,0.6330275229357798,0.0,K001+KI01+KA01
svm,raw,source_holdout,0.3541666666666667,0.28319308087891537,0.2042350557608438,0.7193509484521776,0.5608402031005699,,,,,,,K001+KI01+KA01
svm,raw,target_real,0.34618834080717487,0.330860764309078,0.2328872276119292,0.7461158580473893,0.6163080352613682,0.1937219730941704,0.6064814814814815,0.0,0.1937219730941704,0.6064814814814815,0.0,K001+KI01+KA01
svm,temperature,target_real,0.34618834080717487,0.330860764309078,0.012606430321983775,0.6605125788734774,0.6087396114837917,0.13811659192825113,0.5974025974025974,0.0,0.13811659192825113,0.5974025974025974,0.0,K001+KI01+KA01
svm,isotonic,target_real,0.32825112107623317,0.32642400079824124,0.3890151674959944,0.9890456338504111,0.6081709403717827,0.2663677130044843,0.7070707070707071,0.0,0.2663677130044843,0.7070707070707071,0.0,K001+KI01+KA01
xgboost,raw,source_holdout,0.18333333333333332,0.18433048433048435,0.46696512674291935,1.1115918104835847,0.7568324375217791,,,,,,,K001+KI01+KA01
xgboost,raw,target_real,0.33363228699551567,0.3300932681354365,0.38137298825075805,0.9515939249097625,0.6515740502222925,0.11031390134529148,0.6341463414634146,0.0,0.11031390134529148,0.6341463414634146,0.0,K001+KI01+KA01
xgboost,temperature,target_real,0.33363228699551567,0.3300932681354365,0.027482486165031163,0.6679336659192515,0.646961392223569,0.12286995515695068,0.6131386861313869,0.0,0.12286995515695068,0.6131386861313869,0.0,K001+KI01+KA01
xgboost,isotonic,target_real,0.3919282511210762,0.3453318021451724,0.15827280340268998,0.7400207397346688,0.650212034156802,0.12645739910313902,0.6099290780141844,0.0,0.12645739910313902,0.6099290780141844,0.0,K001+KI01+KA01
random_forest,raw,source_holdout,0.11666666666666667,0.12886762360446571,0.45754974200215154,0.9853572392562222,0.8375006256452904,,,,,,,K001+KI01+KA03
random_forest,raw,target_real,0.2896860986547085,0.29410985828427855,0.3483734045687954,0.8791043209113086,0.6678928556535292,0.11031390134529148,0.5772357723577236,0.0,0.11031390134529148,0.5772357723577236,0.0,K001+KI01+KA03
random_forest,temperature,target_real,0.2896860986547085,0.29410985828427855,0.06751821301303555,0.6646270700882332,0.6614427401477195,0.12825112107623318,0.5734265734265734,0.0,0.12825112107623318,0.5734265734265734,0.0,K001+KI01+KA03
random_forest,isotonic,target_real,0.4295964125560538,0.4086367018843096,0.19664415871027302,0.7756395517169857,0.5850290670482224,0.13721973094170403,0.5882352941176471,0.0,0.13721973094170403,0.5882352941176471,0.0,K001+KI01+KA03
svm,raw,source_holdout,0.10416666666666667,0.1232919254658385,0.4833721376327559,0.9506224165367788,0.8119752903149563,,,,,,,K001+KI01+KA03
svm,raw,target_real,0.2968609865470852,0.2984309206782747,0.29725192085328467,0.8021969100429964,0.6676465790650765,0.05291479820627803,0.4745762711864407,0.0017937219730941704,0.05291479820627803,0.4745762711864407,0.0017937219730941704,K001+KI01+KA03
svm,temperature,target_real,0.2968609865470852,0.2984309206782747,0.05003417156061457,0.665372392192302,0.6584616636881455,0.07623318385650224,0.5058823529411764,0.0017937219730941704,0.07623318385650224,0.5058823529411764,0.0017937219730941704,K001+KI01+KA03
svm,isotonic,target_real,0.3291479820627803,0.3049903784467795,0.21172940260860393,0.7533457183739587,0.6230595172149815,0.0726457399103139,0.4567901234567901,0.0,0.0726457399103139,0.4567901234567901,0.0,K001+KI01+KA03
xgboost,raw,source_holdout,0.15416666666666667,0.15869359549175271,0.5103410579264164,1.2039249978298117,0.7934584865320896,,,,,,,K001+KI01+KA03
xgboost,raw,target_real,0.3094170403587444,0.31038414916847373,0.4171684497675019,0.9999574952114079,0.661084451172579,0.08251121076233184,0.6086956521739131,0.0,0.08251121076233184,0.6086956521739131,0.0,K001+KI01+KA03
xgboost,temperature,target_real,0.3094170403587444,0.31038414916847373,0.05339932099648763,0.6698245881154471,0.6541280495487679,0.09237668161434978,0.6019417475728155,0.0017937219730941704,0.09237668161434978,0.6019417475728155,0.0017937219730941704,K001+KI01+KA03
xgboost,isotonic,target_real,0.4134529147982063,0.3049893867483915,0.1639137286655728,0.7375185725672807,0.6916754083105403,0.11390134529147983,0.5984251968503937,0.0,0.11390134529147983,0.5984251968503937,0.0,K001+KI01+KA03
random_forest,raw,source_holdout,0.18410041841004185,0.20385699189855586,0.34136365456935336,0.9274430883766025,0.7529750752459367,,,,,,,K001+KI01+KA05
random_forest,raw,target_real,0.33363228699551567,0.3319317391536939,0.28107870077974917,0.8430682079761039,0.6344887020480527,0.014349775784753363,0.5,0.0,0.014349775784753363,0.5,0.0,K001+KI01+KA05
random_forest,temperature,target_real,0.33363228699551567,0.3319317391536939,0.022239843252375158,0.6647054711016224,0.6253937941632158,0.08699551569506726,0.5773195876288659,0.0,0.08699551569506726,0.5773195876288659,0.0,K001+KI01+KA05
random_forest,isotonic,target_real,0.420627802690583,0.40201414831345256,0.17082798097530377,0.7586125296182681,0.5891410922029428,0.16860986547085202,0.6702127659574468,0.0,0.16860986547085202,0.6702127659574468,0.0,K001+KI01+KA05
svm,raw,source_holdout,0.18410041841004185,0.19394992039368938,0.43201216569481166,0.8913540095406597,0.7298809226126862,,,,,,,K001+KI01+KA05
svm,raw,target_real,0.3273542600896861,0.32654403290654727,0.2662603026003028,0.7865104514074327,0.6625756265688924,0.16591928251121077,0.5837837837837838,0.0,0.16591928251121077,0.5837837837837838,0.0,K001+KI01+KA05
svm,temperature,target_real,0.3273542600896861,0.32654403290654727,0.019698973295111832,0.6642701747903719,0.652461620110873,0.11031390134529148,0.6178861788617886,0.0,0.11031390134529148,0.6178861788617886,0.0,K001+KI01+KA05
svm,isotonic,target_real,0.3147982062780269,0.27913218283731694,0.2759311801244998,0.8362925791047117,0.6050007041547373,0.23766816143497757,0.6452830188679245,0.0,0.23766816143497757,0.6452830188679245,0.0,K001+KI01+KA05
xgboost,raw,source_holdout,0.20920502092050208,0.21844419670506623,0.5250185366454982,1.1878628551164443,0.8090978612888944,,,,,,,K001+KI01+KA05
xgboost,raw,target_real,0.3291479820627803,0.32894604473508327,0.4051175446521006,0.9893711760372529,0.6767935813407632,0.09506726457399103,0.6226415094339622,0.0017937219730941704,0.09506726457399103,0.6226415094339622,0.0017937219730941704,K001+KI01+KA05
xgboost,temperature,target_real,0.3291479820627803,0.32894604473508327,0.033463351449268264,0.6703092647225988,0.668566079404957,0.09417040358744394,0.6,0.003587443946188341,0.09417040358744394,0.6,0.003587443946188341,K001+KI01+KA05
xgboost,isotonic,target_real,0.3515695067264574,0.2838614377570527,0.14930778466677685,0.7315391999666923,0.6350800213945722,0.20717488789237667,0.6753246753246753,0.0,0.20717488789237667,0.6753246753246753,0.0,K001+KI01+KA05
random_forest,raw,source_holdout,0.3333333333333333,0.3142390289449113,0.281293648795447,0.7687828914231142,0.36819537342155767,,,,,,,K001+KI01+KA06
random_forest,raw,target_real,0.31569506726457397,0.3146386201136107,0.294207094923766,0.8391085008543482,0.6433701002033783,0.17399103139013453,0.6185567010309279,0.0,0.2116591928251121,0.6440677966101694,0.0,K001+KI01+KA06
random_forest,temperature,target_real,0.31569506726457397,0.3146386201136107,0.04529168591008627,0.6663855110663467,0.6386028961937267,0.14887892376681613,0.5903614457831325,0.0,0.2062780269058296,0.6086956521739131,0.0,K001+KI01+KA06
random_forest,isotonic,target_real,0.4080717488789238,0.3922513520105313,0.19365568448803355,0.8294232324198746,0.5941309980727999,0.16233183856502242,0.6519337016574586,0.0,0.28161434977578476,0.6369426751592356,0.0,K001+KI01+KA06
svm,raw,source_holdout,0.35,0.2820784729586426,0.3844151415459819,0.7618906267787833,0.38434366470267406,,,,,,,K001+KI01+KA06
svm,raw,target_real,0.3255605381165919,0.32082804377857443,0.26663871287551044,0.7816054030331674,0.6567175881648366,0.22690582959641256,0.5889328063241107,0.0008968609865470852,0.2295964125560538,0.59375,0.0008968609865470852,K001+KI01+KA06
svm,temperature,target_real,0.3255605381165919,0.32082804377857443,0.0699175978935084,0.6651142528538123,0.6521323628549879,0.19910313901345292,0.5765765765765766,0.0008968609865470852,0.242152466367713,0.5925925925925926,0.0008968609865470852,K001+KI01+KA06
svm,isotonic,target_real,0.33363228699551567,0.31128997948585496,0.3953999956578532,0.9568778945801792,0.607512528764225,0.442152466367713,0.691683569979716,0.0,0.5210762331838565,0.6867469879518072,0.0,K001+KI01+KA06
xgboost,raw,source_holdout,0.32916666666666666,0.28229716917242315,0.40727705582976337,0.9844458669319864,0.45191931222637327,,,,,,,K001+KI01+KA06
xgboost,raw,target_real,0.3219730941704036,0.3224825912407612,0.39378287527593264,0.9701202916011589,0.6614791342862311,0.13452914798206278,0.5733333333333334,0.0008968609865470852,0.13811659192825113,0.5714285714285714,0.0008968609865470852,K001+KI01+KA06
xgboost,temperature,target_real,0.3219730941704036,0.3224825912407612,0.039170984477884654,0.6694881526518787,0.6554965081272042,0.12914798206278028,0.5972222222222222,0.0017937219730941704,0.15336322869955157,0.5906432748538012,0.0017937219730941704,K001+KI01+KA06
xgboost,isotonic,target_real,0.36591928251121075,0.3018204708104022,0.2109614071515007,0.7873065590557516,0.6620398605108735,0.20538116591928252,0.6462882096069869,0.0,0.26367713004484306,0.6904761904761905,0.0,K001+KI01+KA06
random_forest,raw,source_holdout,0.225,0.21489790048892723,0.33783785553885776,0.9428463177640413,0.6713507699348079,,,,,,,K001+KI01+KA07
random_forest,raw,target_real,0.3434977578475336,0.340928367683357,0.2861359935334879,0.850491082886938,0.6323010254025502,0.045739910313901344,0.5294117647058824,0.0,0.045739910313901344,0.5294117647058824,0.0,K001+KI01+KA07
random_forest,temperature,target_real,0.3434977578475336,0.340928367683357,0.015010745702155458,0.664953929394858,0.6199770317415273,0.04484304932735426,0.52,0.0,0.04484304932735426,0.52,0.0,K001+KI01+KA07
random_forest,isotonic,target_real,0.41434977578475335,0.4036436680842441,0.1797832627556038,0.757964173448677,0.5868810959010988,0.11390134529147983,0.5905511811023622,0.0,0.11390134529147983,0.5905511811023622,0.0,K001+KI01+KA07
svm,raw,source_holdout,0.22916666666666666,0.21873755475906012,0.4182158782298386,0.9047810385518121,0.6321882589825745,,,,,,,K001+KI01+KA07
svm,raw,target_real,0.3417040358744395,0.335214169988795,0.2770107282404616,0.7991155759919698,0.6539338766435313,0.19282511210762332,0.6,0.0008968609865470852,0.19282511210762332,0.6,0.0008968609865470852,K001+KI01+KA07
svm,temperature,target_real,0.3417040358744395,0.335214169988795,0.006472329154365242,0.663754118699348,0.6412707265568834,0.21345291479820627,0.5882352941176471,0.0017937219730941704,0.22869955156950672,0.5882352941176471,0.0017937219730941704,K001+KI01+KA07
svm,isotonic,target_real,0.34080717488789236,0.317992422951627,0.27061742821012946,0.8292832980811864,0.6121279400789826,0.31569506726457397,0.6704545454545454,0.0,0.31928251121076234,0.6741573033707865,0.0,K001+KI01+KA07
xgboost,raw,source_holdout,0.22916666666666666,0.23337811613673684,0.49956377744674685,1.1402443971999152,0.7291160335105207,,,,,,,K001+KI01+KA07
xgboost,raw,target_real,0.336322869955157,0.3341715451857534,0.39342103678014784,0.961090555378849,0.6481458802486696,0.1147982062780269,0.6015625,0.0,0.1147982062780269,0.6015625,0.0,K001+KI01+KA07
xgboost,temperature,target_real,0.336322869955157,0.3341715451857534,0.025749195871723727,0.6678140082448809,0.6397461649125176,0.13721973094170403,0.5882352941176471,0.0008968609865470852,0.13721973094170403,0.5882352941176471,0.0008968609865470852,K001+KI01+KA07
xgboost,isotonic,target_real,0.3524663677130045,0.2944124522380675,0.12976857220281138,0.7371428680492312,0.629818292808329,0.21076233183856502,0.6595744680851063,0.0,0.21076233183856502,0.6595744680851063,0.0,K001+KI01+KA07
random_forest,raw,source_holdout,0.20920502092050208,0.21764060699459922,0.34708363986194746,0.9420833150304968,0.6774738001985027,,,,,,,K001+KI01+KA08
random_forest,raw,target_real,0.33363228699551567,0.3294113913048729,0.295791541319805,0.8518486915514527,0.6328106758528684,0.1031390134529148,0.591304347826087,0.0026905829596412557,0.1031390134529148,0.591304347826087,0.0026905829596412557,K001+KI01+KA08
random_forest,temperature,target_real,0.33363228699551567,0.3294113913048729,0.021516429203238485,0.6646045481176788,0.6246050598071163,0.10941704035874439,0.6065573770491803,0.0026905829596412557,0.10941704035874439,0.6065573770491803,0.0026905829596412557,K001+KI01+KA08
random_forest,isotonic,target_real,0.42152466367713004,0.4000984186118683,0.14385343668990125,0.74305871989912,0.5951098143943344,0.15605381165919283,0.6436781609195402,0.0,0.15605381165919283,0.6436781609195402,0.0,K001+KI01+KA08
svm,raw,source_holdout,0.2217573221757322,0.20901743668066694,0.4113820669433034,0.901775124607387,0.6537446956121621,,,,,,,K001+KI01+KA08
svm,raw,target_real,0.3381165919282511,0.32929578569697454,0.27603852488957004,0.8024330075744858,0.6592785029180047,0.16053811659192826,0.5921787709497207,0.0,0.1937219730941704,0.6064814814814815,0.0,K001+KI01+KA08
svm,temperature,target_real,0.3381165919282511,0.32929578569697454,0.0097563017348139,0.6645401562640126,0.6481893911845318,0.14439461883408072,0.5900621118012422,0.0,0.14439461883408072,0.5900621118012422,0.0,K001+KI01+KA08
svm,isotonic,target_real,0.3291479820627803,0.30803903835789254,0.2639111894720211,0.8200313860964502,0.6449214606212252,0.13273542600896862,0.6081081081081081,0.0,0.13273542600896862,0.6081081081081081,0.0,K001+KI01+KA08
xgboost,raw,source_holdout,0.20920502092050208,0.2142977653031488,0.5462062151860991,1.1828766788454277,0.7540736344480302,,,,,,,K001+KI01+KA08
xgboost,raw,target_real,0.31569506726457397,0.3136334234100305,0.4177983230272216,0.980070913597593,0.6715111092346624,0.10941704035874439,0.6065573770491803,0.0,0.10941704035874439,0.6065573770491803,0.0,K001+KI01+KA08
xgboost,temperature,target_real,0.31569506726457397,0.3136334234100305,0.04688817085630523,0.6676106465383845,0.6606254938501184,0.10582959641255606,0.6101694915254238,0.0008968609865470852,0.10582959641255606,0.6101694915254238,0.0008968609865470852,K001+KI01+KA08
xgboost,isotonic,target_real,0.3524663677130045,0.28532798206809795,0.16146423334253104,0.7476317787473876,0.6721225706612529,0.21614349775784752,0.6846473029045643,0.0,0.21614349775784752,0.6846473029045643,0.0,K001+KI01+KA08
random_forest,raw,source_holdout,0.26778242677824265,0.24971424902074102,0.2907829616578228,0.8261819988537865,0.4980709046660069,,,,,,,K001+KI01+KA09
random_forest,raw,target_real,0.31928251121076234,0.31802783089543957,0.2913699136354981,0.8489369936422791,0.6504379042439562,0.14977578475336323,0.5988023952095808,0.0,0.14977578475336323,0.5988023952095808,0.0,K001+KI01+KA09
random_forest,temperature,target_real,0.31928251121076234,0.31802783089543957,0.03959926657101699,0.6661619792640421,0.6449687498481054,0.1336322869955157,0.5637583892617449,0.0,0.16860986547085202,0.601063829787234,0.0,K001+KI01+KA09
random_forest,isotonic,target_real,0.3829596412556054,0.3690103659982759,0.2198074711394766,0.7837592848327706,0.607948191114662,0.22869955156950672,0.6431372549019608,0.0,0.2547085201793722,0.6514084507042254,0.0,K001+KI01+KA09
svm,raw,source_holdout,0.28870292887029286,0.24725274725274726,0.35992704422646593,0.8552176066839303,0.5527460484125014,,,,,,,K001+KI01+KA09
svm,raw,target_real,0.3165919282511211,0.31583483251659633,0.27680768002588735,0.7923074246883494,0.6617189435150491,0.17309417040358743,0.5544041450777202,0.0008968609865470852,0.17488789237668162,0.5538461538461539,0.0008968609865470852,K001+KI01+KA09
svm,temperature,target_real,0.3165919282511211,0.31583483251659633,0.030374449167254347,0.6647991576637102,0.6565693895926793,0.13632286995515694,0.5394736842105263,0.0008968609865470852,0.19192825112107623,0.5700934579439252,0.0008968609865470852,K001+KI01+KA09
svm,isotonic,target_real,0.34260089686098655,0.3138395307208157,0.27687809916057093,0.8547724437161969,0.6117769511172108,0.31569506726457397,0.6619318181818182,0.0,0.43318385650224217,0.6894409937888198,0.0,K001+KI01+KA09
xgboost,raw,source_holdout,0.27615062761506276,0.2502789306913018,0.4665030433044274,1.0698690847737502,0.6078256485615273,,,,,,,K001+KI01+KA09
xgboost,raw,target_real,0.32107623318385653,0.3214283724681678,0.407227816255638,0.9867179500819989,0.6795732393738231,0.11390134529147983,0.6062992125984252,0.0,0.11390134529147983,0.6062992125984252,0.0,K001+KI01+KA09
xgboost,temperature,target_real,0.32107623318385653,0.3214283724681678,0.040987360085012824,0.6695594012728515,0.6665348339873236,0.12197309417040358,0.6029411764705882,0.0026905829596412557,0.12197309417040358,0.6029411764705882,0.0026905829596412557,K001+KI01+KA09
xgboost,isotonic,target_real,0.3668161434977579,0.2909210396837407,0.2280073377575147,0.7692089718983607,0.6730755790239477,0.2672645739910314,0.6711409395973155,0.0,0.2905829596412556,0.6851851851851852,0.0,K001+KI01+KA09
random_forest,raw,source_holdout,0.24583333333333332,0.24859457484878952,0.3486356493119678,0.8803620824984765,0.7386462868773326,,,,,,,K001+KI03+KA01
random_forest,raw,target_real,0.42511210762331836,0.412026539386471,0.27099123288895116,0.7843049245621899,0.5108066077368854,0.05022421524663677,0.4107142857142857,0.0,0.05022421524663677,0.4107142857142857,0.0,K001+KI03+KA01
random_forest,temperature,target_real,0.42511210762331836,0.412026539386471,0.06490545580729419,0.6555598917893567,0.5093131995984084,0.04753363228699552,0.33962264150943394,0.0,0.04753363228699552,0.33962264150943394,0.0,K001+KI03+KA01
random_forest,isotonic,target_real,0.37309417040358744,0.36676083122782893,0.14366517753698335,0.7050916703430522,0.5421579388408024,0.20269058295964126,0.5663716814159292,0.0,0.20269058295964126,0.5663716814159292,0.0,K001+KI03+KA01
svm,raw,source_holdout,0.42916666666666664,0.3684483159396592,0.36305454203227344,0.8543598431972257,0.7489613388681982,,,,,,,K001+KI03+KA01
svm,raw,target_real,0.4385650224215247,0.4209547709299664,0.2183993636287786,0.7586822361357186,0.5513971650913096,0.0,,0.0,0.0,,0.0,K001+KI03+KA01
svm,temperature,target_real,0.4385650224215247,0.4209547709299664,0.08816526103829742,0.662421851110039,0.5483581581405934,0.0,,0.0008968609865470852,0.0,,0.0008968609865470852,K001+KI03+KA01
svm,isotonic,target_real,0.3811659192825112,0.3828667181702447,0.21682461051231847,0.7062217756163933,0.5721379462794708,0.16681614349775784,0.6290322580645161,0.0,0.16681614349775784,0.6290322580645161,0.0,K001+KI03+KA01
xgboost,raw,source_holdout,0.32916666666666666,0.3206275627261721,0.3857647733141979,0.9690243895328947,0.7085707057269647,,,,,,,K001+KI03+KA01
xgboost,raw,target_real,0.420627802690583,0.41087353303202784,0.36026657311905663,0.8809063506430127,0.5415308612353592,0.053811659192825115,0.6166666666666667,0.0008968609865470852,0.053811659192825115,0.6166666666666667,0.0008968609865470852,K001+KI03+KA01
xgboost,temperature,target_real,0.420627802690583,0.41087353303202784,0.05283848545050128,0.6578246509228214,0.5415299624438651,0.06547085201793722,0.6027397260273972,0.0017937219730941704,0.06547085201793722,0.6027397260273972,0.0017937219730941704,K001+KI03+KA01
xgboost,isotonic,target_real,0.4134529147982063,0.40920917149545527,0.08054420785291815,0.6738012588569646,0.4989228510858571,0.23766816143497757,0.45660377358490567,0.0,0.23766816143497757,0.45660377358490567,0.0,K001+KI03+KA01
random_forest,raw,source_holdout,0.36666666666666664,0.35087222146045677,0.2105824078883218,0.8118464153275411,0.644718412201346,,,,,,,K001+KI03+KA03
random_forest,raw,target_real,0.3847533632286996,0.38038156717931565,0.2814790483574461,0.8106681300164633,0.5544181130257787,0.05022421524663677,0.42857142857142855,0.0,0.05022421524663677,0.42857142857142855,0.0,K001+KI03+KA03
random_forest,temperature,target_real,0.3847533632286996,0.38038156717931565,0.023902723323866195,0.6568284046875538,0.5430938948042096,0.12017937219730941,0.47761194029850745,0.0,0.12017937219730941,0.47761194029850745,0.0,K001+KI03+KA03
random_forest,isotonic,target_real,0.44035874439461886,0.40992466331028155,0.1399211550616438,0.72132443622914,0.5371941339956869,0.06905829596412556,0.5584415584415584,0.0,0.06905829596412556,0.5584415584415584,0.0,K001+KI03+KA03
svm,raw,source_holdout,0.325,0.3086101565483009,0.27922096445631867,0.8347047883951368,0.6811587587900932,,,,,,,K001+KI03+KA03
svm,raw,target_real,0.38026905829596414,0.37625849836601216,0.2659445280217274,0.7979934588437252,0.5910128930213701,0.0,,0.0,0.0,,0.0,K001+KI03+KA03
svm,temperature,target_real,0.38026905829596414,0.37625849836601216,0.03037760327137684,0.664014984193904,0.5766512125386829,0.0,,0.0017937219730941704,0.0,,0.0017937219730941704,K001+KI03+KA03
svm,isotonic,target_real,0.38565022421524664,0.3614811665502546,0.1129324682314291,0.6880625907183203,0.6120699501783111,0.06905829596412556,0.6753246753246753,0.0,0.06905829596412556,0.6753246753246753,0.0,K001+KI03+KA03
xgboost,raw,source_holdout,0.3541666666666667,0.34530423280423284,0.3444815723846356,0.9394858196760784,0.6483399740473774,,,,,,,K001+KI03+KA03
xgboost,raw,target_real,0.3883408071748879,0.38634343270806254,0.3925620038947717,0.9294849507930157,0.5729442324726821,0.06278026905829596,0.6,0.0017937219730941704,0.06278026905829596,0.6,0.0017937219730941704,K001+KI03+KA03
xgboost,temperature,target_real,0.3883408071748879,0.38634343270806254,0.020540369156140645,0.6603035563057502,0.5683147584094828,0.0,,0.003587443946188341,0.0,,0.003587443946188341,K001+KI03+KA03
xgboost,isotonic,target_real,0.43318385650224217,0.4082166927267498,0.07620599191552627,0.684648371270242,0.5103736858673377,0.10493273542600896,0.5726495726495726,0.0,0.10493273542600896,0.5726495726495726,0.0,K001+KI03+KA03
random_forest,raw,source_holdout,0.3472803347280335,0.3283773141215489,0.24805062690320462,0.8167036084402644,0.6654433818659107,,,,,,,K001+KI03+KA05
random_forest,raw,target_real,0.4116591928251121,0.40076576222948157,0.25576202624928895,0.7902600035903611,0.5259818474190262,0.026905829596412557,0.4,0.0,0.026905829596412557,0.4,0.0,K001+KI03+KA05
random_forest,temperature,target_real,0.4116591928251121,0.40076576222948157,0.051856938470281444,0.6586417928397487,0.523718975372955,0.02242152466367713,0.32,0.0,0.02242152466367713,0.32,0.0,K001+KI03+KA05
random_forest,isotonic,target_real,0.38385650224215245,0.36355145994078103,0.1461959958003971,0.7070238234223932,0.568842229540164,0.15605381165919283,0.5402298850574713,0.0,0.15605381165919283,0.5402298850574713,0.0,K001+KI03+KA05
svm,raw,source_holdout,0.3598326359832636,0.3342857142857143,0.2954882992297376,0.8495270712201559,0.655176276370547,,,,,,,K001+KI03+KA05
svm,raw,target_real,0.4412556053811659,0.4256349488159825,0.2302886815751471,0.7691500423367881,0.5505541325730806,0.0,,0.0017937219730941704,0.0,,0.0017937219730941704,K001+KI03+KA05
svm,temperature,target_real,0.4412556053811659,0.4256349488159825,0.08987164789929847,0.6626342145504346,0.5437312362893905,0.0,,0.0008968609865470852,0.0,,0.0008968609865470852,K001+KI03+KA05
svm,isotonic,target_real,0.4188340807174888,0.4157344428665155,0.1614453778255488,0.6852414188040541,0.588382319129399,0.16233183856502242,0.6464088397790055,0.0,0.16233183856502242,0.6464088397790055,0.0,K001+KI03+KA05
xgboost,raw,source_holdout,0.3598326359832636,0.34878715526488807,0.3408477796420891,0.9143558292240677,0.6291632124321256,,,,,,,K001+KI03+KA05
xgboost,raw,target_real,0.4125560538116592,0.404916865762129,0.3661030132139744,0.8884795910443343,0.5426223972736329,0.0,,0.0017937219730941704,0.0,,0.0017937219730941704,K001+KI03+KA05
xgboost,temperature,target_real,0.4125560538116592,0.404916865762129,0.04502001605248545,0.6576780104363561,0.5373776749935617,0.0,,0.003587443946188341,0.0,,0.003587443946188341,K001+KI03+KA05
xgboost,isotonic,target_real,0.3991031390134529,0.3985383183762558,0.11824263510568009,0.699535821123296,0.5431553670123268,0.1336322869955157,0.5369127516778524,0.0,0.1336322869955157,0.5369127516778524,0.0,K001+KI03+KA05
random_forest,raw,source_holdout,0.42083333333333334,0.3619242486405752,0.2433356018572943,0.7367449460621096,0.40669440520334926,,,,,,,K001+KI03+KA06
random_forest,raw,target_real,0.41524663677130047,0.40234599848712,0.2603286816430739,0.7951439179723188,0.5300890238523756,0.09596412556053811,0.4392523364485981,0.0,0.09596412556053811,0.4392523364485981,0.0,K001+KI03+KA06
random_forest,temperature,target_real,0.41524663677130047,0.40234599848712,0.04043929541675912,0.6638553009476829,0.5294458370447567,0.10224215246636771,0.45614035087719296,0.0,0.10224215246636771,0.45614035087719296,0.0,K001+KI03+KA06
random_forest,isotonic,target_real,0.31748878923766816,0.30099848429411974,0.27692519896805445,0.7920790213464589,0.6004659673191585,0.19461883408071748,0.576036866359447,0.0,0.19461883408071748,0.576036866359447,0.0,K001+KI03+KA06
svm,raw,source_holdout,0.4166666666666667,0.3442755825734549,0.2965339605907418,0.7748014182766728,0.4223056414996066,,,,,,,K001+KI03+KA06
svm,raw,target_real,0.43228699551569505,0.4156205632272973,0.23120764624850962,0.7724706113626598,0.556859053888469,0.0008968609865470852,0.0,0.0017937219730941704,0.0008968609865470852,0.0,0.0017937219730941704,K001+KI03+KA06
svm,temperature,target_real,0.43228699551569505,0.4156205632272973,0.06696210571359092,0.6601115121257197,0.5537796633498249,0.0017937219730941704,0.0,0.0026905829596412557,0.0017937219730941704,0.0,0.0026905829596412557,K001+KI03+KA06
svm,isotonic,target_real,0.29417040358744395,0.25785920216289165,0.2719365128842482,0.7830988095061967,0.6491316198189739,0.1515695067264574,0.6035502958579881,0.0,0.1515695067264574,0.6035502958579881,0.0,K001+KI03+KA06
xgboost,raw,source_holdout,0.42083333333333334,0.37572033877040995,0.3412252542873224,0.8369907879806762,0.42406988564850795,,,,,,,K001+KI03+KA06
xgboost,raw,target_real,0.40358744394618834,0.39516351762317364,0.3813141954052074,0.8975752789347012,0.5425444576973312,0.0484304932735426,0.6111111111111112,0.0008968609865470852,0.0484304932735426,0.6111111111111112,0.0008968609865470852,K001+KI03+KA06
xgboost,temperature,target_real,0.40358744394618834,0.39516351762317364,0.055685820574383565,0.6583525605930306,0.5413579588085671,0.042152466367713005,0.6382978723404256,0.0008968609865470852,0.042152466367713005,0.6382978723404256,0.0008968609865470852,K001+KI03+KA06
xgboost,isotonic,target_real,0.34260089686098655,0.3347548092131363,0.22445832786295333,0.7575923407944405,0.5634659499339496,0.11390134529147983,0.5354330708661418,0.0,0.11390134529147983,0.5354330708661418,0.0,K001+KI03+KA06
random_forest,raw,source_holdout,0.32083333333333336,0.30637608799075816,0.3163023291884981,0.8718138028206821,0.6938198961958993,,,,,,,K001+KI03+KA07
random_forest,raw,target_real,0.41614349775784754,0.40731286225181895,0.27028054296380316,0.794091357060076,0.5170382634010502,0.05739910313901345,0.375,0.0,0.05739910313901345,0.375,0.0,K001+KI03+KA07
random_forest,temperature,target_real,0.41614349775784754,0.40731286225181895,0.05360652896120319,0.6544085410104789,0.5155026666135245,0.039461883408071746,0.25,0.0,0.039461883408071746,0.25,0.0,K001+KI03+KA07
random_forest,isotonic,target_real,0.357847533632287,0.34361260806978106,0.13550315495939824,0.6998601381014176,0.5771939839220274,0.12376681614349776,0.5,0.0,0.12376681614349776,0.5,0.0,K001+KI03+KA07
svm,raw,source_holdout,0.3,0.28665229649943474,0.386229820339217,0.9547330521221373,0.7574682024081028,,,,,,,K001+KI03+KA07
svm,raw,target_real,0.4295964125560538,0.41556547702757357,0.2508546362715278,0.7796170076832556,0.5544845279943795,0.0,,0.0017937219730941704,0.0,,0.0017937219730941704,K001+KI03+KA07
svm,temperature,target_real,0.4295964125560538,0.41556547702757357,0.07717697508930527,0.6620738833452747,0.5500400679895573,0.0,,0.0017937219730941704,0.0,,0.0017937219730941704,K001+KI03+KA07
svm,isotonic,target_real,0.3255605381165919,0.28063669839606437,0.11468662569117917,0.6814357139510451,0.5951920706108635,0.13991031390134528,0.6153846153846154,0.0,0.13991031390134528,0.6153846153846154,0.0,K001+KI03+KA07
xgboost,raw,source_holdout,0.3375,0.3294101731601731,0.4080483445276817,0.9654921199170097,0.6654127492474596,,,,,,,K001+KI03+KA07
xgboost,raw,target_real,0.42780269058295967,0.420213790398539,0.3595461971022088,0.8829161713363689,0.5378755780023714,0.0,,0.0008968609865470852,0.0,,0.0008968609865470852,K001+KI03+KA07
xgboost,temperature,target_real,0.42780269058295967,0.420213790398539,0.05981437609805378,0.6566647289141684,0.5339893505857852,0.04304932735426009,0.5625,0.0,0.04304932735426009,0.5625,0.0,K001+KI03+KA07
xgboost,isotonic,target_real,0.38385650224215245,0.3835243219563664,0.11382437726435204,0.6973117406353252,0.5756949644174982,0.17937219730941703,0.625,0.0,0.17937219730941703,0.625,0.0,K001+KI03+KA07
random_forest,raw,source_holdout,0.27615062761506276,0.27407836697897553,0.3519469574377246,0.9019084026920542,0.7328341679003167,,,,,,,K001+KI03+KA08
random_forest,raw,target_real,0.41434977578475335,0.4032173369617851,0.26943385195465785,0.7998284682199841,0.5283507425932829,0.06367713004484304,0.352112676056338,0.0,0.06367713004484304,0.352112676056338,0.0,K001+KI03+KA08
random_forest,temperature,target_real,0.41434977578475335,0.4032173369617851,0.05464679210359895,0.6571179113125978,0.5263302620284761,0.03139013452914798,0.2,0.0,0.03139013452914798,0.2,0.0,K001+KI03+KA08
random_forest,isotonic,target_real,0.32466367713004485,0.30542988996725356,0.1457737755602159,0.7013153678240631,0.5895044214390165,0.22331838565022422,0.5863453815261044,0.0,0.22331838565022422,0.5863453815261044,0.0,K001+KI03+KA08
svm,raw,source_holdout,0.24686192468619247,0.23761738841878213,0.41722252864921106,0.9717027073084697,0.8148539001453466,,,,,,,K001+KI03+KA08
svm,raw,target_real,0.43318385650224217,0.41647475065428186,0.23509673583526783,0.7724044959507032,0.5527992560101967,0.0,,0.0008968609865470852,0.0,,0.0008968609865470852,K001+KI03+KA08
svm,temperature,target_real,0.43318385650224217,0.41647475065428186,0.08166739432152709,0.6624920434232635,0.5471350837981023,0.0,,0.0008968609865470852,0.0,,0.0008968609865470852,K001+KI03+KA08
svm,isotonic,target_real,0.27982062780269057,0.24766298917934057,0.15843212288347616,0.6855804182343241,0.6415539433279666,0.08340807174887892,0.6451612903225806,0.0,0.08340807174887892,0.6451612903225806,0.0,K001+KI03+KA08
xgboost,raw,source_holdout,0.29707112970711297,0.29534044028345174,0.44024537896511445,1.0304576708346243,0.7088851767198892,,,,,,,K001+KI03+KA08
xgboost,raw,target_real,0.40896860986547084,0.40154449691091837,0.3863558567692881,0.9054088318473063,0.5489564910554934,0.01883408071748879,0.6666666666666666,0.0,0.01883408071748879,0.6666666666666666,0.0,K001+KI03+KA08
xgboost,temperature,target_real,0.40896860986547084,0.40154449691091837,0.039842197517039664,0.6576177473984356,0.5457894208514281,0.023318385650224215,0.6153846153846154,0.0,0.023318385650224215,0.6153846153846154,0.0,K001+KI03+KA08
xgboost,isotonic,target_real,0.3237668161434978,0.30763498645497017,0.1812806444533692,0.7044677543457781,0.5719305674865126,0.18026905829596412,0.6318407960199005,0.0,0.18026905829596412,0.6318407960199005,0.0,K001+KI03+KA08
random_forest,raw,source_holdout,0.36401673640167365,0.3259059152305543,0.26992885884455314,0.7808647495529794,0.5146812764955742,,,,,,,K001+KI03+KA09
random_forest,raw,target_real,0.4116591928251121,0.40094620504570666,0.26118689678594387,0.8037228178845771,0.540464884117785,0.05022421524663677,0.4107142857142857,0.006278026905829596,0.05022421524663677,0.4107142857142857,0.006278026905829596,K001+KI03+KA09
random_forest,temperature,target_real,0.4116591928251121,0.40094620504570666,0.048691173699400826,0.6556050499778041,0.5347973322064465,0.06367713004484304,0.36619718309859156,0.006278026905829596,0.06367713004484304,0.36619718309859156,0.006278026905829596,K001+KI03+KA09
random_forest,isotonic,target_real,0.3399103139013453,0.32031856897448263,0.1819989837951352,0.7242729587087552,0.598570303994787,0.18385650224215247,0.5560975609756098,0.0,0.18385650224215247,0.5560975609756098,0.0,K001+KI03+KA09
svm,raw,source_holdout,0.41841004184100417,0.36813642244864947,0.2733737746306738,0.7931247215377151,0.5146125114232625,,,,,,,K001+KI03+KA09
svm,raw,target_real,0.42511210762331836,0.41219729300502256,0.23756730696457445,0.7787267263588301,0.5637573950592153,0.004484304932735426,0.4,0.0026905829596412557,0.004484304932735426,0.4,0.0026905829596412557,K001+KI03+KA09
svm,temperature,target_real,0.42511210762331836,0.41219729300502256,0.03493785641442724,0.6600901047387893,0.5590484646641872,0.004484304932735426,0.4,0.0017937219730941704,0.004484304932735426,0.4,0.0017937219730941704,K001+KI03+KA09
svm,isotonic,target_real,0.34618834080717487,0.3018298417411543,0.19600836195208277,0.7306489736269842,0.6125638088414901,0.14708520179372198,0.6158536585365854,0.0,0.14708520179372198,0.6158536585365854,0.0,K001+KI03+KA09
xgboost,raw,source_holdout,0.39748953974895396,0.3735294919505446,0.3249528312034687,0.8624327952707203,0.5403774820297803,,,,,,,K001+KI03+KA09
xgboost,raw,target_real,0.3991031390134529,0.39401441849274915,0.37977353441341044,0.9132624330702142,0.5607679423844558,0.0,,0.0,0.0,,0.0,K001+KI03+KA09
xgboost,temperature,target_real,0.3991031390134529,0.39401441849274915,0.05173239737563357,0.6571083704878833,0.5592473989745931,0.04663677130044843,0.6346153846153846,0.0,0.04663677130044843,0.6346153846153846,0.0,K001+KI03+KA09
xgboost,isotonic,target_real,0.38385650224215245,0.38217461740916336,0.1485460593327346,0.7124662468449987,0.5617856220503548,0.17040358744394618,0.5947368421052631,0.0,0.17040358744394618,0.5947368421052631,0.0,K001+KI03+KA09
random_forest,raw,source_holdout,0.26666666666666666,0.27777822307220024,0.3340186317599857,0.827508671083577,0.6911108759261986,,,,,,,K001+KI05+KA01
random_forest,raw,target_real,0.42869955156950673,0.4186327499005959,0.2210148549995177,0.741410334448497,0.4995168006255336,0.08430493273542601,0.4148936170212766,0.0,0.08430493273542601,0.4148936170212766,0.0,K001+KI05+KA01
random_forest,temperature,target_real,0.42869955156950673,0.4186327499005959,0.058796069385174204,0.6487242200878595,0.49525444776475935,0.08520179372197309,0.42105263157894735,0.0,0.08520179372197309,0.42105263157894735,0.0,K001+KI05+KA01
random_forest,isotonic,target_real,0.40179372197309415,0.3894554250801021,0.12245565187917415,0.7113238099942331,0.5300292963359264,0.13452914798206278,0.5,0.0,0.13452914798206278,0.5,0.0,K001+KI05+KA01
svm,raw,source_holdout,0.4666666666666667,0.41537730665670997,0.28391183288824945,0.7548469877712795,0.6112056561922735,,,,,,,K001+KI05+KA01
svm,raw,target_real,0.4224215246636771,0.40909983184048865,0.19968473327144767,0.7209334543919901,0.5515749089931812,0.021524663677130046,0.625,0.0,0.021524663677130046,0.625,0.0,K001+KI05+KA01
svm,temperature,target_real,0.4224215246636771,0.40909983184048865,0.04877650084677795,0.6520110087972325,0.5499771661430906,0.026905829596412557,0.6,0.0,0.026905829596412557,0.6,0.0,K001+KI05+KA01
svm,isotonic,target_real,0.42690582959641254,0.42012923769289295,0.12822518756399603,0.7231906772416592,0.57790774796991,0.06367713004484304,0.6197183098591549,0.0,0.06367713004484304,0.6197183098591549,0.0,K001+KI05+KA01
xgboost,raw,source_holdout,0.2875,0.2950735424419635,0.39460440911352634,0.9684802869577354,0.7275078857485149,,,,,,,K001+KI05+KA01
xgboost,raw,target_real,0.4188340807174888,0.41080192231631535,0.3299473571135858,0.8269639195616769,0.4870667638149634,0.16950672645739912,0.38095238095238093,0.0008968609865470852,0.16950672645739912,0.38095238095238093,0.0008968609865470852,K001+KI05+KA01
xgboost,temperature,target_real,0.4188340807174888,0.41080192231631535,0.05350463357391284,0.6516695745018649,0.4839256677360161,0.16143497757847533,0.3888888888888889,0.0008968609865470852,0.16143497757847533,0.3888888888888889,0.0008968609865470852,K001+KI05+KA01
xgboost,isotonic,target_real,0.4098654708520179,0.39630683774011227,0.14584546300244228,0.6960909997873753,0.5160186249067752,0.16950672645739912,0.4021164021164021,0.0,0.16950672645739912,0.4021164021164021,0.0,K001+KI05+KA01
random_forest,raw,source_holdout,0.25416666666666665,0.2587502409758935,0.3326749799457855,0.88773464479612,0.7352107507113191,,,,,,,K001+KI05+KA03
random_forest,raw,target_real,0.379372197309417,0.3764115979943318,0.27981954652619806,0.791028672092442,0.5496621968300204,0.07443946188340807,0.4939759036144578,0.0,0.07443946188340807,0.4939759036144578,0.0,K001+KI05+KA03
random_forest,temperature,target_real,0.379372197309417,0.3764115979943318,0.019393139093940755,0.6545698013977461,0.5446356372959665,0.13004484304932734,0.47586206896551725,0.0,0.13004484304932734,0.47586206896551725,0.0,K001+KI05+KA03
random_forest,isotonic,target_real,0.3901345291479821,0.32926323883940384,0.12350092524540433,0.7162783126244417,0.5431950849172309,0.0968609865470852,0.5277777777777778,0.0,0.0968609865470852,0.5277777777777778,0.0,K001+KI05+KA03
svm,raw,source_holdout,0.22083333333333333,0.2168007410657696,0.3982574780576599,0.9414823311006841,0.7982143631666606,,,,,,,K001+KI05+KA03
svm,raw,target_real,0.3937219730941704,0.3826126878157308,0.22942652626293683,0.752471326973603,0.5657712804734755,0.0,,0.0017937219730941704,0.0,,0.0017937219730941704,K001+KI05+KA03
svm,temperature,target_real,0.3937219730941704,0.3826126878157308,0.044841524747877226,0.6616654463510199,0.5588979240326108,0.0,,0.0017937219730941704,0.0,,0.0017937219730941704,K001+KI05+KA03
svm,isotonic,target_real,0.3004484304932735,0.2585184716332258,0.09849875217599031,0.6817786948525647,0.6190591514368561,0.05650224215246637,0.6507936507936508,0.0,0.05650224215246637,0.6507936507936508,0.0,K001+KI05+KA03
xgboost,raw,source_holdout,0.2833333333333333,0.2872908774710316,0.4188990655044715,0.9978483314397628,0.7046299876773294,,,,,,,K001+KI05+KA03
xgboost,raw,target_real,0.3955156950672646,0.38870036275595793,0.3654822519541856,0.8777779306624052,0.5251016971359356,0.14080717488789238,0.39490445859872614,0.0,0.14080717488789238,0.39490445859872614,0.0,K001+KI05+KA03
xgboost,temperature,target_real,0.3955156950672646,0.38870036275595793,0.028936765981985413,0.6545491388337507,0.5215021923651878,0.17130044843049327,0.3717277486910995,0.0017937219730941704,0.17130044843049327,0.3717277486910995,0.0017937219730941704,K001+KI05+KA03
xgboost,isotonic,target_real,0.36053811659192825,0.3015756543714853,0.10422426412730526,0.7068507876272825,0.5780884684080887,0.11838565022421525,0.5151515151515151,0.0,0.11838565022421525,0.5151515151515151,0.0,K001+KI05+KA03
random_forest,raw,source_holdout,0.37656903765690375,0.3636780129707742,0.17800902914255717,0.7190814882936579,0.5507180032169018,,,,,,,K001+KI05+KA05
random_forest,raw,target_real,0.4053811659192825,0.39875498222560196,0.23373822373185374,0.7535295900305631,0.5195026224658257,0.11390134529147983,0.4645669291338583,0.011659192825112108,0.11390134529147983,0.4645669291338583,0.011659192825112108,K001+KI05+KA05
random_forest,temperature,target_real,0.4053811659192825,0.39875498222560196,0.04354041504810877,0.6475925110479447,0.5118174339128483,0.05560538116591928,0.3548387096774194,0.011659192825112108,0.05560538116591928,0.3548387096774194,0.011659192825112108,K001+KI05+KA05
random_forest,isotonic,target_real,0.3874439461883408,0.38644765380661683,0.16509680116537978,0.7102909606071734,0.541629525750605,0.14798206278026907,0.48484848484848486,0.0,0.14798206278026907,0.48484848484848486,0.0,K001+KI05+KA05
svm,raw,source_holdout,0.41422594142259417,0.39194282001299546,0.19563986443743914,0.7335052889426235,0.513145134935013,,,,,,,K001+KI05+KA05
svm,raw,target_real,0.41973094170403585,0.41304706144168346,0.1973268335239147,0.7279436346818425,0.5612291302648679,0.011659192825112108,0.6153846153846154,0.0,0.011659192825112108,0.6153846153846154,0.0,K001+KI05+KA05
svm,temperature,target_real,0.41973094170403585,0.41304706144168346,0.04303234903103704,0.6486216553129373,0.5506026808601756,0.012556053811659192,0.6428571428571429,0.0008968609865470852,0.012556053811659192,0.6428571428571429,0.0008968609865470852,K001+KI05+KA05
svm,isotonic,target_real,0.43318385650224217,0.4261876908193245,0.09957764312816189,0.689463169221619,0.5695492577171782,0.09506726457399103,0.6320754716981132,0.0,0.09506726457399103,0.6320754716981132,0.0,K001+KI05+KA05
xgboost,raw,source_holdout,0.39748953974895396,0.395001863431198,0.2607806479581729,0.7969205640892931,0.5488004110647366,,,,,,,K001+KI05+KA05
xgboost,raw,target_real,0.4188340807174888,0.41201805850626466,0.3277007332297184,0.8368370889021224,0.5143280829784006,0.16860986547085202,0.3882978723404255,0.0017937219730941704,0.16860986547085202,0.3882978723404255,0.0017937219730941704,K001+KI05+KA05
xgboost,temperature,target_real,0.4188340807174888,0.41201805850626466,0.02334273832556673,0.6424475224939025,0.5062282274452844,0.15695067264573992,0.4,0.0017937219730941704,0.15695067264573992,0.4,0.0017937219730941704,K001+KI05+KA05
xgboost,isotonic,target_real,0.4188340807174888,0.41532166589773384,0.13042087000180555,0.7066003719656282,0.5016378917602715,0.18654708520179372,0.4567307692307692,0.0,0.18654708520179372,0.4567307692307692,0.0,K001+KI05+KA05
random_forest,raw,source_holdout,0.4791666666666667,0.4375498715121357,0.1555943027623537,0.6459845041063879,0.31992643074372307,,,,,,,K001+KI05+KA06
random_forest,raw,target_real,0.40179372197309415,0.3931919964872537,0.2360128505049631,0.7555696131614479,0.5278179578800304,0.15784753363228698,0.5056818181818182,0.011659192825112108,0.1757847533632287,0.5,0.011659192825112108,K001+KI05+KA06
random_forest,temperature,target_real,0.40179372197309415,0.3931919964872537,0.10130366828064591,0.6728488760788253,0.5230159450884376,0.13991031390134528,0.47435897435897434,0.011659192825112108,0.15605381165919283,0.5,0.011659192825112108,K001+KI05+KA06
random_forest,isotonic,target_real,0.34080717488789236,0.33267036255835564,0.24375202899228587,0.7927413914332666,0.574318635668636,0.21255605381165918,0.5443037974683544,0.0,0.2358744394618834,0.55893536121673,0.0,K001+KI05+KA06
svm,raw,source_holdout,0.4666666666666667,0.4083884905313477,0.21205707382597433,0.6804116808363856,0.3314120748301031,,,,,,,K001+KI05+KA06
svm,raw,target_real,0.40717488789237666,0.3987382424672569,0.20960809726487006,0.7370276137384799,0.569207644100515,0.021524663677130046,0.7083333333333334,0.0,0.06726457399103139,0.6,0.0,K001+KI05+KA06
svm,temperature,target_real,0.40717488789237666,0.3987382424672569,0.05170809731909501,0.6544511659910902,0.5655886143025209,0.023318385650224215,0.6923076923076923,0.0,0.05650224215246637,0.5873015873015873,0.0,K001+KI05+KA06
svm,isotonic,target_real,0.34798206278026905,0.34062680853990823,0.2069179028844974,0.7883230045498958,0.6307483512366575,0.12466367713004484,0.6187050359712231,0.0,0.14977578475336323,0.6167664670658682,0.0,K001+KI05+KA06
xgboost,raw,source_holdout,0.4625,0.43078804672732557,0.2535822122047345,0.7050697697589994,0.33440001204833497,,,,,,,K001+KI05+KA06
xgboost,raw,target_real,0.3991031390134529,0.3930841579095916,0.3406877068660719,0.8423201534691639,0.5174491468168811,0.19910313901345292,0.38288288288288286,0.0008968609865470852,0.20538116591928252,0.3799126637554585,0.0008968609865470852,K001+KI05+KA06
xgboost,temperature,target_real,0.3991031390134529,0.3930841579095916,0.11030152782347234,0.6604380960858894,0.5158027242504628,0.20269058295964126,0.38495575221238937,0.0,0.20717488789237667,0.38095238095238093,0.0,K001+KI05+KA06
xgboost,isotonic,target_real,0.36591928251121075,0.3347083891042764,0.23202454404168948,0.7629846002377751,0.528795754120458,0.21883408071748878,0.4180327868852459,0.0,0.2367713004484305,0.4166666666666667,0.0,K001+KI05+KA06
random_forest,raw,source_holdout,0.42916666666666664,0.41452804755557054,0.17326442957666768,0.7173888185522753,0.5076170161287693,,,,,,,K001+KI05+KA07
random_forest,raw,target_real,0.4134529147982063,0.4055332607066319,0.23565697980763095,0.755216971611709,0.5237712918421442,0.13991031390134528,0.4807692307692308,0.0,0.13991031390134528,0.4807692307692308,0.0,K001+KI05+KA07
random_forest,temperature,target_real,0.4134529147982063,0.4055332607066319,0.04407382846906385,0.6523306264098083,0.5165114847108291,0.08789237668161436,0.41836734693877553,0.0,0.08789237668161436,0.41836734693877553,0.0,K001+KI05+KA07
random_forest,isotonic,target_real,0.4026905829596413,0.404841636859192,0.13408443597294412,0.7163679211976419,0.542131614884046,0.15426008968609867,0.4941860465116279,0.0,0.15426008968609867,0.4941860465116279,0.0,K001+KI05+KA07
svm,raw,source_holdout,0.3875,0.36324847954408696,0.25828553517082703,0.7573742779481288,0.50013168364436,,,,,,,K001+KI05+KA07
svm,raw,target_real,0.42869955156950673,0.4198928052937159,0.20856814555321632,0.733603095978358,0.5572247753778413,0.008071748878923767,0.4444444444444444,0.0008968609865470852,0.008071748878923767,0.4444444444444444,0.0008968609865470852,K001+KI05+KA07
svm,temperature,target_real,0.42869955156950673,0.4198928052937159,0.04736206887361061,0.6459288590771631,0.5475275513449439,0.03766816143497758,0.6428571428571429,0.0017937219730941704,0.03766816143497758,0.6428571428571429,0.0017937219730941704,K001+KI05+KA07
svm,isotonic,target_real,0.40179372197309415,0.4024421361356038,0.1471006917713836,0.6897018778827825,0.5781291184391198,0.06188340807174888,0.6086956521739131,0.0026905829596412557,0.06188340807174888,0.6086956521739131,0.0026905829596412557,K001+KI05+KA07
xgboost,raw,source_holdout,0.43333333333333335,0.4255429342385864,0.2658314101397991,0.7845431231402239,0.5076827845697589,,,,,,,K001+KI05+KA07
xgboost,raw,target_real,0.42690582959641254,0.4191817439451178,0.3229336440830487,0.8170226039305931,0.5073969654571597,0.18923766816143497,0.3886255924170616,0.0,0.18923766816143497,0.3886255924170616,0.0,K001+KI05+KA07
xgboost,temperature,target_real,0.42690582959641254,0.4191817439451178,0.04601652961306429,0.638997954939817,0.5001169138095469,0.1515695067264574,0.40828402366863903,0.0008968609865470852,0.1515695067264574,0.40828402366863903,0.0008968609865470852,K001+KI05+KA07
xgboost,isotonic,target_real,0.4188340807174888,0.41711068435299903,0.1390975445160364,0.7154655486930844,0.4989809864290514,0.16681614349775784,0.478494623655914,0.0,0.16681614349775784,0.478494623655914,0.0,K001+KI05+KA07
random_forest,raw,source_holdout,0.38493723849372385,0.3704585498305457,0.19925644174337487,0.7303207003485009,0.5119479955491761,,,,,,,K001+KI05+KA08
random_forest,raw,target_real,0.4080717488789238,0.3985869165489501,0.2395022821354142,0.758973914532405,0.5244832504414095,0.12556053811659193,0.4857142857142857,0.007174887892376682,0.12556053811659193,0.4857142857142857,0.007174887892376682,K001+KI05+KA08
random_forest,temperature,target_real,0.4080717488789238,0.3985869165489501,0.04240461925135578,0.6482065597481611,0.5160170218206267,0.14618834080717488,0.49693251533742333,0.007174887892376682,0.14618834080717488,0.49693251533742333,0.007174887892376682,K001+KI05+KA08
random_forest,isotonic,target_real,0.3650224215246637,0.3444408698008378,0.14033112400482378,0.7289654816423484,0.5536554028838966,0.15246636771300448,0.5411764705882353,0.0,0.15246636771300448,0.5411764705882353,0.0,K001+KI05+KA08
svm,raw,source_holdout,0.4351464435146444,0.40117643607346126,0.1899506127980413,0.7324308565587314,0.4930086250943092,,,,,,,K001+KI05+KA08
svm,raw,target_real,0.42511210762331836,0.4134380290560932,0.20174807244992232,0.7283922912272625,0.5560692402141569,0.03766816143497758,0.6904761904761905,0.0008968609865470852,0.03766816143497758,0.6904761904761905,0.0008968609865470852,K001+KI05+KA08
svm,temperature,target_real,0.42511210762331836,0.4134380290560932,0.05787511475209008,0.6472880659906065,0.5492003250332134,0.04932735426008968,0.6727272727272727,0.0008968609865470852,0.04932735426008968,0.6727272727272727,0.0008968609865470852,K001+KI05+KA08
svm,isotonic,target_real,0.40358744394618834,0.4028417481832405,0.08527945117165703,0.6904146368021765,0.5789146054656639,0.07802690582959641,0.6896551724137931,0.0,0.07802690582959641,0.6896551724137931,0.0,K001+KI05+KA08
xgboost,raw,source_holdout,0.4225941422594142,0.4164494103041589,0.2731854671214914,0.8078384119990362,0.525348857469295,,,,,,,K001+KI05+KA08
xgboost,raw,target_real,0.4125560538116592,0.40594870592851695,0.341747257420835,0.8425751354463499,0.515184353988641,0.16771300448430493,0.39037433155080214,0.0,0.16771300448430493,0.39037433155080214,0.0,K001+KI05+KA08
xgboost,temperature,target_real,0.4125560538116592,0.40594870592851695,0.05363659073369414,0.6416742617971871,0.5082276064676,0.15784753363228698,0.38636363636363635,0.0,0.15784753363228698,0.38636363636363635,0.0,K001+KI05+KA08
xgboost,isotonic,target_real,0.40358744394618834,0.3969171295932816,0.1366576603347692,0.719740673177313,0.5183284660979408,0.13094170403587443,0.5136986301369864,0.0,0.13094170403587443,0.5136986301369864,0.0,K001+KI05+KA08
random_forest,raw,source_holdout,0.4309623430962343,0.4026500591965488,0.1758383256391821,0.6887569450997318,0.41175407035719147,,,,,,,K001+KI05+KA09
random_forest,raw,target_real,0.3865470852017937,0.38072479233329126,0.2512921900330783,0.7654821516013278,0.5375839259128457,0.13273542600896862,0.47297297297297297,0.013452914798206279,0.18116591928251122,0.5198019801980198,0.013452914798206279,K001+KI05+KA09
random_forest,temperature,target_real,0.3865470852017937,0.38072479233329126,0.07994106479040262,0.6598010661184388,0.5323874866125105,0.11300448430493273,0.48412698412698413,0.013452914798206279,0.11300448430493273,0.48412698412698413,0.013452914798206279,K001+KI05+KA09
random_forest,isotonic,target_real,0.36233183856502243,0.3617094000705976,0.17760862673544253,0.7575974590110436,0.5729419552789203,0.20358744394618833,0.5418502202643172,0.0,0.21345291479820627,0.5462184873949579,0.0,K001+KI05+KA09
svm,raw,source_holdout,0.4100418410041841,0.3738949428604601,0.23304961906736898,0.7319470743992401,0.4454624136623282,,,,,,,K001+KI05+KA09
svm,raw,target_real,0.3955156950672646,0.3908011669675839,0.21806173743334403,0.7427964299814778,0.5740591950840339,0.01883408071748879,0.6666666666666666,0.0008968609865470852,0.01883408071748879,0.6666666666666666,0.0008968609865470852,K001+KI05+KA09
svm,temperature,target_real,0.3955156950672646,0.3908011669675839,0.029115816838539064,0.6528241469177218,0.5681716617143842,0.03497757847533632,0.5897435897435898,0.0017937219730941704,0.03497757847533632,0.5897435897435898,0.0017937219730941704,K001+KI05+KA09
svm,isotonic,target_real,0.357847533632287,0.35171803755230546,0.1410578392916081,0.7231391547315106,0.614498926183381,0.08520179372197309,0.6105263157894737,0.0,0.08520179372197309,0.6105263157894737,0.0,K001+KI05+KA09
xgboost,raw,source_holdout,0.4435146443514644,0.4230848861283644,0.26623261635772355,0.7582049651292487,0.43419916632849115,,,,,,,K001+KI05+KA09
xgboost,raw,target_real,0.4008968609865471,0.39408819754022123,0.3415315095084665,0.8458074191470709,0.5201391253467544,0.1937219730941704,0.39351851851851855,0.0008968609865470852,0.1937219730941704,0.39351851851851855,0.0008968609865470852,K001+KI05+KA09
xgboost,temperature,target_real,0.4008968609865471,0.39408819754022123,0.06922944461083014,0.6488530957225429,0.5140470113098061,0.19730941704035873,0.39090909090909093,0.0008968609865470852,0.19730941704035873,0.39090909090909093,0.0008968609865470852,K001+KI05+KA09
xgboost,isotonic,target_real,0.37130044843049326,0.3446578765763862,0.19975415068573443,0.7336327934562622,0.5230685262277325,0.18475336322869956,0.3786407766990291,0.0,0.30134529147982064,0.48214285714285715,0.0,K001+KI05+KA09
random_forest,raw,source_holdout,0.3305439330543933,0.33029941924172695,0.23101732253615354,0.7672885591763221,0.6625159440831643,,,,,,,K001+KI07+KA01
random_forest,raw,target_real,0.4349775784753363,0.42602595530601245,0.205790220376722,0.7389498924060609,0.5026522097492053,0.11569506726457399,0.4883720930232558,0.0,0.11569506726457399,0.4883720930232558,0.0,K001+KI07+KA01
random_forest,temperature,target_real,0.4349775784753363,0.42602595530601245,0.04406890282508961,0.6427246899292789,0.4972951165868415,0.11838565022421525,0.5,0.0,0.11838565022421525,0.5,0.0,K001+KI07+KA01
random_forest,isotonic,target_real,0.43408071748878924,0.40955694742259663,0.10573994463208514,0.6982745743496599,0.5050988585812377,0.11838565022421525,0.5,0.0,0.11838565022421525,0.5,0.0,K001+KI07+KA01
svm,raw,source_holdout,0.497907949790795,0.4431826829577643,0.2926484901152659,0.7201634452412938,0.6035847251023406,,,,,,,K001+KI07+KA01
svm,raw,target_real,0.44035874439461886,0.426665572395462,0.16790898389586753,0.7065084789707337,0.5430660652002521,0.05201793721973094,0.5344827586206896,0.0,0.05201793721973094,0.5344827586206896,0.0,K001+KI07+KA01
svm,temperature,target_real,0.44035874439461886,0.426665572395462,0.05091849387401851,0.6472495135086845,0.5377065069114729,0.06905829596412556,0.5714285714285714,0.0,0.06905829596412556,0.5714285714285714,0.0,K001+KI07+KA01
svm,isotonic,target_real,0.4358744394618834,0.4316898791281541,0.12664617403817385,0.7182261881270233,0.5470172754534751,0.06547085201793722,0.5753424657534246,0.0,0.06547085201793722,0.5753424657534246,0.0,K001+KI07+KA01
xgboost,raw,source_holdout,0.3891213389121339,0.3785889843946502,0.304691329411383,0.862132775694777,0.6006633925878478,,,,,,,K001+KI07+KA01
xgboost,raw,target_real,0.4170403587443946,0.40962860119127537,0.3354455193863856,0.826396826995734,0.4716489013795852,0.17488789237668162,0.36923076923076925,0.009865470852017937,0.17488789237668162,0.36923076923076925,0.009865470852017937,K001+KI07+KA01
xgboost,temperature,target_real,0.4170403587443946,0.40962860119127537,0.03793250642007369,0.639510502499566,0.46816269280933953,0.17668161434977578,0.36548223350253806,0.006278026905829596,0.17668161434977578,0.36548223350253806,0.006278026905829596,K001+KI07+KA01
xgboost,isotonic,target_real,0.4179372197309417,0.4126540075357536,0.1044161506021708,0.6882448440168542,0.4908655683608424,0.18565022421524663,0.37681159420289856,0.0,0.18565022421524663,0.37681159420289856,0.0,K001+KI07+KA01
random_forest,raw,source_holdout,0.301255230125523,0.29855779178293623,0.2821436823947559,0.8501706422434796,0.7280988559580117,,,,,,,K001+KI07+KA03
random_forest,raw,target_real,0.3847533632286996,0.38065961235858614,0.27115113728544904,0.7885414694950094,0.5448766504274336,0.09865470852017937,0.4818181818181818,0.0,0.09865470852017937,0.4818181818181818,0.0,K001+KI07+KA03
random_forest,temperature,target_real,0.3847533632286996,0.38065961235858614,0.025710566212214257,0.6525997659708042,0.5352826937819146,0.10762331838565023,0.4583333333333333,0.0,0.10762331838565023,0.4583333333333333,0.0,K001+KI07+KA03
random_forest,isotonic,target_real,0.3847533632286996,0.3148844788367412,0.0942612269528187,0.7083366819670252,0.5445459413933583,0.14708520179372198,0.49390243902439024,0.0,0.14708520179372198,0.49390243902439024,0.0,K001+KI07+KA03
svm,raw,source_holdout,0.2510460251046025,0.24137709835384255,0.32344727977957244,0.8537871173370207,0.7364072316337947,,,,,,,K001+KI07+KA03
svm,raw,target_real,0.3991031390134529,0.3927679424643847,0.20940118353017037,0.7436647209583308,0.5673755437871608,0.02780269058295964,0.5806451612903226,0.0026905829596412557,0.02780269058295964,0.5806451612903226,0.0026905829596412557,K001+KI07+KA03
svm,temperature,target_real,0.3991031390134529,0.3927679424643847,0.05090538180696025,0.6615378224100762,0.5554904067892582,0.0,,0.0008968609865470852,0.0,,0.0008968609865470852,K001+KI07+KA03
svm,isotonic,target_real,0.3704035874439462,0.2809185332121112,0.07119551971763236,0.6919590548051187,0.5773559661790811,0.06995515695067264,0.5512820512820513,0.0,0.06995515695067264,0.5512820512820513,0.0,K001+KI07+KA03
xgboost,raw,source_holdout,0.26359832635983266,0.2649548535569483,0.4352761025708091,0.997572289009696,0.6874846227390612,,,,,,,K001+KI07+KA03
xgboost,raw,target_real,0.40179372197309415,0.39549866517224946,0.36065535066908255,0.8734244706329778,0.5155301980715333,0.16591928251121077,0.35135135135135137,0.0,0.16591928251121077,0.35135135135135137,0.0,K001+KI07+KA03
xgboost,temperature,target_real,0.40179372197309415,0.39549866517224946,0.047490801903733726,0.6533235157852242,0.5105123590874184,0.1515695067264574,0.34911242603550297,0.0017937219730941704,0.1515695067264574,0.34911242603550297,0.0017937219730941704,K001+KI07+KA03
xgboost,isotonic,target_real,0.39282511210762333,0.37406644805409384,0.07266571068264466,0.6778406705768311,0.5085673962748395,0.1336322869955157,0.33557046979865773,0.0,0.1336322869955157,0.33557046979865773,0.0,K001+KI07+KA03
random_forest,raw,source_holdout,0.38235294117647056,0.3768306954956218,0.16778388225025245,0.751791048154247,0.6365439793179639,,,,,,,K001+KI07+KA05
random_forest,raw,target_real,0.4008968609865471,0.3964348505631652,0.2326792865819372,0.760970738344366,0.5400032501249306,0.12556053811659193,0.5071428571428571,0.0,0.12556053811659193,0.5071428571428571,0.0,K001+KI07+KA05
random_forest,temperature,target_real,0.4008968609865471,0.3964348505631652,0.020941317647595895,0.6505597665067939,0.5334364680446015,0.13542600896860987,0.4966887417218543,0.0,0.13542600896860987,0.4966887417218543,0.0,K001+KI07+KA05
random_forest,isotonic,target_real,0.4044843049327354,0.3976823672938961,0.11551302490690005,0.7157695882161152,0.5393275500450757,0.12286995515695068,0.5182481751824818,0.0,0.12286995515695068,0.5182481751824818,0.0,K001+KI07+KA05
svm,raw,source_holdout,0.29831932773109243,0.29240932505263717,0.2731983842546095,0.7876591216061966,0.6598015088725454,,,,,,,K001+KI07+KA05
svm,raw,target_real,0.4304932735426009,0.4238835866619535,0.17466249396637484,0.7183305596058319,0.5546523662708839,0.03228699551569507,0.6666666666666666,0.0008968609865470852,0.03228699551569507,0.6666666666666666,0.0008968609865470852,K001+KI07+KA05
svm,temperature,target_real,0.4304932735426009,0.4238835866619535,0.0679867037538367,0.6536516984629587,0.5398717267659566,0.0,,0.0017937219730941704,0.0,,0.0017937219730941704,K001+KI07+KA05
svm,isotonic,target_real,0.4349775784753363,0.40096375914511434,0.11094458627067874,0.7140626204192977,0.5328058168854043,0.08251121076233184,0.6195652173913043,0.0,0.08251121076233184,0.6195652173913043,0.0,K001+KI07+KA05
xgboost,raw,source_holdout,0.3403361344537815,0.34081020255063765,0.32827393147123957,0.8571920126995612,0.6025096325952572,,,,,,,K001+KI07+KA05
xgboost,raw,target_real,0.41076233183856503,0.4044140566375359,0.3374766706351207,0.8448452495355632,0.49670671976474995,0.16771300448430493,0.3582887700534759,0.0026905829596412557,0.16771300448430493,0.3582887700534759,0.0026905829596412557,K001+KI07+KA05
xgboost,temperature,target_real,0.41076233183856503,0.4044140566375359,0.0259044007352646,0.6432498914007836,0.49142397237733004,0.19103139013452916,0.37089201877934275,0.004484304932735426,0.19103139013452916,0.37089201877934275,0.004484304932735426,K001+KI07+KA05
xgboost,isotonic,target_real,0.4,0.39438689835877977,0.13025130367494914,0.6772330706263975,0.49974442196605995,0.18385650224215247,0.35609756097560974,0.0,0.18385650224215247,0.35609756097560974,0.0,K001+KI07+KA05
random_forest,raw,source_holdout,0.5062761506276151,0.46093852007247244,0.1164060537266583,0.6259718708284557,0.3172363019568413,,,,,,,K001+KI07+KA06
random_forest,raw,target_real,0.4062780269058296,0.3989188986574139,0.22395868711035105,0.7521563905530555,0.5317322482307982,0.11031390134529148,0.4634146341463415,0.0,0.11031390134529148,0.4634146341463415,0.0,K001+KI07+KA06
random_forest,temperature,target_real,0.4062780269058296,0.3989188986574139,0.10068027979657033,0.6771948465400587,0.5292089331087236,0.11300448430493273,0.47619047619047616,0.0,0.11300448430493273,0.47619047619047616,0.0,K001+KI07+KA06
random_forest,isotonic,target_real,0.35695067264573993,0.3580819494305636,0.257307108763416,0.7838102217721514,0.5446305364366396,0.13452914798206278,0.47333333333333333,0.0,0.13452914798206278,0.47333333333333333,0.0,K001+KI07+KA06
svm,raw,source_holdout,0.4895397489539749,0.43810958036369607,0.18173691043072324,0.6240355357962081,0.2825298697691506,,,,,,,K001+KI07+KA06
svm,raw,target_real,0.420627802690583,0.41293468844874753,0.1854214006514194,0.7242342653072815,0.5665458676048825,0.07623318385650224,0.6352941176470588,0.0,0.10224215246636771,0.6228070175438597,0.0,K001+KI07+KA06
svm,temperature,target_real,0.420627802690583,0.41293468844874753,0.04909189493234084,0.6566363687751441,0.5606098074151104,0.08161434977578476,0.6153846153846154,0.0,0.09506726457399103,0.6226415094339622,0.0,K001+KI07+KA06
svm,isotonic,target_real,0.2825112107623318,0.24046802013350585,0.2866344744604457,0.812318872901496,0.6074652434681221,0.11210762331838565,0.624,0.0,0.11210762331838565,0.624,0.0,K001+KI07+KA06
xgboost,raw,source_holdout,0.48535564853556484,0.46000371021941344,0.23297074499489373,0.7103751429924274,0.33467959342060194,,,,,,,K001+KI07+KA06
xgboost,raw,target_real,0.4179372197309417,0.41227032461773505,0.3247249585630648,0.834339936420103,0.4972746433695539,0.19192825112107623,0.3691588785046729,0.0,0.19820627802690582,0.3755656108597285,0.0,K001+KI07+KA06
xgboost,temperature,target_real,0.4179372197309417,0.41227032461773505,0.08537638066491796,0.6515487269369025,0.49096796603920534,0.18923766816143497,0.36018957345971564,0.0008968609865470852,0.20358744394618833,0.3788546255506608,0.0008968609865470852,K001+KI07+KA06
xgboost,isotonic,target_real,0.35336322869955156,0.3411048498427139,0.2403260064719688,0.7607849779086867,0.5093098930548561,0.21434977578475337,0.39330543933054396,0.0,0.242152466367713,0.40370370370370373,0.0,K001+KI07+KA06
random_forest,raw,source_holdout,0.42677824267782427,0.41407069685812936,0.16736368912665547,0.7149987319913919,0.5087784811188583,,,,,,,K001+KI07+KA07
random_forest,raw,target_real,0.4170403587443946,0.4130427989328728,0.22187753763285406,0.7535021914662422,0.5277911299332878,0.10672645739910314,0.4789915966386555,0.0,0.10672645739910314,0.4789915966386555,0.0,K001+KI07+KA07
random_forest,temperature,target_real,0.4170403587443946,0.4130427989328728,0.05059880932288794,0.6541342805701359,0.5210643835994689,0.11569506726457399,0.49612403100775193,0.0,0.11569506726457399,0.49612403100775193,0.0,K001+KI07+KA07
random_forest,isotonic,target_real,0.3865470852017937,0.36637416437110076,0.1339404369377679,0.7058060251622362,0.5268311022022396,0.14260089686098654,0.48427672955974843,0.0,0.14260089686098654,0.48427672955974843,0.0,K001+KI07+KA07
svm,raw,source_holdout,0.3891213389121339,0.37176301958910657,0.22343908491021588,0.7538741456474284,0.5343508054519381,,,,,,,K001+KI07+KA07
svm,raw,target_real,0.43408071748878924,0.4256355645706558,0.19502135738551207,0.7267861808799442,0.5592441972934935,0.05022421524663677,0.6607142857142857,0.0,0.05022421524663677,0.6607142857142857,0.0,K001+KI07+KA07
svm,temperature,target_real,0.43408071748878924,0.4256355645706558,0.03687838747530547,0.6459095056183608,0.5458496609273978,0.04125560538116592,0.6521739130434783,0.0008968609865470852,0.04125560538116592,0.6521739130434783,0.0008968609865470852,K001+KI07+KA07
svm,isotonic,target_real,0.4358744394618834,0.42382474532575953,0.096349737307904,0.6989666901731126,0.5252437484074232,0.10403587443946188,0.6379310344827587,0.0,0.10403587443946188,0.6379310344827587,0.0,K001+KI07+KA07
xgboost,raw,source_holdout,0.3807531380753138,0.3770068237377824,0.3084207382910421,0.8063764596859829,0.5176088125134681,,,,,,,K001+KI07+KA07
xgboost,raw,target_real,0.420627802690583,0.414548539680849,0.33074740877065956,0.8270114232625942,0.47633170830531363,0.16591928251121077,0.3567567567567568,0.0008968609865470852,0.16591928251121077,0.3567567567567568,0.0008968609865470852,K001+KI07+KA07
xgboost,temperature,target_real,0.420627802690583,0.414548539680849,0.039412326359963126,0.634424894328266,0.47023642733207377,0.17399103139013453,0.34536082474226804,0.0017937219730941704,0.17399103139013453,0.34536082474226804,0.0017937219730941704,K001+KI07+KA07
xgboost,isotonic,target_real,0.4224215246636771,0.41882360186606443,0.12612968478110706,0.685575673158665,0.4835768088050866,0.19013452914798207,0.36792452830188677,0.0,0.19013452914798207,0.36792452830188677,0.0,K001+KI07+KA07
random_forest,raw,source_holdout,0.42436974789915966,0.4117235387254838,0.1625575701202371,0.7205463727710678,0.518500439119752,,,,,,,K001+KI07+KA08
random_forest,raw,target_real,0.4125560538116592,0.40559246649903224,0.2307682406320672,0.7626871703901539,0.5254893180884531,0.10134529147982063,0.4336283185840708,0.010762331838565023,0.10134529147982063,0.4336283185840708,0.010762331838565023,K001+KI07+KA08
random_forest,temperature,target_real,0.4125560538116592,0.40559246649903224,0.05985762224146036,0.6510692872930665,0.5186949743968564,0.09237668161434978,0.4077669902912621,0.010762331838565023,0.09237668161434978,0.4077669902912621,0.010762331838565023,K001+KI07+KA08
random_forest,isotonic,target_real,0.4098654708520179,0.4055188395737928,0.15141619419403993,0.7142924567204753,0.5378273276422255,0.15515695067264573,0.5086705202312138,0.0,0.15515695067264573,0.5086705202312138,0.0,K001+KI07+KA08
svm,raw,source_holdout,0.3949579831932773,0.3753728748129644,0.1894235576567553,0.7234837314327307,0.5403102019864688,,,,,,,K001+KI07+KA08
svm,raw,target_real,0.43408071748878924,0.4239068284765896,0.18300851447266622,0.7231858860271698,0.5587904037465603,0.023318385650224215,0.7307692307692307,0.0008968609865470852,0.023318385650224215,0.7307692307692307,0.0008968609865470852,K001+KI07+KA08
svm,temperature,target_real,0.43408071748878924,0.4239068284765896,0.054182459896621,0.647900657783,0.5485308204770347,0.03228699551569507,0.7222222222222222,0.0008968609865470852,0.03228699551569507,0.7222222222222222,0.0008968609865470852,K001+KI07+KA08
svm,isotonic,target_real,0.46457399103139013,0.4443783226218026,0.12370332999720571,0.7043011095985279,0.536885022489968,0.08968609865470852,0.66,0.0,0.08968609865470852,0.66,0.0,K001+KI07+KA08
xgboost,raw,source_holdout,0.37815126050420167,0.37742127153891863,0.3302804281731614,0.836793238027997,0.5221156545832072,,,,,,,K001+KI07+KA08
xgboost,raw,target_real,0.4116591928251121,0.4067409045398774,0.34771908409392355,0.8526248646015527,0.5044403334490357,0.12376681614349776,0.36231884057971014,0.0,0.12376681614349776,0.36231884057971014,0.0,K001+KI07+KA08
xgboost,temperature,target_real,0.4116591928251121,0.4067409045398774,0.046020809347507755,0.6399525515267993,0.49492855608032166,0.16143497757847533,0.3611111111111111,0.0017937219730941704,0.16143497757847533,0.3611111111111111,0.0017937219730941704,K001+KI07+KA08
xgboost,isotonic,target_real,0.36053811659192825,0.353115321483743,0.1649990915261402,0.6836092496451209,0.5102018801234408,0.1757847533632287,0.3469387755102041,0.0,0.1757847533632287,0.3469387755102041,0.0,K001+KI07+KA08
random_forest,raw,source_holdout,0.4579831932773109,0.4343548050865124,0.13133068238282852,0.6728589424066581,0.40552118596290887,,,,,,,K001+KI07+KA09
random_forest,raw,target_real,0.40179372197309415,0.39762570989127505,0.22979606547376416,0.7655235359799959,0.5447666369497918,0.12376681614349776,0.5072463768115942,0.0,0.12376681614349776,0.5072463768115942,0.0,K001+KI07+KA09
random_forest,temperature,target_real,0.40179372197309415,0.39762570989127505,0.07948933272183732,0.6686847834260613,0.5422532322251048,0.12914798206278028,0.5,0.0,0.12914798206278028,0.5,0.0,K001+KI07+KA09
random_forest,isotonic,target_real,0.3560538116591928,0.3568636656804351,0.19062550459750632,0.7445158977091326,0.5561504985917991,0.16143497757847533,0.4777777777777778,0.0,0.16143497757847533,0.4777777777777778,0.0,K001+KI07+KA09
svm,raw,source_holdout,0.4579831932773109,0.42210411085184224,0.14681719324743384,0.6605387881394102,0.37596058258845616,,,,,,,K001+KI07+KA09
svm,raw,target_real,0.4170403587443946,0.4125249771502298,0.19326969920812553,0.7327334857824059,0.5721545266670995,0.06995515695067264,0.6025641025641025,0.0,0.06995515695067264,0.6025641025641025,0.0,K001+KI07+KA09
svm,temperature,target_real,0.4170403587443946,0.4125249771502298,0.03155812618126712,0.6549005722232264,0.5629228189869638,0.05650224215246637,0.6031746031746031,0.0,0.05650224215246637,0.6031746031746031,0.0,K001+KI07+KA09
svm,isotonic,target_real,0.35695067264573993,0.34869724890142,0.18547758143418758,0.7571885235519162,0.5720723222634241,0.10852017937219731,0.6198347107438017,0.0,0.10852017937219731,0.6198347107438017,0.0,K001+KI07+KA09
xgboost,raw,source_holdout,0.4117647058823529,0.3948303053809168,0.2846075903718211,0.766165358246521,0.4181158789453738,,,,,,,K001+KI07+KA09
xgboost,raw,target_real,0.4116591928251121,0.4071378010524873,0.34342241869913626,0.8536590819559612,0.5082955710781931,0.17309417040358743,0.36787564766839376,0.0,0.17309417040358743,0.36787564766839376,0.0,K001+KI07+KA09
xgboost,temperature,target_real,0.4116591928251121,0.4071378010524873,0.06950571129124464,0.6479406882142864,0.5026989029415425,0.16681614349775784,0.3548387096774194,0.0,0.16681614349775784,0.3548387096774194,0.0,K001+KI07+KA09
xgboost,isotonic,target_real,0.3596412556053812,0.34923774175854455,0.20301427882850148,0.7257051764569346,0.5165401030517331,0.2242152466367713,0.4,0.0,0.2242152466367713,0.4,0.0,K001+KI07+KA09
random_forest,raw,source_holdout,0.28991596638655465,0.2900404473925906,0.28589633187408703,0.8040914842103557,0.6808459665648868,,,,,,,K001+KI08+KA01
random_forest,raw,target_real,0.43408071748878924,0.42184709474948806,0.21208467490876615,0.7361615768464134,0.4972873905049245,0.1336322869955157,0.4697986577181208,0.0,0.1336322869955157,0.4697986577181208,0.0,K001+KI08+KA01
random_forest,temperature,target_real,0.43408071748878924,0.42184709474948806,0.05793227850211008,0.6485540667204654,0.489965429441746,0.13004484304932734,0.4689655172413793,0.0,0.13004484304932734,0.4689655172413793,0.0,K001+KI08+KA01
random_forest,isotonic,target_real,0.4098654708520179,0.39636034487349975,0.11379289124824252,0.7019482376422052,0.5151262865417428,0.14618834080717488,0.48466257668711654,0.0,0.14618834080717488,0.48466257668711654,0.0,K001+KI08+KA01
svm,raw,source_holdout,0.47058823529411764,0.42289929118415853,0.29329039395350576,0.7356927363048741,0.6132844362830858,,,,,,,K001+KI08+KA01
svm,raw,target_real,0.44035874439461886,0.4233145577997642,0.17806984650184773,0.7028763351137124,0.533292110624074,0.0,,0.0,0.0,,0.0,K001+KI08+KA01
svm,temperature,target_real,0.44035874439461886,0.4233145577997642,0.055743368603552716,0.6454922318227844,0.5318279857187526,0.0,,0.0,0.0,,0.0,K001+KI08+KA01
svm,isotonic,target_real,0.452914798206278,0.44268472392946734,0.16248011222983372,0.7375233652249737,0.5679223656389263,0.13991031390134528,0.6153846153846154,0.0,0.13991031390134528,0.6153846153846154,0.0,K001+KI08+KA01
xgboost,raw,source_holdout,0.31512605042016806,0.3137840809358592,0.363103433566935,0.9074467131633015,0.6638684780445517,,,,,,,K001+KI08+KA01
xgboost,raw,target_real,0.42869955156950673,0.4210856859364029,0.3159925844102697,0.8131242214446406,0.46745634810344866,0.16412556053811658,0.3333333333333333,0.008071748878923767,0.16412556053811658,0.3333333333333333,0.008071748878923767,K001+KI08+KA01
xgboost,temperature,target_real,0.42869955156950673,0.4210856859364029,0.03531932513071205,0.6396823229189431,0.46476765298793643,0.15426008968609867,0.31976744186046513,0.008071748878923767,0.15426008968609867,0.31976744186046513,0.008071748878923767,K001+KI08+KA01
xgboost,isotonic,target_real,0.37668161434977576,0.37348086313891776,0.1352609301116613,0.6903497083402199,0.505735410109622,0.19192825112107623,0.37850467289719625,0.0,0.19192825112107623,0.37850467289719625,0.0,K001+KI08+KA01
random_forest,raw,source_holdout,0.3235294117647059,0.31583713777948047,0.2658263043959558,0.8422226087972775,0.6972228136173494,,,,,,,K001+KI08+KA03
random_forest,raw,target_real,0.3820627802690583,0.3767024078254327,0.2787272124360105,0.7864790803091695,0.5390879149468288,0.11748878923766816,0.4580152671755725,0.0,0.11748878923766816,0.4580152671755725,0.0,K001+KI08+KA03
random_forest,temperature,target_real,0.3820627802690583,0.3767024078254327,0.0197966581807236,0.6518185997718533,0.5286885469894189,0.11659192825112108,0.4461538461538462,0.0,0.11659192825112108,0.4461538461538462,0.0,K001+KI08+KA03
random_forest,isotonic,target_real,0.420627802690583,0.3868557072401099,0.12576618783163598,0.7137492723484151,0.5187668558983022,0.10941704035874439,0.5163934426229508,0.0,0.10941704035874439,0.5163934426229508,0.0,K001+KI08+KA03
svm,raw,source_holdout,0.27310924369747897,0.2615978578989974,0.31742495480438543,0.8654591991177009,0.7626184560186307,,,,,,,K001+KI08+KA03
svm,raw,target_real,0.40179372197309415,0.3888214275582476,0.20344680927264905,0.7301454816182924,0.5489502310820873,0.0,,0.0017937219730941704,0.0,,0.0017937219730941704,K001+KI08+KA03
svm,temperature,target_real,0.40179372197309415,0.3888214275582476,0.053748924700109224,0.6610952397214356,0.5401426376807288,0.0,,0.0008968609865470852,0.0,,0.0008968609865470852,K001+KI08+KA03
svm,isotonic,target_real,0.3739910313901345,0.2864149551239267,0.07687095667809651,0.6834221241991338,0.5816049022607281,0.07085201793721974,0.6329113924050633,0.0,0.07085201793721974,0.6329113924050633,0.0,K001+KI08+KA03
xgboost,raw,source_holdout,0.31092436974789917,0.3088806031552189,0.379349515969012,0.9479606149863365,0.6481752064016667,,,,,,,K001+KI08+KA03
xgboost,raw,target_real,0.40179372197309415,0.3931108918776429,0.3629710238343397,0.8699556829280729,0.5032680947076773,0.12466367713004484,0.31654676258992803,0.0008968609865470852,0.12466367713004484,0.31654676258992803,0.0008968609865470852,K001+KI08+KA03
xgboost,temperature,target_real,0.40179372197309415,0.3931108918776429,0.04784506371983028,0.6525017132466487,0.49960729359699196,0.18565022421524663,0.3526570048309179,0.0017937219730941704,0.18565022421524663,0.3526570048309179,0.0017937219730941704,K001+KI08+KA03
xgboost,isotonic,target_real,0.3524663677130045,0.3447298670286502,0.14090739513036338,0.6904126337320898,0.4736319018155288,0.19192825112107623,0.397196261682243,0.0,0.19192825112107623,0.397196261682243,0.0,K001+KI08+KA03
random_forest,raw,source_holdout,0.3881856540084388,0.3794208492407665,0.16439184913233282,0.7091535403110427,0.563756445885092,,,,,,,K001+KI08+KA05
random_forest,raw,target_real,0.41614349775784754,0.4077464935146007,0.22161709954627953,0.7509043697972998,0.5246097399313423,0.03766816143497758,0.4523809523809524,0.0,0.03766816143497758,0.4523809523809524,0.0,K001+KI08+KA05
random_forest,temperature,target_real,0.41614349775784754,0.4077464935146007,0.03296645982247668,0.6486196221899769,0.5147878904195006,0.12376681614349776,0.4492753623188406,0.0,0.12376681614349776,0.4492753623188406,0.0,K001+KI08+KA05
random_forest,isotonic,target_real,0.420627802690583,0.4130928173713162,0.14516084448529235,0.7231706759946152,0.5053566884451893,0.13183856502242153,0.4965986394557823,0.0,0.13183856502242153,0.4965986394557823,0.0,K001+KI08+KA05
svm,raw,source_holdout,0.41350210970464135,0.38892445582586427,0.1647807431717751,0.7169487619566778,0.5409466992575586,,,,,,,K001+KI08+KA05
svm,raw,target_real,0.42690582959641254,0.41415687235826937,0.17490939733492933,0.7120384560843083,0.5539745330374477,0.0,,0.0008968609865470852,0.0,,0.0008968609865470852,K001+KI08+KA05
svm,temperature,target_real,0.42690582959641254,0.41415687235826937,0.05080249709282882,0.6459484563751959,0.5411143221889446,0.02780269058295964,0.6129032258064516,0.0017937219730941704,0.02780269058295964,0.6129032258064516,0.0017937219730941704,K001+KI08+KA05
svm,isotonic,target_real,0.4295964125560538,0.4174935753465256,0.10614114925090486,0.7011269077307547,0.5531665889431562,0.059192825112107626,0.6666666666666666,0.0,0.059192825112107626,0.6666666666666666,0.0,K001+KI08+KA05
xgboost,raw,source_holdout,0.42616033755274263,0.41538714930491905,0.23763560934408806,0.7930474312484755,0.5263336466184474,,,,,,,K001+KI08+KA05
xgboost,raw,target_real,0.4233183856502242,0.4158967562376003,0.3228067857000325,0.8331634172723315,0.5023965806851743,0.18654708520179372,0.34615384615384615,0.0008968609865470852,0.18654708520179372,0.34615384615384615,0.0008968609865470852,K001+KI08+KA05
xgboost,temperature,target_real,0.4233183856502242,0.4158967562376003,0.0492648890435922,0.63780629261591,0.49856473314652566,0.16860986547085202,0.34574468085106386,0.0008968609865470852,0.16860986547085202,0.34574468085106386,0.0008968609865470852,K001+KI08+KA05
xgboost,isotonic,target_real,0.4053811659192825,0.4055626223091977,0.16069079913172085,0.7010416903270011,0.4813114653645251,0.22869955156950672,0.40784313725490196,0.0,0.22869955156950672,0.40784313725490196,0.0,K001+KI08+KA05
random_forest,raw,source_holdout,0.5126050420168067,0.46706122036050557,0.12184921928167555,0.620116193592581,0.30595962559661244,,,,,,,K001+KI08+KA06
random_forest,raw,target_real,0.41524663677130047,0.40596672491632807,0.22071880487814144,0.749615961700596,0.5249713078195664,0.15426008968609867,0.5,0.0,0.16681614349775784,0.4946236559139785,0.0,K001+KI08+KA06
random_forest,temperature,target_real,0.41524663677130047,0.40596672491632807,0.10529650980275393,0.6773848442373779,0.521581294404378,0.15874439461883408,0.4971751412429379,0.0,0.16502242152466368,0.5108695652173914,0.0,K001+KI08+KA06
random_forest,isotonic,target_real,0.357847533632287,0.35476689405645795,0.26836835042092166,0.8226889350929529,0.5682576258339952,0.17937219730941703,0.54,0.0,0.2520179372197309,0.5907473309608541,0.0,K001+KI08+KA06
svm,raw,source_holdout,0.47058823529411764,0.4047673688540561,0.21003694456414373,0.6355985689742149,0.2924964879752424,,,,,,,K001+KI08+KA06
svm,raw,target_real,0.4295964125560538,0.4131427070529979,0.17677732000173596,0.7091065459281938,0.5473479869635699,0.04394618834080718,0.6326530612244898,0.0,0.0968609865470852,0.6203703703703703,0.0,K001+KI08+KA06
svm,temperature,target_real,0.4295964125560538,0.4131427070529979,0.034980783322317764,0.6484106368861107,0.5419874952098421,0.05291479820627803,0.559322033898305,0.0,0.09506726457399103,0.6037735849056604,0.0,K001+KI08+KA06
svm,isotonic,target_real,0.33183856502242154,0.3214043969437022,0.2906721923547174,0.8622259242577799,0.6301880801623841,0.14618834080717488,0.6257668711656442,0.0,0.2520179372197309,0.6441281138790036,0.0,K001+KI08+KA06
xgboost,raw,source_holdout,0.5126050420168067,0.47787801417806985,0.20474666081556753,0.6680543120146295,0.31284995527124826,,,,,,,K001+KI08+KA06
xgboost,raw,target_real,0.42152466367713004,0.4135022937002349,0.3190708357389732,0.8221661965830401,0.480077879232531,0.20717488789237667,0.37662337662337664,0.012556053811659192,0.20717488789237667,0.37662337662337664,0.012556053811659192,K001+KI08+KA06
xgboost,temperature,target_real,0.42152466367713004,0.4135022937002349,0.11418045463628089,0.6587950681619231,0.47749301850315107,0.18654708520179372,0.35096153846153844,0.013452914798206279,0.21524663677130046,0.375,0.013452914798206279,K001+KI08+KA06
xgboost,isotonic,target_real,0.3668161434977579,0.3434656229336954,0.2681893702366886,0.7966628814308868,0.513311915045404,0.24753363228699551,0.42391304347826086,0.0,0.24753363228699551,0.42391304347826086,0.0,K001+KI08+KA06
random_forest,raw,source_holdout,0.4369747899159664,0.4199452825349495,0.16547022397933459,0.7094816506709901,0.5023833636156765,,,,,,,K001+KI08+KA07
random_forest,raw,target_real,0.42511210762331836,0.41690618714394106,0.22126526261482776,0.747692420360489,0.5162520280966393,0.1452914798206278,0.5061728395061729,0.0,0.1452914798206278,0.5061728395061729,0.0,K001+KI08+KA07
random_forest,temperature,target_real,0.42511210762331836,0.41690618714394106,0.05503886060288917,0.6523812407858532,0.5088491155605205,0.14349775784753363,0.4875,0.0,0.14349775784753363,0.4875,0.0,K001+KI08+KA07
random_forest,isotonic,target_real,0.41524663677130047,0.41334637755248155,0.1560975138764632,0.741681745998729,0.5398341633286642,0.18475336322869956,0.5388349514563107,0.0,0.18475336322869956,0.5388349514563107,0.0,K001+KI08+KA07
svm,raw,source_holdout,0.38235294117647056,0.35850735747642964,0.2481964762216318,0.7392028076417306,0.5175627179110369,,,,,,,K001+KI08+KA07
svm,raw,target_real,0.43408071748878924,0.41928481233782583,0.193998816468724,0.7143066743022047,0.5436300002858688,0.07892376681614349,0.625,0.0026905829596412557,0.07892376681614349,0.625,0.0026905829596412557,K001+KI08+KA07
svm,temperature,target_real,0.43408071748878924,0.41928481233782583,0.05731558736479017,0.6411932262365798,0.5352910388094934,0.0726457399103139,0.5925925925925926,0.0026905829596412557,0.0726457399103139,0.5925925925925926,0.0026905829596412557,K001+KI08+KA07
svm,isotonic,target_real,0.4062780269058296,0.3989381694371031,0.11480577810788048,0.7206986884910418,0.5707849394384926,0.1515695067264574,0.591715976331361,0.0,0.1515695067264574,0.591715976331361,0.0,K001+KI08+KA07
xgboost,raw,source_holdout,0.41596638655462187,0.4063125360906454,0.28495529406711834,0.8025079990524528,0.5029506916217797,,,,,,,K001+KI08+KA07
xgboost,raw,target_real,0.420627802690583,0.41406202645165163,0.33032670587702184,0.8258046138182287,0.4880537385626926,0.19910313901345292,0.36486486486486486,0.0,0.19910313901345292,0.36486486486486486,0.0,K001+KI08+KA07
xgboost,temperature,target_real,0.420627802690583,0.41406202645165163,0.046733433670449555,0.6364883220801263,0.48554557085326144,0.19282511210762332,0.3627906976744186,0.0,0.19282511210762332,0.3627906976744186,0.0,K001+KI08+KA07
xgboost,isotonic,target_real,0.40896860986547084,0.4104366897672635,0.15965975466131327,0.7046271676695621,0.4897049714203446,0.21614349775784752,0.4024896265560166,0.0,0.21614349775784752,0.4024896265560166,0.0,K001+KI08+KA07
random_forest,raw,source_holdout,0.4092827004219409,0.39266472354707643,0.16557596333781288,0.708995653623957,0.5201364277063666,,,,,,,K001+KI08+KA08
random_forest,raw,target_real,0.40896860986547084,0.39958849827270876,0.2345047915175033,0.7536543413115333,0.5252557915745074,0.06726457399103139,0.38666666666666666,0.0,0.06726457399103139,0.38666666666666666,0.0,K001+KI08+KA08
random_forest,temperature,target_real,0.40896860986547084,0.39958849827270876,0.06672438751033857,0.6528920748437953,0.519053538084773,0.06905829596412556,0.37662337662337664,0.0,0.06905829596412556,0.37662337662337664,0.0,K001+KI08+KA08
random_forest,isotonic,target_real,0.4134529147982063,0.41257931378804374,0.14081194523996055,0.7442453951130737,0.5563252565716545,0.14798206278026907,0.5515151515151515,0.0,0.14798206278026907,0.5515151515151515,0.0,K001+KI08+KA08
svm,raw,source_holdout,0.379746835443038,0.35497326203208557,0.22617337891894765,0.752817253374921,0.581213463304258,,,,,,,K001+KI08+KA08
svm,raw,target_real,0.4430493273542601,0.4246885798462237,0.18222875464049423,0.7103075049343044,0.5436848266055534,0.0242152466367713,0.7037037037037037,0.0008968609865470852,0.0242152466367713,0.7037037037037037,0.0008968609865470852,K001+KI08+KA08
svm,temperature,target_real,0.4430493273542601,0.4246885798462237,0.04842398219158018,0.6445386572291859,0.5335681125034645,0.025112107623318385,0.7142857142857143,0.0008968609865470852,0.025112107623318385,0.7142857142857143,0.0008968609865470852,K001+KI08+KA08
svm,isotonic,target_real,0.3775784753363229,0.3753840004193862,0.12023661674434137,0.7412111107517501,0.6051171980554906,0.06098654708520179,0.7205882352941176,0.0,0.06098654708520179,0.7205882352941176,0.0,K001+KI08+KA08
xgboost,raw,source_holdout,0.3924050632911392,0.3882152595897867,0.304685809064012,0.8019309621415885,0.5234923068836413,,,,,,,K001+KI08+KA08
xgboost,raw,target_real,0.41614349775784754,0.40812891903180265,0.33767244067427293,0.8430238248419717,0.5052976903589645,0.17040358744394618,0.37894736842105264,0.0,0.17040358744394618,0.37894736842105264,0.0,K001+KI08+KA08
xgboost,temperature,target_real,0.41614349775784754,0.40812891903180265,0.04390058715881929,0.6401536489372346,0.5013223643228464,0.16322869955156952,0.3626373626373626,0.0,0.16322869955156952,0.3626373626373626,0.0,K001+KI08+KA08
xgboost,isotonic,target_real,0.36412556053811657,0.3532410653101672,0.1846244181636934,0.713704960205056,0.5192107859160764,0.14708520179372198,0.4146341463414634,0.0,0.14708520179372198,0.4146341463414634,0.0,K001+KI08+KA08
random_forest,raw,source_holdout,0.45569620253164556,0.4285918866044705,0.1386244387080761,0.6523749541842407,0.38391930357862714,,,,,,,K001+KI08+KA09
random_forest,raw,target_real,0.39641255605381165,0.39048003674130466,0.23933475674316346,0.7571518887741123,0.532981971653862,0.13273542600896862,0.46621621621621623,0.0,0.13273542600896862,0.46621621621621623,0.0,K001+KI08+KA09
random_forest,temperature,target_real,0.39641255605381165,0.39048003674130466,0.10154131381873335,0.6695850753075272,0.5292436755409401,0.13004484304932734,0.45517241379310347,0.0,0.13004484304932734,0.45517241379310347,0.0,K001+KI08+KA09
random_forest,isotonic,target_real,0.35695067264573993,0.3560380535784742,0.22354568183192575,0.7807266546384672,0.5493634074291627,0.16860986547085202,0.5159574468085106,0.0,0.16860986547085202,0.5159574468085106,0.0,K001+KI08+KA09
svm,raw,source_holdout,0.45147679324894513,0.4078442380644261,0.16829441499457806,0.6722870036545883,0.4002976874937099,,,,,,,K001+KI08+KA09
svm,raw,target_real,0.41524663677130047,0.404105402698786,0.1943029885389004,0.7189325649094649,0.5481683522859411,0.02062780269058296,0.5652173913043478,0.0008968609865470852,0.02062780269058296,0.5652173913043478,0.0008968609865470852,K001+KI08+KA09
svm,temperature,target_real,0.41524663677130047,0.404105402698786,0.05047238017712431,0.6482527817475182,0.5409643159454796,0.02062780269058296,0.5217391304347826,0.0008968609865470852,0.02062780269058296,0.5217391304347826,0.0008968609865470852,K001+KI08+KA09
svm,isotonic,target_real,0.34439461883408073,0.33748082804686574,0.2099463057959965,0.7742661391047968,0.6037664350287123,0.10582959641255606,0.635593220338983,0.0,0.10582959641255606,0.635593220338983,0.0,K001+KI08+KA09
xgboost,raw,source_holdout,0.47257383966244726,0.4534758504586091,0.22517103422040174,0.7212911968179897,0.4029496610561327,,,,,,,K001+KI08+KA09
xgboost,raw,target_real,0.4026905829596413,0.3968721626994755,0.33791841800437383,0.8419643505281661,0.5092221685711479,0.1452914798206278,0.3765432098765432,0.0008968609865470852,0.1452914798206278,0.3765432098765432,0.0008968609865470852,K001+KI08+KA09
xgboost,temperature,target_real,0.4026905829596413,0.3968721626994755,0.09738047725995948,0.6533329550898207,0.5083944609689263,0.16950672645739912,0.3544973544973545,0.0017937219730941704,0.16950672645739912,0.3544973544973545,0.0017937219730941704,K001+KI08+KA09
xgboost,isotonic,target_real,0.3739910313901345,0.374253944481477,0.22467905978249297,0.7575147788758745,0.5124044393454927,0.23228699551569507,0.444015444015444,0.0,0.23228699551569507,0.444015444015444,0.0,K001+KI08+KA09
random_forest,raw,source_holdout,0.2875,0.2866155368222127,0.25734432495782134,0.8317131906429331,0.7057332194265924,,,,,,,K002+KI01+KA01
random_forest,raw,target_real,0.3452914798206278,0.34253469177771967,0.26728756111069585,0.7876397311368745,0.6169042314938371,0.06726457399103139,0.5733333333333334,0.0,0.06726457399103139,0.5733333333333334,0.0,K002+KI01+KA01
random_forest,temperature,target_real,0.3452914798206278,0.34253469177771967,0.01585708874656538,0.6585216126567096,0.5854296739806563,0.008968609865470852,0.5,0.0,0.008968609865470852,0.5,0.0,K002+KI01+KA01
random_forest,isotonic,target_real,0.44663677130044843,0.43071922408259083,0.22880312288187643,0.8072284671473763,0.5540510017800276,0.16502242152466368,0.6358695652173914,0.0,0.16502242152466368,0.6358695652173914,0.0,K002+KI01+KA01
svm,raw,source_holdout,0.3416666666666667,0.24402829796088224,0.21675226456490718,0.7537372757026719,0.6770884258785815,,,,,,,K002+KI01+KA01
svm,raw,target_real,0.37130044843049326,0.36236979196792324,0.21944002978443708,0.7208785047913544,0.6026062482458452,0.026905829596412557,0.6,0.0,0.026905829596412557,0.6,0.0,K002+KI01+KA01
svm,temperature,target_real,0.37130044843049326,0.36236979196792324,0.02373266385193251,0.6590373249404914,0.5757174421561819,0.0017937219730941704,0.5,0.0,0.0017937219730941704,0.5,0.0,K002+KI01+KA01
svm,isotonic,target_real,0.3488789237668161,0.30908032237590893,0.3714634326411159,0.9580017223910209,0.5866909289688823,0.27443946188340806,0.6437908496732027,0.0,0.27443946188340806,0.6437908496732027,0.0,K002+KI01+KA01
xgboost,raw,source_holdout,0.2125,0.19681159420289854,0.5026437355826299,1.1096818068357117,0.7689535051273371,,,,,,,K002+KI01+KA01
xgboost,raw,target_real,0.35336322869955156,0.35292776304631124,0.3779565549484817,0.93525669755294,0.6461330322701212,0.07533632286995516,0.6309523809523809,0.0008968609865470852,0.07533632286995516,0.6309523809523809,0.0008968609865470852,K002+KI01+KA01
xgboost,temperature,target_real,0.35336322869955156,0.35292776304631124,0.01127750589525745,0.661030246403552,0.6246813604484395,0.12017937219730941,0.5970149253731343,0.0008968609865470852,0.12017937219730941,0.5970149253731343,0.0008968609865470852,K002+KI01+KA01
xgboost,isotonic,target_real,0.347085201793722,0.3070631416244637,0.1612362495220998,0.7450637346418031,0.6333615903644989,0.1210762331838565,0.5925925925925926,0.0,0.1210762331838565,0.5925925925925926,0.0,K002+KI01+KA01
random_forest,raw,source_holdout,0.20416666666666666,0.1950526965259327,0.3329090550276854,0.9047750116286767,0.8796268168251344,,,,,,,K002+KI01+KA03
random_forest,raw,target_real,0.3147982062780269,0.3190304618641145,0.3097855117206073,0.824554862077574,0.6387845506618118,0.0,,0.0,0.0,,0.0,K002+KI01+KA03
random_forest,temperature,target_real,0.3147982062780269,0.3190304618641145,0.055813648135715016,0.6581923199998413,0.6149962962486812,0.0,,0.0,0.0,,0.0,K002+KI01+KA03
random_forest,isotonic,target_real,0.3614349775784753,0.33135304763000956,0.18197151956718927,0.8065158767361463,0.6293041260095559,0.10941704035874439,0.5655737704918032,0.0,0.10941704035874439,0.5655737704918032,0.0,K002+KI01+KA03
svm,raw,source_holdout,0.08333333333333333,0.09714162905652268,0.5194920924025892,0.9856426221662483,0.9054379226548364,,,,,,,K002+KI01+KA03
svm,raw,target_real,0.32286995515695066,0.32705136457088174,0.2806653001511695,0.7718332841142816,0.6448175630242448,0.0,,0.0017937219730941704,0.0,,0.0017937219730941704,K002+KI01+KA03
svm,temperature,target_real,0.32286995515695066,0.32705136457088174,0.02538661044906665,0.6608661936354441,0.6209293651764928,0.0,,0.0017937219730941704,0.0,,0.0017937219730941704,K002+KI01+KA03
svm,isotonic,target_real,0.368609865470852,0.3302453820431857,0.20764024476222803,0.7472852064491745,0.6106305047452458,0.0,,0.0,0.0,,0.0,K002+KI01+KA03
xgboost,raw,source_holdout,0.1125,0.12640132669983417,0.6419788233935834,1.3114111053883772,0.9193478111163624,,,,,,,K002+KI01+KA03
xgboost,raw,target_real,0.3273542600896861,0.33054560321840576,0.4347433576936679,1.0047819481625264,0.6684866635796577,0.0,,0.0008968609865470852,0.0,,0.0008968609865470852,K002+KI01+KA03
xgboost,temperature,target_real,0.3273542600896861,0.33054560321840576,0.04047655808656358,0.6635248256976632,0.6457075765963829,0.0,,0.0008968609865470852,0.0,,0.0008968609865470852,K002+KI01+KA03
xgboost,isotonic,target_real,0.3542600896860987,0.2983964438273212,0.13880459991228447,0.7327850980837987,0.665306781661143,0.11838565022421525,0.5757575757575758,0.0,0.11838565022421525,0.5757575757575758,0.0,K002+KI01+KA03
random_forest,raw,source_holdout,0.17573221757322174,0.16382978723404254,0.33654256604247146,0.8838092064547655,0.7870083230714406,,,,,,,K002+KI01+KA05
random_forest,raw,target_real,0.32825112107623317,0.3270105857596647,0.285984131568261,0.8093794541901577,0.6169395480156067,0.06367713004484304,0.5633802816901409,0.0,0.06367713004484304,0.5633802816901409,0.0,K002+KI01+KA05
random_forest,temperature,target_real,0.32825112107623317,0.3270105857596647,0.035682119095946666,0.6580233773209903,0.5885402063220642,0.0,,0.0,0.0,,0.0,K002+KI01+KA05
random_forest,isotonic,target_real,0.4179372197309417,0.41643589120678765,0.24228336437564257,0.8249445380033936,0.5878138969244826,0.23766816143497757,0.7018867924528301,0.0,0.23766816143497757,0.7018867924528301,0.0,K002+KI01+KA05
svm,raw,source_holdout,0.16736401673640167,0.15646738582518402,0.44446513153586403,0.9356591263166527,0.8113609413263796,,,,,,,K002+KI01+KA05
svm,raw,target_real,0.36412556053811657,0.3654329662871056,0.23761383369715858,0.7597420338759663,0.636014224276247,0.07892376681614349,0.6136363636363636,0.0,0.07892376681614349,0.6136363636363636,0.0,K002+KI01+KA05
svm,temperature,target_real,0.36412556053811657,0.3654329662871056,0.01569272226697649,0.6599618225303937,0.615423931747068,0.023318385650224215,0.6538461538461539,0.0,0.023318385650224215,0.6538461538461539,0.0,K002+KI01+KA05
svm,isotonic,target_real,0.37309417040358744,0.33565730830744794,0.28163948154934115,0.8150009940727416,0.5927551635166873,0.3219730941704036,0.6406685236768802,0.0,0.3219730941704036,0.6406685236768802,0.0,K002+KI01+KA05
xgboost,raw,source_holdout,0.16317991631799164,0.1555232558139535,0.5760774374257571,1.2184051722269333,0.8826165726988081,,,,,,,K002+KI01+KA05
xgboost,raw,target_real,0.34080717488789236,0.34489185162121166,0.399061077352062,0.9615962179995525,0.6562288115839457,0.05739910313901345,0.5625,0.0008968609865470852,0.05739910313901345,0.5625,0.0008968609865470852,K002+KI01+KA05
xgboost,temperature,target_real,0.34080717488789236,0.34489185162121166,0.029782290429665324,0.6619592267906301,0.6325490847764135,0.05829596412556054,0.5692307692307692,0.0017937219730941704,0.05829596412556054,0.5692307692307692,0.0017937219730941704,K002+KI01+KA05
xgboost,isotonic,target_real,0.36233183856502243,0.31553944077434737,0.18550068829103514,0.7392769275594082,0.6122876892746101,0.24035874439461882,0.6567164179104478,0.0,0.24035874439461882,0.6567164179104478,0.0,K002+KI01+KA05
random_forest,raw,source_holdout,0.3375,0.24887743835112253,0.2575727714485628,0.7203993606388283,0.3624795009956036,,,,,,,K002+KI01+KA06
random_forest,raw,target_real,0.3309417040358744,0.3287684649705566,0.2742370386927476,0.7996663500677965,0.6200285665087574,0.13004484304932734,0.593103448275862,0.0017937219730941704,0.21434977578475337,0.6192468619246861,0.0017937219730941704,K002+KI01+KA06
random_forest,temperature,target_real,0.3309417040358744,0.3287684649705566,0.04240706809550996,0.6562075881247669,0.5947103755671815,0.013452914798206279,0.3333333333333333,0.0017937219730941704,0.10134529147982063,0.5398230088495575,0.0017937219730941704,K002+KI01+KA06
random_forest,isotonic,target_real,0.38923766816143496,0.376872630859778,0.23970213803330737,0.8787331863018991,0.6137225645467603,0.22511210762331837,0.6772908366533864,0.0,0.34439461883408073,0.6927083333333334,0.0,K002+KI01+KA06
svm,raw,source_holdout,0.3333333333333333,0.23971053821800092,0.35724935569012106,0.8051228857937377,0.4223048997670266,,,,,,,K002+KI01+KA06
svm,raw,target_real,0.3560538116591928,0.35183087842521865,0.23947975448587364,0.7504860514273958,0.6348657814149008,0.03856502242152467,0.627906976744186,0.0,0.13991031390134528,0.5641025641025641,0.0,K002+KI01+KA06
svm,temperature,target_real,0.3560538116591928,0.35183087842521865,0.037498940585924775,0.6514236688533284,0.6125993607388552,0.015246636771300448,0.5882352941176471,0.0,0.05201793721973094,0.5517241379310345,0.0,K002+KI01+KA06
svm,isotonic,target_real,0.37130044843049326,0.33929226514368,0.3201689465595978,0.904834320067153,0.5830093564487955,0.20089686098654708,0.6294642857142857,0.0,0.28878923766816145,0.7049689440993789,0.0,K002+KI01+KA06
xgboost,raw,source_holdout,0.31666666666666665,0.25268817204301075,0.4791940576086442,1.0747804580441442,0.5453770114363738,,,,,,,K002+KI01+KA06
xgboost,raw,target_real,0.33183856502242154,0.3344332315045153,0.4048825435574279,0.9533568935060177,0.6559857350237196,0.12197309417040358,0.5735294117647058,0.0,0.12197309417040358,0.5735294117647058,0.0,K002+KI01+KA06
xgboost,temperature,target_real,0.33183856502242154,0.3344332315045153,0.03674374261281236,0.6619955997846129,0.6334623317592973,0.11748878923766816,0.5725190839694656,0.0,0.1452914798206278,0.5679012345679012,0.0,K002+KI01+KA06
xgboost,isotonic,target_real,0.37488789237668163,0.315379589774794,0.23970879945482798,0.7894649353115606,0.6264819249244251,0.2609865470852018,0.6494845360824743,0.0,0.4233183856502242,0.6864406779661016,0.0,K002+KI01+KA06
random_forest,raw,source_holdout,0.2,0.18032910970828223,0.33825666543092164,0.8743672765494537,0.6389310336183038,,,,,,,K002+KI01+KA07
random_forest,raw,target_real,0.34080717488789236,0.3401548726982351,0.2828467431358779,0.808743266063244,0.6196262750519947,0.10852017937219731,0.6115702479338843,0.0017937219730941704,0.10852017937219731,0.6115702479338843,0.0017937219730941704,K002+KI01+KA07
random_forest,temperature,target_real,0.34080717488789236,0.3401548726982351,0.01813393539822664,0.6584349233379181,0.5938958890876116,0.08161434977578476,0.5494505494505495,0.0026905829596412557,0.08161434977578476,0.5494505494505495,0.0026905829596412557,K002+KI01+KA07
random_forest,isotonic,target_real,0.41076233183856503,0.39745117926058665,0.1900174655769486,0.7802301223398211,0.614468084426271,0.20448430493273542,0.6710526315789473,0.0,0.20448430493273542,0.6710526315789473,0.0,K002+KI01+KA07
svm,raw,source_holdout,0.2125,0.1786474733843155,0.4299855485304677,0.9508465058301624,0.6610946012697357,,,,,,,K002+KI01+KA07
svm,raw,target_real,0.368609865470852,0.36366041366041363,0.2551022456150964,0.7740550505613178,0.6303926806154594,0.07443946188340807,0.6385542168674698,0.0008968609865470852,0.07443946188340807,0.6385542168674698,0.0008968609865470852,K002+KI01+KA07
svm,temperature,target_real,0.368609865470852,0.36366041366041363,0.018834676534616623,0.6594712814879616,0.6031469245231966,0.019730941704035873,0.6363636363636364,0.0008968609865470852,0.019730941704035873,0.6363636363636364,0.0008968609865470852,K002+KI01+KA07
svm,isotonic,target_real,0.3668161434977579,0.33751117996633956,0.1808717108565362,0.7813362222856018,0.6089190795198488,0.0484304932735426,0.6481481481481481,0.0,0.0484304932735426,0.6481481481481481,0.0,K002+KI01+KA07
xgboost,raw,source_holdout,0.22083333333333333,0.20539004573103048,0.5483425543953975,1.2242063858288341,0.8027922269106573,,,,,,,K002+KI01+KA07
xgboost,raw,target_real,0.3381165919282511,0.34060987172337326,0.4113824282793721,0.9689268250999399,0.6573966159796004,0.11838565022421525,0.5757575757575758,0.0008968609865470852,0.11838565022421525,0.5757575757575758,0.0008968609865470852,K002+KI01+KA07
xgboost,temperature,target_real,0.3381165919282511,0.34060987172337326,0.030340373857702642,0.6622058537445762,0.6360447608391239,0.12286995515695068,0.5912408759124088,0.0008968609865470852,0.12286995515695068,0.5912408759124088,0.0008968609865470852,K002+KI01+KA07
xgboost,isotonic,target_real,0.37309417040358744,0.3235074106747144,0.15076140003112024,0.713271519722345,0.6005991482783951,0.17399103139013453,0.6391752577319587,0.0,0.17399103139013453,0.6391752577319587,0.0,K002+KI01+KA07
random_forest,raw,source_holdout,0.20502092050209206,0.19120913995556965,0.3375187024298312,0.8813808511104668,0.68394996238424,,,,,,,K002+KI01+KA08
random_forest,raw,target_real,0.33363228699551567,0.33069177752151185,0.28052107487784567,0.8075027654794726,0.6262906046166525,0.09775784753363229,0.6055045871559633,0.0008968609865470852,0.09775784753363229,0.6055045871559633,0.0008968609865470852,K002+KI01+KA08
random_forest,temperature,target_real,0.33363228699551567,0.33069177752151185,0.02209023667658538,0.6589855637051827,0.6092505945741103,0.0,,0.0008968609865470852,0.0,,0.0008968609865470852,K002+KI01+KA08
random_forest,isotonic,target_real,0.4026905829596413,0.3984818668606458,0.21323079234933257,0.8054263800999956,0.6113968649805941,0.11838565022421525,0.5984848484848485,0.0,0.11838565022421525,0.5984848484848485,0.0,K002+KI01+KA08
svm,raw,source_holdout,0.20920502092050208,0.17971014492753623,0.4355210589051506,0.941217743309435,0.6988220171189965,,,,,,,K002+KI01+KA08
svm,raw,target_real,0.3614349775784753,0.3551939764041954,0.25459815259119145,0.7731223172978464,0.6381799620042029,0.07892376681614349,0.625,0.0008968609865470852,0.07892376681614349,0.625,0.0008968609865470852,K002+KI01+KA08
svm,temperature,target_real,0.3614349775784753,0.3551939764041954,0.012251779287318965,0.660027847525215,0.6183342288870113,0.03856502242152467,0.6046511627906976,0.0008968609865470852,0.03856502242152467,0.6046511627906976,0.0008968609865470852,K002+KI01+KA08
svm,isotonic,target_real,0.36053811659192825,0.32785759868156106,0.2928959785435479,0.8269547514220785,0.5943474915629543,0.12825112107623318,0.6153846153846154,0.0,0.12825112107623318,0.6153846153846154,0.0,K002+KI01+KA08
xgboost,raw,source_holdout,0.20502092050209206,0.1993361782835467,0.5510297521138291,1.1764316084339965,0.7745737710320875,,,,,,,K002+KI01+KA08
xgboost,raw,target_real,0.34618834080717487,0.3459403987805543,0.3904619533652147,0.950625318431616,0.657103057300243,0.08968609865470852,0.6,0.0,0.08968609865470852,0.6,0.0,K002+KI01+KA08
xgboost,temperature,target_real,0.34618834080717487,0.3459403987805543,0.01788426760806858,0.6615097721890641,0.6337442658380229,0.09506726457399103,0.5849056603773585,0.0,0.09506726457399103,0.5849056603773585,0.0,K002+KI01+KA08
xgboost,isotonic,target_real,0.37488789237668163,0.3103694782585284,0.19801615606814754,0.757311171058066,0.673362986440984,0.18385650224215247,0.624390243902439,0.0,0.18385650224215247,0.624390243902439,0.0,K002+KI01+KA08
random_forest,raw,source_holdout,0.2719665271966527,0.2172043010752688,0.29451333910584276,0.7691939814832488,0.4779633169757609,,,,,,,K002+KI01+KA09
random_forest,raw,target_real,0.3219730941704036,0.32218819154050343,0.2866841808316875,0.8063562750752334,0.6371926770216414,0.13542600896860987,0.5827814569536424,0.0,0.2,0.6322869955156951,0.0,K002+KI01+KA09
random_forest,temperature,target_real,0.3219730941704036,0.32218819154050343,0.033369523129839956,0.659446212403717,0.6129800346584878,0.02062780269058296,0.5652173913043478,0.0,0.02062780269058296,0.5652173913043478,0.0,K002+KI01+KA09
random_forest,isotonic,target_real,0.3955156950672646,0.39563625609233277,0.23780195071067647,0.8478913300005152,0.6105179362218923,0.2295964125560538,0.67578125,0.0,0.3695067264573991,0.6941747572815534,0.0,K002+KI01+KA09
svm,raw,source_holdout,0.2719665271966527,0.2163437655240934,0.3841085541324304,0.8963157518487656,0.5792955594978233,,,,,,,K002+KI01+KA09
svm,raw,target_real,0.347085201793722,0.3483102402498754,0.2535357165617239,0.7611816668285416,0.6343611309095701,0.019730941704035873,0.5454545454545454,0.0017937219730941704,0.019730941704035873,0.5454545454545454,0.0017937219730941704,K002+KI01+KA09
svm,temperature,target_real,0.347085201793722,0.3483102402498754,0.0011762675987109228,0.6602660768292494,0.619568542868767,0.006278026905829596,0.42857142857142855,0.0017937219730941704,0.006278026905829596,0.42857142857142855,0.0017937219730941704,K002+KI01+KA09
svm,isotonic,target_real,0.3757847533632287,0.33844386947950156,0.2652381698660218,0.8361671402628053,0.5797237615472092,0.16322869955156952,0.5989010989010989,0.0,0.484304932735426,0.6333333333333333,0.0,K002+KI01+KA09
xgboost,raw,source_holdout,0.28451882845188287,0.2482456140350877,0.48181569563793836,1.1031669130603556,0.6389432194838766,,,,,,,K002+KI01+KA09
xgboost,raw,target_real,0.3345291479820628,0.3393228378678927,0.4007956891583755,0.962474526030549,0.6679456924198816,0.10852017937219731,0.5702479338842975,0.0008968609865470852,0.10852017937219731,0.5702479338842975,0.0008968609865470852,K002+KI01+KA09
xgboost,temperature,target_real,0.3345291479820628,0.3393228378678927,0.029610003246118118,0.6625828433407636,0.6415731024449192,0.12017937219730941,0.5671641791044776,0.0008968609865470852,0.12017937219730941,0.5671641791044776,0.0008968609865470852,K002+KI01+KA09
xgboost,isotonic,target_real,0.38026905829596414,0.3188938418550453,0.23541931155301588,0.765875811058612,0.6245981410480926,0.25291479820627805,0.6595744680851063,0.0,0.3506726457399103,0.6572890025575447,0.0,K002+KI01+KA09
random_forest,raw,source_holdout,0.22083333333333333,0.21093189046182492,0.4005117022527967,0.9526293383751188,0.8301841370944811,,,,,,,K002+KI03+KA01
random_forest,raw,target_real,0.4475336322869955,0.43899126470659855,0.24561211314074505,0.7632656464323107,0.4897764742861445,0.0,,0.0,0.0,,0.0,K002+KI03+KA01
random_forest,temperature,target_real,0.4475336322869955,0.43899126470659855,0.0839728284326301,0.648380867789523,0.4764842129348907,0.0,,0.0,0.0,,0.0,K002+KI03+KA01
random_forest,isotonic,target_real,0.4188340807174888,0.3977199389465409,0.1756151843984534,0.6794972932387273,0.539320822877921,0.08161434977578476,0.4175824175824176,0.02062780269058296,0.08161434977578476,0.4175824175824176,0.02062780269058296,K002+KI03+KA01
svm,raw,source_holdout,0.37916666666666665,0.29197957185573287,0.36781964754432056,0.8965192621861989,0.7702656718059019,,,,,,,K002+KI03+KA01
svm,raw,target_real,0.46457399103139013,0.45614981321479386,0.20772561102702253,0.7253967847228112,0.5279243836191657,0.0,,0.0,0.0,,0.0,K002+KI03+KA01
svm,temperature,target_real,0.46457399103139013,0.45614981321479386,0.11227141508422156,0.656849746794608,0.5053802376044807,0.0,,0.0008968609865470852,0.0,,0.0008968609865470852,K002+KI03+KA01
svm,isotonic,target_real,0.39730941704035877,0.3842678113437499,0.1425387290571609,0.6958389886644492,0.5466638316154933,0.18385650224215247,0.5853658536585366,0.0,0.18385650224215247,0.5853658536585366,0.0,K002+KI03+KA01
xgboost,raw,source_holdout,0.2875,0.2737178548772752,0.43885117806494234,1.0541757126201816,0.8194258726997952,,,,,,,K002+KI03+KA01
xgboost,raw,target_real,0.4412556053811659,0.43563454178580097,0.3487036841332646,0.856928005945666,0.5215050825318547,0.0,,0.0008968609865470852,0.0,,0.0008968609865470852,K002+KI03+KA01
xgboost,temperature,target_real,0.4412556053811659,0.43563454178580097,0.07087839800665986,0.6504302835178016,0.5231050688383131,0.0,,0.0008968609865470852,0.0,,0.0008968609865470852,K002+KI03+KA01
xgboost,isotonic,target_real,0.44573991031390137,0.4366732370249828,0.1666778181526835,0.676068702823269,0.5540379517004245,0.1273542600896861,0.6056338028169014,0.0,0.1273542600896861,0.6056338028169014,0.0,K002+KI03+KA01
random_forest,raw,source_holdout,0.325,0.2882839475546,0.27687372549266304,0.8362227451145394,0.7237626744546698,,,,,,,K002+KI03+KA03
random_forest,raw,target_real,0.4080717488789238,0.40491511745878567,0.2651749070700471,0.7751827952462893,0.5313390225878633,0.0,,0.006278026905829596,0.0,,0.006278026905829596,K002+KI03+KA03
random_forest,temperature,target_real,0.4080717488789238,0.40491511745878567,0.04648423869589915,0.6498814211554033,0.5122894978118244,0.0,,0.006278026905829596,0.0,,0.006278026905829596,K002+KI03+KA03
random_forest,isotonic,target_real,0.3874439461883408,0.3789951038082772,0.07310518503808616,0.7074724595994236,0.5568353383731479,0.0,,0.0,0.0,,0.0,K002+KI03+KA03
svm,raw,source_holdout,0.31666666666666665,0.2795754005520931,0.2954979466057148,0.8499060907412321,0.678462163267613,,,,,,,K002+KI03+KA03
svm,raw,target_real,0.42152466367713004,0.42014292266614245,0.2185416301379033,0.7317405104246222,0.5357407616064721,0.0,,0.0017937219730941704,0.0,,0.0017937219730941704,K002+KI03+KA03
svm,temperature,target_real,0.42152466367713004,0.42014292266614245,0.07086909487579712,0.6577061932014181,0.5065372636238957,0.0,,0.0017937219730941704,0.0,,0.0017937219730941704,K002+KI03+KA03
svm,isotonic,target_real,0.37130044843049326,0.3315675141623522,0.06403353172060973,0.6854944364835829,0.5748121759718768,0.042152466367713005,0.6170212765957447,0.0,0.042152466367713005,0.6170212765957447,0.0,K002+KI03+KA03
xgboost,raw,source_holdout,0.35833333333333334,0.3361212861212861,0.37539575944344206,0.9680139425873143,0.7216852542017164,,,,,,,K002+KI03+KA03
xgboost,raw,target_real,0.4179372197309417,0.4171293195498787,0.37554540439036926,0.8935687427471392,0.5582011593902977,0.0,,0.0,0.0,,0.0,K002+KI03+KA03
xgboost,temperature,target_real,0.4179372197309417,0.4171293195498787,0.05107805367808146,0.6537696036230586,0.551046657679656,0.0,,0.0,0.0,,0.0,K002+KI03+KA03
xgboost,isotonic,target_real,0.420627802690583,0.41952442269773565,0.08156607220468691,0.696696232007931,0.5490653362230453,0.008071748878923767,0.5555555555555556,0.003587443946188341,0.008071748878923767,0.5555555555555556,0.003587443946188341,K002+KI03+KA03
random_forest,raw,source_holdout,0.32217573221757323,0.29637777525101466,0.28877604747612434,0.8869851985008134,0.7622497268116882,,,,,,,K002+KI03+KA05
random_forest,raw,target_real,0.41524663677130047,0.4101406350877852,0.2584099762187478,0.7697527116314156,0.5106172995022672,0.0,,0.008071748878923767,0.0,,0.008071748878923767,K002+KI03+KA05
random_forest,temperature,target_real,0.41524663677130047,0.4101406350877852,0.05333674664798083,0.648747129032798,0.4973865014718291,0.0,,0.008071748878923767,0.0,,0.008071748878923767,K002+KI03+KA05
random_forest,isotonic,target_real,0.42511210762331836,0.41818009154416985,0.08508386989867256,0.6645101535395687,0.5064005551568737,0.0968609865470852,0.4444444444444444,0.02242152466367713,0.0968609865470852,0.4444444444444444,0.02242152466367713,K002+KI03+KA05
svm,raw,source_holdout,0.3179916317991632,0.27656147718005825,0.3442561517364967,0.8954640681868704,0.6887611052858209,,,,,,,K002+KI03+KA05
svm,raw,target_real,0.46457399103139013,0.4568168001341663,0.2035282025553514,0.7308136885978738,0.5241951783934395,0.0,,0.0017937219730941704,0.0,,0.0017937219730941704,K002+KI03+KA05
svm,temperature,target_real,0.46457399103139013,0.4568168001341663,0.11179636187682118,0.6568861325949168,0.5051357148446334,0.0,,0.0008968609865470852,0.0,,0.0008968609865470852,K002+KI03+KA05
svm,isotonic,target_real,0.42869955156950673,0.418073746433877,0.1282947517114965,0.6774873152909011,0.5605135416360083,0.2304932735426009,0.5642023346303502,0.0,0.2304932735426009,0.5642023346303502,0.0,K002+KI03+KA05
xgboost,raw,source_holdout,0.3179916317991632,0.29497966762117706,0.40997680211166954,1.011938124425365,0.7692247541504809,,,,,,,K002+KI03+KA05
xgboost,raw,target_real,0.4260089686098655,0.42353111479480693,0.3632253618785618,0.8704439838029836,0.5374068301746696,0.0,,0.0017937219730941704,0.0,,0.0017937219730941704,K002+KI03+KA05
xgboost,temperature,target_real,0.4260089686098655,0.42353111479480693,0.055685901078428385,0.6518663102096763,0.5356982512616351,0.0,,0.0017937219730941704,0.0,,0.0017937219730941704,K002+KI03+KA05
xgboost,isotonic,target_real,0.4062780269058296,0.39847122331339385,0.10350004579909042,0.6842650285502421,0.5207529166203545,0.17040358744394618,0.6473684210526316,0.0,0.17040358744394618,0.6473684210526316,0.0,K002+KI03+KA05
random_forest,raw,source_holdout,0.38333333333333336,0.3023770169224715,0.30823460782110185,0.7862477725122008,0.4690880712332329,,,,,,,K002+KI03+KA06
random_forest,raw,target_real,0.42780269058295967,0.4171538444480582,0.24730923964547474,0.7677282488563182,0.5172839696913155,0.0,,0.0,0.0,,0.0,K002+KI03+KA06
random_forest,temperature,target_real,0.42780269058295967,0.4171538444480582,0.04472398953945504,0.6466061207331936,0.50992463091936,0.0,,0.0,0.0,,0.0,K002+KI03+KA06
random_forest,isotonic,target_real,0.36771300448430494,0.3471439298575762,0.20549572142221756,0.7555844241029379,0.5795646873799096,0.07982062780269059,0.5730337078651685,0.0,0.07982062780269059,0.5730337078651685,0.0,K002+KI03+KA06
svm,raw,source_holdout,0.3875,0.2945254154626075,0.332999412940477,0.8191647814877366,0.4676196869753214,,,,,,,K002+KI03+KA06
svm,raw,target_real,0.4663677130044843,0.4570149619818494,0.20120789482324414,0.7234090404696385,0.5210946778503116,0.0,,0.0017937219730941704,0.0,,0.0017937219730941704,K002+KI03+KA06
svm,temperature,target_real,0.4663677130044843,0.4570149619818494,0.07234348416706234,0.640697740890066,0.5047485672594024,0.0,,0.0,0.0,,0.0,K002+KI03+KA06
svm,isotonic,target_real,0.3022421524663677,0.2553019411582092,0.26616320991848147,0.7656006334756014,0.5921549967950245,0.15515695067264573,0.5953757225433526,0.0,0.15515695067264573,0.5953757225433526,0.0,K002+KI03+KA06
xgboost,raw,source_holdout,0.3958333333333333,0.32567272523044305,0.3772551685571671,0.8825219921190703,0.4749017125117867,,,,,,,K002+KI03+KA06
xgboost,raw,target_real,0.42869955156950673,0.4226079919608754,0.36290580322924215,0.8662894354126882,0.531103417851451,0.028699551569506727,0.625,0.0008968609865470852,0.028699551569506727,0.625,0.0008968609865470852,K002+KI03+KA06
xgboost,temperature,target_real,0.42869955156950673,0.4226079919608754,0.019309883971011212,0.6413118558203648,0.5297747048825203,0.011659192825112108,0.6923076923076923,0.0008968609865470852,0.011659192825112108,0.6923076923076923,0.0008968609865470852,K002+KI03+KA06
xgboost,isotonic,target_real,0.36053811659192825,0.34123486550609394,0.19712279394078952,0.7634301378046751,0.5967600703095499,0.14977578475336323,0.6526946107784432,0.0,0.14977578475336323,0.6526946107784432,0.0,K002+KI03+KA06
random_forest,raw,source_holdout,0.30416666666666664,0.2770413524274444,0.3295326672379297,0.9217999996200219,0.7535827981165769,,,,,,,K002+KI03+KA07
random_forest,raw,target_real,0.4134529147982063,0.4083876285872278,0.27172753490623647,0.774256076620229,0.5072892909557831,0.0,,0.010762331838565023,0.0,,0.010762331838565023,K002+KI03+KA07
random_forest,temperature,target_real,0.4134529147982063,0.4083876285872278,0.0510116304897709,0.6493199914653325,0.49988206959265724,0.0,,0.010762331838565023,0.0,,0.010762331838565023,K002+KI03+KA07
random_forest,isotonic,target_real,0.4295964125560538,0.4206778185357371,0.11250180790175628,0.6657154081638286,0.5572959845820512,0.05829596412556054,0.4,0.013452914798206279,0.05829596412556054,0.4,0.013452914798206279,K002+KI03+KA07
svm,raw,source_holdout,0.26666666666666666,0.23758973924024387,0.41591168061042033,0.9906268639832303,0.7499231649463383,,,,,,,K002+KI03+KA07
svm,raw,target_real,0.4565022421524664,0.45027327913403076,0.22804038484224753,0.7396308088065355,0.5252079514457407,0.0,,0.0026905829596412557,0.0,,0.0026905829596412557,K002+KI03+KA07
svm,temperature,target_real,0.4565022421524664,0.45027327913403076,0.10253420651874834,0.6563549552055498,0.5110821738626286,0.0,,0.0008968609865470852,0.0,,0.0008968609865470852,K002+KI03+KA07
svm,isotonic,target_real,0.33901345291479823,0.28977371888904124,0.07340463545598921,0.6682139988892203,0.575375764792006,0.07443946188340807,0.5903614457831325,0.0,0.07443946188340807,0.5903614457831325,0.0,K002+KI03+KA07
xgboost,raw,source_holdout,0.31666666666666665,0.29872151466354363,0.42183266667028274,1.0262564523747386,0.7391602995324374,,,,,,,K002+KI03+KA07
xgboost,raw,target_real,0.43766816143497755,0.4341059877510731,0.3617492051669835,0.868007814771062,0.530390118476719,0.0,,0.0017937219730941704,0.0,,0.0017937219730941704,K002+KI03+KA07
xgboost,temperature,target_real,0.43766816143497755,0.4341059877510731,0.066789390667313,0.6502553100117967,0.52713517432764,0.0,,0.0017937219730941704,0.0,,0.0017937219730941704,K002+KI03+KA07
xgboost,isotonic,target_real,0.3739910313901345,0.3583612399692695,0.06171818644004419,0.6727870409179355,0.5575820266079756,0.15784753363228698,0.6534090909090909,0.0,0.15784753363228698,0.6534090909090909,0.0,K002+KI03+KA07
random_forest,raw,source_holdout,0.24267782426778242,0.2285541105286105,0.4077618923163037,0.9618683389538384,0.8068956768235018,,,,,,,K002+KI03+KA08
random_forest,raw,target_real,0.4260089686098655,0.41785265020766404,0.25630945407539896,0.7748636203415427,0.5095265486817854,0.0,,0.007174887892376682,0.0,,0.007174887892376682,K002+KI03+KA08
random_forest,temperature,target_real,0.4260089686098655,0.41785265020766404,0.06408531614815385,0.6510459879558672,0.5116004643283849,0.0,,0.007174887892376682,0.0,,0.007174887892376682,K002+KI03+KA08
random_forest,isotonic,target_real,0.3130044843049327,0.2734911439183258,0.16760441272255328,0.6775390497321004,0.5495983544442988,0.15515695067264573,0.5202312138728323,0.02242152466367713,0.15515695067264573,0.5202312138728323,0.02242152466367713,K002+KI03+KA08
svm,raw,source_holdout,0.2217573221757322,0.20218374312171494,0.4484750553403493,1.0083242594500457,0.826253592915429,,,,,,,K002+KI03+KA08
svm,raw,target_real,0.4600896860986547,0.4533832369133459,0.21578192009377675,0.7342192435927734,0.5289673963845015,0.0,,0.0017937219730941704,0.0,,0.0017937219730941704,K002+KI03+KA08
svm,temperature,target_real,0.4600896860986547,0.4533832369133459,0.10703399423698012,0.6565873247422871,0.516884038631801,0.0,,0.0008968609865470852,0.0,,0.0008968609865470852,K002+KI03+KA08
svm,isotonic,target_real,0.29417040358744395,0.24133028305389162,0.1587921620399702,0.6862982530185107,0.591211748589558,0.18295964125560538,0.5588235294117647,0.0,0.18295964125560538,0.5588235294117647,0.0,K002+KI03+KA08
xgboost,raw,source_holdout,0.26778242677824265,0.2643796050692602,0.48282407741666333,1.0723117430038809,0.7899117595058273,,,,,,,K002+KI03+KA08
xgboost,raw,target_real,0.42780269058295967,0.4228940783172144,0.3689667081886343,0.8718345928504468,0.532837746271834,0.0,,0.0008968609865470852,0.0,,0.0008968609865470852,K002+KI03+KA08
xgboost,temperature,target_real,0.42780269058295967,0.4228940783172144,0.05668537638924054,0.6506114800573153,0.5358435193748747,0.0,,0.0008968609865470852,0.0,,0.0008968609865470852,K002+KI03+KA08
xgboost,isotonic,target_real,0.3632286995515695,0.3427527140587081,0.1339393150909183,0.6863852811649651,0.5300212875106225,0.22690582959641256,0.5770750988142292,0.0,0.22690582959641256,0.5770750988142292,0.0,K002+KI03+KA08
random_forest,raw,source_holdout,0.3305439330543933,0.2677936549681969,0.32759905903390885,0.8290784396982781,0.5760018324930561,,,,,,,K002+KI03+KA09
random_forest,raw,target_real,0.41524663677130047,0.4091935368414991,0.25277275183429326,0.7733463655010289,0.5204368140157444,0.04304932735426009,0.3958333333333333,0.0053811659192825115,0.04304932735426009,0.3958333333333333,0.0053811659192825115,K002+KI03+KA09
random_forest,temperature,target_real,0.41524663677130047,0.4091935368414991,0.037215416127405525,0.6455355061858488,0.5070855958543737,0.034080717488789235,0.21052631578947367,0.0053811659192825115,0.034080717488789235,0.21052631578947367,0.0053811659192825115,K002+KI03+KA09
random_forest,isotonic,target_real,0.3650224215246637,0.3486046556384042,0.17115014090390898,0.6980572515911021,0.5510897020608206,0.2179372197309417,0.5843621399176955,0.02242152466367713,0.2179372197309417,0.5843621399176955,0.02242152466367713,K002+KI03+KA09
svm,raw,source_holdout,0.3807531380753138,0.312231853603012,0.2991150906028492,0.8330773216623515,0.5320717514648944,,,,,,,K002+KI03+KA09
svm,raw,target_real,0.4591928251121076,0.4523363856687017,0.19564290139969848,0.7208918429312724,0.5194154924469196,0.0017937219730941704,0.0,0.0026905829596412557,0.0017937219730941704,0.0,0.0026905829596412557,K002+KI03+KA09
svm,temperature,target_real,0.4591928251121076,0.4523363856687017,0.08067596294538612,0.6466737126081136,0.5007687137867477,0.0,,0.0,0.0,,0.0,K002+KI03+KA09
svm,isotonic,target_real,0.40179372197309415,0.3953925087227083,0.1600226417329102,0.7109596428047652,0.5406518929753545,0.14260089686098654,0.5786163522012578,0.0008968609865470852,0.14260089686098654,0.5786163522012578,0.0008968609865470852,K002+KI03+KA09
xgboost,raw,source_holdout,0.36401673640167365,0.3212766867753391,0.3879841359090606,0.9306156832240448,0.6059519972304654,,,,,,,K002+KI03+KA09
xgboost,raw,target_real,0.4170403587443946,0.41459977151342037,0.36774258439850915,0.8737923755863382,0.5386505983846729,0.0,,0.0017937219730941704,0.0,,0.0017937219730941704,K002+KI03+KA09
xgboost,temperature,target_real,0.4170403587443946,0.41459977151342037,0.03084895652317568,0.6485575538876749,0.538012511729133,0.028699551569506727,0.5625,0.0008968609865470852,0.028699551569506727,0.5625,0.0008968609865470852,K002+KI03+KA09
xgboost,isotonic,target_real,0.39641255605381165,0.3870235883578224,0.11490229977100126,0.7044144964783159,0.5608626855678192,0.08968609865470852,0.59,0.0008968609865470852,0.08968609865470852,0.59,0.0008968609865470852,K002+KI03+KA09
random_forest,raw,source_holdout,0.25,0.24426075830704722,0.3621751860496477,0.8989901260948359,0.8034214365547695,,,,,,,K002+KI05+KA01
random_forest,raw,target_real,0.4430493273542601,0.43728888123792586,0.21607129155026805,0.7221677711330481,0.483684622848489,0.07713004484304933,0.3953488372093023,0.012556053811659192,0.07713004484304933,0.3953488372093023,0.012556053811659192,K002+KI05+KA01
random_forest,temperature,target_real,0.4430493273542601,0.43728888123792586,0.08126930827262827,0.645893630370616,0.4748359462007578,0.03497757847533632,0.2564102564102564,0.012556053811659192,0.03497757847533632,0.2564102564102564,0.012556053811659192,K002+KI05+KA01
random_forest,isotonic,target_real,0.347085201793722,0.31556203498474084,0.15571946592174418,0.7030881056709752,0.5663759797009785,0.07623318385650224,0.4470588235294118,0.0,0.07623318385650224,0.4470588235294118,0.0,K002+KI05+KA01
svm,raw,source_holdout,0.45,0.4042206410022502,0.27613488927656177,0.8016709826426485,0.695136860997769,,,,,,,K002+KI05+KA01
svm,raw,target_real,0.452914798206278,0.4493186074499762,0.1850731763037965,0.6914011555537083,0.5153435281324962,0.036771300448430494,0.6097560975609756,0.0008968609865470852,0.036771300448430494,0.6097560975609756,0.0008968609865470852,K002+KI05+KA01
svm,temperature,target_real,0.452914798206278,0.4493186074499762,0.09404803429596703,0.6506280643486259,0.4901456081765462,0.003587443946188341,0.25,0.0008968609865470852,0.003587443946188341,0.25,0.0008968609865470852,K002+KI05+KA01
svm,isotonic,target_real,0.4358744394618834,0.42982649062992645,0.20136250970802055,0.7250408729107922,0.48016078687215064,0.22152466367713006,0.4008097165991903,0.0,0.22152466367713006,0.4008097165991903,0.0,K002+KI05+KA01
xgboost,raw,source_holdout,0.24583333333333332,0.24503289454951338,0.4700771287083626,1.0501746763050452,0.8062113846926718,,,,,,,K002+KI05+KA01
xgboost,raw,target_real,0.4475336322869955,0.44635963276154306,0.31441055373226046,0.7996471424964064,0.47850791618295563,0.15695067264573992,0.37142857142857144,0.0017937219730941704,0.15695067264573992,0.37142857142857144,0.0017937219730941704,K002+KI05+KA01
xgboost,temperature,target_real,0.4475336322869955,0.44635963276154306,0.07918059947579334,0.644786680327854,0.469825452705986,0.07982062780269059,0.4157303370786517,0.0017937219730941704,0.07982062780269059,0.4157303370786517,0.0017937219730941704,K002+KI05+KA01
xgboost,isotonic,target_real,0.3704035874439462,0.30329563715210234,0.11899382331218947,0.695708961426639,0.5290653571561007,0.18654708520179372,0.5432692307692307,0.0,0.18654708520179372,0.5432692307692307,0.0,K002+KI05+KA01
random_forest,raw,source_holdout,0.225,0.22442141050842193,0.3912328254667775,0.9519443973373978,0.8583226387998127,,,,,,,K002+KI05+KA03
random_forest,raw,target_real,0.40717488789237666,0.40407294470346916,0.2528022198327059,0.7601490187427302,0.5266667246998105,0.0,,0.0,0.0,,0.0,K002+KI05+KA03
random_forest,temperature,target_real,0.40717488789237666,0.40407294470346916,0.04607465453615278,0.650914382889509,0.5102429204685329,0.0,,0.0,0.0,,0.0,K002+KI05+KA03
random_forest,isotonic,target_real,0.30852017937219733,0.2679861974219359,0.10348768423909352,0.6794230757807994,0.5942520482072593,0.0,,0.0,0.0,,0.0,K002+KI05+KA03
svm,raw,source_holdout,0.20416666666666666,0.19678916646635583,0.4252050699428996,0.9941787327098124,0.884665756775459,,,,,,,K002+KI05+KA03
svm,raw,target_real,0.42869955156950673,0.4249837369568395,0.20517046115189536,0.7147826459607134,0.5192514249074885,0.0,,0.0026905829596412557,0.0,,0.0026905829596412557,K002+KI05+KA03
svm,temperature,target_real,0.42869955156950673,0.4249837369568395,0.07787707759585416,0.6559050116604587,0.4994419375003835,0.0,,0.003587443946188341,0.0,,0.003587443946188341,K002+KI05+KA03
svm,isotonic,target_real,0.3739910313901345,0.3169135955498435,0.044130529419083936,0.6716693193643962,0.561412592755223,0.02600896860986547,0.5517241379310345,0.0,0.02600896860986547,0.5517241379310345,0.0,K002+KI05+KA03
xgboost,raw,source_holdout,0.225,0.22386471643284198,0.5165198596815268,1.1217653691465757,0.8313682237099598,,,,,,,K002+KI05+KA03
xgboost,raw,target_real,0.41973094170403585,0.41480509540211036,0.36067286831381073,0.8538780053154063,0.516076011024021,0.0,,0.0008968609865470852,0.0,,0.0008968609865470852,K002+KI05+KA03
xgboost,temperature,target_real,0.41973094170403585,0.41480509540211036,0.04986235909070467,0.6487921906951333,0.5091449779184861,0.0,,0.0008968609865470852,0.0,,0.0008968609865470852,K002+KI05+KA03
xgboost,isotonic,target_real,0.379372197309417,0.3143297763330505,0.078974123101739,0.6815043364883416,0.5940418400254781,0.0,,0.0026905829596412557,0.0,,0.0026905829596412557,K002+KI05+KA03
random_forest,raw,source_holdout,0.36401673640167365,0.3395662559035883,0.22031923178998863,0.7948854846806679,0.6770931537692024,,,,,,,K002+KI05+KA05
random_forest,raw,target_real,0.40358744394618834,0.4007266306470325,0.24282588708963382,0.7354713092789815,0.5102507013748346,0.06995515695067264,0.4358974358974359,0.0,0.06995515695067264,0.4358974358974359,0.0,K002+KI05+KA05
random_forest,temperature,target_real,0.40358744394618834,0.4007266306470325,0.042871820220762795,0.6470307450336221,0.4896004287100631,0.0,,0.0,0.0,,0.0,K002+KI05+KA05
random_forest,isotonic,target_real,0.4242152466367713,0.4197792513821454,0.09408629249448472,0.7017227649757191,0.5220461897015831,0.13094170403587443,0.4315068493150685,0.0,0.13094170403587443,0.4315068493150685,0.0,K002+KI05+KA05
svm,raw,source_holdout,0.37656903765690375,0.3423180592991914,0.2294039077563199,0.777965053924357,0.5939086051968513,,,,,,,K002+KI05+KA05
svm,raw,target_real,0.45112107623318387,0.45171832936680817,0.18008413183626,0.6970776684405225,0.5242060550714372,0.0,,0.0008968609865470852,0.0,,0.0008968609865470852,K002+KI05+KA05
svm,temperature,target_real,0.45112107623318387,0.45171832936680817,0.07572032610493389,0.642315034443032,0.5012268094730173,0.0,,0.0008968609865470852,0.0,,0.0008968609865470852,K002+KI05+KA05
svm,isotonic,target_real,0.4412556053811659,0.4327646601423257,0.10977111925988953,0.679810335811276,0.4957468551517652,0.09865470852017937,0.5909090909090909,0.0,0.09865470852017937,0.5909090909090909,0.0,K002+KI05+KA05
xgboost,raw,source_holdout,0.3263598326359833,0.31182132578780625,0.3580858086442349,0.879448687519362,0.6414404435633253,,,,,,,K002+KI05+KA05
xgboost,raw,target_real,0.43228699551569505,0.43085531080285305,0.3335540822268601,0.8197348727422636,0.5040687057017892,0.08878923766816144,0.48484848484848486,0.0008968609865470852,0.08878923766816144,0.48484848484848486,0.0008968609865470852,K002+KI05+KA05
xgboost,temperature,target_real,0.43228699551569505,0.43085531080285305,0.04592521316908454,0.639586546203101,0.49421765294592523,0.10224215246636771,0.45614035087719296,0.0017937219730941704,0.10224215246636771,0.45614035087719296,0.0017937219730941704,K002+KI05+KA05
xgboost,isotonic,target_real,0.4295964125560538,0.4269425715752376,0.1048648104536169,0.6908591761736261,0.5113180894980072,0.22242152466367712,0.4596774193548387,0.0,0.22242152466367712,0.4596774193548387,0.0,K002+KI05+KA05
random_forest,raw,source_holdout,0.45,0.3944584888505937,0.21340166584217668,0.7123396362938081,0.4007814673258212,,,,,,,K002+KI05+KA06
random_forest,raw,target_real,0.4179372197309417,0.4129539165875329,0.22295014325500684,0.7270286650596275,0.5130796976941665,0.09506726457399103,0.4528301886792453,0.0,0.09506726457399103,0.4528301886792453,0.0,K002+KI05+KA06
random_forest,temperature,target_real,0.4179372197309417,0.4129539165875329,0.04356086052081985,0.6362592523465035,0.49494891151812004,0.051121076233183856,0.24561403508771928,0.0,0.051121076233183856,0.24561403508771928,0.0,K002+KI05+KA06
random_forest,isotonic,target_real,0.357847533632287,0.3247370045259412,0.2302982903282973,0.7633476224108928,0.5395007067350442,0.14708520179372198,0.5,0.0,0.14708520179372198,0.5,0.0,K002+KI05+KA06
svm,raw,source_holdout,0.45,0.38261904761904764,0.21885028526926167,0.7218162054729775,0.3958469346646891,,,,,,,K002+KI05+KA06
svm,raw,target_real,0.44663677130044843,0.44611838141355226,0.18105049364446968,0.6968368553844377,0.5199896996676251,0.0008968609865470852,0.0,0.003587443946188341,0.0008968609865470852,0.0,0.003587443946188341,K002+KI05+KA06
svm,temperature,target_real,0.44663677130044843,0.44611838141355226,0.06961364579206289,0.6308560272371517,0.5026800280707371,0.0008968609865470852,0.0,0.003587443946188341,0.0008968609865470852,0.0,0.003587443946188341,K002+KI05+KA06
svm,isotonic,target_real,0.33542600896860986,0.308022949811684,0.23196202569680557,0.7619254497635582,0.5400504027716184,0.06098654708520179,0.6176470588235294,0.0,0.06098654708520179,0.6176470588235294,0.0,K002+KI05+KA06
xgboost,raw,source_holdout,0.45416666666666666,0.41379379379379383,0.3045849313338598,0.7971849798545406,0.4173163615015137,,,,,,,K002+KI05+KA06
xgboost,raw,target_real,0.4304932735426009,0.4294632494742445,0.32122679676175653,0.809254389078507,0.5013800509911772,0.15067264573991032,0.38095238095238093,0.0008968609865470852,0.15067264573991032,0.38095238095238093,0.0008968609865470852,K002+KI05+KA06
xgboost,temperature,target_real,0.4304932735426009,0.4294632494742445,0.04142453835397251,0.6268380629349282,0.4918608144119065,0.07533632286995516,0.4880952380952381,0.0017937219730941704,0.07533632286995516,0.4880952380952381,0.0017937219730941704,K002+KI05+KA06
xgboost,isotonic,target_real,0.36412556053811657,0.32832312515054507,0.2165245503482845,0.7481020107299068,0.5196681404285199,0.15695067264573992,0.52,0.0,0.21524663677130046,0.4375,0.0,K002+KI05+KA06
random_forest,raw,source_holdout,0.39166666666666666,0.36780125538378766,0.22236649143216877,0.7794721338688679,0.5596520303590533,,,,,,,K002+KI05+KA07
random_forest,raw,target_real,0.41524663677130047,0.41311840256002696,0.23593525257445763,0.7327815573946859,0.5093220689785695,0.09775784753363229,0.45871559633027525,0.0,0.09775784753363229,0.45871559633027525,0.0,K002+KI05+KA07
random_forest,temperature,target_real,0.41524663677130047,0.41311840256002696,0.025709756076411076,0.6366842310600198,0.4867273354293194,0.08340807174887892,0.3548387096774194,0.0,0.08340807174887892,0.3548387096774194,0.0,K002+KI05+KA07
random_forest,isotonic,target_real,0.39103139013452914,0.38894951928755345,0.11910120410239325,0.7027388465405336,0.531108601568751,0.13452914798206278,0.4866666666666667,0.0,0.13452914798206278,0.4866666666666667,0.0,K002+KI05+KA07
svm,raw,source_holdout,0.3541666666666667,0.32600148253553995,0.2796508522928733,0.7945818809262559,0.5313699240486919,,,,,,,K002+KI05+KA07
svm,raw,target_real,0.45739910313901344,0.4553705682666931,0.18980316502090427,0.6994246832588094,0.5144433747816978,0.0008968609865470852,0.0,0.0017937219730941704,0.0008968609865470852,0.0,0.0017937219730941704,K002+KI05+KA07
svm,temperature,target_real,0.45739910313901344,0.4553705682666931,0.08676994687565763,0.6440782283047215,0.495545049096706,0.0008968609865470852,0.0,0.0008968609865470852,0.0008968609865470852,0.0,0.0008968609865470852,K002+KI05+KA07
svm,isotonic,target_real,0.36412556053811657,0.348347132597832,0.1538407147997778,0.6778021987673171,0.5252542201732643,0.0017937219730941704,0.5,0.0,0.0017937219730941704,0.5,0.0,K002+KI05+KA07
xgboost,raw,source_holdout,0.4083333333333333,0.3888868851256473,0.32531883579989274,0.8516589108835719,0.5597941144851958,,,,,,,K002+KI05+KA07
xgboost,raw,target_real,0.45201793721973094,0.4507476183661157,0.3146592096897519,0.7996770179821634,0.4963016788722025,0.08699551569506726,0.5360824742268041,0.0017937219730941704,0.08699551569506726,0.5360824742268041,0.0017937219730941704,K002+KI05+KA07
xgboost,temperature,target_real,0.45201793721973094,0.4507476183661157,0.06198341565185384,0.6326479074839613,0.48581376703307555,0.03856502242152467,0.5813953488372093,0.0017937219730941704,0.03856502242152467,0.5813953488372093,0.0017937219730941704,K002+KI05+KA07
xgboost,isotonic,target_real,0.4565022421524664,0.4565760289826993,0.1231012785728611,0.6764102644998545,0.5056099653915117,0.06995515695067264,0.6538461538461539,0.0017937219730941704,0.06995515695067264,0.6538461538461539,0.0017937219730941704,K002+KI05+KA07
random_forest,raw,source_holdout,0.35564853556485354,0.3326516700749829,0.2667676426809544,0.7695131963380907,0.5628039514358039,,,,,,,K002+KI05+KA08
random_forest,raw,target_real,0.42869955156950673,0.42379359286293594,0.219612528073088,0.7365149670977311,0.5142835786905501,0.13452914798206278,0.49333333333333335,0.011659192825112108,0.13452914798206278,0.49333333333333335,0.011659192825112108,K002+KI05+KA08
random_forest,temperature,target_real,0.42869955156950673,0.42379359286293594,0.03319336337128996,0.636380642964694,0.4998546806101965,0.12556053811659193,0.4642857142857143,0.011659192825112108,0.12556053811659193,0.4642857142857143,0.011659192825112108,K002+KI05+KA08
random_forest,isotonic,target_real,0.34260089686098655,0.31978299115788617,0.20202574077137145,0.7484368931655252,0.5579112870473101,0.16950672645739912,0.5661375661375662,0.0,0.16950672645739912,0.5661375661375662,0.0,K002+KI05+KA08
svm,raw,source_holdout,0.40585774058577406,0.3653362197516647,0.21937314973882727,0.755339329841853,0.5163342503879436,,,,,,,K002+KI05+KA08
svm,raw,target_real,0.4591928251121076,0.4562774983075561,0.18016638418796677,0.6950457864317159,0.5171017974353389,0.003587443946188341,0.25,0.0008968609865470852,0.003587443946188341,0.25,0.0008968609865470852,K002+KI05+KA08
svm,temperature,target_real,0.4591928251121076,0.4562774983075561,0.066528317809727,0.6352113066645714,0.5009146922861722,0.004484304932735426,0.4,0.0008968609865470852,0.004484304932735426,0.4,0.0008968609865470852,K002+KI05+KA08
svm,isotonic,target_real,0.42780269058295967,0.4201317441597148,0.09580641758102187,0.7196378477106572,0.552156432798625,0.07802690582959641,0.5977011494252874,0.0,0.07802690582959641,0.5977011494252874,0.0,K002+KI05+KA08
xgboost,raw,source_holdout,0.3807531380753138,0.3616758720206996,0.3485079317910901,0.8506061212152296,0.5357849628821229,,,,,,,K002+KI05+KA08
xgboost,raw,target_real,0.4412556053811659,0.4389524675785657,0.32068498864302186,0.8047538925873992,0.5009555293463276,0.09147982062780269,0.45098039215686275,0.0008968609865470852,0.09147982062780269,0.45098039215686275,0.0008968609865470852,K002+KI05+KA08
xgboost,temperature,target_real,0.4412556053811659,0.4389524675785657,0.034187486792893684,0.6284966271111406,0.4954655383824918,0.10403587443946188,0.47413793103448276,0.0,0.10403587443946188,0.47413793103448276,0.0,K002+KI05+KA08
xgboost,isotonic,target_real,0.37847533632286995,0.3544442517934346,0.16914827828229792,0.7161223087506734,0.5134443523153112,0.20358744394618833,0.44933920704845814,0.0,0.20358744394618833,0.44933920704845814,0.0,K002+KI05+KA08
random_forest,raw,source_holdout,0.39330543933054396,0.34727745116440295,0.2452568775829742,0.7494066014998484,0.4820214700393671,,,,,,,K002+KI05+KA09
random_forest,raw,target_real,0.4125560538116592,0.4085945142419332,0.22626102096016465,0.7366957514081499,0.5193853194628997,0.09058295964125561,0.43564356435643564,0.0,0.09058295964125561,0.43564356435643564,0.0,K002+KI05+KA09
random_forest,temperature,target_real,0.4125560538116592,0.4085945142419332,0.037151124515546106,0.6370360774640732,0.5067684593707907,0.051121076233183856,0.3157894736842105,0.0,0.051121076233183856,0.3157894736842105,0.0,K002+KI05+KA09
random_forest,isotonic,target_real,0.3273542600896861,0.2973001887894413,0.21537454113090349,0.7330278419136169,0.5631714063517269,0.17130044843049327,0.5340314136125655,0.0,0.17130044843049327,0.5340314136125655,0.0,K002+KI05+KA09
svm,raw,source_holdout,0.39330543933054396,0.348597216409539,0.24825432208939036,0.7714204385031911,0.4956476015765451,,,,,,,K002+KI05+KA09
svm,raw,target_real,0.43228699551569505,0.43455107201310894,0.18978804785073491,0.6978390676332237,0.5201791051261085,0.0008968609865470852,0.0,0.0026905829596412557,0.0008968609865470852,0.0,0.0026905829596412557,K002+KI05+KA09
svm,temperature,target_real,0.43228699551569505,0.43455107201310894,0.042145397543257586,0.6373983917124976,0.5046336338561641,0.0,,0.004484304932735426,0.0,,0.004484304932735426,K002+KI05+KA09
svm,isotonic,target_real,0.3847533632286996,0.37205363290386667,0.12442839712631808,0.7185162145399242,0.5673734291706428,0.03139013452914798,0.6285714285714286,0.0,0.03139013452914798,0.6285714285714286,0.0,K002+KI05+KA09
xgboost,raw,source_holdout,0.42677824267782427,0.3928005911342805,0.30604821855054243,0.8127087275369159,0.47187882945535836,,,,,,,K002+KI05+KA09
xgboost,raw,target_real,0.4349775784753363,0.43351058903322975,0.31697397876213484,0.8093346423414602,0.5115584447177476,0.11300448430493273,0.48412698412698413,0.0008968609865470852,0.11300448430493273,0.48412698412698413,0.0008968609865470852,K002+KI05+KA09
xgboost,temperature,target_real,0.4349775784753363,0.43351058903322975,0.02696127666254209,0.6303957774301021,0.5006075051698918,0.04394618834080718,0.5510204081632653,0.0008968609865470852,0.04394618834080718,0.5510204081632653,0.0008968609865470852,K002+KI05+KA09
xgboost,isotonic,target_real,0.3829596412556054,0.3615240960788575,0.17559523822706302,0.727128871101554,0.5070484396582459,0.15964125560538117,0.4887640449438202,0.0,0.15964125560538117,0.4887640449438202,0.0,K002+KI05+KA09
random_forest,raw,source_holdout,0.3389121338912134,0.3307374724528793,0.24683029048660224,0.7922632124376093,0.7151250993672658,,,,,,,K002+KI07+KA01
random_forest,raw,target_real,0.4484304932735426,0.444600283965948,0.20178718765260584,0.7185865324816881,0.49058736305120443,0.1031390134529148,0.45217391304347826,0.0,0.1031390134529148,0.45217391304347826,0.0,K002+KI07+KA01
random_forest,temperature,target_real,0.4484304932735426,0.444600283965948,0.08726841139080686,0.6478066166462593,0.4858202858502026,0.03587443946188341,0.25,0.0,0.03587443946188341,0.25,0.0,K002+KI07+KA01
random_forest,isotonic,target_real,0.41614349775784754,0.3792404239267813,0.15643540401677322,0.7184619550085997,0.565904073189154,0.10403587443946188,0.5948275862068966,0.0,0.10403587443946188,0.5948275862068966,0.0,K002+KI07+KA01
svm,raw,source_holdout,0.4476987447698745,0.3868734142315196,0.21198250054503007,0.7684275942658937,0.6548495332671538,,,,,,,K002+KI07+KA01
svm,raw,target_real,0.4726457399103139,0.4646099626040281,0.15875491303191103,0.6734134442429671,0.5072265953962141,0.06636771300448431,0.5945945945945946,0.0008968609865470852,0.06636771300448431,0.5945945945945946,0.0008968609865470852,K002+KI07+KA01
svm,temperature,target_real,0.4726457399103139,0.4646099626040281,0.11782421327997289,0.6517507397622229,0.48696486922324933,0.003587443946188341,0.25,0.0008968609865470852,0.003587443946188341,0.25,0.0008968609865470852,K002+KI07+KA01
svm,isotonic,target_real,0.4493273542600897,0.4378024534314182,0.13038383344806198,0.7303945678212547,0.4887828401858841,0.12825112107623318,0.5944055944055944,0.0,0.12825112107623318,0.5944055944055944,0.0,K002+KI07+KA01
xgboost,raw,source_holdout,0.3891213389121339,0.3675810822624355,0.3145749244729844,0.8455769190840676,0.5524699041784769,,,,,,,K002+KI07+KA01
xgboost,raw,target_real,0.4493273542600897,0.4473542822966492,0.3148889705739214,0.7978376918865859,0.4586368302984,0.16950672645739912,0.3333333333333333,0.0008968609865470852,0.16950672645739912,0.3333333333333333,0.0008968609865470852,K002+KI07+KA01
xgboost,temperature,target_real,0.4493273542600897,0.4473542822966492,0.055036248201409704,0.6318135813408826,0.4477705166434917,0.18026905829596412,0.3383084577114428,0.0008968609865470852,0.18026905829596412,0.3383084577114428,0.0008968609865470852,K002+KI07+KA01
xgboost,isotonic,target_real,0.420627802690583,0.4176982290417015,0.12428552191826549,0.696033283261773,0.4736924338727807,0.18923766816143497,0.4834123222748815,0.0,0.18923766816143497,0.4834123222748815,0.0,K002+KI07+KA01
random_forest,raw,source_holdout,0.2719665271966527,0.26651535598904014,0.30576132212302864,0.8847084143946441,0.8117552220923733,,,,,,,K002+KI07+KA03
random_forest,raw,target_real,0.41076233183856503,0.4101324127099472,0.2459537570434735,0.7552871980246229,0.5289033541440085,0.0,,0.0,0.0,,0.0,K002+KI07+KA03
random_forest,temperature,target_real,0.41076233183856503,0.4101324127099472,0.049667988075353255,0.6496479157263552,0.5033738934344827,0.0,,0.0,0.0,,0.0,K002+KI07+KA03
random_forest,isotonic,target_real,0.3094170403587444,0.2702808701103426,0.10285328516759551,0.6833948038238412,0.5749653344561682,0.0,,0.0,0.0,,0.0,K002+KI07+KA03
svm,raw,source_holdout,0.20502092050209206,0.20489160921761915,0.38387277277343607,0.9078956545518344,0.8609628140366935,,,,,,,K002+KI07+KA03
svm,raw,target_real,0.4412556053811659,0.4381825451119141,0.179709086431614,0.6945393642514406,0.5087632230994595,0.0,,0.0017937219730941704,0.0,,0.0017937219730941704,K002+KI07+KA03
svm,temperature,target_real,0.4412556053811659,0.4381825451119141,0.09143763741898359,0.655645323921525,0.4872379321469218,0.0,,0.0026905829596412557,0.0,,0.0026905829596412557,K002+KI07+KA03
svm,isotonic,target_real,0.3937219730941704,0.3264675698318676,0.044051695692137065,0.6699486428577558,0.5330013399601155,0.008071748878923767,0.6666666666666666,0.0,0.008071748878923767,0.6666666666666666,0.0,K002+KI07+KA03
xgboost,raw,source_holdout,0.24686192468619247,0.24012237029586792,0.45611899804370665,1.0367213265348516,0.7807025876678487,,,,,,,K002+KI07+KA03
xgboost,raw,target_real,0.431390134529148,0.4286526588941996,0.3406484733247971,0.8397679164546518,0.4846002904278106,0.0,,0.0008968609865470852,0.0,,0.0008968609865470852,K002+KI07+KA03
xgboost,temperature,target_real,0.431390134529148,0.4286526588941996,0.060556717280561584,0.6456161572089381,0.4699567594715338,0.0,,0.0008968609865470852,0.0,,0.0008968609865470852,K002+KI07+KA03
xgboost,isotonic,target_real,0.4170403587443946,0.40769844745179795,0.07296752371052916,0.6741396774373668,0.5032331493322704,0.0,,0.006278026905829596,0.0,,0.006278026905829596,K002+KI07+KA03
random_forest,raw,source_holdout,0.36134453781512604,0.35225645813881107,0.2140038604355588,0.7941328885943209,0.707447977519517,,,,,,,K002+KI07+KA05
random_forest,raw,target_real,0.42152466367713004,0.42030612814926543,0.2160245150258107,0.7363269182353572,0.5136992913192957,0.08609865470852018,0.4166666666666667,0.0,0.08609865470852018,0.4166666666666667,0.0,K002+KI07+KA05
random_forest,temperature,target_real,0.42152466367713004,0.42030612814926543,0.06292560701869006,0.649700609554084,0.5000724879061744,0.10493273542600896,0.41025641025641024,0.0,0.10493273542600896,0.41025641025641024,0.0,K002+KI07+KA05
random_forest,isotonic,target_real,0.4493273542600897,0.434099565223198,0.1600940198610405,0.7299117335532654,0.4945400185205076,0.14977578475336323,0.5269461077844312,0.0,0.14977578475336323,0.5269461077844312,0.0,K002+KI07+KA05
svm,raw,source_holdout,0.2647058823529412,0.25712597095575823,0.31970330077884557,0.8333598302949767,0.7553942772456574,,,,,,,K002+KI07+KA05
svm,raw,target_real,0.46278026905829595,0.4602000217683048,0.15817631884961983,0.6837265876793868,0.5216248083580963,0.0,,0.0008968609865470852,0.0,,0.0008968609865470852,K002+KI07+KA05
svm,temperature,target_real,0.46278026905829595,0.4602000217683048,0.11272337001917648,0.6547914172443678,0.49352706978823657,0.014349775784753363,0.625,0.0008968609865470852,0.014349775784753363,0.625,0.0008968609865470852,K002+KI07+KA05
svm,isotonic,target_real,0.3775784753363229,0.3202680460339928,0.061544743007647756,0.6778006580280606,0.5093501047427829,0.10044843049327354,0.5892857142857143,0.0,0.10044843049327354,0.5892857142857143,0.0,K002+KI07+KA05
xgboost,raw,source_holdout,0.31092436974789917,0.30263016144174093,0.3666707948476326,0.9160670233807336,0.6784436575950153,,,,,,,K002+KI07+KA05
xgboost,raw,target_real,0.43766816143497755,0.4370402148827573,0.3330857468025567,0.8185053504842585,0.4883786193406461,0.14170403587443947,0.34810126582278483,0.0008968609865470852,0.14170403587443947,0.34810126582278483,0.0008968609865470852,K002+KI07+KA05
xgboost,temperature,target_real,0.43766816143497755,0.4370402148827573,0.06916666514201905,0.64577208570926,0.4778348508711637,0.15874439461883408,0.3672316384180791,0.0017937219730941704,0.15874439461883408,0.3672316384180791,0.0017937219730941704,K002+KI07+KA05
xgboost,isotonic,target_real,0.4538116591928251,0.4303659994878109,0.13317149714865084,0.6969286034012299,0.46964861332568064,0.12197309417040358,0.5808823529411765,0.0,0.12197309417040358,0.5808823529411765,0.0,K002+KI07+KA05
random_forest,raw,source_holdout,0.49372384937238495,0.44870998718394217,0.16014599889544626,0.6612715227570448,0.33843703560257793,,,,,,,K002+KI07+KA06
random_forest,raw,target_real,0.43946188340807174,0.43483202153804673,0.1982504296784697,0.7250240881219251,0.5093078336181447,0.13094170403587443,0.5,0.0,0.15246636771300448,0.48823529411764705,0.0,K002+KI07+KA06
random_forest,temperature,target_real,0.43946188340807174,0.43483202153804673,0.038301417801356694,0.6373253995477374,0.4969148017957146,0.09417040358744394,0.42857142857142855,0.0,0.12197309417040358,0.4411764705882353,0.0,K002+KI07+KA06
random_forest,isotonic,target_real,0.3865470852017937,0.3814934674944774,0.23279449295735444,0.7917820756178882,0.5332629607496925,0.1452914798206278,0.5246913580246914,0.0,0.20269058295964126,0.5796460176991151,0.0,K002+KI07+KA06
svm,raw,source_holdout,0.4476987447698745,0.38439866724612487,0.18888160290906017,0.668534525808802,0.33746661380088994,,,,,,,K002+KI07+KA06
svm,raw,target_real,0.4591928251121076,0.4533895859312553,0.16115301193604392,0.6771239903373641,0.5158092571278438,0.045739910313901344,0.6666666666666666,0.0026905829596412557,0.05739910313901345,0.625,0.0026905829596412557,K002+KI07+KA06
svm,temperature,target_real,0.4591928251121076,0.4533895859312553,0.09391931410193312,0.6265467463466264,0.4957509705036309,0.009865470852017937,0.5454545454545454,0.0017937219730941704,0.014349775784753363,0.5,0.0017937219730941704,K002+KI07+KA06
svm,isotonic,target_real,0.3524663677130045,0.3440006227689056,0.2194944960947079,0.8239745105142748,0.5483730934581043,0.16322869955156952,0.6098901098901099,0.0,0.18475336322869956,0.6262135922330098,0.0,K002+KI07+KA06
xgboost,raw,source_holdout,0.4560669456066946,0.41910692519166554,0.2763299399589395,0.7575532178465606,0.3799536066640799,,,,,,,K002+KI07+KA06
xgboost,raw,target_real,0.42869955156950673,0.42870314927021375,0.3265669074026459,0.8068589411089863,0.4841553820317226,0.20448430493273542,0.3815789473684211,0.0008968609865470852,0.20448430493273542,0.3815789473684211,0.0008968609865470852,K002+KI07+KA06
xgboost,temperature,target_real,0.42869955156950673,0.42870314927021375,0.03481731382683867,0.6230049901265802,0.47758596517625046,0.18744394618834082,0.3588516746411483,0.0008968609865470852,0.21345291479820627,0.3865546218487395,0.0008968609865470852,K002+KI07+KA06
xgboost,isotonic,target_real,0.38385650224215245,0.3680540331178543,0.19811522948548854,0.7681157798145122,0.502317769511442,0.20717488789237667,0.5281385281385281,0.0,0.20986547085201793,0.5256410256410257,0.0,K002+KI07+KA06
random_forest,raw,source_holdout,0.37656903765690375,0.36359417061171445,0.21674643632833673,0.7687529204110011,0.564978084576765,,,,,,,K002+KI07+KA07
random_forest,raw,target_real,0.42690582959641254,0.4251946461225901,0.2179938469081461,0.7286864600920746,0.5077172501456896,0.13183856502242153,0.5170068027210885,0.0,0.13183856502242153,0.5170068027210885,0.0,K002+KI07+KA07
random_forest,temperature,target_real,0.42690582959641254,0.4251946461225901,0.06528349583267318,0.6479258182220172,0.4937129497405594,0.03497757847533632,0.23076923076923078,0.0,0.03497757847533632,0.23076923076923078,0.0,K002+KI07+KA07
random_forest,isotonic,target_real,0.42690582959641254,0.3988854836312463,0.11685065914765541,0.7091243796427193,0.5354835463790439,0.13452914798206278,0.5066666666666667,0.0,0.13452914798206278,0.5066666666666667,0.0,K002+KI07+KA07
svm,raw,source_holdout,0.3472803347280335,0.3282278992163211,0.260414535587998,0.7994349626975703,0.5750695737908869,,,,,,,K002+KI07+KA07
svm,raw,target_real,0.46905829596412557,0.4637608554109851,0.17168436936625003,0.6892006521790455,0.5174929235008441,0.05560538116591928,0.6774193548387096,0.0017937219730941704,0.05560538116591928,0.6774193548387096,0.0017937219730941704,K002+KI07+KA07
svm,temperature,target_real,0.46905829596412557,0.4637608554109851,0.11325528987013721,0.6513803057249633,0.4924741511475075,0.013452914798206279,0.6,0.0017937219730941704,0.013452914798206279,0.6,0.0017937219730941704,K002+KI07+KA07
svm,isotonic,target_real,0.3022421524663677,0.2487962962962963,0.16645559485801262,0.7150192512680015,0.5930061854084107,0.07533632286995516,0.6309523809523809,0.0,0.07533632286995516,0.6309523809523809,0.0,K002+KI07+KA07
xgboost,raw,source_holdout,0.37656903765690375,0.36443068455452354,0.3491481697210208,0.8892946488554762,0.5738995292419959,,,,,,,K002+KI07+KA07
xgboost,raw,target_real,0.44484304932735425,0.44519191325855684,0.3239228349897359,0.8121946302369893,0.4778024963139853,0.19641255605381167,0.3789954337899543,0.0008968609865470852,0.19641255605381167,0.3789954337899543,0.0008968609865470852,K002+KI07+KA07
xgboost,temperature,target_real,0.44484304932735425,0.44519191325855684,0.07029579573830583,0.6416168613197156,0.46855549141302494,0.15784753363228698,0.3409090909090909,0.0008968609865470852,0.15784753363228698,0.3409090909090909,0.0008968609865470852,K002+KI07+KA07
xgboost,isotonic,target_real,0.46457399103139013,0.459503885865683,0.11920423101622528,0.683647896825679,0.4777179845901249,0.15426008968609867,0.5058139534883721,0.0,0.15426008968609867,0.5058139534883721,0.0,K002+KI07+KA07
random_forest,raw,source_holdout,0.37815126050420167,0.3637251308900524,0.2172269149505054,0.7488927332717726,0.5481379860281107,,,,,,,K002+KI07+KA08
random_forest,raw,target_real,0.4260089686098655,0.42359164496699275,0.2151883460915673,0.7337669228345803,0.5154469838289921,0.12645739910313902,0.5106382978723404,0.0,0.12645739910313902,0.5106382978723404,0.0,K002+KI07+KA08
random_forest,temperature,target_real,0.4260089686098655,0.42359164496699275,0.02993395363599704,0.6368875515222965,0.5062377953221232,0.15695067264573992,0.5085714285714286,0.0,0.15695067264573992,0.5085714285714286,0.0,K002+KI07+KA08
random_forest,isotonic,target_real,0.347085201793722,0.3307470261062683,0.1848960733256509,0.7428003011196277,0.5620705978483284,0.14439461883408072,0.5279503105590062,0.0,0.14439461883408072,0.5279503105590062,0.0,K002+KI07+KA08
svm,raw,source_holdout,0.3739495798319328,0.3542801624655227,0.21936713892719684,0.7431158484194873,0.5445152322069395,,,,,,,K002+KI07+KA08
svm,raw,target_real,0.46457399103139013,0.45825349336909,0.16488152378427295,0.6859076929842849,0.5263405186867727,0.07623318385650224,0.6352941176470588,0.0008968609865470852,0.07623318385650224,0.6352941176470588,0.0008968609865470852,K002+KI07+KA08
svm,temperature,target_real,0.46457399103139013,0.45825349336909,0.08463849351000127,0.6392040873464706,0.5033192430050534,0.019730941704035873,0.6818181818181818,0.0008968609865470852,0.019730941704035873,0.6818181818181818,0.0008968609865470852,K002+KI07+KA08
svm,isotonic,target_real,0.4439461883408072,0.42906711146199855,0.07590054137972832,0.6633472939181557,0.5048942036316367,0.13452914798206278,0.6,0.0,0.13452914798206278,0.6,0.0,K002+KI07+KA08
xgboost,raw,source_holdout,0.39915966386554624,0.38368717941932723,0.31722924513977113,0.8585705946493243,0.5513619862259214,,,,,,,K002+KI07+KA08
xgboost,raw,target_real,0.4367713004484305,0.4358809707893574,0.3225753291305405,0.8153872440830995,0.4867169965447049,0.0,,0.0,0.0,,0.0,K002+KI07+KA08
xgboost,temperature,target_real,0.4367713004484305,0.4358809707893574,0.03075301692062561,0.6314223001596632,0.4816910098444089,0.14170403587443947,0.34177215189873417,0.0,0.14170403587443947,0.34177215189873417,0.0,K002+KI07+KA08
xgboost,isotonic,target_real,0.40896860986547084,0.40385404964418975,0.13625709202897526,0.6999105968978028,0.4910742497883092,0.15964125560538117,0.47191011235955055,0.0,0.15964125560538117,0.47191011235955055,0.0,K002+KI07+KA08
random_forest,raw,source_holdout,0.4411764705882353,0.4094880123442383,0.16244756616654935,0.6957200376872406,0.42816164696206593,,,,,,,K002+KI07+KA09
random_forest,raw,target_real,0.42511210762331836,0.42347105818058256,0.20696260185421803,0.7336062911753919,0.5274883119590694,0.14708520179372198,0.5,0.0,0.14708520179372198,0.5,0.0,K002+KI07+KA09
random_forest,temperature,target_real,0.42511210762331836,0.42347105818058256,0.04070552270430095,0.6420915746651715,0.5128498547049367,0.036771300448430494,0.2926829268292683,0.0,0.036771300448430494,0.2926829268292683,0.0,K002+KI07+KA09
random_forest,isotonic,target_real,0.36233183856502243,0.3485250896146248,0.19733640015279363,0.7615514014608362,0.558076347514685,0.18206278026905828,0.5320197044334976,0.0,0.24484304932735426,0.5457875457875457,0.0,K002+KI07+KA09
svm,raw,source_holdout,0.42857142857142855,0.3849987384699867,0.1803446768858979,0.7019281154636158,0.42768039577161604,,,,,,,K002+KI07+KA09
svm,raw,target_real,0.45201793721973094,0.44837092744934043,0.16235364673983066,0.6810060479233994,0.5152697213726909,0.006278026905829596,0.42857142857142855,0.0017937219730941704,0.006278026905829596,0.42857142857142855,0.0017937219730941704,K002+KI07+KA09
svm,temperature,target_real,0.45201793721973094,0.44837092744934043,0.06269431694119515,0.6331144043679815,0.4924202235864423,0.0026905829596412557,0.0,0.0026905829596412557,0.0026905829596412557,0.0,0.0026905829596412557,K002+KI07+KA09
svm,isotonic,target_real,0.3955156950672646,0.396494605099646,0.15017447099867792,0.7568196741357035,0.5507561183412736,0.09955156950672646,0.5765765765765766,0.0,0.09955156950672646,0.5765765765765766,0.0,K002+KI07+KA09
xgboost,raw,source_holdout,0.4327731092436975,0.4024808862537057,0.2894689021240764,0.787594305232193,0.4352156270710894,,,,,,,K002+KI07+KA09
xgboost,raw,target_real,0.4233183856502242,0.4221800629334642,0.32884655696394194,0.8275306009634222,0.5050618470831915,0.16591928251121077,0.3783783783783784,0.0008968609865470852,0.16591928251121077,0.3783783783783784,0.0008968609865470852,K002+KI07+KA09
xgboost,temperature,target_real,0.4233183856502242,0.4221800629334642,0.03603076228364916,0.6304928310839298,0.4937778765461375,0.17040358744394618,0.3684210526315789,0.0008968609865470852,0.17040358744394618,0.3684210526315789,0.0008968609865470852,K002+KI07+KA09
xgboost,isotonic,target_real,0.3901345291479821,0.3832791493462288,0.17150612902874368,0.7351552784899016,0.5058843040621195,0.22780269058295965,0.42913385826771655,0.0,0.22780269058295965,0.42913385826771655,0.0,K002+KI07+KA09
random_forest,raw,source_holdout,0.2689075630252101,0.26302902423232527,0.3184063347156058,0.8530547466408986,0.7637199677836722,,,,,,,K002+KI08+KA01
random_forest,raw,target_real,0.4609865470852018,0.45552678228677684,0.1968376363906717,0.7122261074878644,0.48843817397937467,0.10044843049327354,0.44642857142857145,0.0,0.10044843049327354,0.44642857142857145,0.0,K002+KI08+KA01
random_forest,temperature,target_real,0.4609865470852018,0.45552678228677684,0.09859815093260314,0.6464840787348374,0.47334154531918704,0.039461883408071746,0.22727272727272727,0.0,0.039461883408071746,0.22727272727272727,0.0,K002+KI08+KA01
random_forest,isotonic,target_real,0.4475336322869955,0.4336044099875882,0.18500414183394434,0.7367493846707758,0.4945414208772726,0.13632286995515694,0.625,0.0,0.13632286995515694,0.625,0.0,K002+KI08+KA01
svm,raw,source_holdout,0.4327731092436975,0.3837375268409751,0.22048342018038591,0.7787498004076665,0.6713385366809466,,,,,,,K002+KI08+KA01
svm,raw,target_real,0.47533632286995514,0.46835595149503156,0.1601715561232817,0.6733604657241616,0.5029221175992641,0.0,,0.0008968609865470852,0.0,,0.0008968609865470852,K002+KI08+KA01
svm,temperature,target_real,0.47533632286995514,0.46835595149503156,0.11309157009831688,0.6473346317153775,0.4820517597027345,0.004484304932735426,0.2,0.0,0.004484304932735426,0.2,0.0,K002+KI08+KA01
svm,isotonic,target_real,0.4224215246636771,0.41315701184323644,0.21590669572769822,0.7294233740915035,0.4963445943127316,0.18385650224215247,0.6536585365853659,0.0,0.18385650224215247,0.6536585365853659,0.0,K002+KI08+KA01
xgboost,raw,source_holdout,0.3235294117647059,0.31939445102338326,0.38747161050804524,0.9846226105207502,0.7339271008135543,,,,,,,K002+KI08+KA01
xgboost,raw,target_real,0.44484304932735425,0.4421531823940004,0.3171837610246889,0.802230785387849,0.4672730978544592,0.14618834080717488,0.3128834355828221,0.0008968609865470852,0.14618834080717488,0.3128834355828221,0.0008968609865470852,K002+KI08+KA01
xgboost,temperature,target_real,0.44484304932735425,0.4421531823940004,0.07609931953277499,0.6439562871247431,0.45957894045675135,0.1147982062780269,0.296875,0.0008968609865470852,0.1147982062780269,0.296875,0.0008968609865470852,K002+KI08+KA01
xgboost,isotonic,target_real,0.4430493273542601,0.42010465494707905,0.11927888657263001,0.686814610061471,0.5135752826750697,0.15784753363228698,0.5681818181818182,0.0026905829596412557,0.15784753363228698,0.5681818181818182,0.0026905829596412557,K002+KI08+KA01
random_forest,raw,source_holdout,0.2773109243697479,0.27037284629910546,0.31249057315766776,0.8848546521953775,0.7913187298684885,,,,,,,K002+KI08+KA03
random_forest,raw,target_real,0.41614349775784754,0.4140648308775356,0.24357061826648124,0.7523118340744456,0.5245585952464763,0.0,,0.006278026905829596,0.0,,0.006278026905829596,K002+KI08+KA03
random_forest,temperature,target_real,0.41614349775784754,0.4140648308775356,0.05814436113299827,0.6503215728995783,0.5084294649342183,0.0,,0.006278026905829596,0.0,,0.006278026905829596,K002+KI08+KA03
random_forest,isotonic,target_real,0.41524663677130047,0.39188272494742976,0.11123807296592098,0.702811332434331,0.5560447828181011,0.0,,0.0,0.0,,0.0,K002+KI08+KA03
svm,raw,source_holdout,0.23949579831932774,0.22423122482823976,0.36845864491423685,0.9146229884215601,0.8351417711115411,,,,,,,K002+KI08+KA03
svm,raw,target_real,0.44484304932735425,0.4417790618901354,0.17206016726474177,0.6916323729330262,0.5054697820200693,0.0,,0.0026905829596412557,0.0,,0.0026905829596412557,K002+KI08+KA03
svm,temperature,target_real,0.44484304932735425,0.4417790618901354,0.09498577260620311,0.6555105579721303,0.4846652658580601,0.0,,0.004484304932735426,0.0,,0.004484304932735426,K002+KI08+KA03
svm,isotonic,target_real,0.37130044843049326,0.31598568112537406,0.11529143076489018,0.6714779818078599,0.586711626945746,0.008968609865470852,0.6,0.0,0.008968609865470852,0.6,0.0,K002+KI08+KA03
xgboost,raw,source_holdout,0.2857142857142857,0.2761916777620295,0.43387978943456124,1.038794707774234,0.7656839300564966,,,,,,,K002+KI08+KA03
xgboost,raw,target_real,0.42869955156950673,0.42553838710915315,0.34828501461332695,0.8439858080740388,0.48773287447658104,0.0,,0.0,0.0,,0.0,K002+KI08+KA03
xgboost,temperature,target_real,0.42869955156950673,0.42553838710915315,0.05799440401752501,0.6466340418853326,0.48192467850116977,0.0,,0.0,0.0,,0.0,K002+KI08+KA03
xgboost,isotonic,target_real,0.4260089686098655,0.40848772381618287,0.09522761813456448,0.6657035706086062,0.49058834392028305,0.0,,0.0053811659192825115,0.0,,0.0053811659192825115,K002+KI08+KA03
random_forest,raw,source_holdout,0.39662447257383965,0.3708896190823901,0.15904500775031333,0.7527451024637862,0.6269728810190845,,,,,,,K002+KI08+KA05
random_forest,raw,target_real,0.4358744394618834,0.43330519713952054,0.2041060539834076,0.7270701536136938,0.5086426875216696,0.09596412556053811,0.4392523364485981,0.0,0.09596412556053811,0.4392523364485981,0.0,K002+KI08+KA05
random_forest,temperature,target_real,0.4358744394618834,0.43330519713952054,0.07731602462774291,0.6492628840632808,0.49184882680093167,0.0,,0.0,0.0,,0.0,K002+KI08+KA05
random_forest,isotonic,target_real,0.4349775784753363,0.4277600897355032,0.16470748208330832,0.7231816291992297,0.5079023380413039,0.16860986547085202,0.4946808510638298,0.0,0.16860986547085202,0.4946808510638298,0.0,K002+KI08+KA05
svm,raw,source_holdout,0.38396624472573837,0.3487663750939742,0.198581369590982,0.7571802001933331,0.6035602428849604,,,,,,,K002+KI08+KA05
svm,raw,target_real,0.46457399103139013,0.4626897254181849,0.15299188512489598,0.6818702716087196,0.5191750626789043,0.0,,0.0008968609865470852,0.0,,0.0008968609865470852,K002+KI08+KA05
svm,temperature,target_real,0.46457399103139013,0.4626897254181849,0.10311410596136991,0.6438310577425421,0.4930940280640867,0.015246636771300448,0.5882352941176471,0.0017937219730941704,0.015246636771300448,0.5882352941176471,0.0017937219730941704,K002+KI08+KA05
svm,isotonic,target_real,0.4484304932735426,0.43436811558340765,0.06899969419518633,0.6669180328140444,0.5100873327488419,0.06098654708520179,0.6029411764705882,0.0,0.06098654708520179,0.6029411764705882,0.0,K002+KI08+KA05
xgboost,raw,source_holdout,0.3670886075949367,0.35441719534135024,0.32810028280889936,0.8525133179285499,0.6197972497874852,,,,,,,K002+KI08+KA05
xgboost,raw,target_real,0.44484304932735425,0.4434856009738044,0.3153832626984258,0.8058152845003624,0.48596934525142993,0.11031390134529148,0.34146341463414637,0.0008968609865470852,0.11031390134529148,0.34146341463414637,0.0008968609865470852,K002+KI08+KA05
xgboost,temperature,target_real,0.44484304932735425,0.4434856009738044,0.0631273363703554,0.63918878600978,0.47826100817741446,0.12197309417040358,0.3382352941176471,0.0008968609865470852,0.12197309417040358,0.3382352941176471,0.0008968609865470852,K002+KI08+KA05
xgboost,isotonic,target_real,0.45112107623318387,0.444266845515685,0.10752544031226463,0.6902722845304503,0.5000236853122259,0.059192825112107626,0.6212121212121212,0.0,0.059192825112107626,0.6212121212121212,0.0,K002+KI08+KA05
random_forest,raw,source_holdout,0.46638655462184875,0.4087636199169442,0.18682487793152622,0.6615503317291737,0.32944482233698696,,,,,,,K002+KI08+KA06
random_forest,raw,target_real,0.4385650224215247,0.4335179944072866,0.19808204624249715,0.7239420385421048,0.5117217109235253,0.16412556053811658,0.5136612021857924,0.0,0.19551569506726457,0.5321100917431193,0.0,K002+KI08+KA06
random_forest,temperature,target_real,0.4385650224215247,0.4335179944072866,0.039428770237382664,0.6366880282781952,0.4962467991879229,0.06905829596412556,0.35064935064935066,0.0,0.06905829596412556,0.35064935064935066,0.0,K002+KI08+KA06
random_forest,isotonic,target_real,0.3883408071748879,0.38481874881690975,0.24398732304720303,0.8117735008122896,0.5527660993604688,0.16322869955156952,0.5604395604395604,0.0,0.2484304932735426,0.5667870036101083,0.0,K002+KI08+KA06
svm,raw,source_holdout,0.4369747899159664,0.36055772506200895,0.2334779759682329,0.6725641162156502,0.3268088046596888,,,,,,,K002+KI08+KA06
svm,raw,target_real,0.4654708520179372,0.4586701065797217,0.15157211004409954,0.6702924948611078,0.5082701487245895,0.04394618834080718,0.5102040816326531,0.0008968609865470852,0.04663677130044843,0.5192307692307693,0.0008968609865470852,K002+KI08+KA06
svm,temperature,target_real,0.4654708520179372,0.4586701065797217,0.07801660465661166,0.6246774696709418,0.48531810498587774,0.007174887892376682,0.25,0.0017937219730941704,0.0484304932735426,0.5740740740740741,0.0017937219730941704,K002+KI08+KA06
svm,isotonic,target_real,0.36412556053811657,0.34783333408520406,0.26491142727921163,0.8288663117064804,0.5475145159680863,0.15695067264573992,0.5942857142857143,0.0,0.17040358744394618,0.5947368421052631,0.0,K002+KI08+KA06
xgboost,raw,source_holdout,0.4789915966386555,0.435154118627508,0.24671456393073588,0.724530119321415,0.3608458641121851,,,,,,,K002+KI08+KA06
xgboost,raw,target_real,0.442152466367713,0.44027026803433417,0.31704509215504595,0.79686824469086,0.484434641260862,0.17937219730941703,0.375,0.0008968609865470852,0.17937219730941703,0.375,0.0008968609865470852,K002+KI08+KA06
xgboost,temperature,target_real,0.442152466367713,0.44027026803433417,0.02614535733209964,0.622076971748673,0.4755353996963064,0.20717488789237667,0.3722943722943723,0.0008968609865470852,0.21434977578475337,0.37656903765690375,0.0008968609865470852,K002+KI08+KA06
xgboost,isotonic,target_real,0.37847533632286995,0.3681312357394207,0.2324906280823625,0.7729404182403847,0.5094287340388794,0.14349775784753363,0.6,0.0,0.3112107623318386,0.47262247838616717,0.0,K002+KI08+KA06
random_forest,raw,source_holdout,0.41596638655462187,0.39337822671156003,0.18185075977050583,0.7466690310131993,0.521622599689893,,,,,,,K002+KI08+KA07
random_forest,raw,target_real,0.4439461883408072,0.44070515854982456,0.2037793638072691,0.7244648696217673,0.5065353224354359,0.0,,0.0,0.0,,0.0,K002+KI08+KA07
random_forest,temperature,target_real,0.4439461883408072,0.44070515854982456,0.08509679854922442,0.647698059324602,0.4879337477555638,0.0,,0.0,0.0,,0.0,K002+KI08+KA07
random_forest,isotonic,target_real,0.4385650224215247,0.43561172223432204,0.1586437621988798,0.7191683471611752,0.5341743217092706,0.10044843049327354,0.5357142857142857,0.0,0.10044843049327354,0.5357142857142857,0.0,K002+KI08+KA07
svm,raw,source_holdout,0.35714285714285715,0.3239990523572613,0.2636852413285887,0.7723109607798617,0.5101707870575084,,,,,,,K002+KI08+KA07
svm,raw,target_real,0.4654708520179372,0.4614296436909318,0.17266144805334807,0.6800783758542773,0.5032978686571226,0.03856502242152467,0.627906976744186,0.003587443946188341,0.03856502242152467,0.627906976744186,0.003587443946188341,K002+KI08+KA07
svm,temperature,target_real,0.4654708520179372,0.4614296436909318,0.09861805515658924,0.6442731036734949,0.4829230295271815,0.004484304932735426,0.4,0.0026905829596412557,0.004484304932735426,0.4,0.0026905829596412557,K002+KI08+KA07
svm,isotonic,target_real,0.4224215246636771,0.41923353918288253,0.07576434096091303,0.7129782856616877,0.5678222562237988,0.07892376681614349,0.6136363636363636,0.0,0.07892376681614349,0.6136363636363636,0.0,K002+KI08+KA07
xgboost,raw,source_holdout,0.3949579831932773,0.382114090779873,0.3067068577814503,0.8368163554417561,0.5255141849494452,,,,,,,K002+KI08+KA07
xgboost,raw,target_real,0.4556053811659193,0.4542182082860407,0.3149080952988612,0.8023896501031947,0.4830087045397234,0.11390134529147983,0.3700787401574803,0.0008968609865470852,0.11390134529147983,0.3700787401574803,0.0008968609865470852,K002+KI08+KA07
xgboost,temperature,target_real,0.4556053811659193,0.4542182082860407,0.06529858617251844,0.6347837670227887,0.4740073951805068,0.17488789237668162,0.39487179487179486,0.0008968609865470852,0.17488789237668162,0.39487179487179486,0.0008968609865470852,K002+KI08+KA07
xgboost,isotonic,target_real,0.46367713004484307,0.46221024077928563,0.13632170489093248,0.6874403499412957,0.5057566638026387,0.13991031390134528,0.46794871794871795,0.0,0.13991031390134528,0.46794871794871795,0.0,K002+KI08+KA07
random_forest,raw,source_holdout,0.37130801687763715,0.34499024628346514,0.216003264683595,0.7463270737201684,0.5622073053476433,,,,,,,K002+KI08+KA08
random_forest,raw,target_real,0.4493273542600897,0.44450688755881185,0.2028402955504228,0.727990897496053,0.5081258177771031,0.09955156950672646,0.43243243243243246,0.0,0.09955156950672646,0.43243243243243246,0.0,K002+KI08+KA08
random_forest,temperature,target_real,0.4493273542600897,0.44450688755881185,0.054832508818112545,0.6338434408644846,0.4972363496648435,0.11838565022421525,0.44696969696969696,0.0,0.11838565022421525,0.44696969696969696,0.0,K002+KI08+KA08
random_forest,isotonic,target_real,0.4260089686098655,0.4198463470326687,0.14879348761756195,0.733914612491862,0.5387440016094067,0.11659192825112108,0.5,0.0,0.11659192825112108,0.5,0.0,K002+KI08+KA08
svm,raw,source_holdout,0.3670886075949367,0.3333592333592333,0.240674532320751,0.7805358475701478,0.5778600778333124,,,,,,,K002+KI08+KA08
svm,raw,target_real,0.47085201793721976,0.46498029233726257,0.16405121708930132,0.6784081898988469,0.5125976111863139,0.042152466367713005,0.6808510638297872,0.0008968609865470852,0.042152466367713005,0.6808510638297872,0.0008968609865470852,K002+KI08+KA08
svm,temperature,target_real,0.47085201793721976,0.46498029233726257,0.09342369868617267,0.6390135807177917,0.4929041159941753,0.028699551569506727,0.625,0.0008968609865470852,0.028699551569506727,0.625,0.0008968609865470852,K002+KI08+KA08
svm,isotonic,target_real,0.3596412556053812,0.3273756003570098,0.16238523014398532,0.7424130270690775,0.5732004919028987,0.1273542600896861,0.5845070422535211,0.0,0.1273542600896861,0.5845070422535211,0.0,K002+KI08+KA08
xgboost,raw,source_holdout,0.42616033755274263,0.4209259253326441,0.2873126648146392,0.8179972431506886,0.518904972448019,,,,,,,K002+KI08+KA08
xgboost,raw,target_real,0.44484304932735425,0.4434709285958356,0.31789692340944914,0.8084898151267511,0.4965605176504484,0.17309417040358743,0.37305699481865284,0.0,0.17309417040358743,0.37305699481865284,0.0,K002+KI08+KA08
xgboost,temperature,target_real,0.44484304932735425,0.4434709285958356,0.025803548455254878,0.6276556695509867,0.49220267076826335,0.11210762331838565,0.424,0.0,0.11210762331838565,0.424,0.0,K002+KI08+KA08
xgboost,isotonic,target_real,0.41076233183856503,0.4067342472686755,0.1508608913928174,0.7081744528802498,0.4861437280360273,0.19910313901345292,0.40540540540540543,0.0,0.19910313901345292,0.40540540540540543,0.0,K002+KI08+KA08
random_forest,raw,source_holdout,0.4388185654008439,0.3936929443537373,0.17334428757131065,0.6788824715407543,0.39993624568030794,,,,,,,K002+KI08+KA09
random_forest,raw,target_real,0.4349775784753363,0.43179387322656576,0.21290123441204928,0.7259202509398684,0.5093019592987164,0.15874439461883408,0.4971751412429379,0.010762331838565023,0.17847533632286997,0.5276381909547738,0.010762331838565023,K002+KI08+KA09
random_forest,temperature,target_real,0.4349775784753363,0.43179387322656576,0.04199406665334058,0.6357231386134821,0.4923511133402714,0.039461883408071746,0.20454545454545456,0.010762331838565023,0.039461883408071746,0.20454545454545456,0.010762331838565023,K002+KI08+KA09
random_forest,isotonic,target_real,0.39103139013452914,0.38552062545913907,0.1920168861018749,0.76235009463019,0.5402389899832528,0.16412556053811658,0.5300546448087432,0.0,0.22062780269058296,0.532520325203252,0.0,K002+KI08+KA09
svm,raw,source_holdout,0.4177215189873418,0.36398541614026964,0.21161041616757734,0.7066776527251266,0.4224972534356718,,,,,,,K002+KI08+KA09
svm,raw,target_real,0.4547085201793722,0.45345174702972874,0.15904798539565781,0.6744744906724335,0.500251346291891,0.011659192825112108,0.3076923076923077,0.0008968609865470852,0.011659192825112108,0.3076923076923077,0.0008968609865470852,K002+KI08+KA09
svm,temperature,target_real,0.4547085201793722,0.45345174702972874,0.06209917112499304,0.6301071562846198,0.4800175437344192,0.0026905829596412557,0.3333333333333333,0.0017937219730941704,0.0026905829596412557,0.3333333333333333,0.0017937219730941704,K002+KI08+KA09
svm,isotonic,target_real,0.3847533632286996,0.373538570085821,0.18960306217847966,0.737985640003241,0.5327951607350133,0.08071748878923767,0.6,0.0,0.08071748878923767,0.6,0.0,K002+KI08+KA09
xgboost,raw,source_holdout,0.45569620253164556,0.42940058479532156,0.26347882838188846,0.7701360987725158,0.4440824563349212,,,,,,,K002+KI08+KA09
xgboost,raw,target_real,0.44035874439461886,0.4388949692234185,0.3131575312849652,0.8092522008952409,0.5001784914039843,0.17399103139013453,0.36597938144329895,0.0008968609865470852,0.17399103139013453,0.36597938144329895,0.0008968609865470852,K002+KI08+KA09
xgboost,temperature,target_real,0.44035874439461886,0.4388949692234185,0.07302086833366729,0.6265251109581358,0.4929957737349438,0.17668161434977578,0.37055837563451777,0.0008968609865470852,0.17668161434977578,0.37055837563451777,0.0008968609865470852,K002+KI08+KA09
xgboost,isotonic,target_real,0.4044843049327354,0.4020309402744924,0.1696564057903329,0.7334520901739482,0.5110180421189638,0.15336322869955157,0.5087719298245614,0.0,0.15336322869955157,0.5087719298245614,0.0,K002+KI08+KA09
random_forest,raw,source_holdout,0.38333333333333336,0.38332468431067285,0.21720887455417454,0.6620941506190576,0.479637441933205,,,,,,,K004+KI01+KA01
random_forest,raw,target_real,0.3865470852017937,0.3846960975776887,0.17154083744718246,0.6956852257823226,0.6066370813298007,0.06547085201793722,0.589041095890411,0.0008968609865470852,0.06547085201793722,0.589041095890411,0.0008968609865470852,K004+KI01+KA01
random_forest,temperature,target_real,0.3865470852017937,0.3846960975776887,0.10369851135613113,0.6558131835447691,0.5997363601821067,0.07174887892376682,0.6,0.0008968609865470852,0.07174887892376682,0.6,0.0008968609865470852,K004+KI01+KA01
random_forest,isotonic,target_real,0.44484304932735425,0.4304118020097485,0.13386518809483894,0.7089215321766044,0.5409811179294047,0.2556053811659193,0.5403508771929825,0.0,0.2896860986547085,0.544891640866873,0.0,K004+KI01+KA01
svm,raw,source_holdout,0.35,0.2581536760641238,0.16016206404260455,0.6361596968253832,0.521790805498105,,,,,,,K004+KI01+KA01
svm,raw,target_real,0.38565022421524664,0.3554310246570423,0.12779213520125723,0.6554711493073014,0.5900058581979793,0.10941704035874439,0.5573770491803278,0.0008968609865470852,0.10941704035874439,0.5573770491803278,0.0008968609865470852,K004+KI01+KA01
svm,temperature,target_real,0.38565022421524664,0.3554310246570423,0.09808549711733369,0.6459828375751495,0.589010386349978,0.10941704035874439,0.5573770491803278,0.0008968609865470852,0.10941704035874439,0.5573770491803278,0.0008968609865470852,K004+KI01+KA01
svm,isotonic,target_real,0.3991031390134529,0.38712442614342385,0.32376979059597416,0.8442154916912362,0.5246870760657331,0.13542600896860987,0.5231788079470199,0.0,0.13542600896860987,0.5231788079470199,0.0,K004+KI01+KA01
xgboost,raw,source_holdout,0.35,0.342914979757085,0.43915695101022717,0.9992392027333982,0.6928343161207156,,,,,,,K004+KI01+KA01
xgboost,raw,target_real,0.37130044843049326,0.3743249898407614,0.32991555923838256,0.8848654344655865,0.6764974112762209,0.006278026905829596,0.7142857142857143,0.0008968609865470852,0.006278026905829596,0.7142857142857143,0.0008968609865470852,K004+KI01+KA01
xgboost,temperature,target_real,0.37130044843049326,0.3743249898407614,0.02786850196881625,0.6620941494266321,0.6639772354149612,0.008071748878923767,0.5555555555555556,0.0,0.008071748878923767,0.5555555555555556,0.0,K004+KI01+KA01
xgboost,isotonic,target_real,0.3955156950672646,0.3507320864563579,0.12333219471086446,0.6474686843385588,0.5931808133347106,0.12556053811659193,0.6214285714285714,0.0,0.12556053811659193,0.6214285714285714,0.0,K004+KI01+KA01
random_forest,raw,source_holdout,0.2791666666666667,0.30105532029306986,0.29984818944572167,0.7216030768465453,0.5503293551409807,,,,,,,K004+KI01+KA03
random_forest,raw,target_real,0.3632286995515695,0.3704041855268232,0.19720073136457256,0.7164723466421248,0.6025977111530304,0.039461883408071746,0.5,0.003587443946188341,0.039461883408071746,0.5,0.003587443946188341,K004+KI01+KA03
random_forest,temperature,target_real,0.3632286995515695,0.3704041855268232,0.0711739614332558,0.6534041793629546,0.5954781732756159,0.039461883408071746,0.5,0.003587443946188341,0.039461883408071746,0.5,0.003587443946188341,K004+KI01+KA03
random_forest,isotonic,target_real,0.42690582959641254,0.39117675933104445,0.1250709649790416,0.698370527348213,0.5617858674231846,0.12197309417040358,0.5514705882352942,0.0,0.21255605381165918,0.5738396624472574,0.0,K004+KI01+KA03
svm,raw,source_holdout,0.09166666666666666,0.11327110952579117,0.44131707674075665,0.8284837853224493,0.9075365748688596,,,,,,,K004+KI01+KA03
svm,raw,target_real,0.36412556053811657,0.3092996946572341,0.14510423644327744,0.6854116045391939,0.647336078482984,0.059192825112107626,0.45454545454545453,0.0017937219730941704,0.059192825112107626,0.45454545454545453,0.0017937219730941704,K004+KI01+KA03
svm,temperature,target_real,0.36412556053811657,0.3092996946572341,0.02257759970789497,0.6628450808342014,0.6433907178400898,0.04932735426008968,0.4727272727272727,0.0017937219730941704,0.04932735426008968,0.4727272727272727,0.0017937219730941704,K004+KI01+KA03
svm,isotonic,target_real,0.431390134529148,0.38775365549806223,0.11480722221822301,0.6720265889079021,0.5326355756588492,0.1273542600896861,0.5070422535211268,0.0,0.1273542600896861,0.5070422535211268,0.0,K004+KI01+KA03
xgboost,raw,source_holdout,0.30833333333333335,0.3104009138202903,0.4641471485296885,0.9988989451931028,0.5433622523290969,,,,,,,K004+KI01+KA03
xgboost,raw,target_real,0.3399103139013453,0.34429977589486277,0.3663498316645088,0.9076259024130956,0.6448249249924708,0.021524663677130046,0.4583333333333333,0.003587443946188341,0.021524663677130046,0.4583333333333333,0.003587443946188341,K004+KI01+KA03
xgboost,temperature,target_real,0.3399103139013453,0.34429977589486277,0.028382515277514078,0.662808364350973,0.6325304981793424,0.02062780269058296,0.43478260869565216,0.004484304932735426,0.02062780269058296,0.43478260869565216,0.004484304932735426,K004+KI01+KA03
xgboost,isotonic,target_real,0.3596412556053812,0.31199725107551063,0.13862514419514327,0.6753555956562126,0.5849266955298922,0.05291479820627803,0.5932203389830508,0.0,0.05291479820627803,0.5932203389830508,0.0,K004+KI01+KA03
random_forest,raw,source_holdout,0.3598326359832636,0.35185620958976255,0.2966202440379707,0.7730018837612856,0.6698789629450661,,,,,,,K004+KI01+KA05
random_forest,raw,target_real,0.35336322869955156,0.3542172194830129,0.2164992902129782,0.7356953905786635,0.6508536205473575,0.08520179372197309,0.631578947368421,0.004484304932735426,0.08520179372197309,0.631578947368421,0.004484304932735426,K004+KI01+KA05
random_forest,temperature,target_real,0.35336322869955156,0.3542172194830129,0.06157711847436822,0.6513277637755202,0.6392697135468546,0.08609865470852018,0.6041666666666666,0.004484304932735426,0.08609865470852018,0.6041666666666666,0.004484304932735426,K004+KI01+KA05
random_forest,isotonic,target_real,0.4,0.36589509317237384,0.13730412208578494,0.6750832734545608,0.568660198167234,0.18206278026905828,0.5862068965517241,0.0,0.2825112107623318,0.5682539682539682,0.0,K004+KI01+KA05
svm,raw,source_holdout,0.200836820083682,0.2015250062681592,0.3485095657583124,0.8015486222923053,0.8063115282674793,,,,,,,K004+KI01+KA05
svm,raw,target_real,0.36053811659192825,0.3332443167642501,0.15272420627281127,0.6926722539773508,0.6454045784682395,0.06457399103139014,0.5555555555555556,0.0,0.06457399103139014,0.5555555555555556,0.0,K004+KI01+KA05
svm,temperature,target_real,0.36053811659192825,0.3332443167642501,0.008867476201972277,0.6544005155499794,0.6416632529006899,0.08699551569506726,0.5463917525773195,0.0,0.08699551569506726,0.5463917525773195,0.0,K004+KI01+KA05
svm,isotonic,target_real,0.42780269058295967,0.3935402193425628,0.11461119171911457,0.6743213650398567,0.5087681114590458,0.07533632286995516,0.5357142857142857,0.0,0.20448430493273542,0.5263157894736842,0.0,K004+KI01+KA05
xgboost,raw,source_holdout,0.3807531380753138,0.3645717766320781,0.4376176365000433,1.007414920628961,0.7601139046494076,,,,,,,K004+KI01+KA05
xgboost,raw,target_real,0.3524663677130045,0.35622526585427905,0.3580503739316368,0.9104747648760028,0.6921435702184415,0.0,,0.0008968609865470852,0.0,,0.0008968609865470852,K004+KI01+KA05
xgboost,temperature,target_real,0.3524663677130045,0.35622526585427905,0.04347204734795664,0.6630176390667926,0.6818876038400047,0.0,,0.003587443946188341,0.0,,0.003587443946188341,K004+KI01+KA05
xgboost,isotonic,target_real,0.39820627802690584,0.3417396028485095,0.1515169645779885,0.6536720344845866,0.6015964909696986,0.07713004484304933,0.6744186046511628,0.0008968609865470852,0.20089686098654708,0.625,0.0008968609865470852,K004+KI01+KA05
random_forest,raw,source_holdout,0.5416666666666666,0.47983193277310926,0.16441855432519856,0.561109899836022,0.2794788191703399,,,,,,,K004+KI01+KA06
random_forest,raw,target_real,0.3757847533632287,0.3773126569584037,0.17548352351276975,0.710355675929587,0.631604787494802,0.09865470852017937,0.6090909090909091,0.003587443946188341,0.10672645739910314,0.6302521008403361,0.003587443946188341,K004+KI01+KA06
random_forest,temperature,target_real,0.3757847533632287,0.3773126569584037,0.13998909927549508,0.6845279698219807,0.6287645843979702,0.10224215246636771,0.6228070175438597,0.003587443946188341,0.10672645739910314,0.6386554621848739,0.003587443946188341,K004+KI01+KA06
random_forest,isotonic,target_real,0.41614349775784754,0.3711590906161042,0.21042676070655408,0.7259945940144076,0.5678678413073714,0.32645739910313903,0.5686813186813187,0.0,0.35515695067264574,0.5707070707070707,0.0,K004+KI01+KA06
svm,raw,source_holdout,0.36666666666666664,0.28315412186379924,0.3120097668933804,0.6702511146250281,0.41881732871393035,,,,,,,K004+KI01+KA06
svm,raw,target_real,0.3452914798206278,0.31199441231894426,0.15551086561575372,0.6850136409701397,0.6417772163059651,0.07892376681614349,0.5113636363636364,0.0,0.08251121076233184,0.5,0.0,K004+KI01+KA06
svm,temperature,target_real,0.3452914798206278,0.31199441231894426,0.0925301427775427,0.6547220411456054,0.6418364442031863,0.07174887892376682,0.525,0.0,0.08520179372197309,0.5263157894736842,0.0,K004+KI01+KA06
svm,isotonic,target_real,0.39820627802690584,0.3679683326851207,0.2639403833112769,0.7473972677842855,0.5087328020118533,0.21255605381165918,0.5358649789029536,0.0,0.21255605381165918,0.5358649789029536,0.0,K004+KI01+KA06
xgboost,raw,source_holdout,0.5208333333333334,0.46458525185911337,0.3073098924010992,0.7747762751627782,0.4773199702025797,,,,,,,K004+KI01+KA06
xgboost,raw,target_real,0.35336322869955156,0.35809446111455284,0.3399986958022609,0.8878306302879718,0.6742328389704182,0.006278026905829596,0.42857142857142855,0.0017937219730941704,0.006278026905829596,0.42857142857142855,0.0017937219730941704,K004+KI01+KA06
xgboost,temperature,target_real,0.35336322869955156,0.35809446111455284,0.10610170360795247,0.6802990408740729,0.6690652103985969,0.011659192825112108,0.5384615384615384,0.003587443946188341,0.011659192825112108,0.5384615384615384,0.003587443946188341,K004+KI01+KA06
xgboost,isotonic,target_real,0.33721973094170404,0.3118365202520039,0.2207064375396394,0.6969255955363183,0.6005375880001026,0.030493273542600896,0.5588235294117647,0.0,0.2905829596412556,0.5895061728395061,0.0,K004+KI01+KA06
random_forest,raw,source_holdout,0.4041666666666667,0.38310612135792566,0.26255474408812207,0.7933422746174101,0.6388386993351259,,,,,,,K004+KI01+KA07
random_forest,raw,target_real,0.3668161434977579,0.36738519474625214,0.21019769610840328,0.7412238705918115,0.6581345850723577,0.07085201793721974,0.6329113924050633,0.003587443946188341,0.07085201793721974,0.6329113924050633,0.003587443946188341,K004+KI01+KA07
random_forest,temperature,target_real,0.3668161434977579,0.36738519474625214,0.048345031679092695,0.6505982730681341,0.6476249346007588,0.06995515695067264,0.5897435897435898,0.004484304932735426,0.06995515695067264,0.5897435897435898,0.004484304932735426,K004+KI01+KA07
random_forest,isotonic,target_real,0.4134529147982063,0.36813913409870785,0.11413724705034341,0.6688104872426001,0.5743429644241068,0.11928251121076233,0.6466165413533834,0.0,0.14080717488789238,0.6560509554140127,0.0,K004+KI01+KA07
svm,raw,source_holdout,0.25833333333333336,0.2375974780155965,0.3399931477398479,0.801045591232398,0.6763891960465339,,,,,,,K004+KI01+KA07
svm,raw,target_real,0.368609865470852,0.33929415646292654,0.15358052585800894,0.6988452179572187,0.635803573795148,0.09327354260089686,0.5673076923076923,0.0,0.09327354260089686,0.5673076923076923,0.0,K004+KI01+KA07
svm,temperature,target_real,0.368609865470852,0.33929415646292654,0.02228409739982863,0.653192956339092,0.6319673559861777,0.09955156950672646,0.5765765765765766,0.0,0.09955156950672646,0.5765765765765766,0.0,K004+KI01+KA07
svm,isotonic,target_real,0.41076233183856503,0.3793975241384488,0.13811553282056754,0.6933230844587455,0.4881573582711749,0.10044843049327354,0.5535714285714286,0.0,0.10044843049327354,0.5535714285714286,0.0,K004+KI01+KA07
xgboost,raw,source_holdout,0.39166666666666666,0.376581000709336,0.4144993192205827,0.9869395488416283,0.7334304377174419,,,,,,,K004+KI01+KA07
xgboost,raw,target_real,0.3650224215246637,0.3682256576609228,0.3449240619558924,0.8985336744711433,0.6800004291902795,0.0,,0.003587443946188341,0.0,,0.003587443946188341,K004+KI01+KA07
xgboost,temperature,target_real,0.3650224215246637,0.3682256576609228,0.032862111325509764,0.6607656234771715,0.6708785551125435,0.0,,0.004484304932735426,0.0,,0.004484304932735426,K004+KI01+KA07
xgboost,isotonic,target_real,0.3901345291479821,0.35422910002646485,0.1075810938041815,0.6364394649471804,0.6004925378601543,0.04484304932735426,0.66,0.0,0.15605381165919283,0.603448275862069,0.0,K004+KI01+KA07
random_forest,raw,source_holdout,0.3723849372384937,0.3677167675942936,0.29446499797383907,0.7815234330419953,0.6782240331934735,,,,,,,K004+KI01+KA08
random_forest,raw,target_real,0.3668161434977579,0.3676986730859613,0.2052241917589651,0.733160238786253,0.6599026649553958,0.008071748878923767,0.4444444444444444,0.004484304932735426,0.008071748878923767,0.4444444444444444,0.004484304932735426,K004+KI01+KA08
random_forest,temperature,target_real,0.3668161434977579,0.3676986730859613,0.058448546476913076,0.6510037165613036,0.6567421393114028,0.008968609865470852,0.5,0.004484304932735426,0.008968609865470852,0.5,0.004484304932735426,K004+KI01+KA08
random_forest,isotonic,target_real,0.4,0.3558151901516365,0.1672554231913844,0.6839794757073772,0.5614901350653111,0.09327354260089686,0.6346153846153846,0.0,0.15426008968609867,0.6802325581395349,0.0,K004+KI01+KA08
svm,raw,source_holdout,0.2301255230125523,0.21233890032791888,0.37261152272732384,0.7989396115678258,0.6962583846975522,,,,,,,K004+KI01+KA08
svm,raw,target_real,0.3757847533632287,0.34621936555829597,0.14392052122923396,0.701433078305192,0.6412915031511346,0.08520179372197309,0.5684210526315789,0.0,0.08520179372197309,0.5684210526315789,0.0,K004+KI01+KA08
svm,temperature,target_real,0.3757847533632287,0.34621936555829597,0.062277582288213194,0.6528203356658406,0.6380746140998712,0.08789237668161436,0.5510204081632653,0.0,0.08789237668161436,0.5510204081632653,0.0,K004+KI01+KA08
svm,isotonic,target_real,0.3865470852017937,0.35482351122597217,0.17540893957275316,0.7039192937796365,0.53148748334445,0.15336322869955157,0.5555555555555556,0.0,0.15336322869955157,0.5555555555555556,0.0,K004+KI01+KA08
xgboost,raw,source_holdout,0.39748953974895396,0.3781004234724743,0.4176118725513314,0.9561148708546275,0.6722219616066549,,,,,,,K004+KI01+KA08
xgboost,raw,target_real,0.36233183856502243,0.36687999101877117,0.34415600879844527,0.8944834374359828,0.6735621541980896,0.0,,0.0008968609865470852,0.0,,0.0008968609865470852,K004+KI01+KA08
xgboost,temperature,target_real,0.36233183856502243,0.36687999101877117,0.0533294519954245,0.6616957344827634,0.665432649052968,0.0,,0.003587443946188341,0.0,,0.003587443946188341,K004+KI01+KA08
xgboost,isotonic,target_real,0.3668161434977579,0.32082093162364383,0.1296137546055913,0.652623423368362,0.5771925642427136,0.06547085201793722,0.6164383561643836,0.0,0.22869955156950672,0.5843137254901961,0.0,K004+KI01+KA08
random_forest,raw,source_holdout,0.4769874476987448,0.4428571428571429,0.2055282539486633,0.6439725126217336,0.3948863855847312,,,,,,,K004+KI01+KA09
random_forest,raw,target_real,0.3614349775784753,0.36683222914941377,0.1939142374944959,0.7273202638395214,0.6497471500082247,0.09147982062780269,0.6372549019607843,0.004484304932735426,0.09147982062780269,0.6372549019607843,0.004484304932735426,K004+KI01+KA09
random_forest,temperature,target_real,0.3614349775784753,0.36683222914941377,0.1122791631779771,0.6716831188129326,0.6428712255437724,0.09865470852017937,0.6181818181818182,0.004484304932735426,0.09865470852017937,0.6181818181818182,0.004484304932735426,K004+KI01+KA09
random_forest,isotonic,target_real,0.4080717488789238,0.3634079604140224,0.16449822504459355,0.6928387887310855,0.573202422043409,0.21973094170403587,0.5836734693877551,0.0,0.442152466367713,0.6064908722109533,0.0,K004+KI01+KA09
svm,raw,source_holdout,0.29707112970711297,0.2374685711228802,0.32507519720271905,0.7623074343827679,0.5865416489443447,,,,,,,K004+KI01+KA09
svm,raw,target_real,0.34080717488789236,0.3101269779071503,0.16773384037198685,0.6976324678028252,0.6530141847971581,0.05650224215246637,0.4444444444444444,0.0017937219730941704,0.060089686098654706,0.44776119402985076,0.0017937219730941704,K004+KI01+KA09
svm,temperature,target_real,0.34080717488789236,0.3101269779071503,0.05846879972550253,0.6521872553706328,0.6512946386379087,0.051121076233183856,0.43859649122807015,0.0017937219730941704,0.06367713004484304,0.4647887323943662,0.0017937219730941704,K004+KI01+KA09
svm,isotonic,target_real,0.431390134529148,0.39081534003581964,0.15848458687990083,0.680232235016768,0.5020841384818658,0.18295964125560538,0.4852941176470588,0.0,0.4125560538116592,0.5565217391304348,0.0,K004+KI01+KA09
xgboost,raw,source_holdout,0.4560669456066946,0.42231159147082237,0.3595435650528226,0.9040138545376507,0.6628528130932604,,,,,,,K004+KI01+KA09
xgboost,raw,target_real,0.3542600896860987,0.3584703845736245,0.3431756407156119,0.908305258432713,0.6948268421238141,0.0,,0.0008968609865470852,0.0,,0.0008968609865470852,K004+KI01+KA09
xgboost,temperature,target_real,0.3542600896860987,0.3584703845736245,0.03989750346084882,0.6672347908515219,0.6836086665130289,0.006278026905829596,0.2857142857142857,0.004484304932735426,0.006278026905829596,0.2857142857142857,0.004484304932735426,K004+KI01+KA09
xgboost,isotonic,target_real,0.35695067264573993,0.3158605841024803,0.161221952550251,0.667870401956246,0.6101056914714946,0.07982062780269059,0.6292134831460674,0.0,0.17937219730941703,0.605,0.0,K004+KI01+KA09
random_forest,raw,source_holdout,0.4125,0.41462121819007186,0.16284200694988507,0.7252340938436116,0.6431963713919698,,,,,,,K004+KI03+KA01
random_forest,raw,target_real,0.4600896860986547,0.45192588545792,0.16309348253527645,0.6760240025009389,0.43050526611243345,0.0,,0.04035874439461883,0.0,,0.04304932735426009,K004+KI03+KA01
random_forest,temperature,target_real,0.4600896860986547,0.45192588545792,0.03681691552024999,0.6218093462994002,0.42691793329543326,0.0,,0.04125560538116592,0.0,,0.04304932735426009,K004+KI03+KA01
random_forest,isotonic,target_real,0.4789237668161435,0.46117506047349544,0.07962094899958626,0.6064188752534664,0.41434358915072395,0.1210762331838565,0.3851851851851852,0.0484304932735426,0.12914798206278028,0.3888888888888889,0.051121076233183856,K004+KI03+KA01
svm,raw,source_holdout,0.5083333333333333,0.46076742244057134,0.2758462123192626,0.7115987668552454,0.6454625793744315,,,,,,,K004+KI03+KA01
svm,raw,target_real,0.46278026905829595,0.4448465441106209,0.12677180219002573,0.6697310918841486,0.502414797842131,0.0,,0.0,0.0,,0.0,K004+KI03+KA01
svm,temperature,target_real,0.46278026905829595,0.4448465441106209,0.07025294160576469,0.6335731086956821,0.4974142211139506,0.0,,0.0008968609865470852,0.0,,0.0008968609865470852,K004+KI03+KA01
svm,isotonic,target_real,0.47713004484304933,0.4682227228455231,0.1496177156249625,0.635185396223989,0.40851316920461106,0.09058295964125561,0.07920792079207921,0.0,0.09058295964125561,0.07920792079207921,0.08161434977578476,K004+KI03+KA01
xgboost,raw,source_holdout,0.4375,0.43387533011453777,0.29243835185964906,0.7956102377910449,0.5851991374347272,,,,,,,K004+KI03+KA01
xgboost,raw,target_real,0.4565022421524664,0.4518407257374852,0.2779015872243274,0.7651423251715569,0.4285141482786856,0.0,,0.007174887892376682,0.0,,0.007174887892376682,K004+KI03+KA01
xgboost,temperature,target_real,0.4565022421524664,0.4518407257374852,0.03615758244926272,0.6221374664467976,0.42514902636081986,0.0,,0.006278026905829596,0.0,,0.006278026905829596,K004+KI03+KA01
xgboost,isotonic,target_real,0.4600896860986547,0.4412955099319975,0.07671238268722173,0.603846329318376,0.40113929684721583,0.19730941704035873,0.37272727272727274,0.0,0.19730941704035873,0.37272727272727274,0.08430493273542601,K004+KI03+KA01
random_forest,raw,source_holdout,0.5125,0.48624397478680015,0.05330989889022278,0.6207051107544524,0.4372770237231316,,,,,,,K004+KI03+KA03
random_forest,raw,target_real,0.42869955156950673,0.42483618729928624,0.15263425968741073,0.6742211603871039,0.45058929365588457,0.07443946188340807,0.18072289156626506,0.04304932735426009,0.07443946188340807,0.18072289156626506,0.04663677130044843,K004+KI03+KA03
random_forest,temperature,target_real,0.42869955156950673,0.42483618729928624,0.09411722543528395,0.6423860753859331,0.448364726572295,0.07443946188340807,0.18072289156626506,0.04304932735426009,0.07443946188340807,0.18072289156626506,0.04663677130044843,K004+KI03+KA03
random_forest,isotonic,target_real,0.4565022421524664,0.43886766336712313,0.11561303441524307,0.6420878141450272,0.45914440171379195,0.22062780269058296,0.4024390243902439,0.0,0.22062780269058296,0.4024390243902439,0.0,K004+KI03+KA03
svm,raw,source_holdout,0.4583333333333333,0.4338682990717133,0.13467973790534224,0.667737298288719,0.5589069335043307,,,,,,,K004+KI03+KA03
svm,raw,target_real,0.42869955156950673,0.4250768399122649,0.10597825333057402,0.6568442464336353,0.4728840581521536,0.0,,0.0017937219730941704,0.0,,0.0017937219730941704,K004+KI03+KA03
svm,temperature,target_real,0.42869955156950673,0.4250768399122649,0.07907831549650914,0.6367429022670111,0.4665155670772731,0.0,,0.0026905829596412557,0.0,,0.0026905829596412557,K004+KI03+KA03
svm,isotonic,target_real,0.4295964125560538,0.41749356302353346,0.1071301736158907,0.6566857854997482,0.4978644655095674,0.02242152466367713,0.44,0.0,0.02242152466367713,0.44,0.0,K004+KI03+KA03
xgboost,raw,source_holdout,0.5041666666666667,0.4851087591740792,0.20333139970898628,0.6681459199351475,0.3797028093930053,,,,,,,K004+KI03+KA03
xgboost,raw,target_real,0.4358744394618834,0.4357884800574725,0.29369378910470967,0.7986888967449032,0.4581320803282234,0.07802690582959641,0.1724137931034483,0.004484304932735426,0.07802690582959641,0.1724137931034483,0.004484304932735426,K004+KI03+KA03
xgboost,temperature,target_real,0.4358744394618834,0.4357884800574725,0.11631600412652171,0.6557896011621093,0.4577442553626809,0.02600896860986547,0.10344827586206896,0.0053811659192825115,0.02600896860986547,0.10344827586206896,0.0053811659192825115,K004+KI03+KA03
xgboost,isotonic,target_real,0.4412556053811659,0.4233194367239423,0.15127136245458886,0.6595119899720614,0.4743601904469729,0.17040358744394618,0.34210526315789475,0.0,0.21883408071748878,0.38934426229508196,0.0,K004+KI03+KA03
random_forest,raw,source_holdout,0.4602510460251046,0.4342214430818676,0.18248733296249692,0.7037859586305761,0.6093446705407132,,,,,,,K004+KI03+KA05
random_forest,raw,target_real,0.44484304932735425,0.43924302722690806,0.1787837895016492,0.6892734626898903,0.44501033254824873,0.0,,0.042152466367713005,0.0,,0.04484304932735426,K004+KI03+KA05
random_forest,temperature,target_real,0.44484304932735425,0.43924302722690806,0.026877379442662816,0.6229942037550853,0.4364422430375697,0.0,,0.04304932735426009,0.0,,0.04484304932735426,K004+KI03+KA05
random_forest,isotonic,target_real,0.46278026905829595,0.4528052199354036,0.07422967131260663,0.6046501794167511,0.42392991338000807,0.16053811659192826,0.3743016759776536,0.0484304932735426,0.17757847533632287,0.398989898989899,0.04932735426008968,K004+KI03+KA05
svm,raw,source_holdout,0.41841004184100417,0.40006271685363703,0.1692687000624637,0.7276481022175558,0.615632403730318,,,,,,,K004+KI03+KA05
svm,raw,target_real,0.47623318385650226,0.45826449690360604,0.10442277287857271,0.6685772380861114,0.4919327347565676,0.0,,0.0008968609865470852,0.0,,0.0008968609865470852,K004+KI03+KA05
svm,temperature,target_real,0.47623318385650226,0.45826449690360604,0.09761732221194941,0.6408817246794196,0.48586686629583403,0.0,,0.0008968609865470852,0.0,,0.0008968609865470852,K004+KI03+KA05
svm,isotonic,target_real,0.4789237668161435,0.46799565972430274,0.07280249713440974,0.5864171756064638,0.37832966631356735,0.12466367713004484,0.20863309352517986,0.05201793721973094,0.12466367713004484,0.20863309352517986,0.07802690582959641,K004+KI03+KA05
xgboost,raw,source_holdout,0.5230125523012552,0.5098945253641386,0.20958066024042077,0.7080682928793383,0.47152146315493887,,,,,,,K004+KI03+KA05
xgboost,raw,target_real,0.4385650224215247,0.43529120395606996,0.2991595847724265,0.7868315612102292,0.44542877846288964,0.0,,0.0026905829596412557,0.0,,0.0026905829596412557,K004+KI03+KA05
xgboost,temperature,target_real,0.4385650224215247,0.43529120395606996,0.07081280206074839,0.6310872491925096,0.44291551096365805,0.0,,0.0026905829596412557,0.0,,0.0026905829596412557,K004+KI03+KA05
xgboost,isotonic,target_real,0.4385650224215247,0.4253680152491235,0.11406667700851367,0.6146943742815755,0.42267975106508177,0.17488789237668162,0.358974358974359,0.06995515695067264,0.18385650224215247,0.36585365853658536,0.06995515695067264,K004+KI03+KA05
random_forest,raw,source_holdout,0.575,0.5206797084526342,0.10313477658644549,0.5773235833684267,0.34569861070848373,,,,,,,K004+KI03+KA06
random_forest,raw,target_real,0.4565022421524664,0.4479958723311445,0.15239662398868478,0.6747641285955186,0.43374973173940906,0.042152466367713005,0.0,0.042152466367713005,0.042152466367713005,0.0,0.04663677130044843,K004+KI03+KA06
random_forest,temperature,target_real,0.4565022421524664,0.4479958723311445,0.07130738466232342,0.6339900033289971,0.43060246961272836,0.04304932735426009,0.020833333333333332,0.042152466367713005,0.04304932735426009,0.020833333333333332,0.04753363228699552,K004+KI03+KA06
random_forest,isotonic,target_real,0.4233183856502242,0.42123855945952043,0.19457559307270175,0.6598968683794212,0.4422792948070897,0.11031390134529148,0.2032520325203252,0.0,0.11031390134529148,0.2032520325203252,0.0726457399103139,K004+KI03+KA06
svm,raw,source_holdout,0.5,0.43864052287581695,0.16970499645328213,0.6326129248042984,0.3902446760675408,,,,,,,K004+KI03+KA06
svm,raw,target_real,0.4789237668161435,0.4595881504313573,0.10465889884137343,0.663776045840935,0.48721779387762015,0.004484304932735426,0.6,0.0017937219730941704,0.004484304932735426,0.6,0.0017937219730941704,K004+KI03+KA06
svm,temperature,target_real,0.4789237668161435,0.4595881504313573,0.07935036738181665,0.634866382179111,0.48250174862765743,0.008968609865470852,0.7,0.0017937219730941704,0.008968609865470852,0.7,0.0017937219730941704,K004+KI03+KA06
svm,isotonic,target_real,0.43946188340807174,0.43757771203768664,0.20176165006736024,0.6691303580220311,0.4375517799637733,0.1031390134529148,0.21739130434782608,0.023318385650224215,0.1031390134529148,0.21739130434782608,0.07713004484304933,K004+KI03+KA06
xgboost,raw,source_holdout,0.5833333333333334,0.539906799589024,0.18638945954541367,0.5763486797028603,0.29231409001001213,,,,,,,K004+KI03+KA06
xgboost,raw,target_real,0.45112107623318387,0.4484591749709191,0.2873286697362036,0.7769540788752756,0.43775018417362305,0.010762331838565023,0.16666666666666666,0.004484304932735426,0.010762331838565023,0.16666666666666666,0.004484304932735426,K004+KI03+KA06
xgboost,temperature,target_real,0.45112107623318387,0.4484591749709191,0.1221531567591098,0.6510311528650222,0.43626703693904084,0.010762331838565023,0.08333333333333333,0.006278026905829596,0.010762331838565023,0.08333333333333333,0.006278026905829596,K004+KI03+KA06
xgboost,isotonic,target_real,0.43408071748878924,0.43420132077458695,0.1905111583088759,0.6704656301391957,0.4370548462409584,0.13811659192825113,0.2532467532467532,0.0,0.13811659192825113,0.2532467532467532,0.08340807174887892,K004+KI03+KA06
random_forest,raw,source_holdout,0.4583333333333333,0.4408294060077176,0.1725644526276261,0.7374641097669487,0.6063147764800588,,,,,,,K004+KI03+KA07
random_forest,raw,target_real,0.44573991031390137,0.439708074648244,0.18406083038262572,0.6905345169725655,0.44354674497185026,0.0,,0.042152466367713005,0.0,,0.04484304932735426,K004+KI03+KA07
random_forest,temperature,target_real,0.44573991031390137,0.439708074648244,0.040109425433806155,0.6258286145528971,0.43335019779511796,0.0,,0.042152466367713005,0.0,,0.04484304932735426,K004+KI03+KA07
random_forest,isotonic,target_real,0.4672645739910314,0.45202631228044005,0.045159951121960556,0.5966127773967043,0.43691297938789037,0.08161434977578476,0.31868131868131866,0.04125560538116592,0.08161434977578476,0.31868131868131866,0.04484304932735426,K004+KI03+KA07
svm,raw,source_holdout,0.38333333333333336,0.3805856874686189,0.22173416898504014,0.7896020947333822,0.6727556619463949,,,,,,,K004+KI03+KA07
svm,raw,target_real,0.47623318385650226,0.46411028841149293,0.12196681352778671,0.6726351923740886,0.4903170986651143,0.0,,0.0017937219730941704,0.0,,0.0017937219730941704,K004+KI03+KA07
svm,temperature,target_real,0.47623318385650226,0.46411028841149293,0.12388291078361112,0.6536273883255045,0.4847046548515468,0.0,,0.0008968609865470852,0.0,,0.0008968609865470852,K004+KI03+KA07
svm,isotonic,target_real,0.45739910313901344,0.45849337458008144,0.03332876725478132,0.6097093397643731,0.45195176663103237,0.04304932735426009,0.5625,0.003587443946188341,0.04304932735426009,0.5625,0.003587443946188341,K004+KI03+KA07
xgboost,raw,source_holdout,0.4625,0.45163075921744317,0.25530220543344817,0.7256347882765092,0.4852411659499935,,,,,,,K004+KI03+KA07
xgboost,raw,target_real,0.45739910313901344,0.4547725471176287,0.29223443138759764,0.7773052269182577,0.4435792871734066,0.0,,0.004484304932735426,0.0,,0.004484304932735426,K004+KI03+KA07
xgboost,temperature,target_real,0.45739910313901344,0.4547725471176287,0.03168361385270287,0.6260519815714874,0.43988533698789745,0.0,,0.007174887892376682,0.0,,0.007174887892376682,K004+KI03+KA07
xgboost,isotonic,target_real,0.45739910313901344,0.4520394392474299,0.09338890842745946,0.6068008068067045,0.425845846408646,0.18116591928251122,0.3910891089108911,0.0,0.20807174887892377,0.40086206896551724,0.07623318385650224,K004+KI03+KA07
random_forest,raw,source_holdout,0.40585774058577406,0.3979876160990712,0.20132123733428792,0.7791988403825357,0.6998416073838254,,,,,,,K004+KI03+KA08
random_forest,raw,target_real,0.45022421524663675,0.44431686672298926,0.17529374363959827,0.6913569819859885,0.4473874027194443,0.0,,0.042152466367713005,0.0,,0.04394618834080718,K004+KI03+KA08
random_forest,temperature,target_real,0.45022421524663675,0.44431686672298926,0.04972863557643796,0.6272077320816686,0.4368411590841122,0.0,,0.04484304932735426,0.0,,0.04663677130044843,K004+KI03+KA08
random_forest,isotonic,target_real,0.46367713004484307,0.45868919830330784,0.053153067996733465,0.6001771190825719,0.44899216788722307,0.06995515695067264,0.24358974358974358,0.04304932735426009,0.06995515695067264,0.24358974358974358,0.04484304932735426,K004+KI03+KA08
svm,raw,source_holdout,0.3514644351464435,0.3526888259424627,0.288633079021932,0.8147731075829082,0.7587123547452184,,,,,,,K004+KI03+KA08
svm,raw,target_real,0.473542600896861,0.45794122859138336,0.11191634981652815,0.6678947853347259,0.4945698092973556,0.0,,0.0008968609865470852,0.0,,0.0008968609865470852,K004+KI03+KA08
svm,temperature,target_real,0.473542600896861,0.45794122859138336,0.12510549222791406,0.655575799639816,0.48821776233064396,0.0,,0.0008968609865470852,0.0,,0.0008968609865470852,K004+KI03+KA08
svm,isotonic,target_real,0.42152466367713004,0.36303188729883623,0.12087569996513586,0.6196271097689885,0.5011115616977802,0.07892376681614349,0.5340909090909091,0.0,0.07892376681614349,0.5340909090909091,0.0,K004+KI03+KA08
xgboost,raw,source_holdout,0.4435146443514644,0.42767426527526337,0.29530403978156244,0.7724356660605843,0.5121347111105122,,,,,,,K004+KI03+KA08
xgboost,raw,target_real,0.442152466367713,0.439013366936082,0.29772628150178715,0.775073860115472,0.4446218743774687,0.0,,0.0008968609865470852,0.0,,0.0008968609865470852,K004+KI03+KA08
xgboost,temperature,target_real,0.442152466367713,0.439013366936082,0.051712484845796665,0.6268809899675278,0.4437175534142837,0.0,,0.003587443946188341,0.0,,0.003587443946188341,K004+KI03+KA08
xgboost,isotonic,target_real,0.4618834080717489,0.4292170766713101,0.07407695341314766,0.6029025082911804,0.4173178240333131,0.19192825112107623,0.38317757009345793,0.07354260089686099,0.21255605381165918,0.4050632911392405,0.08071748878923767,K004+KI03+KA08
random_forest,raw,source_holdout,0.5230125523012552,0.4884595131040628,0.12065802949274443,0.6326051320875222,0.4170225944596055,,,,,,,K004+KI03+KA09
random_forest,raw,target_real,0.45201793721973094,0.4445977592201533,0.1576380578937786,0.6859333598935171,0.4411776575109967,0.04394618834080718,0.04081632653061224,0.042152466367713005,0.04394618834080718,0.04081632653061224,0.04484304932735426,K004+KI03+KA09
random_forest,temperature,target_real,0.45201793721973094,0.4445977592201533,0.0458478935317319,0.6307440672891041,0.4359368547904567,0.04304932735426009,0.020833333333333332,0.042152466367713005,0.04304932735426009,0.020833333333333332,0.04753363228699552,K004+KI03+KA09
random_forest,isotonic,target_real,0.46367713004484307,0.4545439899391384,0.10156329556502262,0.6210645587443632,0.42750487547545335,0.13273542600896862,0.2972972972972973,0.04753363228699552,0.13273542600896862,0.2972972972972973,0.06905829596412556,K004+KI03+KA09
svm,raw,source_holdout,0.5062761506276151,0.46138654313532873,0.1692220271394331,0.6525401389660681,0.4576804015781504,,,,,,,K004+KI03+KA09
svm,raw,target_real,0.46816143497757845,0.45362247522465776,0.10180265056097851,0.6639477744287736,0.48715259923351534,0.006278026905829596,0.5714285714285714,0.0026905829596412557,0.006278026905829596,0.5714285714285714,0.0026905829596412557,K004+KI03+KA09
svm,temperature,target_real,0.46816143497757845,0.45362247522465776,0.07047163065128423,0.6355481825156619,0.48329505294108305,0.006278026905829596,0.5714285714285714,0.0017937219730941704,0.006278026905829596,0.5714285714285714,0.0017937219730941704,K004+KI03+KA09
svm,isotonic,target_real,0.4538116591928251,0.44986230201786775,0.14960231483749087,0.6326599559929441,0.4177000497207514,0.10044843049327354,0.125,0.007174887892376682,0.10044843049327354,0.125,0.007174887892376682,K004+KI03+KA09
xgboost,raw,source_holdout,0.5397489539748954,0.5132587354136193,0.1919788891550886,0.6269232517016615,0.3838049792838903,,,,,,,K004+KI03+KA09
xgboost,raw,target_real,0.44035874439461886,0.43839718460780014,0.2872423472960433,0.7821225901807257,0.44424806358045904,0.011659192825112108,0.23076923076923078,0.004484304932735426,0.011659192825112108,0.23076923076923078,0.004484304932735426,K004+KI03+KA09
xgboost,temperature,target_real,0.44035874439461886,0.43839718460780014,0.10857993507835507,0.6445647268754008,0.443252253217129,0.015246636771300448,0.29411764705882354,0.004484304932735426,0.015246636771300448,0.29411764705882354,0.004484304932735426,K004+KI03+KA09
xgboost,isotonic,target_real,0.42690582959641254,0.42330165725117735,0.15569826855974467,0.6454188640199794,0.4351373015395928,0.19551569506726457,0.3486238532110092,0.0,0.21883408071748878,0.38934426229508196,0.07713004484304933,K004+KI03+KA09
random_forest,raw,source_holdout,0.4,0.40153650558755993,0.17143741238597707,0.7028584014110417,0.6165225392202697,,,,,,,K004+KI05+KA01
random_forest,raw,target_real,0.4726457399103139,0.46884065712038064,0.10923629200934568,0.6151435916478363,0.4040004268096915,0.042152466367713005,0.0,0.042152466367713005,0.042152466367713005,0.0,0.04663677130044843,K004+KI05+KA01
random_forest,temperature,target_real,0.4726457399103139,0.46884065712038064,0.025397938674389164,0.5955798381835995,0.40075110558469157,0.042152466367713005,0.0,0.042152466367713005,0.042152466367713005,0.0,0.04753363228699552,K004+KI05+KA01
random_forest,isotonic,target_real,0.48699551569506727,0.4638043400476886,0.05423560889223616,0.593774980815121,0.4055942709281458,0.06098654708520179,0.11764705882352941,0.0,0.06098654708520179,0.11764705882352941,0.053811659192825115,K004+KI05+KA01
svm,raw,source_holdout,0.5416666666666666,0.5138478610041123,0.1999881662115016,0.6316936936479424,0.5288566584355656,,,,,,,K004+KI05+KA01
svm,raw,target_real,0.4618834080717489,0.45409423393448284,0.09852167307587816,0.6349508414790715,0.47933067199489726,0.0053811659192825115,0.5,0.0008968609865470852,0.0053811659192825115,0.5,0.0008968609865470852,K004+KI05+KA01
svm,temperature,target_real,0.4618834080717489,0.45409423393448284,0.04392081746575399,0.6192294954643532,0.4784480247813248,0.006278026905829596,0.42857142857142855,0.0008968609865470852,0.006278026905829596,0.42857142857142855,0.0008968609865470852,K004+KI05+KA01
svm,isotonic,target_real,0.4798206278026906,0.4701795594714478,0.15126090141566817,0.6341193084779351,0.3863082260903964,0.12645739910313902,0.2553191489361702,0.07533632286995516,0.12645739910313902,0.2553191489361702,0.07802690582959641,K004+KI05+KA01
xgboost,raw,source_holdout,0.4,0.3890963437522142,0.31696954270203914,0.8240984343193924,0.574140704384072,,,,,,,K004+KI05+KA01
xgboost,raw,target_real,0.46995515695067264,0.4689225266869114,0.22741460567632596,0.6998846952356436,0.39582355726741963,0.07533632286995516,0.05952380952380952,0.04304932735426009,0.07533632286995516,0.05952380952380952,0.05739910313901345,K004+KI05+KA01
xgboost,temperature,target_real,0.46995515695067264,0.4689225266869114,0.0590727884012575,0.6021598847272852,0.39298561616538075,0.0726457399103139,0.06172839506172839,0.04394618834080718,0.0726457399103139,0.06172839506172839,0.05650224215246637,K004+KI05+KA01
xgboost,isotonic,target_real,0.49417040358744396,0.4569061939170546,0.06211844592029774,0.5951914470332315,0.4013755489527641,0.08071748878923767,0.18888888888888888,0.0,0.08071748878923767,0.18888888888888888,0.0,K004+KI05+KA01
random_forest,raw,source_holdout,0.36666666666666664,0.36019830092573696,0.21901422115279423,0.734374828106851,0.623030043398412,,,,,,,K004+KI05+KA03
random_forest,raw,target_real,0.45739910313901344,0.45514115219529233,0.12616977784738584,0.6442389977608268,0.4238800764455433,0.0,,0.04304932735426009,0.0,,0.04753363228699552,K004+KI05+KA03
random_forest,temperature,target_real,0.45739910313901344,0.45514115219529233,0.024882662177607817,0.6126287785874321,0.4190895040950599,0.0,,0.04304932735426009,0.0,,0.0484304932735426,K004+KI05+KA03
random_forest,isotonic,target_real,0.4565022421524664,0.4262947531814585,0.06897678481288647,0.6082797931528087,0.4406268673803788,0.05829596412556054,0.1076923076923077,0.04753363228699552,0.05829596412556054,0.1076923076923077,0.04753363228699552,K004+KI05+KA03
svm,raw,source_holdout,0.3,0.311583522297808,0.2598677430550431,0.8041087163244297,0.8265252668968501,,,,,,,K004+KI05+KA03
svm,raw,target_real,0.4654708520179372,0.45735373924756556,0.0798084803826727,0.6362493172233505,0.45723144404249666,0.0,,0.0026905829596412557,0.0,,0.0026905829596412557,K004+KI05+KA03
svm,temperature,target_real,0.4654708520179372,0.45735373924756556,0.1049815252366835,0.6481498298779701,0.44381116756222727,0.0,,0.0026905829596412557,0.0,,0.0026905829596412557,K004+KI05+KA03
svm,isotonic,target_real,0.39282511210762333,0.33551563986346594,0.09152499816798615,0.6242814338406293,0.541070945987113,0.017040358744394617,0.5263157894736842,0.0008968609865470852,0.017040358744394617,0.5263157894736842,0.0008968609865470852,K004+KI05+KA03
xgboost,raw,source_holdout,0.375,0.36454365412104806,0.3466246612370014,0.8402950531237875,0.5571116911994362,,,,,,,K004+KI05+KA03
xgboost,raw,target_real,0.4484304932735426,0.4396619300210376,0.27471497898144565,0.7555333773793584,0.41427332839716846,0.08878923766816144,0.08080808080808081,0.012556053811659192,0.08878923766816144,0.08080808080808081,0.012556053811659192,K004+KI05+KA03
xgboost,temperature,target_real,0.4484304932735426,0.4396619300210376,0.03881037680199391,0.6183056815820486,0.41087542139949074,0.09327354260089686,0.08653846153846154,0.013452914798206279,0.09327354260089686,0.08653846153846154,0.013452914798206279,K004+KI05+KA03
xgboost,isotonic,target_real,0.4565022421524664,0.4412407060314165,0.06142508004793399,0.6090075532639991,0.4273341061999343,0.06457399103139014,0.1111111111111111,0.0,0.06457399103139014,0.1111111111111111,0.0,K004+KI05+KA03
random_forest,raw,source_holdout,0.5146443514644351,0.5046230109631832,0.09594278312158644,0.6122326558115293,0.4303131935255752,,,,,,,K004+KI05+KA05
random_forest,raw,target_real,0.43946188340807174,0.43836476511227196,0.1458596019063893,0.6374390784532292,0.4300206196183519,0.0,,0.04394618834080718,0.0,,0.04663677130044843,K004+KI05+KA05
random_forest,temperature,target_real,0.43946188340807174,0.43836476511227196,0.08979535354746489,0.6128778541546305,0.427804661131427,0.0,,0.04394618834080718,0.0,,0.04753363228699552,K004+KI05+KA05
random_forest,isotonic,target_real,0.45739910313901344,0.4411221634459595,0.12707286932107464,0.6225524901361361,0.44025655651408574,0.11748878923766816,0.2595419847328244,0.0,0.11748878923766816,0.2595419847328244,0.0,K004+KI05+KA05
svm,raw,source_holdout,0.48535564853556484,0.4753937340087299,0.05686733138182897,0.6277146703211159,0.4754993224254627,,,,,,,K004+KI05+KA05
svm,raw,target_real,0.452914798206278,0.4527714354383224,0.10073206184959574,0.6340641305860493,0.4841184850582415,0.0,,0.0,0.0,,0.0,K004+KI05+KA05
svm,temperature,target_real,0.452914798206278,0.4527714354383224,0.06740837354871455,0.6216070512106352,0.48221364979176473,0.0,,0.0,0.0,,0.0,K004+KI05+KA05
svm,isotonic,target_real,0.4672645739910314,0.46307092845404835,0.10880450534910133,0.6168762543598021,0.4075088732903569,0.05739910313901345,0.171875,0.04394618834080718,0.05739910313901345,0.171875,0.04394618834080718,K004+KI05+KA05
xgboost,raw,source_holdout,0.497907949790795,0.4881047315257841,0.18368207809815348,0.6605495758720825,0.3873871593099802,,,,,,,K004+KI05+KA05
xgboost,raw,target_real,0.46816143497757845,0.46695887095038935,0.24269682762334166,0.7221621711849819,0.41217855884737925,0.08789237668161436,0.10204081632653061,0.008968609865470852,0.08789237668161436,0.10204081632653061,0.0726457399103139,K004+KI05+KA05
xgboost,temperature,target_real,0.46816143497757845,0.46695887095038935,0.08144727535713281,0.6153317577203202,0.4062674970801878,0.10762331838565023,0.15833333333333333,0.008071748878923767,0.10762331838565023,0.15833333333333333,0.07533632286995516,K004+KI05+KA05
xgboost,isotonic,target_real,0.4672645739910314,0.45221007299272403,0.11549038089144842,0.6180932868899597,0.42714597748952565,0.15695067264573992,0.28,0.0,0.15695067264573992,0.28,0.0,K004+KI05+KA05
random_forest,raw,source_holdout,0.6083333333333333,0.5758924082453495,0.052719055498317915,0.5063459413539284,0.23048941998428327,,,,,,,K004+KI05+KA06
random_forest,raw,target_real,0.46816143497757845,0.4650155286094246,0.10120830609416209,0.6189822584801715,0.4136616075485958,0.07354260089686099,0.17073170731707318,0.042152466367713005,0.07892376681614349,0.19318181818181818,0.059192825112107626,K004+KI05+KA06
random_forest,temperature,target_real,0.46816143497757845,0.4650155286094246,0.08864665127159252,0.614222243994197,0.4131731047398552,0.07354260089686099,0.17073170731707318,0.042152466367713005,0.07892376681614349,0.19318181818181818,0.059192825112107626,K004+KI05+KA06
random_forest,isotonic,target_real,0.4591928251121076,0.4615673782468819,0.13205308873538346,0.6338223182341416,0.43429493758467796,0.13452914798206278,0.26666666666666666,0.0,0.15605381165919283,0.3160919540229885,0.0,K004+KI05+KA06
svm,raw,source_holdout,0.5625,0.5272172371992516,0.08881590413261004,0.5522734757241683,0.2983997517892346,,,,,,,K004+KI05+KA06
svm,raw,target_real,0.4547085201793722,0.45262836404390344,0.08880735272741413,0.6385874732227648,0.49248777035768543,0.003587443946188341,0.75,0.0008968609865470852,0.02780269058295964,0.5806451612903226,0.0008968609865470852,K004+KI05+KA06
svm,temperature,target_real,0.4547085201793722,0.45262836404390344,0.07495627291491143,0.6290786988326039,0.49115695726892195,0.003587443946188341,0.75,0.0008968609865470852,0.029596412556053813,0.5757575757575758,0.0008968609865470852,K004+KI05+KA06
svm,isotonic,target_real,0.43228699551569505,0.4299473591719472,0.19035801235565541,0.6795478824870017,0.4539954133872474,0.060089686098654706,0.04477611940298507,0.05739910313901345,0.0726457399103139,0.12345679012345678,0.060089686098654706,K004+KI05+KA06
xgboost,raw,source_holdout,0.5958333333333333,0.5697537160186583,0.13905808329582214,0.5465433293499306,0.23969914722425284,,,,,,,K004+KI05+KA06
xgboost,raw,target_real,0.46995515695067264,0.46813037919502926,0.23191532174568005,0.7071928603547954,0.409989819032188,0.07085201793721974,0.10126582278481013,0.015246636771300448,0.13721973094170403,0.2222222222222222,0.023318385650224215,K004+KI05+KA06
xgboost,temperature,target_real,0.46995515695067264,0.46813037919502926,0.1142317746648726,0.6289152687407976,0.4067177124176949,0.07443946188340807,0.10843373493975904,0.023318385650224215,0.14349775784753363,0.2375,0.0242152466367713,K004+KI05+KA06
xgboost,isotonic,target_real,0.4538116591928251,0.44533430692641945,0.13239480786899205,0.6368122643695351,0.4300187053074979,0.11390134529147983,0.14173228346456693,0.0,0.17847533632286997,0.2914572864321608,0.0,K004+KI05+KA06
random_forest,raw,source_holdout,0.5083333333333333,0.49413772212403434,0.10162365961242811,0.6198854268047023,0.4042239914900861,,,,,,,K004+KI05+KA07
random_forest,raw,target_real,0.46278026905829595,0.4602915229785756,0.12388689934126271,0.6310867441913535,0.4277593332115211,0.06726457399103139,0.17333333333333334,0.042152466367713005,0.06726457399103139,0.17333333333333334,0.04484304932735426,K004+KI05+KA07
random_forest,temperature,target_real,0.46278026905829595,0.4602915229785756,0.03944328025730636,0.6019820859759026,0.4232984718266608,0.07533632286995516,0.21428571428571427,0.04304932735426009,0.07533632286995516,0.21428571428571427,0.04663677130044843,K004+KI05+KA07
random_forest,isotonic,target_real,0.4834080717488789,0.4780209561339052,0.07963429690283906,0.6044892406394599,0.4234072742482146,0.14170403587443947,0.31645569620253167,0.0,0.14170403587443947,0.31645569620253167,0.0,K004+KI05+KA07
svm,raw,source_holdout,0.45416666666666666,0.4465304761538363,0.1019024544746305,0.6303476488792458,0.4297727475241739,,,,,,,K004+KI05+KA07
svm,raw,target_real,0.47533632286995514,0.4729354482863555,0.08421195987449066,0.6350877701362447,0.47039807081627943,0.006278026905829596,0.5714285714285714,0.0008968609865470852,0.006278026905829596,0.5714285714285714,0.0008968609865470852,K004+KI05+KA07
svm,temperature,target_real,0.47533632286995514,0.4729354482863555,0.04196487463774628,0.6166093217676515,0.46749002828742375,0.007174887892376682,0.625,0.0008968609865470852,0.007174887892376682,0.625,0.0008968609865470852,K004+KI05+KA07
svm,isotonic,target_real,0.45201793721973094,0.45495220771665323,0.10779315721954244,0.6162475130731253,0.4475928342524688,0.006278026905829596,0.5714285714285714,0.0017937219730941704,0.006278026905829596,0.5714285714285714,0.0017937219730941704,K004+KI05+KA07
xgboost,raw,source_holdout,0.5333333333333333,0.5170177881021255,0.16470517913500468,0.6265017642967808,0.34472945061358684,,,,,,,K004+KI05+KA07
xgboost,raw,target_real,0.4618834080717489,0.4620370581671048,0.24449326743459487,0.7117674457383203,0.40885687621622613,0.07443946188340807,0.08433734939759036,0.006278026905829596,0.07443946188340807,0.08433734939759036,0.059192825112107626,K004+KI05+KA07
xgboost,temperature,target_real,0.4618834080717489,0.4620370581671048,0.09106441750792547,0.6113352566608272,0.4047333985096686,0.08789237668161436,0.11224489795918367,0.006278026905829596,0.08789237668161436,0.11224489795918367,0.05650224215246637,K004+KI05+KA07
xgboost,isotonic,target_real,0.48251121076233183,0.4733126398780656,0.11009959364695157,0.6122283811617387,0.40984172789457374,0.11928251121076233,0.18796992481203006,0.0,0.11928251121076233,0.18796992481203006,0.0,K004+KI05+KA07
random_forest,raw,source_holdout,0.5230125523012552,0.512768732382515,0.05173393353838498,0.5998958317967432,0.38222217386691637,,,,,,,K004+KI05+KA08
random_forest,raw,target_real,0.46278026905829595,0.45920818738312424,0.12323227659913974,0.6358339145459841,0.4365652149964168,0.08251121076233184,0.2717391304347826,0.04484304932735426,0.08251121076233184,0.2717391304347826,0.04663677130044843,K004+KI05+KA08
random_forest,temperature,target_real,0.46278026905829595,0.45920818738312424,0.07831015237621275,0.6148981203424584,0.4341758974625615,0.08609865470852018,0.28125,0.04484304932735426,0.08609865470852018,0.28125,0.04663677130044843,K004+KI05+KA08
random_forest,isotonic,target_real,0.48161434977578477,0.4689520095990624,0.07395061372943305,0.6166586215322574,0.44146392785668626,0.1336322869955157,0.31543624161073824,0.0,0.1336322869955157,0.31543624161073824,0.0,K004+KI05+KA08
svm,raw,source_holdout,0.502092050209205,0.4888251908586477,0.08415550568854854,0.602003243831398,0.4184450633856123,,,,,,,K004+KI05+KA08
svm,raw,target_real,0.4726457399103139,0.4691835446654755,0.08440840450116294,0.6323959342949476,0.4760428338751088,0.010762331838565023,0.6666666666666666,0.0008968609865470852,0.010762331838565023,0.6666666666666666,0.0008968609865470852,K004+KI05+KA08
svm,temperature,target_real,0.4726457399103139,0.4691835446654755,0.07448787000197533,0.6239417575061791,0.4749406694777387,0.010762331838565023,0.6666666666666666,0.0008968609865470852,0.010762331838565023,0.6666666666666666,0.0008968609865470852,K004+KI05+KA08
svm,isotonic,target_real,0.46367713004484307,0.4654788665354648,0.1339661384151839,0.6291639996435712,0.4299187599300374,0.010762331838565023,0.6666666666666666,0.0,0.010762331838565023,0.6666666666666666,0.0,K004+KI05+KA08
xgboost,raw,source_holdout,0.5188284518828452,0.50754148076867,0.1948481942819252,0.6252870093790438,0.3246297726512063,,,,,,,K004+KI05+KA08
xgboost,raw,target_real,0.46816143497757845,0.46645958414466504,0.23313469416357477,0.7103443000935117,0.41471812923241735,0.11390134529147983,0.2125984251968504,0.010762331838565023,0.11390134529147983,0.2125984251968504,0.028699551569506727,K004+KI05+KA08
xgboost,temperature,target_real,0.46816143497757845,0.46645958414466504,0.09430925899859934,0.6206425875201795,0.4119096532802264,0.12645739910313902,0.2127659574468085,0.011659192825112108,0.12645739910313902,0.2127659574468085,0.021524663677130046,K004+KI05+KA08
xgboost,isotonic,target_real,0.47085201793721976,0.46613131585816525,0.11045230505355345,0.6304744766232749,0.4363974841720574,0.1031390134529148,0.2782608695652174,0.0,0.1031390134529148,0.2782608695652174,0.0,K004+KI05+KA08
random_forest,raw,source_holdout,0.5564853556485355,0.5401702182003321,0.05166402613271934,0.5486958444062394,0.29025049019972454,,,,,,,K004+KI05+KA09
random_forest,raw,target_real,0.43946188340807174,0.43917820244816436,0.1304576582405417,0.63578774839009,0.43736703847535696,0.07533632286995516,0.17857142857142858,0.045739910313901344,0.11031390134529148,0.2601626016260163,0.04932735426008968,K004+KI05+KA09
random_forest,temperature,target_real,0.43946188340807174,0.43917820244816436,0.10339592215564887,0.6227337310495455,0.43635471587535263,0.07713004484304933,0.18604651162790697,0.045739910313901344,0.0968609865470852,0.25,0.0484304932735426,K004+KI05+KA09
random_forest,isotonic,target_real,0.4717488789237668,0.46333487079125163,0.12357107792736059,0.6292385657727095,0.42902411635225346,0.13542600896860987,0.2913907284768212,0.0,0.17399103139013453,0.35051546391752575,0.0,K004+KI05+KA09
svm,raw,source_holdout,0.497907949790795,0.48236269632231005,0.08836922298102698,0.6002540228766341,0.3972541510092417,,,,,,,K004+KI05+KA09
svm,raw,target_real,0.4439461883408072,0.4456309980292144,0.09391573628297563,0.6416698046413105,0.49833677825144185,0.0053811659192825115,0.6666666666666666,0.0008968609865470852,0.0053811659192825115,0.6666666666666666,0.0008968609865470852,K004+KI05+KA09
svm,temperature,target_real,0.4439461883408072,0.4456309980292144,0.05210203330790615,0.6281203702910185,0.49728701962284555,0.0053811659192825115,0.6666666666666666,0.0,0.0053811659192825115,0.6666666666666666,0.0,K004+KI05+KA09
svm,isotonic,target_real,0.420627802690583,0.42044545682400436,0.15846143177785568,0.6406588463331194,0.46500452047055774,0.0053811659192825115,0.6666666666666666,0.0008968609865470852,0.0053811659192825115,0.6666666666666666,0.0008968609865470852,K004+KI05+KA09
xgboost,raw,source_holdout,0.5815899581589958,0.5692523076510858,0.14707289904231308,0.5686126933716418,0.28257613025471395,,,,,,,K004+KI05+KA09
xgboost,raw,target_real,0.4493273542600897,0.4484400515297929,0.24139565790715237,0.7144838699224011,0.414307267295898,0.09147982062780269,0.11764705882352941,0.033183856502242155,0.11031390134529148,0.15447154471544716,0.036771300448430494,K004+KI05+KA09
xgboost,temperature,target_real,0.4493273542600897,0.4484400515297929,0.12346372453917953,0.6297447049810174,0.412164309084339,0.09865470852017937,0.13636363636363635,0.026905829596412557,0.11031390134529148,0.15447154471544716,0.03856502242152467,K004+KI05+KA09
xgboost,isotonic,target_real,0.45829596412556056,0.45744733683022604,0.15357744468442533,0.6396561052328379,0.42462787500758087,0.1273542600896861,0.20422535211267606,0.0,0.13991031390134528,0.21153846153846154,0.0,K004+KI05+KA09
random_forest,raw,source_holdout,0.4351464435146444,0.42161524920145615,0.10861740270831517,0.6123851809517527,0.4671284059424248,,,,,,,K004+KI07+KA01
random_forest,raw,target_real,0.48251121076233183,0.4789422398396426,0.09282557396645738,0.614355102369477,0.39973273104067397,0.08340807174887892,0.23655913978494625,0.042152466367713005,0.08340807174887892,0.23655913978494625,0.045739910313901344,K004+KI07+KA01
random_forest,temperature,target_real,0.48251121076233183,0.4789422398396426,0.05520918247201954,0.6024586599493014,0.39874947513371156,0.08340807174887892,0.23655913978494625,0.04125560538116592,0.08340807174887892,0.23655913978494625,0.045739910313901344,K004+KI07+KA01
random_forest,isotonic,target_real,0.49506726457399103,0.4795696784813906,0.08425321646250403,0.6086882071676242,0.40307909178329066,0.11838565022421525,0.22727272727272727,0.0,0.11838565022421525,0.22727272727272727,0.0,K004+KI07+KA01
svm,raw,source_holdout,0.5857740585774058,0.5487432973042926,0.17601626689758512,0.5867093926393698,0.4186334643728745,,,,,,,K004+KI07+KA01
svm,raw,target_real,0.473542600896861,0.4620438336063966,0.09338276128729117,0.620288260657206,0.4670600081868013,0.006278026905829596,0.14285714285714285,0.0008968609865470852,0.006278026905829596,0.14285714285714285,0.0008968609865470852,K004+KI07+KA01
svm,temperature,target_real,0.473542600896861,0.4620438336063966,0.09129114381833274,0.626754062809535,0.46705643904283267,0.006278026905829596,0.14285714285714285,0.0008968609865470852,0.006278026905829596,0.14285714285714285,0.0008968609865470852,K004+KI07+KA01
svm,isotonic,target_real,0.45022421524663675,0.4470711376748498,0.19578110628596582,0.6557177974036151,0.40325758429092673,0.15874439461883408,0.2824858757062147,0.07892376681614349,0.17937219730941703,0.32,0.08340807174887892,K004+KI07+KA01
xgboost,raw,source_holdout,0.5062761506276151,0.4862974346247224,0.2111090296980726,0.6421250785256972,0.334295506405215,,,,,,,K004+KI07+KA01
xgboost,raw,target_real,0.4834080717488789,0.48285356195496215,0.22607199124691196,0.7012265165474627,0.39562542082280516,0.1147982062780269,0.2109375,0.04753363228699552,0.14260089686098654,0.29559748427672955,0.05560538116591928,K004+KI07+KA01
xgboost,temperature,target_real,0.4834080717488789,0.48285356195496215,0.08027310109465538,0.613176218951757,0.39178627267604615,0.1210762331838565,0.23703703703703705,0.0484304932735426,0.1210762331838565,0.23703703703703705,0.05022421524663677,K004+KI07+KA01
xgboost,isotonic,target_real,0.4789237668161435,0.44428188614987824,0.1165137771624852,0.6229112336031747,0.4296663527489495,0.12645739910313902,0.2553191489361702,0.0,0.13632286995515694,0.27631578947368424,0.0,K004+KI07+KA01
random_forest,raw,source_holdout,0.40585774058577406,0.3834434449443656,0.1832202036450619,0.6729483080781827,0.5045771808341889,,,,,,,K004+KI07+KA03
random_forest,raw,target_real,0.46367713004484307,0.4623198274883668,0.1263203511847754,0.6447483010862523,0.42627045046335066,0.08789237668161436,0.23469387755102042,0.04304932735426009,0.08789237668161436,0.23469387755102042,0.04663677130044843,K004+KI07+KA03
random_forest,temperature,target_real,0.46367713004484307,0.4623198274883668,0.057982350244609765,0.6117409851541155,0.42250690096599086,0.07802690582959641,0.16091954022988506,0.04304932735426009,0.07802690582959641,0.16091954022988506,0.04663677130044843,K004+KI07+KA03
random_forest,isotonic,target_real,0.4412556053811659,0.38282937011247276,0.08636900744080062,0.6207144822495854,0.4513884796959849,0.09596412556053811,0.2897196261682243,0.0,0.09596412556053811,0.2897196261682243,0.0,K004+KI07+KA03
svm,raw,source_holdout,0.3472803347280335,0.3473246372774428,0.1619058017337952,0.7073113970389887,0.7440353287626166,,,,,,,K004+KI07+KA03
svm,raw,target_real,0.47623318385650226,0.47296461685838315,0.04986021431009029,0.6245527281939585,0.4342502548929441,0.0,,0.0017937219730941704,0.0,,0.0017937219730941704,K004+KI07+KA03
svm,temperature,target_real,0.47623318385650226,0.47296461685838315,0.06338584120194501,0.6241560330406221,0.42979701731589554,0.0,,0.0017937219730941704,0.0,,0.0017937219730941704,K004+KI07+KA03
svm,isotonic,target_real,0.3811659192825112,0.3266174530480935,0.1117184298159944,0.6307013173560497,0.5258869592490378,0.008071748878923767,0.5555555555555556,0.0,0.008071748878923767,0.5555555555555556,0.0,K004+KI07+KA03
xgboost,raw,source_holdout,0.4476987447698745,0.41720788243634827,0.2782322078569165,0.7649434392284779,0.4218333271212188,,,,,,,K004+KI07+KA03
xgboost,raw,target_real,0.4609865470852018,0.45497294354964374,0.26105267942753607,0.7360110258039282,0.4002015675111946,0.11210762331838565,0.144,0.039461883408071746,0.11210762331838565,0.144,0.07713004484304933,K004+KI07+KA03
xgboost,temperature,target_real,0.4609865470852018,0.45497294354964374,0.05565492013609262,0.6075177851217913,0.3993758256819015,0.10582959641255606,0.11864406779661017,0.042152466367713005,0.10582959641255606,0.11864406779661017,0.07802690582959641,K004+KI07+KA03
xgboost,isotonic,target_real,0.4860986547085202,0.47211098076616853,0.08135602046333955,0.6107639527119704,0.4016379763504928,0.11300448430493273,0.2222222222222222,0.0,0.11300448430493273,0.2222222222222222,0.0,K004+KI07+KA03
random_forest,raw,source_holdout,0.4495798319327731,0.4292614301577686,0.1031121612650276,0.6166090730279593,0.4384559405355051,,,,,,,K004+KI07+KA05
random_forest,raw,target_real,0.4538116591928251,0.4521460701528958,0.1318886620135872,0.6430839550298015,0.4354809332158169,0.09237668161434978,0.2815533980582524,0.042152466367713005,0.09237668161434978,0.2815533980582524,0.04484304932735426,K004+KI07+KA05
random_forest,temperature,target_real,0.4538116591928251,0.4521460701528958,0.07812243523157664,0.619291481624198,0.4316350848994788,0.09327354260089686,0.27884615384615385,0.042152466367713005,0.09327354260089686,0.27884615384615385,0.045739910313901344,K004+KI07+KA05
random_forest,isotonic,target_real,0.473542600896861,0.4661394600955349,0.09918720146769922,0.635292165929251,0.452422343324825,0.10852017937219731,0.35537190082644626,0.0,0.10852017937219731,0.35537190082644626,0.0,K004+KI07+KA05
svm,raw,source_holdout,0.38235294117647056,0.36821056089348775,0.14011357703558747,0.6690254595616953,0.6300106671158571,,,,,,,K004+KI07+KA05
svm,raw,target_real,0.4726457399103139,0.46831723488152693,0.06873552914325011,0.6278842706776055,0.47708784889832917,0.02600896860986547,0.6206896551724138,0.0008968609865470852,0.02600896860986547,0.6206896551724138,0.0008968609865470852,K004+KI07+KA05
svm,temperature,target_real,0.4726457399103139,0.46831723488152693,0.06207563858094541,0.6171608190556965,0.47429725707615006,0.026905829596412557,0.6333333333333333,0.0008968609865470852,0.026905829596412557,0.6333333333333333,0.0008968609865470852,K004+KI07+KA05
svm,isotonic,target_real,0.4556053811659193,0.45175065825075095,0.1174120369033689,0.6264808469873939,0.4775936634535716,0.05829596412556054,0.5846153846153846,0.0,0.05829596412556054,0.5846153846153846,0.0,K004+KI07+KA05
xgboost,raw,source_holdout,0.47478991596638653,0.45370883947180807,0.23101800179281157,0.6641078190873938,0.34851454900727186,,,,,,,K004+KI07+KA05
xgboost,raw,target_real,0.4556053811659193,0.45578675272592917,0.26001102518073116,0.7315866558949193,0.41940815972666556,0.09058295964125561,0.13861386138613863,0.01883408071748879,0.09058295964125561,0.13861386138613863,0.051121076233183856,K004+KI07+KA05
xgboost,temperature,target_real,0.4556053811659193,0.45578675272592917,0.08950470685736824,0.6210032456265502,0.415113366913355,0.10582959641255606,0.17796610169491525,0.023318385650224215,0.10582959641255606,0.17796610169491525,0.05829596412556054,K004+KI07+KA05
xgboost,isotonic,target_real,0.4538116591928251,0.43981639299274705,0.13081963212381548,0.6302482204221608,0.44343643926870885,0.10044843049327354,0.21428571428571427,0.0,0.1210762331838565,0.2814814814814815,0.0,K004+KI07+KA05
random_forest,raw,source_holdout,0.6108786610878661,0.5596106414852802,0.046761507704005334,0.4710585836471454,0.19456998277086693,,,,,,,K004+KI07+KA06
random_forest,raw,target_real,0.4780269058295964,0.47563951325305576,0.09074349245562206,0.6224869392393916,0.4182323406042396,0.06726457399103139,0.14666666666666667,0.042152466367713005,0.0968609865470852,0.2962962962962963,0.045739910313901344,K004+KI07+KA06
random_forest,temperature,target_real,0.4780269058295964,0.47563951325305576,0.11659516553866056,0.6348529361763916,0.419552332557874,0.07354260089686099,0.18292682926829268,0.042152466367713005,0.0968609865470852,0.28703703703703703,0.045739910313901344,K004+KI07+KA06
random_forest,isotonic,target_real,0.4430493273542601,0.43787928701469553,0.1766198410976921,0.6683258383045493,0.46118492700898367,0.14887892376681613,0.3132530120481928,0.0,0.19013452914798207,0.36792452830188677,0.0,K004+KI07+KA06
svm,raw,source_holdout,0.5857740585774058,0.5348185475574011,0.07301136036355854,0.5017831504011735,0.25379212638592286,,,,,,,K004+KI07+KA06
svm,raw,target_real,0.47085201793721976,0.4622601609813886,0.06706641365107757,0.6238022094217387,0.4736201597411405,0.028699551569506727,0.59375,0.0,0.04932735426008968,0.5818181818181818,0.0,K004+KI07+KA06
svm,temperature,target_real,0.47085201793721976,0.4622601609813886,0.10339754750926769,0.6398873182597279,0.474922315452276,0.028699551569506727,0.59375,0.0008968609865470852,0.04394618834080718,0.5918367346938775,0.0008968609865470852,K004+KI07+KA06
svm,isotonic,target_real,0.41076233183856503,0.4113935551785279,0.22875878668489158,0.7046539303484037,0.4719482622268009,0.12914798206278028,0.2708333333333333,0.0,0.16771300448430493,0.3689839572192513,0.0,K004+KI07+KA06
xgboost,raw,source_holdout,0.606694560669456,0.5651997696196591,0.1412578397216159,0.5104440971176433,0.19124427746539463,,,,,,,K004+KI07+KA06
xgboost,raw,target_real,0.4726457399103139,0.47303124453503004,0.22484397460526948,0.7088106480889772,0.405147059073602,0.1210762331838565,0.2074074074074074,0.04304932735426009,0.1452914798206278,0.2777777777777778,0.051121076233183856,K004+KI07+KA06
xgboost,temperature,target_real,0.4726457399103139,0.47303124453503004,0.1273290905810341,0.6385812688565483,0.40255576034422835,0.12197309417040358,0.19852941176470587,0.04484304932735426,0.15067264573991032,0.2916666666666667,0.05739910313901345,K004+KI07+KA06
xgboost,isotonic,target_real,0.4484304932735426,0.4363364920458323,0.17380729046729632,0.6672471904436376,0.45694335553552806,0.16143497757847533,0.29444444444444445,0.0,0.18565022421524663,0.32367149758454106,0.0,K004+KI07+KA06
random_forest,raw,source_holdout,0.4895397489539749,0.4690224948875255,0.08800999429338371,0.6058674533332964,0.3898175477305142,,,,,,,K004+KI07+KA07
random_forest,raw,target_real,0.473542600896861,0.4707572501411364,0.11554923145536355,0.6349871366098241,0.4262146137357648,0.10672645739910314,0.3277310924369748,0.042152466367713005,0.10672645739910314,0.3277310924369748,0.04663677130044843,K004+KI07+KA07
random_forest,temperature,target_real,0.473542600896861,0.4707572501411364,0.04927830375902345,0.6092041775045415,0.42142161598157013,0.10134529147982063,0.3185840707964602,0.042152466367713005,0.10134529147982063,0.3185840707964602,0.04663677130044843,K004+KI07+KA07
random_forest,isotonic,target_real,0.45112107623318387,0.45410166225312,0.0924333627553819,0.6355765628622786,0.46772370416877884,0.11928251121076233,0.37593984962406013,0.0,0.17757847533632287,0.40404040404040403,0.0,K004+KI07+KA07
svm,raw,source_holdout,0.4811715481171548,0.46224668001329444,0.06921348732546374,0.6252649701344796,0.4565021587926385,,,,,,,K004+KI07+KA07
svm,raw,target_real,0.47623318385650226,0.46678460869452526,0.08805247881450358,0.6312407106784863,0.4727606440333634,0.03139013452914798,0.7142857142857143,0.0008968609865470852,0.03139013452914798,0.7142857142857143,0.0008968609865470852,K004+KI07+KA07
svm,temperature,target_real,0.47623318385650226,0.46678460869452526,0.049698384938863735,0.6175153696144468,0.4707358477871903,0.03497757847533632,0.6666666666666666,0.0008968609865470852,0.03497757847533632,0.6666666666666666,0.0008968609865470852,K004+KI07+KA07
svm,isotonic,target_real,0.4260089686098655,0.42036229026585986,0.15588212038715307,0.6560912702113235,0.4801973531736152,0.02600896860986547,0.6896551724137931,0.0,0.02600896860986547,0.6896551724137931,0.0,K004+KI07+KA07
xgboost,raw,source_holdout,0.5062761506276151,0.47656468927446455,0.21008358166307586,0.6489556463453219,0.33974934863317546,,,,,,,K004+KI07+KA07
xgboost,raw,target_real,0.4672645739910314,0.4679217440173296,0.25463566133259663,0.7274928894322388,0.4110922064792982,0.08251121076233184,0.10869565217391304,0.02242152466367713,0.08251121076233184,0.10869565217391304,0.042152466367713005,K004+KI07+KA07
xgboost,temperature,target_real,0.4672645739910314,0.4679217440173296,0.08133137410701015,0.6160196414258238,0.4077108492832848,0.09237668161434978,0.11650485436893204,0.0242152466367713,0.09237668161434978,0.11650485436893204,0.054708520179372194,K004+KI07+KA07
xgboost,isotonic,target_real,0.4654708520179372,0.45603445964125067,0.11557309686873708,0.6267631652325425,0.4297242270476001,0.06995515695067264,0.15384615384615385,0.0,0.06995515695067264,0.15384615384615385,0.0,K004+KI07+KA07
random_forest,raw,source_holdout,0.5210084033613446,0.5036033895620496,0.08438751743791047,0.5810827926292901,0.35040219926886956,,,,,,,K004+KI07+KA08
random_forest,raw,target_real,0.47085201793721976,0.4676962830451202,0.11746302467399837,0.6399375029912882,0.43736048679562256,0.08430493273542601,0.2978723404255319,0.042152466367713005,0.08430493273542601,0.2978723404255319,0.04663677130044843,K004+KI07+KA08
random_forest,temperature,target_real,0.47085201793721976,0.4676962830451202,0.08385402605959666,0.6243395738743406,0.4354976623065249,0.08340807174887892,0.2903225806451613,0.042152466367713005,0.08340807174887892,0.2903225806451613,0.04663677130044843,K004+KI07+KA08
random_forest,isotonic,target_real,0.4663677130044843,0.44018865059584894,0.0948757035137738,0.6444311822953912,0.4789635032918368,0.12914798206278028,0.4027777777777778,0.0,0.1336322869955157,0.40268456375838924,0.0,K004+KI07+KA08
svm,raw,source_holdout,0.5252100840336135,0.5143693515786539,0.08353253061835941,0.5878125660231379,0.42426595249375376,,,,,,,K004+KI07+KA08
svm,raw,target_real,0.4789237668161435,0.46842962330359206,0.09123783539475866,0.6284728094305196,0.4769282004565435,0.045739910313901344,0.6078431372549019,0.0008968609865470852,0.045739910313901344,0.6078431372549019,0.0008968609865470852,K004+KI07+KA08
svm,temperature,target_real,0.4789237668161435,0.46842962330359206,0.0906120014057529,0.638875774758272,0.4782691786713266,0.04484304932735426,0.62,0.0008968609865470852,0.04484304932735426,0.62,0.0008968609865470852,K004+KI07+KA08
svm,isotonic,target_real,0.4672645739910314,0.46455345377806284,0.14732029664209392,0.6753192027962857,0.4517195757639896,0.04663677130044843,0.6153846153846154,0.0,0.04663677130044843,0.6153846153846154,0.0,K004+KI07+KA08
xgboost,raw,source_holdout,0.5462184873949579,0.5269728093257505,0.1910301232788743,0.6006588711633369,0.2780621344717125,,,,,,,K004+KI07+KA08
xgboost,raw,target_real,0.45112107623318387,0.4521246013176383,0.2619345713623971,0.7367899835499931,0.42046861265218494,0.11838565022421525,0.24242424242424243,0.012556053811659192,0.11838565022421525,0.24242424242424243,0.053811659192825115,K004+KI07+KA08
xgboost,temperature,target_real,0.45112107623318387,0.4521246013176383,0.12778744729385916,0.6381245834532803,0.41747513996493285,0.11569506726457399,0.2248062015503876,0.017040358744394617,0.11569506726457399,0.2248062015503876,0.051121076233183856,K004+KI07+KA08
xgboost,isotonic,target_real,0.47623318385650226,0.46456467933902396,0.11730726082479703,0.6370772436479463,0.439419663475265,0.14887892376681613,0.27710843373493976,0.0,0.14887892376681613,0.27710843373493976,0.0,K004+KI07+KA08
random_forest,raw,source_holdout,0.5672268907563025,0.5359720939408341,0.06630052517498942,0.5191322565136325,0.25735538775450967,,,,,,,K004+KI07+KA09
random_forest,raw,target_real,0.4547085201793722,0.4540445658456353,0.11804794933853531,0.6392127759742924,0.4412213625255283,0.054708520179372194,0.09836065573770492,0.04304932735426009,0.08520179372197309,0.25263157894736843,0.04932735426008968,K004+KI07+KA09
random_forest,temperature,target_real,0.4547085201793722,0.4540445658456353,0.12268624102205877,0.6416942946963801,0.44151300427767287,0.054708520179372194,0.09836065573770492,0.04304932735426009,0.08520179372197309,0.25263157894736843,0.04932735426008968,K004+KI07+KA09
random_forest,isotonic,target_real,0.44484304932735425,0.44251626389083426,0.1596025472393276,0.6588351734208583,0.4608113228182165,0.11121076233183856,0.23387096774193547,0.0,0.13632286995515694,0.27631578947368424,0.0,K004+KI07+KA09
svm,raw,source_holdout,0.5840336134453782,0.5597460596362419,0.06677138645423086,0.5354929526867779,0.3151010115970917,,,,,,,K004+KI07+KA09
svm,raw,target_real,0.46278026905829595,0.4563116951623949,0.06548282817183096,0.6316126244724447,0.478703896493142,0.013452914798206279,0.6,0.0008968609865470852,0.013452914798206279,0.6,0.0008968609865470852,K004+KI07+KA09
svm,temperature,target_real,0.46278026905829595,0.4563116951623949,0.11686371865397988,0.6524251818649355,0.48132822082587445,0.012556053811659192,0.6428571428571429,0.0017937219730941704,0.012556053811659192,0.6428571428571429,0.0017937219730941704,K004+KI07+KA09
svm,isotonic,target_real,0.43408071748878924,0.4398030311409065,0.211599099119429,0.7077532785376847,0.4848128125778696,0.02242152466367713,0.6,0.0,0.02242152466367713,0.6,0.0,K004+KI07+KA09
xgboost,raw,source_holdout,0.5630252100840336,0.5321756501286353,0.16192502246684387,0.5537718482143255,0.23837980429758998,,,,,,,K004+KI07+KA09
xgboost,raw,target_real,0.4600896860986547,0.4593631105932024,0.23891915970319058,0.7288204368047442,0.4189959595920689,0.10582959641255606,0.17796610169491525,0.02600896860986547,0.14170403587443947,0.26582278481012656,0.05739910313901345,K004+KI07+KA09
xgboost,temperature,target_real,0.4600896860986547,0.4593631105932024,0.1289720970426016,0.6453150709717341,0.4159454169149536,0.11659192825112108,0.2,0.025112107623318385,0.13542600896860987,0.25165562913907286,0.06278026905829596,K004+KI07+KA09
xgboost,isotonic,target_real,0.452914798206278,0.43673155388442475,0.15075395537726674,0.6603724941308929,0.4500036844662636,0.13901345291479822,0.23870967741935484,0.0,0.16860986547085202,0.2978723404255319,0.0,K004+KI07+KA09
random_forest,raw,source_holdout,0.41596638655462187,0.412721288892641,0.14636837627955043,0.6765703243119725,0.6062803939861359,,,,,,,K004+KI08+KA01
random_forest,raw,target_real,0.5013452914798207,0.4979328308039226,0.08871545814907636,0.6075068694661475,0.3907183233547751,0.05022421524663677,0.03571428571428571,0.04394618834080718,0.05022421524663677,0.03571428571428571,0.05560538116591928,K004+KI08+KA01
random_forest,temperature,target_real,0.5013452914798207,0.4979328308039226,0.02601806334753104,0.5892424854014818,0.3887643425040356,0.04484304932735426,0.02,0.04394618834080718,0.04484304932735426,0.02,0.054708520179372194,K004+KI08+KA01
random_forest,isotonic,target_real,0.4914798206278027,0.46379296478291093,0.05716365968104784,0.5923407296349136,0.3875321397722458,0.11210762331838565,0.2,0.0,0.12914798206278028,0.2708333333333333,0.07802690582959641,K004+KI08+KA01
svm,raw,source_holdout,0.5462184873949579,0.5300144300144299,0.19217940225129368,0.6176320573754103,0.5131101115860424,,,,,,,K004+KI08+KA01
svm,raw,target_real,0.473542600896861,0.46092991318633675,0.0782935179381988,0.6202474503446749,0.4654391049583402,0.006278026905829596,0.14285714285714285,0.0,0.006278026905829596,0.14285714285714285,0.0,K004+KI08+KA01
svm,temperature,target_real,0.473542600896861,0.46092991318633675,0.05800333485790516,0.6138388473134266,0.4657195221153554,0.007174887892376682,0.25,0.0,0.007174887892376682,0.25,0.0,K004+KI08+KA01
svm,isotonic,target_real,0.4852017937219731,0.4728969917495,0.14715941056643594,0.6246581919648363,0.3835113276829308,0.15067264573991032,0.2619047619047619,0.07713004484304933,0.15067264573991032,0.2619047619047619,0.08968609865470852,K004+KI08+KA01
xgboost,raw,source_holdout,0.46638655462184875,0.4531982071156999,0.23811753231938143,0.7120430165786475,0.4475864072972821,,,,,,,K004+KI08+KA01
xgboost,raw,target_real,0.4896860986547085,0.4882780202379786,0.22040939788112726,0.700557962807571,0.3956352086719503,0.09506726457399103,0.08490566037735849,0.042152466367713005,0.09506726457399103,0.08490566037735849,0.08161434977578476,K004+KI08+KA01
xgboost,temperature,target_real,0.4896860986547085,0.4882780202379786,0.05720449708831065,0.5972723375836754,0.3912074277402047,0.09865470852017937,0.1,0.04394618834080718,0.09865470852017937,0.1,0.07982062780269059,K004+KI08+KA01
xgboost,isotonic,target_real,0.48161434977578477,0.45933048013789896,0.06476243665258109,0.6036872371687753,0.4134910214388192,0.09955156950672646,0.25225225225225223,0.0,0.09955156950672646,0.25225225225225223,0.0,K004+KI08+KA01
random_forest,raw,source_holdout,0.42016806722689076,0.4056620650330918,0.1636247268629856,0.6807490292356964,0.5655047113034681,,,,,,,K004+KI08+KA03
random_forest,raw,target_real,0.4654708520179372,0.4626438880241876,0.11767534425175638,0.6348490560547478,0.41606267562873145,0.0,,0.045739910313901344,0.0,,0.04753363228699552,K004+KI08+KA03
random_forest,temperature,target_real,0.4654708520179372,0.4626438880241876,0.034268916295746334,0.6051108772971858,0.4141611767638478,0.0,,0.045739910313901344,0.0,,0.053811659192825115,K004+KI08+KA03
random_forest,isotonic,target_real,0.4538116591928251,0.41200607525869676,0.07861803616269102,0.6154529628296559,0.4455734783699943,0.13632286995515694,0.34868421052631576,0.0,0.17937219730941703,0.4,0.0,K004+KI08+KA03
svm,raw,source_holdout,0.3697478991596639,0.38446943048040555,0.20455495187116926,0.732683800034168,0.7720582745138737,,,,,,,K004+KI08+KA03
svm,raw,target_real,0.47713004484304933,0.46228646408607504,0.0469571008937749,0.6229637688542091,0.43392391951664283,0.0,,0.0026905829596412557,0.0,,0.0026905829596412557,K004+KI08+KA03
svm,temperature,target_real,0.47713004484304933,0.46228646408607504,0.0794640981345377,0.6277720250256226,0.4284994836834809,0.0,,0.0026905829596412557,0.0,,0.0026905829596412557,K004+KI08+KA03
svm,isotonic,target_real,0.4,0.3417730307266422,0.11003711402517491,0.6256911642066174,0.5314068492667886,0.033183856502242155,0.5675675675675675,0.0008968609865470852,0.033183856502242155,0.5675675675675675,0.0008968609865470852,K004+KI08+KA03
xgboost,raw,source_holdout,0.4411764705882353,0.42350218450078786,0.30700231625252405,0.7645154304468509,0.47180024629554157,,,,,,,K004+KI08+KA03
xgboost,raw,target_real,0.4556053811659193,0.44650449024801747,0.27054748380130716,0.7474472579551878,0.4029537976486274,0.11031390134529148,0.10569105691056911,0.02600896860986547,0.11031390134529148,0.10569105691056911,0.08161434977578476,K004+KI08+KA03
xgboost,temperature,target_real,0.4556053811659193,0.44650449024801747,0.06662941412332711,0.6082289966355849,0.40062975603909917,0.11390134529147983,0.11811023622047244,0.026905829596412557,0.11390134529147983,0.11811023622047244,0.08520179372197309,K004+KI08+KA03
xgboost,isotonic,target_real,0.47533632286995514,0.46804639947381127,0.06885002034616686,0.6019519294963293,0.4029329037018288,0.10044843049327354,0.16071428571428573,0.0,0.10044843049327354,0.16071428571428573,0.0,K004+KI08+KA03
random_forest,raw,source_holdout,0.5527426160337553,0.5447194692484655,0.05169186603068799,0.5828154993475579,0.38699367470380375,,,,,,,K004+KI08+KA05
random_forest,raw,target_real,0.46816143497757845,0.4667061700934824,0.11983927055160225,0.6266117858391586,0.4194343893641429,0.0,,0.04484304932735426,0.0,,0.04753363228699552,K004+KI08+KA05
random_forest,temperature,target_real,0.46816143497757845,0.4667061700934824,0.10315704786107972,0.6178091435375148,0.4186341720192995,0.0,,0.04484304932735426,0.0,,0.04753363228699552,K004+KI08+KA05
random_forest,isotonic,target_real,0.47533632286995514,0.4651077289021628,0.1310639668110791,0.6192561309526925,0.40920807651549046,0.13273542600896862,0.2972972972972973,0.0,0.13273542600896862,0.2972972972972973,0.054708520179372194,K004+KI08+KA05
svm,raw,source_holdout,0.5232067510548524,0.5298598033061309,0.10542114946151084,0.6145606632049737,0.46213675660913045,,,,,,,K004+KI08+KA05
svm,raw,target_real,0.4672645739910314,0.46142238793218043,0.08180918413098612,0.6275272430217063,0.4794258860564525,0.0,,0.0008968609865470852,0.0,,0.0008968609865470852,K004+KI08+KA05
svm,temperature,target_real,0.4672645739910314,0.46142238793218043,0.0754227460718712,0.6242123469420713,0.4787112103633754,0.0,,0.0008968609865470852,0.0,,0.0008968609865470852,K004+KI08+KA05
svm,isotonic,target_real,0.4852017937219731,0.4751032586335467,0.11414324476261632,0.6176852211809307,0.3978677822813887,0.05022421524663677,0.07142857142857142,0.0,0.05022421524663677,0.07142857142857142,0.04484304932735426,K004+KI08+KA05
xgboost,raw,source_holdout,0.5316455696202531,0.5182350216832976,0.16124496932774154,0.6055391173892561,0.3248896383610499,,,,,,,K004+KI08+KA05
xgboost,raw,target_real,0.4484304932735426,0.4479722662114252,0.2599960147265362,0.7284599448770549,0.41277547405169845,0.10672645739910314,0.13445378151260504,0.042152466367713005,0.10672645739910314,0.13445378151260504,0.07533632286995516,K004+KI08+KA05
xgboost,temperature,target_real,0.4484304932735426,0.4479722662114252,0.12931636581400957,0.6288890071208199,0.40932769969473004,0.09596412556053811,0.09345794392523364,0.045739910313901344,0.09596412556053811,0.09345794392523364,0.07802690582959641,K004+KI08+KA05
xgboost,isotonic,target_real,0.46278026905829595,0.4524764678433916,0.14108473394752868,0.6310742551114887,0.4201681537853141,0.14349775784753363,0.24375,0.0,0.15784753363228698,0.2784090909090909,0.0,K004+KI08+KA05
random_forest,raw,source_holdout,0.6722689075630253,0.6400285936623414,0.07035242776797858,0.46459217449349144,0.18568115282907713,,,,,,,K004+KI08+KA06
random_forest,raw,target_real,0.4789237668161435,0.4783588504518737,0.09579624840803437,0.6140477224206381,0.4099935530605598,0.07982062780269059,0.21348314606741572,0.042152466367713005,0.07982062780269059,0.21348314606741572,0.05829596412556054,K004+KI08+KA06
random_forest,temperature,target_real,0.4789237668161435,0.4783588504518737,0.13350872616378426,0.6320684178223569,0.4118545124822307,0.07085201793721974,0.16455696202531644,0.042152466367713005,0.07982062780269059,0.20224719101123595,0.05829596412556054,K004+KI08+KA06
random_forest,isotonic,target_real,0.45022421524663675,0.45134932685494483,0.18966718159653265,0.6762897211195348,0.44422347397260603,0.16233183856502242,0.30939226519337015,0.0,0.27533632286995513,0.4234527687296417,0.0,K004+KI08+KA06
svm,raw,source_holdout,0.5756302521008403,0.5442256578932043,0.10374973406577481,0.5118803622648731,0.2548684003051907,,,,,,,K004+KI08+KA06
svm,raw,target_real,0.48251121076233183,0.4710933963971808,0.06779831919151713,0.6184997806045878,0.46697397475692265,0.028699551569506727,0.53125,0.0008968609865470852,0.04125560538116592,0.5217391304347826,0.0008968609865470852,K004+KI08+KA06
svm,temperature,target_real,0.48251121076233183,0.4710933963971808,0.08017770609853911,0.6288574459113639,0.4684591812667484,0.028699551569506727,0.53125,0.0008968609865470852,0.039461883408071746,0.5227272727272727,0.0008968609865470852,K004+KI08+KA06
svm,isotonic,target_real,0.4412556053811659,0.4355215929515465,0.19594032167552317,0.685711607678657,0.4418557620620259,0.08789237668161436,0.07142857142857142,0.0,0.20538116591928252,0.40611353711790393,0.08071748878923767,K004+KI08+KA06
xgboost,raw,source_holdout,0.6638655462184874,0.6409678817404744,0.1025404410452402,0.4726472153004979,0.18332643967918083,,,,,,,K004+KI08+KA06
xgboost,raw,target_real,0.44663677130044843,0.4466277337458142,0.24819104160963154,0.7031846677392384,0.40332197582768914,0.11748878923766816,0.17557251908396945,0.04304932735426009,0.12017937219730941,0.1865671641791045,0.08340807174887892,K004+KI08+KA06
xgboost,temperature,target_real,0.44663677130044843,0.4466277337458142,0.17750094885325401,0.6466416885921173,0.40260951537382084,0.11300448430493273,0.18253968253968253,0.04394618834080718,0.18475336322869956,0.27184466019417475,0.08699551569506726,K004+KI08+KA06
xgboost,isotonic,target_real,0.44663677130044843,0.4421685953232981,0.21402586962197884,0.687911735670354,0.4419479831413092,0.13811659192825113,0.21428571428571427,0.0,0.21883408071748878,0.32786885245901637,0.0,K004+KI08+KA06
random_forest,raw,source_holdout,0.5462184873949579,0.5348525159051475,0.05040058080764575,0.5869428241763617,0.3313877502216441,,,,,,,K004+KI08+KA07
random_forest,raw,target_real,0.4744394618834081,0.47278492322626287,0.11093865725509183,0.6221805675024991,0.41728591757133265,0.07443946188340807,0.18072289156626506,0.04304932735426009,0.07443946188340807,0.18072289156626506,0.04663677130044843,K004+KI08+KA07
random_forest,temperature,target_real,0.4744394618834081,0.47278492322626287,0.052143424832256126,0.6014176784624229,0.4140706349999379,0.07802690582959641,0.19540229885057472,0.04484304932735426,0.07802690582959641,0.19540229885057472,0.051121076233183856,K004+KI08+KA07
random_forest,isotonic,target_real,0.4914798206278027,0.48378146636398817,0.1000414891147308,0.6147569235139642,0.4283663259981595,0.16771300448430493,0.3315508021390374,0.0,0.17668161434977578,0.3553299492385787,0.0,K004+KI08+KA07
svm,raw,source_holdout,0.5210084033613446,0.5240865074641671,0.0803365275715517,0.6107549623813103,0.39578820015863436,,,,,,,K004+KI08+KA07
svm,raw,target_real,0.4860986547085202,0.47871567492725564,0.062066039291629245,0.6230230956245189,0.4585879081812261,0.05650224215246637,0.5714285714285714,0.0026905829596412557,0.05650224215246637,0.5714285714285714,0.0026905829596412557,K004+KI08+KA07
svm,temperature,target_real,0.4860986547085202,0.47871567492725564,0.0512478932170136,0.6119228788123038,0.4574936206563647,0.05739910313901345,0.5625,0.0017937219730941704,0.05739910313901345,0.5625,0.0017937219730941704,K004+KI08+KA07
svm,isotonic,target_real,0.4591928251121076,0.4617562557902266,0.12102564079350887,0.6210266280463171,0.421923617684146,0.03139013452914798,0.5714285714285714,0.0,0.03139013452914798,0.5714285714285714,0.0,K004+KI08+KA07
xgboost,raw,source_holdout,0.5546218487394958,0.5407294467396769,0.13497526755853861,0.5970858484540819,0.29301635668757714,,,,,,,K004+KI08+KA07
xgboost,raw,target_real,0.46367713004484307,0.4627985765672636,0.24379869833120849,0.7130267198561407,0.4046008781217052,0.10941704035874439,0.1721311475409836,0.026905829596412557,0.10941704035874439,0.1721311475409836,0.06905829596412556,K004+KI08+KA07
xgboost,temperature,target_real,0.46367713004484307,0.4627985765672636,0.10563597664452741,0.6177090623847672,0.4026902740729481,0.10762331838565023,0.15,0.028699551569506727,0.13901345291479822,0.23225806451612904,0.06547085201793722,K004+KI08+KA07
xgboost,isotonic,target_real,0.4834080717488789,0.4672870097453297,0.11575983486697097,0.6222980687641587,0.4151783027956274,0.12286995515695068,0.19708029197080293,0.0,0.16143497757847533,0.26666666666666666,0.0,K004+KI08+KA07
random_forest,raw,source_holdout,0.5611814345991561,0.5548379258519162,0.0337612901258702,0.5809267284036639,0.3692064008850084,,,,,,,K004+KI08+KA08
random_forest,raw,target_real,0.4726457399103139,0.47021946062193737,0.10396983572591342,0.6228144104435843,0.4197244961749072,0.09237668161434978,0.1941747572815534,0.04484304932735426,0.09237668161434978,0.1941747572815534,0.04663677130044843,K004+KI08+KA08
random_forest,temperature,target_real,0.4726457399103139,0.47021946062193737,0.09036784980072099,0.612366878683501,0.4190440206496195,0.10134529147982063,0.18584070796460178,0.04484304932735426,0.10134529147982063,0.18584070796460178,0.04663677130044843,K004+KI08+KA08
random_forest,isotonic,target_real,0.4896860986547085,0.4809139970794978,0.10304886210917026,0.6136563811089308,0.4235925204229694,0.12556053811659193,0.2642857142857143,0.0,0.12556053811659193,0.2642857142857143,0.0,K004+KI08+KA08
svm,raw,source_holdout,0.5021097046413502,0.5101520592741499,0.0930502970390978,0.6189702267911769,0.46714362662341796,,,,,,,K004+KI08+KA08
svm,raw,target_real,0.4852017937219731,0.4717821124426977,0.07098734600749552,0.6204832988780213,0.46986828954032317,0.03228699551569507,0.6944444444444444,0.0008968609865470852,0.03228699551569507,0.6944444444444444,0.0008968609865470852,K004+KI08+KA08
svm,temperature,target_real,0.4852017937219731,0.4717821124426977,0.06748068741820765,0.6149621022080688,0.46971153027877455,0.03228699551569507,0.6944444444444444,0.0008968609865470852,0.03228699551569507,0.6944444444444444,0.0008968609865470852,K004+KI08+KA08
svm,isotonic,target_real,0.46905829596412557,0.4545132933939169,0.098877451964137,0.6255873171252532,0.4643476174300911,0.03228699551569507,0.6944444444444444,0.0,0.03228699551569507,0.6944444444444444,0.0,K004+KI08+KA08
xgboost,raw,source_holdout,0.540084388185654,0.5269778786335078,0.17262224708428367,0.5794983319660223,0.27553216885280557,,,,,,,K004+KI08+KA08
xgboost,raw,target_real,0.4565022421524664,0.45735622812034776,0.2539920220460592,0.732781929348806,0.4229061490367324,0.1031390134529148,0.17391304347826086,0.01883408071748879,0.1031390134529148,0.17391304347826086,0.06726457399103139,K004+KI08+KA08
xgboost,temperature,target_real,0.4565022421524664,0.45735622812034776,0.14443446793753065,0.6419319703467877,0.41970416729155774,0.10044843049327354,0.16964285714285715,0.02062780269058296,0.13542600896860987,0.23178807947019867,0.06367713004484304,K004+KI08+KA08
xgboost,isotonic,target_real,0.46816143497757845,0.46226396953051513,0.1415316776825048,0.6452648309681462,0.44200565209953613,0.12556053811659193,0.2571428571428571,0.0,0.14798206278026907,0.2606060606060606,0.0,K004+KI08+KA08
random_forest,raw,source_holdout,0.620253164556962,0.5988124778447359,0.07635779589215166,0.5080515574524416,0.24807759115204797,,,,,,,K004+KI08+KA09
random_forest,raw,target_real,0.46905829596412557,0.46879917584186465,0.09921577755879922,0.621050280596908,0.41759977089501993,0.059192825112107626,0.045454545454545456,0.04484304932735426,0.059192825112107626,0.045454545454545456,0.059192825112107626,K004+KI08+KA09
random_forest,temperature,target_real,0.46905829596412557,0.46879917584186465,0.12291818606533045,0.6332412162988434,0.4185663764996018,0.059192825112107626,0.045454545454545456,0.04484304932735426,0.059192825112107626,0.045454545454545456,0.059192825112107626,K004+KI08+KA09
random_forest,isotonic,target_real,0.4780269058295964,0.4757746560780736,0.15081402485548884,0.651329696577725,0.42502414181051673,0.11659192825112108,0.2230769230769231,0.0,0.19551569506726457,0.3853211009174312,0.05650224215246637,K004+KI08+KA09
svm,raw,source_holdout,0.5527426160337553,0.5453184146970865,0.06554867217412763,0.5461567501425366,0.33040293607885934,,,,,,,K004+KI08+KA09
svm,raw,target_real,0.46457399103139013,0.4597676607930996,0.06376497159121212,0.6243254965481142,0.4705030276628133,0.014349775784753363,0.4375,0.0008968609865470852,0.014349775784753363,0.4375,0.0008968609865470852,K004+KI08+KA09
svm,temperature,target_real,0.46457399103139013,0.4597676607930996,0.09233403702964471,0.6349306378441686,0.4717224702809883,0.013452914798206279,0.4,0.0008968609865470852,0.013452914798206279,0.4,0.0008968609865470852,K004+KI08+KA09
svm,isotonic,target_real,0.44663677130044843,0.4447084116691944,0.17230826058091797,0.6428668982952269,0.41193374003747807,0.09058295964125561,0.07920792079207921,0.0,0.09058295964125561,0.07920792079207921,0.07802690582959641,K004+KI08+KA09
xgboost,raw,source_holdout,0.5907172995780591,0.573754707013613,0.11911452772245128,0.5312818482801224,0.24494422188299844,,,,,,,K004+KI08+KA09
xgboost,raw,target_real,0.46367713004484307,0.4634651955364306,0.23922021886158418,0.7148810124909557,0.40771034929882666,0.07623318385650224,0.07058823529411765,0.033183856502242155,0.11121076233183856,0.14516129032258066,0.05650224215246637,K004+KI08+KA09
xgboost,temperature,target_real,0.46367713004484307,0.4634651955364306,0.14999960367874787,0.6448565300844245,0.4058099211147341,0.07713004484304933,0.06976744186046512,0.033183856502242155,0.11390134529147983,0.14960629921259844,0.05560538116591928,K004+KI08+KA09
xgboost,isotonic,target_real,0.46905829596412557,0.4632374490386302,0.15833491413736603,0.6450742139841749,0.41885166262882867,0.10941704035874439,0.16393442622950818,0.0,0.13004484304932734,0.23448275862068965,0.0,K004+KI08+KA09
