model,calibration,domain,accuracy,macro_f1,ece,brier,aurc,auto_rate@1%,auto_error@1%,oracle_auto_rate@1%,auto_rate@5%,auto_error@5%,oracle_auto_rate@5%,calib_set
random_forest,raw,source_holdout,0.9414225941422594,0.9414544340375177,0.12167220696990498,0.14669908868424456,0.011236477518637662,,,,,,,K001+KI01+KA01
random_forest,raw,target_real,0.7240143369175627,0.7097761384399476,0.15005868458235663,0.4605316825812427,0.14318905729720666,0.7267025089605734,0.22318125770653513,0.2007168458781362,0.9516129032258065,0.2711864406779661,0.27060931899641577,K001+KI01+KA01
random_forest,temperature,target_real,0.7240143369175627,0.7097761384399476,0.22534561952341053,0.5050953166440469,0.14240858570943293,0.7544802867383512,0.22565320665083136,0.20161290322580644,0.9775985663082437,0.27406049495875345,0.27598566308243727,K001+KI01+KA01
random_forest,isotonic,target_real,0.6030465949820788,0.6100366821232724,0.29843275742185604,0.5966666138075691,0.1998199311503058,0.9910394265232975,0.3933092224231465,0.0,0.9910394265232975,0.3933092224231465,0.0,K001+KI01+KA01
svm,raw,source_holdout,0.8075313807531381,0.8071414665526785,0.21726511354918554,0.3702732256953628,0.08436037392430315,,,,,,,K001+KI01+KA01
svm,raw,target_real,0.724910394265233,0.706041893481114,0.17241204735367466,0.4857195461779023,0.22947951477395426,0.4489247311827957,0.22554890219560877,0.015232974910394265,0.5913978494623656,0.23030303030303031,0.015232974910394265,K001+KI01+KA01
svm,temperature,target_real,0.724910394265233,0.706041893481114,0.2188489086072634,0.51197076320144,0.21718206490268346,0.46863799283154123,0.21606118546845124,0.017921146953405017,0.6182795698924731,0.2318840579710145,0.01971326164874552,K001+KI01+KA01
svm,isotonic,target_real,0.7016129032258065,0.6929668191022699,0.23372932875904553,0.5226258607972285,0.27693384248710146,0.553763440860215,0.36245954692556637,0.0,0.9731182795698925,0.2882136279926335,0.0,K001+KI01+KA01
xgboost,raw,source_holdout,0.9246861924686193,0.9246647188863591,0.05944410776992227,0.1296780937532353,0.015973389638326084,,,,,,,K001+KI01+KA01
xgboost,raw,target_real,0.7293906810035843,0.7116338597777826,0.22379047557124104,0.4882247287700513,0.14217614298047646,0.6093189964157706,0.18676470588235294,0.043010752688172046,0.9444444444444444,0.25521821631878555,0.21953405017921146,K001+KI01+KA01
xgboost,temperature,target_real,0.7293906810035843,0.7116338597777826,0.2003247641462304,0.47161353017925595,0.14137517504207264,0.6048387096774194,0.18666666666666668,0.043010752688172046,0.942652329749104,0.25475285171102663,0.22939068100358423,K001+KI01+KA01
xgboost,isotonic,target_real,0.6308243727598566,0.6347243697292421,0.26789220147157783,0.5503522201534502,0.19439445506580538,0.9910394265232975,0.364376130198915,0.0,0.9910394265232975,0.364376130198915,0.0,K001+KI01+KA01
random_forest,raw,source_holdout,0.8875,0.8872180118284522,0.0840495658852245,0.16683805326196238,0.02047582895982163,,,,,,,K001+KI01+KA03
random_forest,raw,target_real,0.7159498207885304,0.7002847526879323,0.1470413828433989,0.4641254883452576,0.1465769699687546,0.6577060931899642,0.20844686648501362,0.0,0.8637992831541219,0.2572614107883817,0.2768817204301075,K001+KI01+KA03
random_forest,temperature,target_real,0.7159498207885304,0.7002847526879323,0.20525035263879604,0.49406749178969017,0.14580557908716954,0.6370967741935484,0.20253164556962025,0.0,0.9023297491039427,0.2631578947368421,0.2732974910394265,K001+KI01+KA03
random_forest,isotonic,target_real,0.7025089605734767,0.6907894521062561,0.23130948517139877,0.5427548130845345,0.20619773052909476,0.8189964157706093,0.2702407002188184,0.0,0.9955197132616488,0.297029702970297,0.0,K001+KI01+KA03
svm,raw,source_holdout,0.6208333333333333,0.5371818064022896,0.21483548769829136,0.3521807207542678,0.09303940671436939,,,,,,,K001+KI01+KA03
svm,raw,target_real,0.6594982078853047,0.6501524575689897,0.18393055311356676,0.5094042878577303,0.18587170498335862,0.503584229390681,0.22419928825622776,0.1496415770609319,0.771505376344086,0.2601626016260163,0.1863799283154122,K001+KI01+KA03
svm,temperature,target_real,0.6594982078853047,0.6501524575689897,0.14783708155122538,0.4955781582696077,0.18665936446837497,0.49193548387096775,0.22404371584699453,0.1478494623655914,0.7831541218637993,0.2654462242562929,0.1863799283154122,K001+KI01+KA03
svm,isotonic,target_real,0.7114695340501792,0.6956591347839494,0.20818773952418956,0.503881486352303,0.19817969096875418,0.6774193548387096,0.27380952380952384,0.0,0.9910394265232975,0.2875226039783002,0.0,K001+KI01+KA03
xgboost,raw,source_holdout,0.9166666666666666,0.9167676767676768,0.05672320028146109,0.13715652523240854,0.021429720185713867,,,,,,,K001+KI01+KA03
xgboost,raw,target_real,0.724910394265233,0.706196413946864,0.2217075251122957,0.4917109333940393,0.1485553881802167,0.600358422939068,0.18955223880597014,0.011648745519713262,0.9229390681003584,0.25533980582524274,0.22132616487455198,K001+KI01+KA03
xgboost,temperature,target_real,0.724910394265233,0.706196413946864,0.20338762224447454,0.47832496700848737,0.14797577420411984,0.5976702508960573,0.1889055472263868,0.011648745519713262,0.9166666666666666,0.25219941348973607,0.22849462365591397,K001+KI01+KA03
xgboost,isotonic,target_real,0.7096774193548387,0.6951489700514845,0.22501134415791543,0.5211413461101576,0.19462029963343436,0.8019713261648745,0.2558659217877095,0.0,0.9883512544802867,0.2873980054397099,0.0,K001+KI01+KA03
random_forest,raw,source_holdout,0.895397489539749,0.8951076443336504,0.09691490152826304,0.1929787019484467,0.029634806925880164,,,,,,,K001+KI01+KA05
random_forest,raw,target_real,0.7150537634408602,0.699028787653703,0.15709092010507664,0.4611182499259673,0.14084399684393054,0.7275985663082437,0.2204433497536946,0.20967741935483872,0.8700716845878136,0.25437693099897013,0.29659498207885304,K001+KI01+KA05
random_forest,temperature,target_real,0.7150537634408602,0.699028787653703,0.19995980746402925,0.4852420309101067,0.1398984581631573,0.735663082437276,0.21680876979293545,0.20519713261648745,0.8924731182795699,0.2580321285140562,0.28046594982078854,K001+KI01+KA05
random_forest,isotonic,target_real,0.703405017921147,0.687397179788484,0.2374156248123367,0.5323012512114138,0.18506571336957497,0.739247311827957,0.25575757575757574,0.0,0.9767025089605734,0.29357798165137616,0.0,K001+KI01+KA05
svm,raw,source_holdout,0.6150627615062761,0.5260759493670886,0.2184070928772022,0.36486426426560786,0.09425890445948182,,,,,,,K001+KI01+KA05
svm,raw,target_real,0.6568100358422939,0.6485381014376838,0.19139232170978523,0.5071020556240011,0.18564912397187458,0.5026881720430108,0.21746880570409982,0.14695340501792115,0.7921146953405018,0.26357466063348417,0.17921146953405018,K001+KI01+KA05
svm,temperature,target_real,0.6568100358422939,0.6485381014376838,0.14287019517995592,0.48949466370808065,0.18684928541242382,0.49910394265232977,0.21903052064631956,0.14336917562724014,0.7795698924731183,0.2620689655172414,0.17562724014336917,K001+KI01+KA05
svm,isotonic,target_real,0.7302867383512545,0.7075619209871874,0.19297563565176964,0.49911914460915635,0.18730597573012508,0.8082437275985663,0.2394678492239468,0.0,0.9041218637992832,0.24677898909811694,0.0,K001+KI01+KA05
xgboost,raw,source_holdout,0.9163179916317992,0.916312154426952,0.07680826356720227,0.1418289331907018,0.019510462004900492,,,,,,,K001+KI01+KA05
xgboost,raw,target_real,0.7329749103942652,0.7146981332667138,0.22256646193163365,0.48740992020640084,0.13906795467725422,0.6406810035842294,0.193006993006993,0.09229390681003584,0.9363799283154122,0.2516746411483254,0.15591397849462366,K001+KI01+KA05
xgboost,temperature,target_real,0.7329749103942652,0.7146981332667138,0.19672470146136461,0.47219267173179025,0.1383619917047907,0.6308243727598566,0.19176136363636365,0.0931899641577061,0.9256272401433692,0.24975798644724104,0.16487455197132617,K001+KI01+KA05
xgboost,isotonic,target_real,0.7231182795698925,0.7058685692232726,0.21495418810100939,0.5226208467845244,0.185454011331894,0.7849462365591398,0.2602739726027397,0.0,0.9722222222222222,0.2709677419354839,0.0,K001+KI01+KA05
random_forest,raw,source_holdout,0.895397489539749,0.8947301346136719,0.07302578442810521,0.17189782995220865,0.02335298999346722,,,,,,,K001+KI01+KA06
random_forest,raw,target_real,0.7258064516129032,0.7107033372243062,0.15241454038311023,0.4600247702307335,0.14392063864082677,0.728494623655914,0.22386223862238622,0.20161290322580644,0.8870967741935484,0.2545454545454545,0.26433691756272404,K001+KI01+KA06
random_forest,temperature,target_real,0.7258064516129032,0.7107033372243062,0.19910420377586383,0.4859726469585016,0.1433164113617417,0.746415770609319,0.22208883553421369,0.20161290322580644,0.9166666666666666,0.260019550342131,0.27508960573476704,K001+KI01+KA06
random_forest,isotonic,target_real,0.6012544802867383,0.6081594116410748,0.29116672716394126,0.5883215666999567,0.2003337970860538,0.9955197132616488,0.39783978397839787,0.0,0.9955197132616488,0.39783978397839787,0.0,K001+KI01+KA06
svm,raw,source_holdout,0.6234309623430963,0.5381934312485815,0.2128000173109599,0.3440050567207362,0.08916566233126914,,,,,,,K001+KI01+KA06
svm,raw,target_real,0.660394265232975,0.6526440031937417,0.18161358694180024,0.5062799306964613,0.18515814895698127,0.49372759856630827,0.21960072595281308,0.14874551971326164,0.7482078853046595,0.25868263473053893,0.1827956989247312,K001+KI01+KA06
svm,temperature,target_real,0.660394265232975,0.6526440031937417,0.12025153067744257,0.4856041141615174,0.18701545525156854,0.4731182795698925,0.22348484848484848,0.14336917562724014,0.7616487455197133,0.26705882352941174,0.18100358422939067,K001+KI01+KA06
svm,isotonic,target_real,0.7078853046594982,0.6982770957119184,0.21730154399570636,0.49873961079266976,0.18723863391452034,0.557347670250896,0.3086816720257235,0.0,0.9874551971326165,0.2894736842105263,0.0,K001+KI01+KA06
xgboost,raw,source_holdout,0.9037656903765691,0.903644057766621,0.04202280658059541,0.1276895373244468,0.016358698153571993,,,,,,,K001+KI01+KA06
xgboost,raw,target_real,0.728494623655914,0.7109420286336056,0.22266781484995268,0.48927517137207854,0.13915295044069095,0.6227598566308243,0.19136690647482013,0.03942652329749104,0.9381720430107527,0.2559694364851958,0.24551971326164876,K001+KI01+KA06
xgboost,temperature,target_real,0.728494623655914,0.7109420286336056,0.19908723225753935,0.4719987366865078,0.13853359365222234,0.6218637992831542,0.18876080691642652,0.04032258064516129,0.9336917562724014,0.255278310940499,0.24372759856630824,K001+KI01+KA06
xgboost,isotonic,target_real,0.6200716845878136,0.6245600007639213,0.2746376764098798,0.562260466773912,0.19789923368743068,0.9865591397849462,0.37420526793823794,0.0,0.9865591397849462,0.37420526793823794,0.0,K001+KI01+KA06
random_forest,raw,source_holdout,0.875,0.8736699493729053,0.05321456931551201,0.17839079001446026,0.028373289895938656,,,,,,,K001+KI01+KA07
random_forest,raw,target_real,0.7231182795698925,0.7090876102467386,0.15306796302601466,0.4618571091521034,0.1498620456833888,0.732078853046595,0.22643818849449204,0.0,0.8763440860215054,0.25357873210633947,0.23655913978494625,K001+KI01+KA07
random_forest,temperature,target_real,0.7231182795698925,0.7090876102467386,0.19210640896275433,0.48349795121104927,0.14891697752209168,0.7419354838709677,0.2246376811594203,0.0,0.9005376344086021,0.25870646766169153,0.23835125448028674,K001+KI01+KA07
random_forest,isotonic,target_real,0.5976702508960573,0.6047233058328959,0.29324296138198486,0.5864693639734176,0.20380168261433393,0.992831541218638,0.39981949458483756,0.0,0.992831541218638,0.39981949458483756,0.0,K001+KI01+KA07
svm,raw,source_holdout,0.625,0.5391232313415615,0.2156939731393105,0.34685146105168324,0.08946591709550947,,,,,,,K001+KI01+KA07
svm,raw,target_real,0.6612903225806451,0.6532933330456804,0.18064777550685807,0.5067981420343367,0.18537602740052606,0.4982078853046595,0.21942446043165467,0.1424731182795699,0.7473118279569892,0.2577937649880096,0.18189964157706093,K001+KI01+KA07
svm,temperature,target_real,0.6612903225806451,0.6532933330456804,0.11701604757285256,0.4848783840188677,0.18736909998932488,0.489247311827957,0.22527472527472528,0.1388888888888889,0.7016129032258065,0.25925925925925924,0.17383512544802868,K001+KI01+KA07
svm,isotonic,target_real,0.7060931899641577,0.6962805077920016,0.2151122870088486,0.5002392527625397,0.19389056629973056,0.46415770609318996,0.35714285714285715,0.0,0.9901433691756273,0.2923076923076923,0.0,K001+KI01+KA07
xgboost,raw,source_holdout,0.875,0.8742202747316719,0.07108907029032706,0.14876523192089294,0.019760493625914265,,,,,,,K001+KI01+KA07
xgboost,raw,target_real,0.728494623655914,0.7118444624877149,0.2236400320324846,0.4894978449031783,0.1397859313741523,0.5376344086021505,0.16833333333333333,0.03494623655913978,0.9274193548387096,0.25217391304347825,0.257168458781362,K001+KI01+KA07
xgboost,temperature,target_real,0.728494623655914,0.7118444624877149,0.19556466809677076,0.47054143506775703,0.13894774968498677,0.532258064516129,0.16498316498316498,0.036738351254480286,0.9220430107526881,0.25072886297376096,0.26433691756272404,K001+KI01+KA07
xgboost,isotonic,target_real,0.6263440860215054,0.6305394217136074,0.2688514671376655,0.5508699275020712,0.19638124621751316,0.9901433691756273,0.36923076923076925,0.0,0.9901433691756273,0.36923076923076925,0.0,K001+KI01+KA07
random_forest,raw,source_holdout,0.940677966101695,0.9410614545256264,0.11509049562413355,0.1473540620866827,0.009613915732406787,,,,,,,K001+KI01+KA08
random_forest,raw,target_real,0.7258064516129032,0.7107934824293558,0.15116628160482148,0.46087416857173247,0.1446121816478224,0.7446236559139785,0.23104693140794225,0.20698924731182797,0.9578853046594982,0.27128157156220767,0.28136200716845877,K001+KI01+KA08
random_forest,temperature,target_real,0.7258064516129032,0.7107934824293558,0.2238915343213784,0.5044074049040808,0.14402226731191667,0.7786738351254481,0.23475258918296893,0.21057347670250895,0.9973118279569892,0.27403414195867026,0.27508960573476704,K001+KI01+KA08
random_forest,isotonic,target_real,0.6030465949820788,0.6102668234585439,0.2956107140466012,0.5922744042686215,0.20054272453885177,0.9605734767025089,0.37779850746268656,0.0,0.9605734767025089,0.37779850746268656,0.0,K001+KI01+KA08
svm,raw,source_holdout,0.6186440677966102,0.5353074283625786,0.20814114845990486,0.33666226706748437,0.0911221190264993,,,,,,,K001+KI01+KA08
svm,raw,target_real,0.6630824372759857,0.6548025125654258,0.17743209671828541,0.5028609500873878,0.18583245619122546,0.4982078853046595,0.22122302158273383,0.14157706093189965,0.75,0.25686977299880526,0.1693548387096774,K001+KI01+KA08
svm,temperature,target_real,0.6630824372759857,0.6548025125654258,0.12632462600162747,0.4855729142500679,0.1874030600213953,0.49014336917562723,0.22486288848263253,0.1388888888888889,0.7616487455197133,0.2647058823529412,0.1693548387096774,K001+KI01+KA08
svm,isotonic,target_real,0.7060931899641577,0.6962805077920016,0.21551902936506614,0.4987201476908655,0.18820146105990326,0.5080645161290323,0.328042328042328,0.0,0.9883512544802867,0.2910244786944696,0.0,K001+KI01+KA08
xgboost,raw,source_holdout,0.9533898305084746,0.953949003754726,0.05575167577145468,0.10137669320333521,0.01429325844423069,,,,,,,K001+KI01+KA08
xgboost,raw,target_real,0.7240143369175627,0.7066528092784735,0.22411174319123706,0.4939622400907634,0.14764757656705083,0.5967741935483871,0.18768768768768768,0.035842293906810034,0.996415770609319,0.27428057553956836,0.11648745519713262,K001+KI01+KA08
xgboost,temperature,target_real,0.7240143369175627,0.7066528092784735,0.21025231882853745,0.4829620267941062,0.14709144656662618,0.5949820788530465,0.18825301204819278,0.035842293906810034,0.9973118279569892,0.27403414195867026,0.1460573476702509,K001+KI01+KA08
xgboost,isotonic,target_real,0.6379928315412187,0.6405570361931113,0.2674130689234069,0.5551923604867571,0.19304135739609543,0.9578853046594982,0.3451824134705332,0.0,0.9578853046594982,0.3451824134705332,0.0,K001+KI01+KA08
random_forest,raw,source_holdout,0.9041666666666667,0.9037757793175749,0.0789636127216171,0.16028015234813753,0.016559491123820356,,,,,,,K001+KI01+KA09
random_forest,raw,target_real,0.7240143369175627,0.7093426501035198,0.15072739625227763,0.46064039474907514,0.1459196439168324,0.7365591397849462,0.22749391727493917,0.1863799283154122,0.8924731182795699,0.25502008032128515,0.260752688172043,K001+KI01+KA09
random_forest,temperature,target_real,0.7240143369175627,0.7093426501035198,0.21062254647740464,0.4925810461728422,0.1448219110276979,0.7670250896057348,0.23014018691588786,0.18458781362007168,0.921146953405018,0.26459143968871596,0.26971326164874554,K001+KI01+KA09
random_forest,isotonic,target_real,0.6765232974910395,0.6720214055791843,0.24653999626460205,0.5596423507294164,0.1866139676076323,0.9874551971326165,0.32304900181488205,0.0,0.9874551971326165,0.32304900181488205,0.0,K001+KI01+KA09
svm,raw,source_holdout,0.625,0.5391232313415615,0.2107126481066874,0.34011647147840834,0.08827482885497448,,,,,,,K001+KI01+KA09
svm,raw,target_real,0.6621863799283154,0.6540148702057962,0.17805420858950682,0.5047203594604327,0.18451446297834384,0.496415770609319,0.2184115523465704,0.14695340501792115,0.7508960573476703,0.2577565632458234,0.1827956989247312,K001+KI01+KA09
svm,temperature,target_real,0.6621863799283154,0.6540148702057962,0.1241025386527415,0.4857377690467999,0.1862550673418606,0.48476702508960573,0.22181146025878004,0.14336917562724014,0.7616487455197133,0.26588235294117646,0.18010752688172044,K001+KI01+KA09
svm,isotonic,target_real,0.7051971326164874,0.6950847682121247,0.21971492543213442,0.500561901715257,0.1854143170952273,0.660394265232975,0.27408412483039346,0.0,0.9874551971326165,0.2912885662431942,0.0,K001+KI01+KA09
xgboost,raw,source_holdout,0.9,0.8997104179321865,0.038643602778514224,0.13733031628520484,0.01705236144116795,,,,,,,K001+KI01+KA09
xgboost,raw,target_real,0.7275985663082437,0.7106204564577681,0.22303898851504034,0.4910954856282501,0.14021591242393697,0.6281362007168458,0.19400855920114124,0.033154121863799284,0.931899641577061,0.2519230769230769,0.2553763440860215,K001+KI01+KA09
xgboost,temperature,target_real,0.7275985663082437,0.7106204564577681,0.20109206683018951,0.47522333125330146,0.13951012774844543,0.6245519713261649,0.19368723098995697,0.034050179211469536,0.9301075268817204,0.2514450867052023,0.260752688172043,K001+KI01+KA09
xgboost,isotonic,target_real,0.6684587813620072,0.6662418300653595,0.2621743440216753,0.5403050174441418,0.18983394472680437,0.9802867383512545,0.3263254113345521,0.0,0.9802867383512545,0.3263254113345521,0.0,K001+KI01+KA09
random_forest,raw,source_holdout,0.9156118143459916,0.9145021645021645,0.06618432119601884,0.15035686504769294,0.035089708435451374,,,,,,,K001+KI03+KA01
random_forest,raw,target_real,0.6989247311827957,0.6926233611407704,0.1795082707524263,0.5020278254889796,0.17335068122939332,0.1935483870967742,0.037037037037037035,0.0,0.6792114695340502,0.24802110817941952,0.19623655913978494,K001+KI03+KA01
random_forest,temperature,target_real,0.6989247311827957,0.6926233611407704,0.17757916444791558,0.499690794269254,0.17070517199628887,0.1935483870967742,0.037037037037037035,0.09946236559139784,0.6810035842293907,0.24736842105263157,0.19623655913978494,K001+KI03+KA01
random_forest,isotonic,target_real,0.7016129032258065,0.6953188807463234,0.19895594977413955,0.49326266983151845,0.1544515862080345,0.49910394265232977,0.1490125673249551,0.0,0.8028673835125448,0.25,0.3844086021505376,K001+KI03+KA01
svm,raw,source_holdout,0.5527426160337553,0.4578036908638863,0.281956445327834,0.4923014242957753,0.15266372731635022,,,,,,,K001+KI03+KA01
svm,raw,target_real,0.7007168458781362,0.6882100118215991,0.19602864282899113,0.5041408897010444,0.25366191314913117,0.15412186379928317,0.31976744186046513,0.01971326164874552,0.5887096774193549,0.2237442922374429,0.02060931899641577,K001+KI03+KA01
svm,temperature,target_real,0.7007168458781362,0.6882100118215991,0.09528149958742906,0.4693321063653383,0.2536753396975074,0.1460573476702509,0.32515337423312884,0.02060931899641577,0.5313620071684588,0.22934232715008432,0.021505376344086023,K001+KI03+KA01
svm,isotonic,target_real,0.660394265232975,0.6557103742942546,0.22971152295997932,0.5374410772123953,0.23673124561078657,0.34229390681003585,0.18848167539267016,0.0,0.7867383512544803,0.2505694760820046,0.0,K001+KI03+KA01
xgboost,raw,source_holdout,0.8945147679324894,0.8937957921623984,0.07849842913543122,0.1837732444713232,0.04311163841426771,,,,,,,K001+KI03+KA01
xgboost,raw,target_real,0.706989247311828,0.6974562415297401,0.23727516271841564,0.5329958227345105,0.18436549704163527,0.39336917562724016,0.16400911161731208,0.027777777777777776,0.6845878136200717,0.24738219895287958,0.042114695340501794,K001+KI03+KA01
xgboost,temperature,target_real,0.706989247311828,0.6974562415297401,0.17428236960110083,0.4880612305125079,0.18212839289277874,0.39336917562724016,0.1662870159453303,0.02956989247311828,0.6442652329749103,0.2364394993045897,0.043010752688172046,K001+KI03+KA01
xgboost,isotonic,target_real,0.7051971326164874,0.6965881375174504,0.1920622096955044,0.49275265236812965,0.1978460688951915,0.5331541218637993,0.14789915966386555,0.0,0.78584229390681,0.24173318129988597,0.0,K001+KI03+KA01
random_forest,raw,source_holdout,0.8991596638655462,0.8983580132947222,0.04022179204831759,0.152169616600087,0.03441014922832719,,,,,,,K001+KI03+KA03
random_forest,raw,target_real,0.6908602150537635,0.682788878746453,0.18476200006650714,0.5088578277518769,0.18015629708693784,0.0,,0.0,0.696236559139785,0.25096525096525096,0.21863799283154123,K001+KI03+KA03
random_forest,temperature,target_real,0.6908602150537635,0.682788878746453,0.16121280405963,0.4934303148675478,0.18055360504275264,0.0,,0.0,0.6756272401433692,0.2506631299734748,0.21863799283154123,K001+KI03+KA03
random_forest,isotonic,target_real,0.6765232974910395,0.6724658599194377,0.20731716618752874,0.5055686868620882,0.15464984360863493,0.5152329749103942,0.17043478260869566,0.0,0.7983870967741935,0.2570145903479237,0.3736559139784946,K001+KI03+KA03
svm,raw,source_holdout,0.8823529411764706,0.8815860630084144,0.05066974557752486,0.16469716355230438,0.022885409587910792,,,,,,,K001+KI03+KA03
svm,raw,target_real,0.7051971326164874,0.6914775767881204,0.19414962209920245,0.49727744815895164,0.17772843910779898,0.5448028673835126,0.19078947368421054,0.12096774193548387,0.7482078853046595,0.237125748502994,0.14516129032258066,K001+KI03+KA03
svm,temperature,target_real,0.7051971326164874,0.6914775767881204,0.16293584728956367,0.4803873977853148,0.17708704159475053,0.5394265232974911,0.19102990033222592,0.12275985663082438,0.7419354838709677,0.2318840579710145,0.15232974910394265,K001+KI03+KA03
svm,isotonic,target_real,0.7060931899641577,0.6863305803078071,0.17062157658295513,0.48131506690040665,0.1855093415698241,0.5887096774193549,0.1643835616438356,0.0,0.7741935483870968,0.2337962962962963,0.0,K001+KI03+KA03
xgboost,raw,source_holdout,0.8865546218487395,0.8855053026251101,0.08976100723282626,0.19618308631100856,0.049634545706823664,,,,,,,K001+KI03+KA03
xgboost,raw,target_real,0.7060931899641577,0.6952527468924115,0.23751601672941636,0.5332158930995742,0.18386454777871258,0.3629032258064516,0.1580246913580247,0.042114695340501794,0.7078853046594982,0.25063291139240507,0.07168458781362007,K001+KI03+KA03
xgboost,temperature,target_real,0.7060931899641577,0.6952527468924115,0.17529381123871884,0.4919936864901587,0.1810870030983659,0.37007168458781364,0.1549636803874092,0.042114695340501794,0.5591397849462365,0.22435897435897437,0.08064516129032258,K001+KI03+KA03
xgboost,isotonic,target_real,0.7007168458781362,0.6926129240700402,0.19928752683640177,0.4969240703258873,0.1980523300686292,0.5403225806451613,0.14427860696517414,0.0,0.7374551971326165,0.24908869987849333,0.0,K001+KI03+KA03
random_forest,raw,source_holdout,0.8987341772151899,0.8985906936668916,0.039165873849761695,0.16119240373136007,0.03348607146949863,,,,,,,K001+KI03+KA05
random_forest,raw,target_real,0.6971326164874552,0.6905584306139935,0.18019279563206483,0.49983395808237396,0.1747908319168396,0.23118279569892472,0.050387596899224806,0.0,0.6801075268817204,0.2437417654808959,0.0,K001+KI03+KA05
random_forest,temperature,target_real,0.6971326164874552,0.6905584306139935,0.16267482003082562,0.4934688635573988,0.17073845753532294,0.23118279569892472,0.050387596899224806,0.1039426523297491,0.6756272401433692,0.2427055702917772,0.1039426523297491,K001+KI03+KA05
random_forest,isotonic,target_real,0.6863799283154122,0.682541146718084,0.20248153703944521,0.4916499741593203,0.16064002790511703,0.4659498207885305,0.11538461538461539,0.0,0.7939068100358423,0.2505643340857788,0.0,K001+KI03+KA05
svm,raw,source_holdout,0.8818565400843882,0.8817504071692372,0.05515689367709914,0.16365421173198777,0.021459202629014785,,,,,,,K001+KI03+KA05
svm,raw,target_real,0.7132616487455197,0.7006322536476347,0.18897735062385257,0.4877444208120893,0.1786737070904142,0.5654121863799283,0.1949286846275753,0.11917562724014337,0.7589605734767025,0.23022432113341204,0.13799283154121864,K001+KI03+KA05
svm,temperature,target_real,0.7132616487455197,0.7006322536476347,0.15631146831326265,0.4718510836186532,0.17786524897341904,0.5600358422939068,0.1952,0.12007168458781362,0.7491039426523297,0.2284688995215311,0.13799283154121864,K001+KI03+KA05
svm,isotonic,target_real,0.7240143369175627,0.7057708763338973,0.1558087895579446,0.4605045849010973,0.17384098649567264,0.5985663082437276,0.1631736526946108,0.0,0.7921146953405018,0.22737556561085973,0.0,K001+KI03+KA05
xgboost,raw,source_holdout,0.8776371308016878,0.8775810211294082,0.09097804500080864,0.1973523005393685,0.04751811925539281,,,,,,,K001+KI03+KA05
xgboost,raw,target_real,0.6998207885304659,0.6907400056458295,0.24297738000483493,0.5389137927363108,0.18014465292047782,0.34946236559139787,0.14102564102564102,0.03225806451612903,0.71415770609319,0.2547051442910916,0.09229390681003584,K001+KI03+KA05
xgboost,temperature,target_real,0.6998207885304659,0.6907400056458295,0.17242620683492038,0.49103246619580654,0.1774609106542133,0.3602150537634409,0.1417910447761194,0.03225806451612903,0.7105734767025089,0.2509457755359395,0.11200716845878136,K001+KI03+KA05
xgboost,isotonic,target_real,0.692652329749104,0.6859078364722806,0.1917555911253026,0.4932085003722402,0.1807928134716464,0.5125448028673835,0.12062937062937062,0.0,0.7302867383512545,0.24662576687116564,0.0,K001+KI03+KA05
random_forest,raw,source_holdout,0.9113924050632911,0.9103546099290781,0.04368159955589191,0.1456534622533274,0.02244614452910508,,,,,,,K001+KI03+KA06
random_forest,raw,target_real,0.6953405017921147,0.6895367359009755,0.17947004264504873,0.5042520411873191,0.1761457886433105,0.42473118279569894,0.16244725738396623,0.0,0.6863799283154122,0.24804177545691905,0.20878136200716846,K001+KI03+KA06
random_forest,temperature,target_real,0.6953405017921147,0.6895367359009755,0.16300083229207762,0.492382670512701,0.17665219930673995,0.4166666666666667,0.16129032258064516,0.0,0.6693548387096774,0.24497991967871485,0.20878136200716846,K001+KI03+KA06
random_forest,isotonic,target_real,0.6899641577060932,0.6853714563946616,0.18942567678582242,0.48542824760087067,0.1558075438156338,0.492831541218638,0.15454545454545454,0.0,0.7706093189964157,0.2453488372093023,0.0,K001+KI03+KA06
svm,raw,source_holdout,0.890295358649789,0.8898541398541399,0.05430478951455775,0.15867294632001763,0.017439737842411537,,,,,,,K001+KI03+KA06
svm,raw,target_real,0.7060931899641577,0.6928518153888842,0.1933079985265932,0.4933385684821406,0.17631260536916105,0.5564516129032258,0.18840579710144928,0.12724014336917563,0.7517921146953405,0.23361144219308702,0.1442652329749104,K001+KI03+KA06
svm,temperature,target_real,0.7060931899641577,0.6928518153888842,0.14069005617067046,0.46764810257221084,0.17580886665296153,0.517921146953405,0.19204152249134948,0.12724014336917563,0.739247311827957,0.23272727272727273,0.1460573476702509,K001+KI03+KA06
svm,isotonic,target_real,0.7159498207885304,0.69617513764483,0.14567376783233138,0.46106880599854955,0.17754952583381142,0.5806451612903226,0.16512345679012347,0.0,0.7741935483870968,0.22800925925925927,0.0,K001+KI03+KA06
xgboost,raw,source_holdout,0.8987341772151899,0.8979328165374677,0.0783411048132659,0.18290914653777396,0.03267515876006621,,,,,,,K001+KI03+KA06
xgboost,raw,target_real,0.703405017921147,0.6944805197631408,0.2403685558707484,0.5372030388364647,0.18101381771029412,0.38799283154121866,0.16397228637413394,0.04390681003584229,0.6657706093189965,0.24629878869448182,0.06810035842293907,K001+KI03+KA06
xgboost,temperature,target_real,0.703405017921147,0.6944805197631408,0.16616427929659544,0.4860882025199845,0.17848362770893203,0.3978494623655914,0.16666666666666666,0.05017921146953405,0.6406810035842294,0.24195804195804196,0.07706093189964158,K001+KI03+KA06
xgboost,isotonic,target_real,0.6953405017921147,0.6883842627765748,0.1852766136958171,0.4880897675219586,0.19077101702264307,0.5286738351254481,0.14745762711864407,0.0,0.760752688172043,0.24263839811542992,0.0,K001+KI03+KA06
random_forest,raw,source_holdout,0.9159663865546218,0.9147374669472775,0.052574177940055186,0.14229839550357823,0.021068768466263207,,,,,,,K001+KI03+KA07
random_forest,raw,target_real,0.6989247311827957,0.6923139886522699,0.18388103491252228,0.5036261701331345,0.1789607378074625,0.4435483870967742,0.16767676767676767,0.0,0.6765232974910395,0.24503311258278146,0.22670250896057348,K001+KI03+KA07
random_forest,temperature,target_real,0.6989247311827957,0.6923139886522699,0.16732837285187785,0.494830539156974,0.17338318463998703,0.43637992831541217,0.162217659137577,0.10215053763440861,0.6729390681003584,0.24500665778961384,0.22670250896057348,K001+KI03+KA07
random_forest,isotonic,target_real,0.6917562724014337,0.6870533846629064,0.18874529066657916,0.4887630814400647,0.18562497037899267,0.4731182795698925,0.1268939393939394,0.0,0.7661290322580645,0.24561403508771928,0.0,K001+KI03+KA07
svm,raw,source_holdout,0.8823529411764706,0.8813813813813814,0.06185504495532228,0.15887862118718873,0.017542232736660116,,,,,,,K001+KI03+KA07
svm,raw,target_real,0.706989247311828,0.6936257707913734,0.19279985620307868,0.4946313913945768,0.17995010835540692,0.5564516129032258,0.19162640901771336,0.11827956989247312,0.7437275985663082,0.2325301204819277,0.13261648745519714,K001+KI03+KA07
svm,temperature,target_real,0.706989247311828,0.6936257707913734,0.1408611026128341,0.4687677437894973,0.17949318342299392,0.5456989247311828,0.1921182266009852,0.11917562724014337,0.7338709677419355,0.231990231990232,0.1335125448028674,K001+KI03+KA07
svm,isotonic,target_real,0.7204301075268817,0.7003485236353656,0.14606874634598938,0.4619546520458089,0.18086786568997215,0.5743727598566308,0.1934477379095164,0.0,0.7670250896057348,0.2266355140186916,0.0,K001+KI03+KA07
xgboost,raw,source_holdout,0.8949579831932774,0.8937957921623984,0.08560944980933885,0.18873890077975058,0.03201195398948755,,,,,,,K001+KI03+KA07
xgboost,raw,target_real,0.7051971326164874,0.6949820390900813,0.2430836705751316,0.5358202312261956,0.17091165936407882,0.3431899641577061,0.1174934725848564,0.06899641577060932,0.6747311827956989,0.24169986719787517,0.0967741935483871,K001+KI03+KA07
xgboost,temperature,target_real,0.7051971326164874,0.6949820390900813,0.16403140135581223,0.4811691391127001,0.16812331616481302,0.4032258064516129,0.1511111111111111,0.07258064516129033,0.660394265232975,0.23609226594301222,0.16218637992831542,K001+KI03+KA07
xgboost,isotonic,target_real,0.6989247311827957,0.6919119874181153,0.18412462783151712,0.4858387966561634,0.18132651370732306,0.5080645161290323,0.12874779541446207,0.0,0.7732974910394266,0.23870220162224798,0.0,K001+KI03+KA07
random_forest,raw,source_holdout,0.9145299145299145,0.9148873349864814,0.05152120645852645,0.1501786310084416,0.024198235722684397,,,,,,,K001+KI03+KA08
random_forest,raw,target_real,0.7007168458781362,0.6939021039168854,0.18232283536921456,0.5045573818479056,0.17520594496236835,0.4444444444444444,0.18548387096774194,0.0,0.7007168458781362,0.25191815856777494,0.2114695340501792,K001+KI03+KA08
random_forest,temperature,target_real,0.7007168458781362,0.6939021039168854,0.15675145700228704,0.4833472189455525,0.1759426963936262,0.4211469534050179,0.17872340425531916,0.0,0.6863799283154122,0.2506527415143603,0.2114695340501792,K001+KI03+KA08
random_forest,isotonic,target_real,0.6801075268817204,0.6744239043380477,0.2049155724706906,0.5074406696945614,0.15972103839472007,0.5080645161290323,0.18694885361552027,0.0,0.8189964157706093,0.2658643326039387,0.3611111111111111,K001+KI03+KA08
svm,raw,source_holdout,0.8846153846153846,0.8855210723342591,0.059414222778355535,0.16159326617669797,0.018154256139714425,,,,,,,K001+KI03+KA08
svm,raw,target_real,0.7078853046594982,0.6948153944655097,0.19259648402890514,0.4942942772914786,0.18591413701681708,0.5582437275985663,0.19101123595505617,0.09587813620071685,0.7562724014336918,0.23222748815165878,0.1057347670250896,K001+KI03+KA08
svm,temperature,target_real,0.7078853046594982,0.6948153944655097,0.14157725928354276,0.4687232618425806,0.18504720856244808,0.543010752688172,0.18976897689768976,0.09587813620071685,0.7365591397849462,0.23114355231143552,0.10931899641577061,K001+KI03+KA08
svm,isotonic,target_real,0.7213261648745519,0.7013369560342273,0.14561060034644135,0.4630626334001106,0.183221058111227,0.5779569892473119,0.19689922480620156,0.0,0.7634408602150538,0.22769953051643194,0.0,K001+KI03+KA08
xgboost,raw,source_holdout,0.8974358974358975,0.8978544061302682,0.0985729824274014,0.19649737850676247,0.0349175640366325,,,,,,,K001+KI03+KA08
xgboost,raw,target_real,0.6998207885304659,0.6907165125182195,0.24547560347451097,0.5475049726540513,0.18669236622238905,0.3467741935483871,0.13953488372093023,0.033154121863799284,0.6469534050179212,0.2451523545706371,0.08422939068100359,K001+KI03+KA08
xgboost,temperature,target_real,0.6998207885304659,0.6907165125182195,0.1764322408846991,0.4932711672234922,0.18398801077272614,0.36200716845878134,0.14603960396039603,0.03763440860215054,0.6317204301075269,0.2397163120567376,0.08960573476702509,K001+KI03+KA08
xgboost,isotonic,target_real,0.6899641577060932,0.6831949496451686,0.18633649703036426,0.49540468417790073,0.19413734863355356,0.5008960573476703,0.14669051878354203,0.0,0.732078853046595,0.24479804161566707,0.0,K001+KI03+KA08
random_forest,raw,source_holdout,0.9033613445378151,0.9020709540940755,0.04782868926963184,0.14581631055600985,0.022032663946446818,,,,,,,K001+KI03+KA09
random_forest,raw,target_real,0.6980286738351255,0.6909714875637123,0.17923869050442792,0.5031716192067058,0.17804188106183763,0.4390681003584229,0.1653061224489796,0.0,0.746415770609319,0.26410564225690275,0.23118279569892472,K001+KI03+KA09
random_forest,temperature,target_real,0.6980286738351255,0.6909714875637123,0.16762444045950595,0.49554165872170886,0.20136493432788435,0.4336917562724014,0.16115702479338842,0.0,0.7446236559139785,0.26353790613718414,0.23118279569892472,K001+KI03+KA09
random_forest,isotonic,target_real,0.6881720430107527,0.6839593920273045,0.1977477153430981,0.4883878503938967,0.18325158242119005,0.5134408602150538,0.16230366492146597,0.0,0.8225806451612904,0.26143790849673204,0.0,K001+KI03+KA09
svm,raw,source_holdout,0.8907563025210085,0.8898541398541399,0.053953642340817114,0.15799210761917762,0.017249587765302065,,,,,,,K001+KI03+KA09
svm,raw,target_real,0.7060931899641577,0.6928518153888842,0.19342945540654483,0.49343609366293817,0.177152784408972,0.557347670250896,0.18971061093247588,0.12455197132616487,0.7517921146953405,0.23361144219308702,0.13709677419354838,K001+KI03+KA09
svm,temperature,target_real,0.7060931899641577,0.6928518153888842,0.14301220564785372,0.46872618481042977,0.1766495094699391,0.5376344086021505,0.19,0.12455197132616487,0.7383512544802867,0.23300970873786409,0.14336917562724014,K001+KI03+KA09
svm,isotonic,target_real,0.7195340501792115,0.699241913907357,0.14268822360263558,0.4622458329334937,0.1787699974064133,0.5752688172043011,0.19470404984423675,0.0,0.75,0.2078853046594982,0.0,K001+KI03+KA09
xgboost,raw,source_holdout,0.8907563025210085,0.88942721791559,0.0844109581799066,0.18373609131425275,0.03243441055749573,,,,,,,K001+KI03+KA09
xgboost,raw,target_real,0.7078853046594982,0.6984720999236509,0.2414188179918515,0.5350684211985763,0.17637542401757852,0.3844086021505376,0.1585081585081585,0.04659498207885305,0.6729390681003584,0.2436750998668442,0.12007168458781362,K001+KI03+KA09
xgboost,temperature,target_real,0.7078853046594982,0.6984720999236509,0.17145328258762138,0.4876481745036956,0.1729654663966174,0.3906810035842294,0.15825688073394495,0.05017921146953405,0.6845878136200717,0.24476439790575916,0.13799283154121864,K001+KI03+KA09
xgboost,isotonic,target_real,0.6944444444444444,0.6875044832987737,0.18983660415171774,0.48717340487093863,0.188741386701328,0.5474910394265233,0.13911620294599017,0.0,0.7150537634408602,0.23308270676691728,0.0,K001+KI03+KA09
random_forest,raw,source_holdout,0.9621848739495799,0.962210338680927,0.03749532911731526,0.06673950918103816,0.005199060873375979,,,,,,,K001+KI05+KA01
random_forest,raw,target_real,0.6935483870967742,0.6880370933044134,0.18795025844219243,0.4953563963360175,0.14800684410238862,0.6012544802867383,0.21162444113263784,0.0,0.9847670250896058,0.3002729754322111,0.31362007168458783,K001+KI05+KA01
random_forest,temperature,target_real,0.6935483870967742,0.6880370933044134,0.2244539587240228,0.5259569163297096,0.1473845718944571,0.6066308243727598,0.20827178729689808,0.0,0.9775985663082437,0.2997250229147571,0.30913978494623656,K001+KI05+KA01
random_forest,isotonic,target_real,0.6971326164874552,0.6890337911695302,0.23803368272865516,0.5197872039152291,0.19382379221911528,0.7096774193548387,0.20707070707070707,0.0,0.9166666666666666,0.28152492668621704,0.0,K001+KI05+KA01
svm,raw,source_holdout,0.634453781512605,0.5268015059977235,0.22753629348307572,0.3946091876546432,0.09124439159944985,,,,,,,K001+KI05+KA01
svm,raw,target_real,0.7168458781362007,0.7031608138855966,0.17282474038073176,0.47317903056367233,0.20518602506159866,0.7043010752688172,0.20483460559796438,0.008960573476702509,0.8306451612903226,0.2373247033441208,0.043010752688172046,K001+KI05+KA01
svm,temperature,target_real,0.7168458781362007,0.7031608138855966,0.11189285480023635,0.4523035578253022,0.21054545023620438,0.7060931899641577,0.2068527918781726,0.008960573476702509,0.8512544802867383,0.24210526315789474,0.044802867383512544,K001+KI05+KA01
svm,isotonic,target_real,0.6801075268817204,0.6738032028125823,0.25684789886594794,0.5504278315286217,0.19425146104523644,0.7786738351254481,0.23590333716915995,0.0,0.9471326164874552,0.30274361400189215,0.0,K001+KI05+KA01
xgboost,raw,source_holdout,0.957983193277311,0.9580563469452358,0.024613152532016562,0.06901919610395903,0.004516054241979839,,,,,,,K001+KI05+KA01
xgboost,raw,target_real,0.7016129032258065,0.6924780215063411,0.2458741204499344,0.523016126667696,0.13755593209404926,0.7078853046594982,0.21518987341772153,0.04390681003584229,0.9740143369175627,0.2861085556577737,0.34229390681003585,K001+KI05+KA01
xgboost,temperature,target_real,0.7016129032258065,0.6924780215063411,0.2182326402944072,0.4983113210643288,0.13705276790842807,0.7051971326164874,0.21601016518424396,0.0456989247311828,0.974910394265233,0.28768382352941174,0.34408602150537637,K001+KI05+KA01
xgboost,isotonic,target_real,0.7159498207885304,0.7035554614712712,0.20613375662522015,0.4959912426490649,0.17995451233510315,0.7580645161290323,0.2115839243498818,0.0,0.989247311827957,0.2826086956521739,0.0,K001+KI05+KA01
random_forest,raw,source_holdout,0.9539748953974896,0.9538581010439587,0.04254787639865747,0.07567679285059771,0.00516593810044281,,,,,,,K001+KI05+KA03
random_forest,raw,target_real,0.692652329749104,0.6855540660847091,0.18246315245460593,0.4987490585402332,0.15337201039519852,0.6442652329749103,0.2141863699582754,0.0,0.996415770609319,0.30755395683453235,0.28763440860215056,K001+KI05+KA03
random_forest,temperature,target_real,0.692652329749104,0.6855540660847091,0.21965847127316596,0.5260361038626054,0.1534052916360325,0.6406810035842294,0.2125874125874126,0.0,0.996415770609319,0.30755395683453235,0.28136200716845877,K001+KI05+KA03
random_forest,isotonic,target_real,0.692652329749104,0.6827715826167222,0.2383730052403737,0.5271683156735236,0.20254202739892285,0.7240143369175627,0.21287128712871287,0.0,0.982078853046595,0.30200729927007297,0.0,K001+KI05+KA03
svm,raw,source_holdout,0.9539748953974896,0.9539224467107728,0.020613079901163484,0.06256315407134802,0.003112935605347206,,,,,,,K001+KI05+KA03
svm,raw,target_real,0.7123655913978495,0.698906015842432,0.17945593084147127,0.4752699896397337,0.15494713663372908,0.7652329749103942,0.22482435597189696,0.14874551971326164,0.9650537634408602,0.27669452181987003,0.18189964157706093,K001+KI05+KA03
svm,temperature,target_real,0.7123655913978495,0.698906015842432,0.20320063574057873,0.4893478152399267,0.15408092758553646,0.7724014336917563,0.22389791183294663,0.14695340501792115,0.9722222222222222,0.27741935483870966,0.18010752688172044,K001+KI05+KA03
svm,isotonic,target_real,0.7051971326164874,0.6910187590038549,0.21015591988884738,0.4948763896462576,0.18791821074851128,0.7983870967741935,0.23905723905723905,0.0,0.9605734767025089,0.28638059701492535,0.0,K001+KI05+KA03
xgboost,raw,source_holdout,0.9456066945606695,0.9457493211738349,0.03588653009805723,0.08154860932264571,0.0075631780778551315,,,,,,,K001+KI05+KA03
xgboost,raw,target_real,0.7007168458781362,0.6897583299372085,0.24416791655684034,0.5251842794088497,0.1425370444475712,0.5277777777777778,0.166383701188455,0.10842293906810035,0.9516129032258065,0.2815442561205273,0.26971326164874554,K001+KI05+KA03
xgboost,temperature,target_real,0.7007168458781362,0.6897583299372085,0.21695771535844804,0.49998206813965296,0.14132894278883168,0.5304659498207885,0.16554054054054054,0.11379928315412187,0.9516129032258065,0.2787193973634652,0.27508960573476704,K001+KI05+KA03
xgboost,isotonic,target_real,0.6720430107526881,0.6692336282502535,0.24375522069697536,0.5153795856232046,0.1782935520363532,0.71415770609319,0.19949811794228356,0.0,0.9955197132616488,0.32673267326732675,0.0,K001+KI05+KA03
random_forest,raw,source_holdout,0.9495798319327731,0.9499472776274013,0.041176902873650056,0.08088085893178495,0.005906179446425884,,,,,,,K001+KI05+KA05
random_forest,raw,target_real,0.6935483870967742,0.6880817808476564,0.18301254159049204,0.4920762177567403,0.1458606084862413,0.6173835125448028,0.20754716981132076,0.18548387096774194,0.9695340501792115,0.300369685767098,0.3055555555555556,K001+KI05+KA05
random_forest,temperature,target_real,0.6935483870967742,0.6880817808476564,0.22380432425045438,0.5193183686005717,0.14517402632492346,0.6227598566308243,0.20863309352517986,0.18548387096774194,0.9775985663082437,0.30247479376718606,0.30913978494623656,K001+KI05+KA05
random_forest,isotonic,target_real,0.6917562724014337,0.683484899052603,0.24166887161291514,0.5148423538997922,0.18361884162597958,0.7302867383512545,0.2049079754601227,0.0,0.9865591397849462,0.30517711171662126,0.0,K001+KI05+KA05
svm,raw,source_holdout,0.9537815126050421,0.9540096138822255,0.017740880221029733,0.06150948908401306,0.0030360345562352536,,,,,,,K001+KI05+KA05
svm,raw,target_real,0.7222222222222222,0.7096802323077132,0.17312268147772827,0.4651509409420408,0.15278453874035225,0.7759856630824373,0.22170900692840648,0.14157706093189965,0.9659498207885304,0.27087198515769945,0.18100358422939067,K001+KI05+KA05
svm,temperature,target_real,0.7222222222222222,0.7096802323077132,0.19763337853276802,0.4776776699393184,0.15214990172954207,0.7804659498207885,0.22158438576349024,0.13978494623655913,0.9704301075268817,0.270544783010157,0.17473118279569894,K001+KI05+KA05
svm,isotonic,target_real,0.7168458781362007,0.7025078634139416,0.18867143181605273,0.4682486423566883,0.1754276848939718,0.796594982078853,0.22609673790776152,0.0,0.9480286738351255,0.2618147448015123,0.0,K001+KI05+KA05
xgboost,raw,source_holdout,0.9537815126050421,0.9541233279461562,0.038898735612380414,0.08352271883328634,0.006038089906255048,,,,,,,K001+KI05+KA05
xgboost,raw,target_real,0.7016129032258065,0.6926587536163891,0.24981428143371387,0.5279370120901119,0.14047147681729813,0.6317204301075269,0.19148936170212766,0.03763440860215054,0.9982078853046595,0.2971274685816876,0.3279569892473118,K001+KI05+KA05
xgboost,temperature,target_real,0.7016129032258065,0.6926587536163891,0.21976324527693913,0.49923632181531585,0.1393254216294497,0.6308243727598566,0.19176136363636365,0.03763440860215054,0.9973118279569892,0.29649595687331537,0.3449820788530466,K001+KI05+KA05
xgboost,isotonic,target_real,0.6971326164874552,0.6890058904082359,0.22702842187233974,0.5077690877734212,0.17843162374077345,0.7374551971326165,0.19319562575941676,0.0,0.9937275985663082,0.30027051397655546,0.0,K001+KI05+KA05
random_forest,raw,source_holdout,0.957983193277311,0.9579898541534559,0.03031726273497953,0.06542668599522208,0.004387080487339532,,,,,,,K001+KI05+KA06
random_forest,raw,target_real,0.6944444444444444,0.6888927895773604,0.18510275076947705,0.4940848172431753,0.14890472702434224,0.7007168458781362,0.23145780051150894,0.18458781362007168,0.9901433691756273,0.3013574660633484,0.28136200716845877,K001+KI05+KA06
random_forest,temperature,target_real,0.6944444444444444,0.6888927895773604,0.21757876235056559,0.5180143548207445,0.15277794377770273,0.6756272401433692,0.22413793103448276,0.18458781362007168,0.9901433691756273,0.3013574660633484,0.28763440860215056,K001+KI05+KA06
random_forest,isotonic,target_real,0.6998207885304659,0.6914177930588812,0.22366059214635933,0.5014709738456947,0.18807902447518282,0.7455197132616488,0.21153846153846154,0.0,0.9041218637992832,0.2804757185332012,0.0,K001+KI05+KA06
svm,raw,source_holdout,0.957983193277311,0.9580297751029457,0.014554061411252445,0.05577587337303952,0.002377585353392552,,,,,,,K001+KI05+KA06
svm,raw,target_real,0.71415770609319,0.7017896261156351,0.1781882768984574,0.47044641186512076,0.1534186544546837,0.7724014336917563,0.22389791183294663,0.13620071684587814,0.9623655913978495,0.2718808193668529,0.17652329749103943,K001+KI05+KA06
svm,temperature,target_real,0.71415770609319,0.7017896261156351,0.19252958161286282,0.478226691325974,0.15279703375691306,0.7732974910394266,0.22363847045191193,0.1335125448028674,0.9650537634408602,0.2720519962859796,0.17921146953405018,K001+KI05+KA06
svm,isotonic,target_real,0.7231182795698925,0.707606578092956,0.1867328295816309,0.47330349516271814,0.18361338049923318,0.8001792114695341,0.22284434490481522,0.0,0.9614695340501792,0.2656104380242311,0.0,K001+KI05+KA06
xgboost,raw,source_holdout,0.957983193277311,0.9580563469452358,0.028565455885494487,0.07099841577147997,0.004602126558742247,,,,,,,K001+KI05+KA06
xgboost,raw,target_real,0.7051971326164874,0.6955372664059105,0.2463035521007353,0.5236885991892717,0.1412076493208749,0.6863799283154122,0.21148825065274152,0.06093189964157706,0.989247311827957,0.29257246376811596,0.2956989247311828,K001+KI05+KA06
xgboost,temperature,target_real,0.7051971326164874,0.6955372664059105,0.2122384474881098,0.49608823268177304,0.1405313905490447,0.7025089605734767,0.21556122448979592,0.05913978494623656,0.9847670250896058,0.2911737943585077,0.29659498207885304,K001+KI05+KA06
xgboost,isotonic,target_real,0.7186379928315412,0.70515911222612,0.21636635847696495,0.5043377033340978,0.1880049948627369,0.7598566308243727,0.20872641509433962,0.0,0.9758064516129032,0.2773186409550046,0.0,K001+KI05+KA06
random_forest,raw,source_holdout,0.9581589958158996,0.9579898541534559,0.03158935079001293,0.06498177310902606,0.004136380642619418,,,,,,,K001+KI05+KA07
random_forest,raw,target_real,0.6953405017921147,0.6895972545225847,0.18715205064266388,0.4962467628783767,0.15303442138918188,0.6899641577060932,0.22987012987012986,0.0,0.996415770609319,0.30485611510791366,0.278673835125448,K001+KI05+KA07
random_forest,temperature,target_real,0.6953405017921147,0.6895972545225847,0.22012715084671514,0.5214203187848713,0.1641571178679259,0.6738351254480287,0.2247340425531915,0.0,0.996415770609319,0.30485611510791366,0.2732974910394265,K001+KI05+KA07
random_forest,isotonic,target_real,0.6971326164874552,0.6883646971482856,0.23005768963972326,0.5067648031775644,0.1869010975794812,0.7473118279569892,0.20743405275779375,0.0,0.9310035842293907,0.28200192492781523,0.0,K001+KI05+KA07
svm,raw,source_holdout,0.9581589958158996,0.9580297751029457,0.013560335925664344,0.05596728849508171,0.0024324650979862966,,,,,,,K001+KI05+KA07
svm,raw,target_real,0.7195340501792115,0.7059535446632221,0.17389919395440173,0.4695428484908547,0.152987283450505,0.7616487455197133,0.2211764705882353,0.11917562724014337,0.9632616487455197,0.26976744186046514,0.16487455197132617,K001+KI05+KA07
svm,temperature,target_real,0.7195340501792115,0.7059535446632221,0.18770956545818968,0.476963269738317,0.15238191237234058,0.7661290322580645,0.22105263157894736,0.11827956989247312,0.967741935483871,0.26944444444444443,0.16308243727598568,K001+KI05+KA07
svm,isotonic,target_real,0.7213261648745519,0.7058513907227821,0.1904344355263578,0.4719315919110627,0.182461043248755,0.8019713261648745,0.22346368715083798,0.0,0.9551971326164874,0.26360225140712945,0.0,K001+KI05+KA07
xgboost,raw,source_holdout,0.9581589958158996,0.9580696202531646,0.03258746887350677,0.07405393913648672,0.0051294476061879415,,,,,,,K001+KI05+KA07
xgboost,raw,target_real,0.7051971326164874,0.6954539272477412,0.2432754859061224,0.5221997685939517,0.13800466646772314,0.5618279569892473,0.17543859649122806,0.12455197132616487,0.9740143369175627,0.28334866605335784,0.2921146953405018,K001+KI05+KA07
xgboost,temperature,target_real,0.7051971326164874,0.6954539272477412,0.20877512522393132,0.49176836052003764,0.13693224853546374,0.5600358422939068,0.1744,0.13709677419354838,0.9650537634408602,0.27948003714020425,0.2903225806451613,K001+KI05+KA07
xgboost,isotonic,target_real,0.6827956989247311,0.6790192314731573,0.22979473359419267,0.49812004216659106,0.17619734610601187,0.660394265232975,0.16960651289009498,0.0,0.9650537634408602,0.3045496750232126,0.0,K001+KI05+KA07
random_forest,raw,source_holdout,0.948936170212766,0.9495206171832007,0.029260210163409395,0.07231174205342436,0.004995224924610577,,,,,,,K001+KI05+KA08
random_forest,raw,target_real,0.6944444444444444,0.6890142461940504,0.1870480761625887,0.4985750074624327,0.15365049171123477,0.6173835125448028,0.21335268505079827,0.1881720430107527,0.974910394265233,0.2959558823529412,0.28225806451612906,K001+KI05+KA08
random_forest,temperature,target_real,0.6944444444444444,0.6890142461940504,0.21482852029451333,0.5197860017669499,0.16086027339314773,0.6129032258064516,0.21052631578947367,0.1881720430107527,0.9829749103942652,0.29899726526891524,0.2777777777777778,K001+KI05+KA08
random_forest,isotonic,target_real,0.6836917562724014,0.6756830819713621,0.2442111847345324,0.5252982364435013,0.1938812579269106,0.742831541218638,0.2147165259348613,0.0,0.9847670250896058,0.3111919927206551,0.0,K001+KI05+KA08
svm,raw,source_holdout,0.9574468085106383,0.9580297751029457,0.013861265524791309,0.05675306337343949,0.0024380252100219325,,,,,,,K001+KI05+KA08
svm,raw,target_real,0.7204301075268817,0.7072442927946515,0.1718668726482919,0.4693382333038774,0.15580447166978875,0.7759856630824373,0.22401847575057737,0.11379928315412187,0.9623655913978495,0.27001862197392923,0.1639784946236559,K001+KI05+KA08
svm,temperature,target_real,0.7204301075268817,0.7072442927946515,0.18706820509193095,0.476963898903269,0.15533280526813528,0.7670250896057348,0.21962616822429906,0.11290322580645161,0.9668458781362007,0.2715477293790547,0.16218637992831542,K001+KI05+KA08
svm,isotonic,target_real,0.7222222222222222,0.7068795697323599,0.1898666756712491,0.4707251930944495,0.18160591741737572,0.8198924731182796,0.2284153005464481,0.0,0.9605734767025089,0.26399253731343286,0.0,K001+KI05+KA08
xgboost,raw,source_holdout,0.948936170212766,0.9496629681721102,0.03811986370289582,0.08484972804536045,0.005586069381426375,,,,,,,K001+KI05+KA08
xgboost,raw,target_real,0.703405017921147,0.693263985029288,0.24425049254330256,0.5303398926506875,0.14318587859487217,0.6774193548387096,0.2156084656084656,0.09946236559139784,0.9919354838709677,0.2944896115627823,0.27060931899641577,K001+KI05+KA08
xgboost,temperature,target_real,0.703405017921147,0.693263985029288,0.21043347973506538,0.49929379770314797,0.14229525630229728,0.7007168458781362,0.21739130434782608,0.10663082437275985,0.9668458781362007,0.2882298424467099,0.28225806451612906,K001+KI05+KA08
xgboost,isotonic,target_real,0.6998207885304659,0.6899577048239943,0.21693913390259806,0.5074554727817008,0.18266709903442127,0.7491039426523297,0.21411483253588517,0.0,0.9946236559139785,0.2963963963963964,0.0,K001+KI05+KA08
random_forest,raw,source_holdout,0.9623430962343096,0.962210338680927,0.03036110879166768,0.06588125987109088,0.004094603009594297,,,,,,,K001+KI05+KA09
random_forest,raw,target_real,0.6935483870967742,0.6876856304298501,0.18481388825092704,0.4950617981141369,0.152020359792967,0.6890681003584229,0.23016905071521457,0.0,0.9874551971326165,0.3003629764065336,0.25985663082437277,K001+KI05+KA09
random_forest,temperature,target_real,0.6935483870967742,0.6876856304298501,0.22006684045852065,0.521676529928286,0.1517138803885963,0.6245519713261649,0.20946915351506457,0.0,0.989247311827957,0.3016304347826087,0.25627240143369173,K001+KI05+KA09
random_forest,isotonic,target_real,0.696236559139785,0.6880416416782734,0.23728132746540653,0.5125575743819865,0.18768785727724865,0.7849462365591398,0.21575342465753425,0.0,0.9516129032258065,0.2871939736346516,0.0,K001+KI05+KA09
svm,raw,source_holdout,0.9581589958158996,0.9580297751029457,0.014675357520672231,0.055609641393545704,0.002336971282552413,,,,,,,K001+KI05+KA09
svm,raw,target_real,0.7159498207885304,0.7035576756823066,0.17672652276136402,0.4694301608974119,0.15279797147798405,0.7724014336917563,0.22389791183294663,0.13261648745519714,0.9614695340501792,0.2712022367194781,0.17562724014336917,K001+KI05+KA09
svm,temperature,target_real,0.7159498207885304,0.7035576756823066,0.19099369522133122,0.4774137793576901,0.15213216908884852,0.7741935483870968,0.22337962962962962,0.12992831541218638,0.9650537634408602,0.2711234911792015,0.17473118279569894,K001+KI05+KA09
svm,isotonic,target_real,0.7240143369175627,0.7083966323805931,0.18686353865070335,0.47227239685451483,0.18168693408098419,0.8010752688172043,0.2225950782997763,0.0,0.9614695340501792,0.2656104380242311,0.0,K001+KI05+KA09
xgboost,raw,source_holdout,0.9581589958158996,0.9580696202531646,0.025872321557799127,0.07018077247270348,0.005041396539725426,,,,,,,K001+KI05+KA09
xgboost,raw,target_real,0.7060931899641577,0.6958200140236709,0.24273755598986874,0.5210774309597457,0.1378817446333414,0.568100358422939,0.18138801261829654,0.11200716845878136,0.989247311827957,0.2916666666666667,0.3172043010752688,K001+KI05+KA09
xgboost,temperature,target_real,0.7060931899641577,0.6958200140236709,0.2127648562907243,0.49401907656778743,0.137122240474065,0.6720430107526881,0.208,0.12724014336917563,0.9847670250896058,0.2893539581437671,0.3172043010752688,K001+KI05+KA09
xgboost,isotonic,target_real,0.6756272401433692,0.6730668879709789,0.23602529133861916,0.5008317224332655,0.1796854743393756,0.724910394265233,0.20024721878862795,0.0,0.9874551971326165,0.31669691470054445,0.0,K001+KI05+KA09
random_forest,raw,source_holdout,0.9621848739495799,0.962210338680927,0.04945423387100267,0.057205979553055064,0.004230667561885956,,,,,,,K001+KI07+KA01
random_forest,raw,target_real,0.7186379928315412,0.7050625042424937,0.15651348030827086,0.46563870840071336,0.14399098289973755,0.7777777777777778,0.24078341013824886,0.1971326164874552,0.989247311827957,0.27807971014492755,0.289426523297491,K001+KI07+KA01
random_forest,temperature,target_real,0.7186379928315412,0.7050625042424937,0.20002349108316597,0.49151289548264354,0.1429147329296794,0.8163082437275986,0.24588364434687157,0.1971326164874552,0.992831541218638,0.27978339350180503,0.2956989247311828,K001+KI07+KA01
random_forest,isotonic,target_real,0.6863799283154122,0.6824675960860677,0.2779744961083623,0.5832383529071664,0.20752800457919335,0.8888888888888888,0.29536290322580644,0.0,0.8888888888888888,0.29536290322580644,0.0,K001+KI07+KA01
svm,raw,source_holdout,0.6218487394957983,0.5210904236126145,0.25349323140373614,0.4433970240287794,0.09613874239615115,,,,,,,K001+KI07+KA01
svm,raw,target_real,0.7195340501792115,0.7007577147812106,0.17253368743863046,0.4679300646284687,0.1943823637363542,0.6702508960573477,0.19117647058823528,0.00985663082437276,0.8001792114695341,0.22732362821948487,0.047491039426523295,K001+KI07+KA01
svm,temperature,target_real,0.7195340501792115,0.7007577147812106,0.06516810244034663,0.43796168911934596,0.2020580145164414,0.6550179211469535,0.19151846785225718,0.00985663082437276,0.8297491039426523,0.23650107991360692,0.04838709677419355,K001+KI07+KA01
svm,isotonic,target_real,0.6657706093189965,0.662481342787464,0.27973755106712994,0.6148145805282875,0.20554530026189724,0.8369175627240143,0.2751605995717345,0.0,0.8682795698924731,0.2961816305469556,0.0,K001+KI07+KA01
xgboost,raw,source_holdout,0.9453781512605042,0.9452762003097573,0.03903164407786196,0.0798301639332271,0.0045545886857273074,,,,,,,K001+KI07+KA01
xgboost,raw,target_real,0.7338709677419355,0.7177140784577017,0.21738843440902708,0.4885157747689009,0.13952581331841435,0.6245519713261649,0.1994261119081779,0.051075268817204304,0.9695340501792115,0.2587800369685767,0.257168458781362,K001+KI07+KA01
xgboost,temperature,target_real,0.7338709677419355,0.7177140784577017,0.1889224628602812,0.4658442579052201,0.1381256832281996,0.6155913978494624,0.1950509461426492,0.06720430107526881,0.9614695340501792,0.2590866728797763,0.26971326164874554,K001+KI07+KA01
xgboost,isotonic,target_real,0.6559139784946236,0.6579705286808333,0.2727113708470438,0.5542994751897639,0.184669298529371,0.8655913978494624,0.2774327122153209,0.0,0.9991039426523297,0.3434977578475336,0.0,K001+KI07+KA01
random_forest,raw,source_holdout,0.9539748953974896,0.9542166597556934,0.03595493893199661,0.06862711250607045,0.005217447223824449,,,,,,,K001+KI07+KA03
random_forest,raw,target_real,0.7087813620071685,0.6935396429773255,0.1597224173241263,0.47404305641022937,0.14743529431052613,0.6953405017921147,0.22293814432989692,0.19444444444444445,0.9955197132616488,0.2907290729072907,0.2625448028673835,K001+KI07+KA03
random_forest,temperature,target_real,0.7087813620071685,0.6935396429773255,0.19399721026808314,0.4955197151580107,0.14711852581645338,0.7222222222222222,0.22332506203473945,0.19086021505376344,0.9946236559139785,0.29009009009009007,0.2625448028673835,K001+KI07+KA03
random_forest,isotonic,target_real,0.6801075268817204,0.6747030886482269,0.282875690490693,0.5952467931842721,0.20678604776173581,0.9444444444444444,0.31024667931688804,0.0,0.9901433691756273,0.3158371040723982,0.0,K001+KI07+KA03
svm,raw,source_holdout,0.9539748953974896,0.9539850892535945,0.01999880848048881,0.0629574118502156,0.0034124368195755195,,,,,,,K001+KI07+KA03
svm,raw,target_real,0.717741935483871,0.697665867627283,0.17784834295557372,0.4634464319173734,0.14398635753120204,0.7580645161290323,0.21513002364066194,0.15770609318996415,0.974910394265233,0.2757352941176471,0.1971326164874552,K001+KI07+KA03
svm,temperature,target_real,0.717741935483871,0.697665867627283,0.19226625598907363,0.4728706151615786,0.14353213484856506,0.7634408602150538,0.21713615023474178,0.15681003584229392,0.9793906810035843,0.2753888380603843,0.1935483870967742,K001+KI07+KA03
svm,isotonic,target_real,0.6702508960573477,0.6654606336022265,0.2543356107025897,0.5578901134221644,0.1993980339452517,0.8879928315412187,0.28456104944500504,0.0,0.9973118279569892,0.3279424977538185,0.0,K001+KI07+KA03
xgboost,raw,source_holdout,0.9414225941422594,0.9414419933323446,0.035114889364362266,0.09158532998801028,0.007901990876728363,,,,,,,K001+KI07+KA03
xgboost,raw,target_real,0.7231182795698925,0.7054939304574569,0.22252967897602305,0.49417454495592766,0.14138302901281583,0.5878136200716846,0.18445121951219512,0.05465949820788531,0.9310035842293907,0.25890279114533205,0.26971326164874554,K001+KI07+KA03
xgboost,temperature,target_real,0.7231182795698925,0.7054939304574569,0.19113225649470622,0.4703631904017701,0.14020854281609868,0.5806451612903226,0.18364197530864199,0.06093189964157706,0.9408602150537635,0.26,0.27060931899641577,K001+KI07+KA03
xgboost,isotonic,target_real,0.692652329749104,0.6862835402125835,0.24917626924206315,0.5486716799808914,0.18761799382034208,0.850358422939068,0.2792413066385669,0.0,0.9901433691756273,0.3040723981900452,0.0,K001+KI07+KA03
random_forest,raw,source_holdout,0.9495798319327731,0.949812151833139,0.031079705612587615,0.07040781318009343,0.004784680310006623,,,,,,,K001+KI07+KA05
random_forest,raw,target_real,0.7186379928315412,0.7035169969219521,0.15280422297019214,0.4639405455944658,0.14462216731568134,0.7724014336917563,0.23665893271461716,0.20519713261648745,0.956989247311828,0.2743445692883895,0.31272401433691754,K001+KI07+KA05
random_forest,temperature,target_real,0.7186379928315412,0.7035169969219521,0.18729885273411134,0.48406324734960343,0.14375145155304284,0.7455197132616488,0.22716346153846154,0.20519713261648745,0.9802867383512545,0.27513711151736747,0.31362007168458783,K001+KI07+KA05
random_forest,isotonic,target_real,0.6917562724014337,0.6864835577525001,0.2813201947207124,0.5854169744636254,0.19151796228951462,0.9901433691756273,0.3067873303167421,0.0,0.9901433691756273,0.3067873303167421,0.0,K001+KI07+KA05
svm,raw,source_holdout,0.9537815126050421,0.9537530272017977,0.016090192764920033,0.060856175711799,0.0031444141024869134,,,,,,,K001+KI07+KA05
svm,raw,target_real,0.7267025089605734,0.7082227946118201,0.17368703136071365,0.45367559562607823,0.14159293521696478,0.7401433691756273,0.19975786924939468,0.15681003584229392,0.9704301075268817,0.2659279778393352,0.18996415770609318,K001+KI07+KA05
svm,temperature,target_real,0.7267025089605734,0.7082227946118201,0.18512221658548345,0.4612860448191248,0.14137747277246832,0.7401433691756273,0.19975786924939468,0.15681003584229392,0.9775985663082437,0.26581118240146656,0.19086021505376344,K001+KI07+KA05
svm,isotonic,target_real,0.6935483870967742,0.6880100536321461,0.23164607456504963,0.5382949033371269,0.1886645017362398,0.8629032258064516,0.2699896157840083,0.0,0.9560931899641577,0.28959700093720714,0.0,K001+KI07+KA05
xgboost,raw,source_holdout,0.9369747899159664,0.9372056070697837,0.04220969161065687,0.09283801926662859,0.00583011531742429,,,,,,,K001+KI07+KA05
xgboost,raw,target_real,0.7311827956989247,0.7142322891702544,0.21631125950898752,0.4892820706120921,0.14136623681537885,0.6720430107526881,0.19733333333333333,0.04838709677419355,0.9516129032258065,0.2570621468926554,0.06989247311827956,K001+KI07+KA05
xgboost,temperature,target_real,0.7311827956989247,0.7142322891702544,0.1854889717339098,0.4658626828359579,0.14009094358438728,0.6657706093189965,0.19784656796769853,0.05017921146953405,0.9444444444444444,0.25521821631878555,0.18189964157706093,K001+KI07+KA05
xgboost,isotonic,target_real,0.6908602150537635,0.686380384870945,0.24119210944168917,0.5408762736869671,0.18686389868540507,0.8709677419354839,0.2736625514403292,0.0,0.9704301075268817,0.30009233610341646,0.0,K001+KI07+KA05
random_forest,raw,source_holdout,0.9663865546218487,0.9664238200823566,0.02624548051081211,0.053398575035576316,0.0026647867286120246,,,,,,,K001+KI07+KA06
random_forest,raw,target_real,0.7159498207885304,0.7026476691603144,0.1533369306225426,0.46703181505677743,0.14512014790269837,0.7894265232974911,0.24290578887627695,0.18369175627240145,0.985663082437276,0.2772727272727273,0.28136200716845877,K001+KI07+KA06
random_forest,temperature,target_real,0.7159498207885304,0.7026476691603144,0.19306030440898303,0.48728124655653887,0.14418894151867603,0.807347670250896,0.24528301886792453,0.18458781362007168,0.9865591397849462,0.2779291553133515,0.2867383512544803,K001+KI07+KA06
random_forest,isotonic,target_real,0.6863799283154122,0.6824649388024936,0.2744956185427528,0.5844791292508046,0.2071323833370216,0.8924731182795699,0.29819277108433734,0.0,0.8924731182795699,0.29819277108433734,0.0,K001+KI07+KA06
svm,raw,source_holdout,0.957983193277311,0.957936507936508,0.011037544803623815,0.055752002568959104,0.002416654145723795,,,,,,,K001+KI07+KA06
svm,raw,target_real,0.7222222222222222,0.703045112594389,0.1757197841546463,0.4584335757730652,0.14221968214633232,0.742831541218638,0.20506634499396864,0.1532258064516129,0.9722222222222222,0.2672811059907834,0.1881720430107527,K001+KI07+KA06
svm,temperature,target_real,0.7222222222222222,0.703045112594389,0.17590451087503006,0.4585318207832423,0.14221508019895332,0.742831541218638,0.20506634499396864,0.1532258064516129,0.9722222222222222,0.2672811059907834,0.1881720430107527,K001+KI07+KA06
svm,isotonic,target_real,0.6487455197132617,0.6524148407027106,0.2709794349227049,0.5815316511240683,0.20050905235172997,0.8870967741935484,0.31616161616161614,0.0,0.9982078853046595,0.3509874326750449,0.0,K001+KI07+KA06
xgboost,raw,source_holdout,0.9495798319327731,0.9495238095238095,0.03646938640530373,0.08100365364416555,0.004339890279799716,,,,,,,K001+KI07+KA06
xgboost,raw,target_real,0.7329749103942652,0.7161880635934174,0.2224981866803648,0.4918191001056816,0.13846650934761384,0.6460573476702509,0.19833564493758668,0.1039426523297491,0.9560931899641577,0.260543580131209,0.2168458781362007,K001+KI07+KA06
xgboost,temperature,target_real,0.7329749103942652,0.7161880635934174,0.19022051146912855,0.46503335753516933,0.13761204510318029,0.6397849462365591,0.19607843137254902,0.10931899641577061,0.9471326164874552,0.26017029328287605,0.23297491039426524,K001+KI07+KA06
xgboost,isotonic,target_real,0.6863799283154122,0.6815355782115424,0.2739834370654052,0.58584722582245,0.1841444385384536,0.9077060931899642,0.3089832181638697,0.0,0.9883512544802867,0.3100634632819583,0.0,K001+KI07+KA06
random_forest,raw,source_holdout,0.9665271966527197,0.9664238200823566,0.03422270218659737,0.05380322714810028,0.003116697257994112,,,,,,,K001+KI07+KA07
random_forest,raw,target_real,0.7204301075268817,0.7064724986849301,0.15252348953587766,0.46614657954893873,0.14704514405616462,0.767921146953405,0.23920653442240372,0.17921146953405018,0.9829749103942652,0.27620783956244305,0.27508960573476704,K001+KI07+KA07
random_forest,temperature,target_real,0.7204301075268817,0.7064724986849301,0.1902053415570683,0.48568251323336203,0.14623736162243026,0.7437275985663082,0.23132530120481928,0.17921146953405018,0.9838709677419355,0.2768670309653916,0.27419354838709675,K001+KI07+KA07
random_forest,isotonic,target_real,0.681899641577061,0.6784056368348618,0.27969359153904805,0.5906737583195047,0.2071022321259699,0.8960573476702509,0.298,0.0,0.8960573476702509,0.298,0.0,K001+KI07+KA07
svm,raw,source_holdout,0.9581589958158996,0.957936507936508,0.011502502997035676,0.05722026844410857,0.002527157195457148,,,,,,,K001+KI07+KA07
svm,raw,target_real,0.7231182795698925,0.703767774799751,0.17467116327730026,0.4596063882572146,0.14347673749753642,0.7437275985663082,0.20602409638554217,0.13709677419354838,0.9740143369175627,0.2686292548298068,0.17652329749103943,K001+KI07+KA07
svm,temperature,target_real,0.7231182795698925,0.703767774799751,0.17355173322750345,0.45901084116762153,0.14350776611805807,0.7437275985663082,0.20602409638554217,0.13709677419354838,0.9740143369175627,0.2686292548298068,0.17652329749103943,K001+KI07+KA07
svm,isotonic,target_real,0.6478494623655914,0.6519848881622448,0.27149314577558614,0.5820445364936045,0.20131994030110512,0.8888888888888888,0.3165322580645161,0.0,1.0,0.3521505376344086,0.0,K001+KI07+KA07
xgboost,raw,source_holdout,0.9456066945606695,0.9452762003097573,0.04060289251255689,0.08488099318473181,0.005708777837966748,,,,,,,K001+KI07+KA07
xgboost,raw,target_real,0.7329749103942652,0.7164698720472762,0.21786959653580065,0.49026830571753655,0.13864020298791788,0.6039426523297491,0.1884272997032641,0.034050179211469536,0.9793906810035843,0.26349496797804206,0.2777777777777778,K001+KI07+KA07
xgboost,temperature,target_real,0.7329749103942652,0.7164698720472762,0.17790133451919563,0.4605127359920001,0.13695685601011842,0.5958781362007168,0.18345864661654135,0.09498207885304659,0.9740143369175627,0.26310947562097514,0.28046594982078854,K001+KI07+KA07
xgboost,isotonic,target_real,0.6854838709677419,0.6813870788510997,0.28380715627664604,0.5958937713583036,0.18743471676994608,0.8745519713261649,0.30020491803278687,0.0,0.9883512544802867,0.3100634632819583,0.0,K001+KI07+KA07
random_forest,raw,source_holdout,0.9574468085106383,0.9581043300588407,0.02194825809949291,0.058990922124887574,0.0035444578082184097,,,,,,,K001+KI07+KA08
random_forest,raw,target_real,0.7150537634408602,0.701834998654138,0.14979992106114157,0.46701140117586587,0.1495939995585942,0.8019713261648745,0.24916201117318434,0.0,0.985663082437276,0.2809090909090909,0.2768817204301075,K001+KI07+KA08
random_forest,temperature,target_real,0.7150537634408602,0.701834998654138,0.1896748992896846,0.48645202562507966,0.14851505655596586,0.8189964157706093,0.24945295404814005,0.0,0.9865591397849462,0.28065395095367845,0.278673835125448,K001+KI07+KA08
random_forest,isotonic,target_real,0.6783154121863799,0.6738371394779388,0.28574997363521315,0.5933731481850626,0.20569572166783098,0.9094982078853047,0.296551724137931,0.0,0.9094982078853047,0.296551724137931,0.0,K001+KI07+KA08
svm,raw,source_holdout,0.9574468085106383,0.957936507936508,0.011872868670300948,0.05740353670618042,0.0025575524737754375,,,,,,,K001+KI07+KA08
svm,raw,target_real,0.7240143369175627,0.7051908665134712,0.17231177095474454,0.459327935491399,0.14655070887131338,0.7383512544802867,0.20509708737864077,0.12365591397849462,0.9713261648745519,0.2656826568265683,0.17114695340501793,K001+KI07+KA08
svm,temperature,target_real,0.7240143369175627,0.7051908665134712,0.17197551573736475,0.45915308955000284,0.14656065084334796,0.7383512544802867,0.20509708737864077,0.12365591397849462,0.9713261648745519,0.2656826568265683,0.17114695340501793,K001+KI07+KA08
svm,isotonic,target_real,0.6478494623655914,0.6515149561185841,0.27093210616880015,0.5832308525436879,0.20082566344826527,0.8844086021505376,0.3130699088145897,0.0,0.9982078853046595,0.3518850987432675,0.0,K001+KI07+KA08
xgboost,raw,source_holdout,0.9404255319148936,0.941437908496732,0.04746181482964375,0.09459716034908029,0.005672886723071562,,,,,,,K001+KI07+KA08
xgboost,raw,target_real,0.728494623655914,0.711464737313864,0.22481428271019332,0.49993307823419125,0.14411462757390758,0.6129032258064516,0.1915204678362573,0.06362007168458782,0.9399641577060932,0.2650142993326978,0.1917562724014337,K001+KI07+KA08
xgboost,temperature,target_real,0.728494623655914,0.711464737313864,0.19036858189511716,0.4690906244224269,0.1429821539507504,0.6084229390681004,0.19145802650957292,0.06630824372759857,0.9354838709677419,0.26436781609195403,0.20340501792114696,K001+KI07+KA08
xgboost,isotonic,target_real,0.6827956989247311,0.6775532867436116,0.26740987631927166,0.5942594634128541,0.18748795853633907,0.9193548387096774,0.310916179337232,0.0,0.9713261648745519,0.30350553505535055,0.0,K001+KI07+KA08
random_forest,raw,source_holdout,0.9581589958158996,0.9579898541534559,0.02871984924907399,0.05831266624679005,0.0033558605953242573,,,,,,,K001+KI07+KA09
random_forest,raw,target_real,0.7204301075268817,0.7056806952641379,0.15646523735517198,0.4656881885496066,0.14549721367336232,0.7670250896057348,0.2383177570093458,0.18458781362007168,0.9946236559139785,0.2765765765765766,0.2625448028673835,K001+KI07+KA09
random_forest,temperature,target_real,0.7204301075268817,0.7056806952641379,0.19185278830373975,0.486356926350829,0.14483312478344806,0.782258064516129,0.24054982817869416,0.18458781362007168,0.9946236559139785,0.2765765765765766,0.26523297491039427,K001+KI07+KA09
random_forest,isotonic,target_real,0.6863799283154122,0.6825308836849273,0.28119155591424494,0.5887291665857063,0.20670390814268347,0.9301075268817204,0.2976878612716763,0.0,0.9301075268817204,0.2976878612716763,0.0,K001+KI07+KA09
svm,raw,source_holdout,0.9581589958158996,0.957936507936508,0.010735511877726213,0.05543030965777557,0.002375393708292112,,,,,,,K001+KI07+KA09
svm,raw,target_real,0.7222222222222222,0.703045112594389,0.17422708233502873,0.4578591190839833,0.14123121562875907,0.7410394265232975,0.20435308343409916,0.1532258064516129,0.9722222222222222,0.2654377880184332,0.1881720430107527,K001+KI07+KA09
svm,temperature,target_real,0.7222222222222222,0.703045112594389,0.17503243090896553,0.45848159255618276,0.14120753192359656,0.7410394265232975,0.20435308343409916,0.1532258064516129,0.9722222222222222,0.2654377880184332,0.1881720430107527,K001+KI07+KA09
svm,isotonic,target_real,0.6523297491039427,0.6554615340636573,0.2680188697614707,0.5801556643806397,0.19956168930019888,0.8888888888888888,0.3155241935483871,0.0,0.9991039426523297,0.347085201793722,0.0,K001+KI07+KA09
xgboost,raw,source_holdout,0.9497907949790795,0.9495238095238095,0.029953656585645506,0.0754646627994243,0.004277655599033408,,,,,,,K001+KI07+KA09
xgboost,raw,target_real,0.7311827956989247,0.7144500093124231,0.22136502680919504,0.4896264813970119,0.13642841716697246,0.6621863799283154,0.1975642760487145,0.02867383512544803,0.9767025089605734,0.26055045871559634,0.278673835125448,K001+KI07+KA09
xgboost,temperature,target_real,0.7311827956989247,0.7144500093124231,0.18972799237079302,0.4655486021478373,0.13521483141956586,0.6577060931899642,0.1989100817438692,0.036738351254480286,0.974910394265233,0.2610294117647059,0.27956989247311825,K001+KI07+KA09
xgboost,isotonic,target_real,0.6684587813620072,0.6678631787981536,0.2620587344662431,0.5481847491818941,0.18431878939170582,0.8530465949820788,0.27521008403361347,0.0,1.0,0.33154121863799285,0.0,K001+KI07+KA09
random_forest,raw,source_holdout,0.9665271966527197,0.9665887622508779,0.07054744100987115,0.06716463697462084,0.005497114068474957,,,,,,,K001+KI08+KA01
random_forest,raw,target_real,0.7168458781362007,0.704129979914589,0.15110092055074914,0.46729592023830097,0.1419015246580376,0.7768817204301075,0.2433679354094579,0.1989247311827957,0.9874551971326165,0.279491833030853,0.3064516129032258,K001+KI08+KA01
random_forest,temperature,target_real,0.7168458781362007,0.704129979914589,0.20372535005576417,0.49683950927591614,0.14116877177993184,0.8064516129032258,0.24555555555555555,0.1989247311827957,0.9901433691756273,0.27963800904977376,0.30734767025089604,K001+KI08+KA01
random_forest,isotonic,target_real,0.6971326164874552,0.6895020537889218,0.27352388009631984,0.5715013641243821,0.19432581549738726,0.9982078853046595,0.3016157989228007,0.0,0.9982078853046595,0.3016157989228007,0.0,K001+KI08+KA01
svm,raw,source_holdout,0.606694560669456,0.512628726287263,0.2213516311777346,0.35673288508645595,0.09870954200228592,,,,,,,K001+KI08+KA01
svm,raw,target_real,0.7213261648745519,0.7036678501333439,0.16679879404119288,0.4630377077821394,0.18645516642467397,0.6666666666666666,0.1868279569892473,0.011648745519713262,0.8530465949820788,0.24054621848739496,0.04659498207885305,K001+KI08+KA01
svm,temperature,target_real,0.7213261648745519,0.7036678501333439,0.12335143164008174,0.44665522418303816,0.18959605143257438,0.6478494623655914,0.18533886583679116,0.011648745519713262,0.8422939068100358,0.23617021276595745,0.047491039426523295,K001+KI08+KA01
svm,isotonic,target_real,0.6648745519713262,0.6616904605505314,0.27220281656718387,0.5757048714862399,0.18191004658952112,0.7840501792114696,0.23657142857142857,0.0,0.9301075268817204,0.3092485549132948,0.0,K001+KI08+KA01
xgboost,raw,source_holdout,0.9456066945606695,0.9455838065737394,0.027989711472180108,0.08246409887647474,0.008061392248690229,,,,,,,K001+KI08+KA01
xgboost,raw,target_real,0.7222222222222222,0.7055250030852062,0.2266480631885991,0.4922268992733223,0.14033159943351034,0.6164874551971327,0.18895348837209303,0.05555555555555555,0.9587813620071685,0.25981308411214954,0.14336917562724014,K001+KI08+KA01
xgboost,temperature,target_real,0.7222222222222222,0.7055250030852062,0.205430286783421,0.4745775013659042,0.13954913162108237,0.6155913978494624,0.18777292576419213,0.056451612903225805,0.9543010752688172,0.25821596244131456,0.14516129032258066,K001+KI08+KA01
xgboost,isotonic,target_real,0.7078853046594982,0.6981893312516263,0.23702270465652264,0.5342621603586369,0.18655695715833873,0.8754480286738351,0.2743091095189355,0.0,1.0,0.2921146953405018,0.0,K001+KI08+KA01
random_forest,raw,source_holdout,0.9583333333333334,0.9586188773203203,0.06152726251614633,0.07536774507106178,0.005580085016706099,,,,,,,K001+KI08+KA03
random_forest,raw,target_real,0.7159498207885304,0.7008250691639134,0.16147592299051328,0.4694503248991205,0.14370535202409285,0.7813620071684588,0.24311926605504589,0.224910394265233,0.9946236559139785,0.2828828828828829,0.2948028673835125,K001+KI08+KA03
random_forest,temperature,target_real,0.7159498207885304,0.7008250691639134,0.2042150801107449,0.49511889929530445,0.14260308410183764,0.7795698924731183,0.24022988505747125,0.224910394265233,0.9946236559139785,0.2828828828828829,0.2921146953405018,K001+KI08+KA03
random_forest,isotonic,target_real,0.6917562724014337,0.6853144540048505,0.2703624729413993,0.5626955378610732,0.19978718503724177,0.9157706093189965,0.28669275929549903,0.0,0.9955197132616488,0.30603060306030605,0.0,K001+KI08+KA03
svm,raw,source_holdout,0.95,0.9500816993464053,0.013829358908631975,0.06870360382608176,0.004184836604196968,,,,,,,K001+KI08+KA03
svm,raw,target_real,0.7240143369175627,0.7038026921820594,0.17408750814602234,0.45809755725484064,0.1410528615064135,0.7168458781362007,0.2025,0.1388888888888889,0.9668458781362007,0.26876737720111216,0.19265232974910393,K001+KI08+KA03
svm,temperature,target_real,0.7240143369175627,0.7038026921820594,0.1864563891203503,0.4667299372687215,0.14088426685968933,0.7275985663082437,0.2044334975369458,0.1388888888888889,0.9740143369175627,0.2704691812327507,0.19086021505376344,K001+KI08+KA03
svm,isotonic,target_real,0.6917562724014337,0.6856172576061127,0.23275248174395413,0.5173725265307698,0.18512940543249723,0.8539426523297491,0.25813221406086045,0.0,0.992831541218638,0.30415162454873645,0.0,K001+KI08+KA03
xgboost,raw,source_holdout,0.9416666666666667,0.9417028945529443,0.03248401135206223,0.08520763956811184,0.008224319194562553,,,,,,,K001+KI08+KA03
xgboost,raw,target_real,0.7302867383512545,0.7133791941583838,0.2180980370516846,0.48829781675349765,0.14485435288809317,0.6469534050179212,0.20221606648199447,0.033154121863799284,0.9498207885304659,0.2622641509433962,0.25089605734767023,K001+KI08+KA03
xgboost,temperature,target_real,0.7302867383512545,0.7133791941583838,0.20103909480262894,0.47329368726379994,0.14393330695489268,0.6451612903225806,0.2013888888888889,0.03853046594982079,0.9498207885304659,0.26037735849056604,0.2553763440860215,K001+KI08+KA03
xgboost,isotonic,target_real,0.7114695340501792,0.7008390628519355,0.24056157115614973,0.5192097158566067,0.18462563114015718,0.8691756272401434,0.26082474226804125,0.0,0.9695340501792115,0.27818853974122,0.0,K001+KI08+KA03
random_forest,raw,source_holdout,0.9581589958158996,0.9583205325140809,0.0648626032605202,0.07581193179955165,0.005345011558100041,,,,,,,K001+KI08+KA05
random_forest,raw,target_real,0.7222222222222222,0.7083657324025444,0.15357764287942402,0.4598317152230332,0.13903611923391487,0.793010752688172,0.23615819209039549,0.1953405017921147,0.9901433691756273,0.27330316742081445,0.3100358422939068,K001+KI08+KA05
random_forest,temperature,target_real,0.7222222222222222,0.7083657324025444,0.19975101929866632,0.4868502711451461,0.13757837804306638,0.8189964157706093,0.23851203501094093,0.19444444444444445,0.9955197132616488,0.2745274527452745,0.30734767025089604,K001+KI08+KA05
random_forest,isotonic,target_real,0.6998207885304659,0.6929614967432567,0.2704248240558709,0.56548265974607,0.1868604141975597,0.9050179211469535,0.2722772277227723,0.0,1.0,0.300179211469534,0.0,K001+KI08+KA05
svm,raw,source_holdout,0.9497907949790795,0.9498017775454146,0.014938815251535703,0.07095925888184262,0.004216616200299151,,,,,,,K001+KI08+KA05
svm,raw,target_real,0.7275985663082437,0.708866594699218,0.17199711893409692,0.4482996436537829,0.14164297635403844,0.7302867383512545,0.19754601226993865,0.1335125448028674,0.9543010752688172,0.2544600938967136,0.18010752688172044,K001+KI08+KA05
svm,temperature,target_real,0.7275985663082437,0.708866594699218,0.18030693311483714,0.4540466057624491,0.14157402950571976,0.735663082437276,0.1997563946406821,0.1335125448028674,0.9543010752688172,0.2544600938967136,0.18189964157706093,K001+KI08+KA05
svm,isotonic,target_real,0.7060931899641577,0.6990962254120149,0.22265055553515123,0.5038391222606768,0.17572800985848636,0.8602150537634409,0.24791666666666667,0.0,0.9982078853046595,0.29443447037701975,0.0,K001+KI08+KA05
xgboost,raw,source_holdout,0.9414225941422594,0.9414035897397725,0.03545878696641164,0.08635115071537433,0.006806284761467602,,,,,,,K001+KI08+KA05
xgboost,raw,target_real,0.7302867383512545,0.7127999877794878,0.22088308298566436,0.4835043322857534,0.13632318740450183,0.6541218637992832,0.18493150684931506,0.0492831541218638,0.9381720430107527,0.24832855778414517,0.1827956989247312,K001+KI08+KA05
xgboost,temperature,target_real,0.7302867383512545,0.7127999877794878,0.19738766149069642,0.4646722415496083,0.13518705724305805,0.6523297491039427,0.18543956043956045,0.05017921146953405,0.9283154121863799,0.24806949806949807,0.23655913978494625,K001+KI08+KA05
xgboost,isotonic,target_real,0.7159498207885304,0.7040112187710997,0.22654091709187116,0.5134684774157653,0.18210027260426348,0.8888888888888888,0.26713709677419356,0.0,0.989247311827957,0.2798913043478261,0.0,K001+KI08+KA05
random_forest,raw,source_holdout,0.9665271966527197,0.9665887622508779,0.051901094725274016,0.06339496621084081,0.003890347901349151,,,,,,,K001+KI08+KA06
random_forest,raw,target_real,0.7195340501792115,0.7068737948431068,0.1571419584347962,0.4695421448400589,0.1433678442072037,0.7894265232974911,0.2474460839954597,0.2007168458781362,0.985663082437276,0.2781818181818182,0.2903225806451613,K001+KI08+KA06
random_forest,temperature,target_real,0.7195340501792115,0.7068737948431068,0.204363571712302,0.4963309910979287,0.14266435677583755,0.8109318996415771,0.24751381215469614,0.2007168458781362,0.992831541218638,0.2779783393501805,0.29121863799283154,K001+KI08+KA06
random_forest,isotonic,target_real,0.6989247311827957,0.6917630688240252,0.2650126855386424,0.5627034448824401,0.19029679240185113,1.0,0.3010752688172043,0.0,1.0,0.3010752688172043,0.0,K001+KI08+KA06
svm,raw,source_holdout,0.9539748953974896,0.9539850892535945,0.015026984322619388,0.06653756407373415,0.0034696324609994997,,,,,,,K001+KI08+KA06
svm,raw,target_real,0.7231182795698925,0.7041793667530275,0.171000227510461,0.45571331979602514,0.1380544229492153,0.7213261648745519,0.20248447204968945,0.1532258064516129,0.9668458781362007,0.2669138090824838,0.20340501792114696,K001+KI08+KA06
svm,temperature,target_real,0.7231182795698925,0.7041793667530275,0.17109291199930046,0.4557626836827425,0.1380565562629715,0.7213261648745519,0.20248447204968945,0.1532258064516129,0.9668458781362007,0.2669138090824838,0.20340501792114696,K001+KI08+KA06
svm,isotonic,target_real,0.6568100358422939,0.6568261184532717,0.2642383965026174,0.564808801742236,0.18894394370066767,0.8136200716845878,0.2709251101321586,0.0,0.9919354838709677,0.34236675700090335,0.0,K001+KI08+KA06
xgboost,raw,source_holdout,0.9497907949790795,0.9497656510580258,0.029224704997808843,0.07894985817479769,0.00660372419641978,,,,,,,K001+KI08+KA06
xgboost,raw,target_real,0.7231182795698925,0.7065026645488867,0.22675221213089522,0.4960203964484191,0.14262536967956266,0.6236559139784946,0.1910919540229885,0.044802867383512544,0.9686379928315412,0.2645698427382054,0.1639784946236559,K001+KI08+KA06
xgboost,temperature,target_real,0.7231182795698925,0.7065026645488867,0.1982117201448127,0.47314180970906106,0.14152446730356755,0.6173835125448028,0.19013062409288825,0.0456989247311828,0.9623655913978495,0.2635009310986965,0.20340501792114696,K001+KI08+KA06
xgboost,isotonic,target_real,0.6971326164874552,0.6807095541463558,0.2517007621069822,0.564588306662245,0.19595581836601048,0.9032258064516129,0.29563492063492064,0.0,0.9982078853046595,0.30251346499102333,0.0,K001+KI08+KA06
random_forest,raw,source_holdout,0.9666666666666667,0.966614804934837,0.05348959280835372,0.0635337520348608,0.0038635921634214442,,,,,,,K001+KI08+KA07
random_forest,raw,target_real,0.7204301075268817,0.7071145826943942,0.1509906528083209,0.4683784447808822,0.14773558304327658,0.807347670250896,0.24972253052164262,0.0,0.978494623655914,0.2765567765567766,0.30197132616487454,K001+KI08+KA07
random_forest,temperature,target_real,0.7204301075268817,0.7071145826943942,0.202898229677276,0.49497235143416785,0.14657958645308825,0.8207885304659498,0.24781659388646288,0.0,0.982078853046595,0.2737226277372263,0.3010752688172043,K001+KI08+KA07
random_forest,isotonic,target_real,0.6980286738351255,0.6901705380606048,0.2717295148764277,0.5682028465608497,0.1904072551874687,0.9955197132616488,0.30063006300630063,0.0,0.9955197132616488,0.30063006300630063,0.0,K001+KI08+KA07
svm,raw,source_holdout,0.95,0.9498530276308054,0.012153850383820813,0.06834690333033787,0.0037020750674496266,,,,,,,K001+KI08+KA07
svm,raw,target_real,0.7222222222222222,0.7037092998381143,0.17239950706223145,0.4555035727618387,0.1399141304647885,0.7132616487455197,0.1972361809045226,0.14068100358422939,0.9686379928315412,0.26549491211840887,0.18727598566308243,K001+KI08+KA07
svm,temperature,target_real,0.7222222222222222,0.7037092998381143,0.17227669141587293,0.4554395551513639,0.1399086490092361,0.7132616487455197,0.1972361809045226,0.14068100358422939,0.9686379928315412,0.26549491211840887,0.18727598566308243,K001+KI08+KA07
svm,isotonic,target_real,0.6559139784946236,0.656089908100078,0.262261506017614,0.5585645063539563,0.18840787904747092,0.8010752688172043,0.2684563758389262,0.0,0.9883512544802867,0.34360834088848596,0.0,K001+KI08+KA07
xgboost,raw,source_holdout,0.95,0.9497916937419847,0.03462750216325126,0.08306614853235467,0.00780797697625531,,,,,,,K001+KI08+KA07
xgboost,raw,target_real,0.724910394265233,0.7090669221666223,0.22676707788180273,0.4942517354514686,0.13870102147663313,0.5689964157706093,0.17480314960629922,0.0931899641577061,0.9919354838709677,0.2719060523938573,0.239247311827957,K001+KI08+KA07
xgboost,temperature,target_real,0.724910394265233,0.7090669221666223,0.19387175691554517,0.46974879972208633,0.13756370405504062,0.5609318996415771,0.17412140575079874,0.09587813620071685,0.9874551971326165,0.27041742286751363,0.24551971326164876,K001+KI08+KA07
xgboost,isotonic,target_real,0.6881720430107527,0.6763945565929944,0.24932127595602335,0.5651267372779448,0.19409168993888967,0.8324372759856631,0.27341227125941875,0.0,0.9910394265232975,0.31103074141048825,0.0,K001+KI08+KA07
random_forest,raw,source_holdout,0.9533898305084746,0.9540502329533619,0.057901265152565086,0.06637647898654729,0.004339488956044536,,,,,,,K001+KI08+KA08
random_forest,raw,target_real,0.7186379928315412,0.705642331857309,0.15056868347711871,0.46870538528018646,0.14759752336424667,0.7831541218637993,0.2459954233409611,0.2078853046594982,0.989247311827957,0.27898550724637683,0.28763440860215056,K001+KI08+KA08
random_forest,temperature,target_real,0.7186379928315412,0.705642331857309,0.20075534649542004,0.4946364327758174,0.14660383942765381,0.7876344086021505,0.24232081911262798,0.2078853046594982,0.992831541218638,0.2806859205776173,0.2921146953405018,K001+KI08+KA08
random_forest,isotonic,target_real,0.6890681003584229,0.6850005511252304,0.26851798234767116,0.5698847275967828,0.19180897272140715,0.9121863799283154,0.29273084479371314,0.0,0.992831541218638,0.3095667870036101,0.0,K001+KI08+KA08
svm,raw,source_holdout,0.9491525423728814,0.9496392496392496,0.01605789836011173,0.06850716263875711,0.0037139699219876587,,,,,,,K001+KI08+KA08
svm,raw,target_real,0.724910394265233,0.706250509228978,0.17002660904086067,0.455265880493203,0.1390771282281371,0.7240143369175627,0.20297029702970298,0.1460573476702509,0.967741935483871,0.2638888888888889,0.1971326164874552,K001+KI08+KA08
svm,temperature,target_real,0.724910394265233,0.706250509228978,0.1696330739334645,0.4550607603124989,0.1390762693190124,0.7240143369175627,0.20297029702970298,0.1460573476702509,0.9668458781362007,0.26413345690454126,0.1971326164874552,K001+KI08+KA08
svm,isotonic,target_real,0.6559139784946236,0.6558393480708472,0.26422889016835766,0.5638120097972278,0.18801509157015553,0.8109318996415771,0.2718232044198895,0.0,0.9910394265232975,0.34177215189873417,0.0,K001+KI08+KA08
xgboost,raw,source_holdout,0.9449152542372882,0.9456644033648626,0.026533432431140182,0.08175968576195776,0.008131914428039915,,,,,,,K001+KI08+KA08
xgboost,raw,target_real,0.7168458781362007,0.7009146934156983,0.23159519361338732,0.5000692256053559,0.14480102097844397,0.5958781362007168,0.18947368421052632,0.05465949820788531,0.9775985663082437,0.27222731439046743,0.13978494623655913,K001+KI08+KA08
xgboost,temperature,target_real,0.7168458781362007,0.7009146934156983,0.20427295517268118,0.4770803433122648,0.14376891209247747,0.5976702508960573,0.1889055472263868,0.05913978494623656,0.9722222222222222,0.27004608294930876,0.14516129032258066,K001+KI08+KA08
xgboost,isotonic,target_real,0.6980286738351255,0.6902475114052442,0.24370525464600187,0.5377285644630588,0.18111848212864842,0.8476702508960573,0.2727272727272727,0.0,0.9731182795698925,0.289134438305709,0.0,K001+KI08+KA08
random_forest,raw,source_holdout,0.9625,0.9624216751198486,0.06400991158466987,0.0647561614406031,0.0038823555039686464,,,,,,,K001+KI08+KA09
random_forest,raw,target_real,0.7204301075268817,0.7073266216515055,0.15940304176850914,0.4670168307215992,0.14400638528121512,0.8279569892473119,0.2510822510822511,0.20340501792114696,0.9901433691756273,0.2751131221719457,0.2974910394265233,K001+KI08+KA09
random_forest,temperature,target_real,0.7204301075268817,0.7073266216515055,0.20622045163788744,0.49476864410069743,0.14293882005007577,0.8279569892473119,0.24783549783549783,0.20340501792114696,0.9874551971326165,0.2731397459165154,0.2974910394265233,K001+KI08+KA09
random_forest,isotonic,target_real,0.7007168458781362,0.6937737260378957,0.2737397013495203,0.5659587278644348,0.18578260286533244,0.9973118279569892,0.29829290206648695,0.0,0.9973118279569892,0.29829290206648695,0.0,K001+KI08+KA09
svm,raw,source_holdout,0.9541666666666667,0.9540111319375534,0.015169118020620318,0.06626556553840639,0.003476520895946057,,,,,,,K001+KI08+KA09
svm,raw,target_real,0.7231182795698925,0.7041793667530275,0.17117144781659216,0.4551666933439945,0.13835035545094088,0.7204301075268817,0.20149253731343283,0.15143369175627241,0.9686379928315412,0.26549491211840887,0.20430107526881722,K001+KI08+KA09
svm,temperature,target_real,0.7231182795698925,0.7041793667530275,0.17191731518567022,0.45556167538084985,0.13831091340435434,0.7204301075268817,0.20149253731343283,0.15143369175627241,0.9695340501792115,0.26524953789279115,0.20430107526881722,K001+KI08+KA09
svm,isotonic,target_real,0.6568100358422939,0.6568261184532717,0.26414087392361707,0.5647359138634394,0.1886850247398164,0.8118279569892473,0.271523178807947,0.0,0.989247311827957,0.34057971014492755,0.0,K001+KI08+KA09
xgboost,raw,source_holdout,0.95,0.9497916937419847,0.030734185874462097,0.08252192239359593,0.006642442077094708,,,,,,,K001+KI08+KA09
xgboost,raw,target_real,0.7222222222222222,0.7058489687828245,0.22755784095401832,0.4946136948323745,0.14089068635634613,0.6146953405017921,0.1880466472303207,0.02956989247311828,0.9919354838709677,0.2728093947606143,0.23655913978494625,K001+KI08+KA09
xgboost,temperature,target_real,0.7222222222222222,0.7058489687828245,0.1997015894916046,0.4719958698662632,0.1399444942064969,0.6146953405017921,0.1880466472303207,0.02956989247311828,0.9883512544802867,0.27107887579329104,0.24014336917562723,K001+KI08+KA09
xgboost,isotonic,target_real,0.7043010752688172,0.6965442435929202,0.2303148307443208,0.530502308519103,0.18387029630973994,0.8942652329749103,0.280561122244489,0.0,0.9910394265232975,0.2938517179023508,0.0,K001+KI08+KA09
random_forest,raw,source_holdout,0.9372384937238494,0.9368824131331454,0.0883750502701619,0.13044887117331153,0.009357688978221947,,,,,,,K002+KI01+KA01
random_forest,raw,target_real,0.7087813620071685,0.6991289297517861,0.1630902135736113,0.4698231711936705,0.13966165464198066,0.9014336917562724,0.2614314115308151,0.2060931899641577,0.9390681003584229,0.26908396946564883,0.31362007168458783,K002+KI01+KA01
random_forest,temperature,target_real,0.7087813620071685,0.6991289297517861,0.24251323717813814,0.5255089899070007,0.1394509933373859,0.9345878136200717,0.26749760306807285,0.2060931899641577,0.9704301075268817,0.2807017543859649,0.30913978494623656,K002+KI01+KA01
random_forest,isotonic,target_real,0.6066308243727598,0.6132831037084702,0.3166452819999785,0.6173888300282767,0.1947675296722679,0.9946236559139785,0.3900900900900901,0.0,0.9946236559139785,0.3900900900900901,0.0,K002+KI01+KA01
svm,raw,source_holdout,0.8368200836820083,0.8270213752199153,0.22109576802069422,0.33170314731870637,0.029016320708365986,,,,,,,K002+KI01+KA01
svm,raw,target_real,0.7204301075268817,0.7054929943670706,0.18372973232538553,0.49868200470101914,0.2216232689932252,0.989247311827957,0.2753623188405797,0.012544802867383513,0.9901433691756273,0.2751131221719457,0.03942652329749104,K002+KI01+KA01
svm,temperature,target_real,0.7204301075268817,0.7054929943670706,0.2609036337135643,0.5432863080535506,0.20640041204839027,0.9713261648745519,0.27121771217712176,0.0,0.9758064516129032,0.27180899908172634,0.08512544802867383,K002+KI01+KA01
svm,isotonic,target_real,0.6935483870967742,0.6870335598908716,0.2584855783533156,0.5427724061120784,0.19436929396793515,0.9802867383512545,0.3007312614259598,0.0,0.9802867383512545,0.3007312614259598,0.0,K002+KI01+KA01
xgboost,raw,source_holdout,0.9330543933054394,0.93283586039004,0.039998018093188946,0.08466499040915337,0.007371094937986003,,,,,,,K002+KI01+KA01
xgboost,raw,target_real,0.717741935483871,0.7049219495791982,0.22712624711268262,0.5084666086864498,0.1448847215019052,0.8826164874551972,0.25380710659898476,0.015232974910394265,0.978494623655914,0.2765567765567766,0.2060931899641577,K002+KI01+KA01
xgboost,temperature,target_real,0.717741935483871,0.7049219495791982,0.22686408671458627,0.5082320064294014,0.14488020948040697,0.8826164874551972,0.25380710659898476,0.015232974910394265,0.978494623655914,0.2765567765567766,0.2060931899641577,K002+KI01+KA01
xgboost,isotonic,target_real,0.6129032258064516,0.6189430989841854,0.28381408546356623,0.5703835296607594,0.19225900785039346,0.9946236559139785,0.3837837837837838,0.0,0.9946236559139785,0.3837837837837838,0.0,K002+KI01+KA01
random_forest,raw,source_holdout,0.9333333333333333,0.9330932522160076,0.08413624332919009,0.13874427096225553,0.012138075284568003,,,,,,,K002+KI01+KA03
random_forest,raw,target_real,0.7060931899641577,0.6958211456089815,0.16727728152700272,0.4726953748955055,0.1390272640672055,0.6675627240143369,0.2080536912751678,0.0,0.9166666666666666,0.2678396871945259,0.31899641577060933,K002+KI01+KA03
random_forest,temperature,target_real,0.7060931899641577,0.6958211456089815,0.22510725105119622,0.5130044661289922,0.13859043611576094,0.6532258064516129,0.20438957475994513,0.0,0.946236559139785,0.2784090909090909,0.32526881720430106,K002+KI01+KA03
random_forest,isotonic,target_real,0.6998207885304659,0.6895644821847977,0.23924823366736303,0.5473648665190123,0.19754707901966417,0.9901433691756273,0.29592760180995475,0.0,1.0,0.300179211469534,0.0,K002+KI01+KA03
svm,raw,source_holdout,0.6625,0.5605575411948518,0.21761291338611183,0.30327809994626553,0.07274388735234896,,,,,,,K002+KI01+KA03
svm,raw,target_real,0.6586021505376344,0.6516706738958234,0.17810515592669196,0.5200634271864126,0.1943718833133532,0.7401433691756273,0.2639225181598063,0.14068100358422939,0.8136200716845878,0.28083700440528636,0.2007168458781362,K002+KI01+KA03
svm,temperature,target_real,0.6586021505376344,0.6516706738958234,0.16430899189323728,0.5142598272515978,0.19471803606411425,0.735663082437276,0.26552984165651644,0.14068100358422939,0.8136200716845878,0.28083700440528636,0.20161290322580644,K002+KI01+KA03
svm,isotonic,target_real,0.6899641577060932,0.6810616989446204,0.25176312127103306,0.5286040736730012,0.19976058533935567,0.9919354838709677,0.3062330623306233,0.0,0.9919354838709677,0.3062330623306233,0.0,K002+KI01+KA03
xgboost,raw,source_holdout,0.9166666666666666,0.9164339319528495,0.047515478481849,0.10406194736926487,0.010318265554366325,,,,,,,K002+KI01+KA03
xgboost,raw,target_real,0.7150537634408602,0.7014665982387746,0.22882208364304674,0.5074412289298738,0.15577260613876776,0.7939068100358423,0.2291196388261851,0.0035842293906810036,0.8987455197132617,0.25324027916251246,0.06003584229390681,K002+KI01+KA03
xgboost,temperature,target_real,0.7150537634408602,0.7014665982387746,0.22157377378966847,0.5011900916330971,0.15545339135397915,0.7912186379928315,0.2276330690826727,0.0035842293906810036,0.8969534050179212,0.25374625374625376,0.05913978494623656,K002+KI01+KA03
xgboost,isotonic,target_real,0.706989247311828,0.690907838689487,0.22380683267860918,0.5256959715301952,0.1770903642175374,0.8378136200716846,0.24705882352941178,0.0,0.9731182795698925,0.283609576427256,0.0,K002+KI01+KA03
random_forest,raw,source_holdout,0.9372384937238494,0.9370209911303221,0.10686902893278111,0.16022144010464545,0.017668481597045534,,,,,,,K002+KI01+KA05
random_forest,raw,target_real,0.7051971326164874,0.6953400344622028,0.16422831152723538,0.4729123857931665,0.13658813667241268,0.746415770609319,0.22929171668667467,0.1863799283154122,0.9023297491039427,0.26216484607745777,0.32526881720430106,K002+KI01+KA05
random_forest,temperature,target_real,0.7051971326164874,0.6953400344622028,0.2246309181506818,0.5081701206242996,0.1357479444470584,0.7213261648745519,0.21987577639751552,0.17383512544802868,0.9265232974910395,0.2727272727272727,0.31451612903225806,K002+KI01+KA05
random_forest,isotonic,target_real,0.7060931899641577,0.6900472692031275,0.2384825974982984,0.5305446207705911,0.18381339429707727,0.7670250896057348,0.2558411214953271,0.0,0.982078853046595,0.2874087591240876,0.0,K002+KI01+KA05
svm,raw,source_holdout,0.6652719665271967,0.5615892007976684,0.21310230114654666,0.3102263791054462,0.07123746089432881,,,,,,,K002+KI01+KA05
svm,raw,target_real,0.6568100358422939,0.6504544907832172,0.18323280396578143,0.5199339045259377,0.19498447579330483,0.7849462365591398,0.2694063926940639,0.1442652329749104,0.7983870967741935,0.2738496071829405,0.19982078853046595,K002+KI01+KA05
svm,temperature,target_real,0.6568100358422939,0.6504544907832172,0.1646963090069432,0.5118414863518108,0.1955192737793958,0.7912186379928315,0.2729331823329558,0.1424731182795699,0.8028673835125448,0.2767857142857143,0.19982078853046595,K002+KI01+KA05
svm,isotonic,target_real,0.7231182795698925,0.7043517332290712,0.23155414109112657,0.5125674222500998,0.18769015584086224,0.9991039426523297,0.27623318385650225,0.0,0.9991039426523297,0.27623318385650225,0.0,K002+KI01+KA05
xgboost,raw,source_holdout,0.9288702928870293,0.9287139297973921,0.03518774369770513,0.09355038626402995,0.00872030202639882,,,,,,,K002+KI01+KA05
xgboost,raw,target_real,0.7132616487455197,0.700651255684094,0.22950096762201694,0.5087160731722296,0.1431996136283044,0.7974910394265233,0.22696629213483147,0.024193548387096774,0.9408602150537635,0.26857142857142857,0.25448028673835127,K002+KI01+KA05
xgboost,temperature,target_real,0.7132616487455197,0.700651255684094,0.22787390504120084,0.5072675303237112,0.14313469528556882,0.7974910394265233,0.22696629213483147,0.024193548387096774,0.9399641577060932,0.2688274547187798,0.25448028673835127,K002+KI01+KA05
xgboost,isotonic,target_real,0.7150537634408602,0.6983149340267389,0.22190537623651543,0.5306357367479958,0.17893084453680938,0.8413978494623656,0.24494142705005326,0.0,0.9982078853046595,0.2845601436265709,0.0,K002+KI01+KA05
random_forest,raw,source_holdout,0.9163179916317992,0.9153933853300943,0.06467430716742176,0.14266635897456983,0.014638027972646642,,,,,,,K002+KI01+KA06
random_forest,raw,target_real,0.706989247311828,0.6976918076001531,0.16441484906233328,0.4704017134905892,0.13881523742703705,0.8987455197132617,0.259222333000997,0.21505376344086022,0.9112903225806451,0.2615535889872173,0.30824372759856633,K002+KI01+KA06
random_forest,temperature,target_real,0.706989247311828,0.6976918076001531,0.226818475499816,0.5104313053267983,0.1384778536796225,0.921146953405018,0.26556420233463035,0.2060931899641577,0.9408602150537635,0.2704761904761905,0.30734767025089604,K002+KI01+KA06
random_forest,isotonic,target_real,0.6137992831541219,0.6191448033428255,0.2833259510280941,0.5923281919427341,0.19641174525048494,0.9937275985663082,0.38322813345356177,0.0,0.9937275985663082,0.38322813345356177,0.0,K002+KI01+KA06
svm,raw,source_holdout,0.6610878661087866,0.5585325207576083,0.20485869291622222,0.2997935701272744,0.07103575729609049,,,,,,,K002+KI01+KA06
svm,raw,target_real,0.6532258064516129,0.6477408170859199,0.1835420505523273,0.5211359353781023,0.19416407890415932,0.8001792114695341,0.27547592385218367,0.14157706093189965,0.8163082437275986,0.27771679473106475,0.2007168458781362,K002+KI01+KA06
svm,temperature,target_real,0.6532258064516129,0.6477408170859199,0.15398374082886962,0.5083252636133667,0.194937409252268,0.807347670250896,0.27746947835738067,0.14068100358422939,0.8243727598566308,0.2793478260869565,0.20161290322580644,K002+KI01+KA06
svm,isotonic,target_real,0.6980286738351255,0.6899185426334463,0.23655878309301098,0.5199880985975388,0.18691085427836207,0.996415770609319,0.3012589928057554,0.0,0.996415770609319,0.3012589928057554,0.0,K002+KI01+KA06
xgboost,raw,source_holdout,0.9037656903765691,0.9027978839784802,0.03909971973387265,0.10458748229835534,0.009139816265370197,,,,,,,K002+KI01+KA06
xgboost,raw,target_real,0.7159498207885304,0.7031208584139673,0.22911914787839388,0.508442926958204,0.14498966241592504,0.8736559139784946,0.2512820512820513,0.03494623655913978,0.9695340501792115,0.2744916820702403,0.21594982078853048,K002+KI01+KA06
xgboost,temperature,target_real,0.7159498207885304,0.7031208584139673,0.2216553334573362,0.5022378150185102,0.1447664445864989,0.8718637992831542,0.2517985611510791,0.03494623655913978,0.9686379928315412,0.27474560592044406,0.21774193548387097,K002+KI01+KA06
xgboost,isotonic,target_real,0.6129032258064516,0.6186577927902487,0.28377907726624596,0.5604923037784482,0.190802809450418,0.996415770609319,0.3857913669064748,0.0,0.996415770609319,0.3857913669064748,0.0,K002+KI01+KA06
random_forest,raw,source_holdout,0.9375,0.9371753741805938,0.08492687744420131,0.13589305533010576,0.012073629051934886,,,,,,,K002+KI01+KA07
random_forest,raw,target_real,0.706989247311828,0.6974468604350698,0.16298634936254985,0.47039809263955185,0.13944744755544197,0.8978494623655914,0.26047904191616766,0.1935483870967742,0.9256272401433692,0.26524685382381413,0.30913978494623656,K002+KI01+KA07
random_forest,temperature,target_real,0.706989247311828,0.6974468604350698,0.23899111704643872,0.5214761098807866,0.13886150916264922,0.9220430107526881,0.2633624878522838,0.18189964157706093,0.9578853046594982,0.27595884003741816,0.30197132616487454,K002+KI01+KA07
random_forest,isotonic,target_real,0.6209677419354839,0.6257147788495255,0.27955851809930715,0.5819571662564754,0.1940981187751925,0.9946236559139785,0.3783783783783784,0.0,0.9946236559139785,0.3783783783783784,0.0,K002+KI01+KA07
svm,raw,source_holdout,0.6625,0.559466227573668,0.20669127553927724,0.29989675136535776,0.07129339566739763,,,,,,,K002+KI01+KA07
svm,raw,target_real,0.6550179211469535,0.6493525539310966,0.18102259139290644,0.5198422814719793,0.19314780977915327,0.8055555555555556,0.27697441601779754,0.13978494623655913,0.8127240143369175,0.27783902976846747,0.20161290322580644,K002+KI01+KA07
svm,temperature,target_real,0.6550179211469535,0.6493525539310966,0.15010935354393973,0.5065198633247537,0.1941827091699128,0.8091397849462365,0.2779623477297896,0.13709677419354838,0.8207885304659498,0.27838427947598254,0.19982078853046595,K002+KI01+KA07
svm,isotonic,target_real,0.6971326164874552,0.6886072942159503,0.2360155686414613,0.520051477580875,0.1874098047085073,0.9973118279569892,0.302785265049416,0.0,0.9973118279569892,0.302785265049416,0.0,K002+KI01+KA07
xgboost,raw,source_holdout,0.9083333333333333,0.9073228968569323,0.03792407587170599,0.10526493934798728,0.009135504552214523,,,,,,,K002+KI01+KA07
xgboost,raw,target_real,0.7150537634408602,0.7031419803398925,0.2318821829546737,0.5108161712460144,0.1447138904718267,0.8960573476702509,0.254,0.03046594982078853,0.9399641577060932,0.27073403241182076,0.19802867383512546,K002+KI01+KA07
xgboost,temperature,target_real,0.7150537634408602,0.7031419803398925,0.22447283619130246,0.5040965208583975,0.14447803263819972,0.8942652329749103,0.2535070140280561,0.02956989247311828,0.9381720430107527,0.271251193887297,0.1989247311827957,K002+KI01+KA07
xgboost,isotonic,target_real,0.6182795698924731,0.62437806280516,0.27724001930104203,0.5505625349525772,0.1902845334228553,0.992831541218638,0.37725631768953066,0.0,0.992831541218638,0.37725631768953066,0.0,K002+KI01+KA07
random_forest,raw,source_holdout,0.9449152542372882,0.9445881314478078,0.09288208197061641,0.1275784905332827,0.005218704295151391,,,,,,,K002+KI01+KA08
random_forest,raw,target_real,0.7060931899641577,0.6965320906843876,0.1661901012206522,0.4708132706533891,0.14000998583198154,0.9292114695340502,0.26808100289296044,0.19444444444444445,0.9435483870967742,0.2678062678062678,0.3279569892473118,K002+KI01+KA08
random_forest,temperature,target_real,0.7060931899641577,0.6965320906843876,0.2597568593004942,0.538709900416793,0.1391717775406308,0.9614695340501792,0.2786579683131407,0.19086021505376344,0.9731182795698925,0.2826887661141805,0.3163082437275986,K002+KI01+KA08
random_forest,isotonic,target_real,0.6084229390681004,0.6145364860585735,0.29590906256599664,0.6046947046169604,0.1974823212907945,0.9614695340501792,0.3718546132339236,0.0,0.9614695340501792,0.3718546132339236,0.0,K002+KI01+KA08
svm,raw,source_holdout,0.6567796610169492,0.555634809949147,0.19953465022821,0.2895123853254402,0.07291079478630313,,,,,,,K002+KI01+KA08
svm,raw,target_real,0.6559139784946236,0.6500532629047461,0.1804670247607451,0.5163069453491662,0.19349447984839344,0.7992831541218638,0.27466367713004486,0.13620071684587814,0.8252688172043011,0.2768729641693811,0.1935483870967742,K002+KI01+KA08
svm,temperature,target_real,0.6559139784946236,0.6500532629047461,0.16185867025309958,0.5086390513080762,0.19405028253038684,0.818100358422939,0.27710843373493976,0.13620071684587814,0.8279569892473119,0.27705627705627706,0.19444444444444445,K002+KI01+KA08
svm,isotonic,target_real,0.6980286738351255,0.6897600448998503,0.2378918981808739,0.5182095391676773,0.18492417870593927,0.9991039426523297,0.3022421524663677,0.0,0.9991039426523297,0.3022421524663677,0.0,K002+KI01+KA08
xgboost,raw,source_holdout,0.9788135593220338,0.9790851187029531,0.052184136237128316,0.04963308988935744,0.0036834766210162885,,,,,,,K002+KI01+KA08
xgboost,raw,target_real,0.7150537634408602,0.701627174056715,0.23152752012334848,0.511039498155784,0.14873060394244855,0.8673835125448028,0.2510330578512397,0.022401433691756272,0.9946236559139785,0.28468468468468466,0.1989247311827957,K002+KI01+KA08
xgboost,temperature,target_real,0.7150537634408602,0.701627174056715,0.24521886142971647,0.5263928573341832,0.14960905063732105,0.8700716845878136,0.2533470648815654,0.023297491039426525,0.9919354838709677,0.2836495031616983,0.16129032258064516,K002+KI01+KA08
xgboost,isotonic,target_real,0.6272401433691757,0.6320303063676865,0.28513266709201407,0.5814065751074882,0.19070827926979242,0.9614695340501792,0.3550792171481827,0.0,0.9614695340501792,0.3550792171481827,0.0,K002+KI01+KA08
random_forest,raw,source_holdout,0.9333333333333333,0.932924631309616,0.07896864498048939,0.13220872161854028,0.010542929516457385,,,,,,,K002+KI01+KA09
random_forest,raw,target_real,0.7051971326164874,0.6957745149268119,0.165414297140712,0.46913869377098233,0.1388007197189513,0.8879928315412187,0.2593340060544904,0.0,0.9399641577060932,0.2678741658722593,0.32616487455197135,K002+KI01+KA09
random_forest,temperature,target_real,0.7051971326164874,0.6957745149268119,0.24300133289473957,0.5231946041145444,0.1378487799303898,0.9166666666666666,0.26295210166177907,0.0,0.9704301075268817,0.27977839335180055,0.32437275985663083,K002+KI01+KA09
random_forest,isotonic,target_real,0.6263440860215054,0.630640037819561,0.280253620324121,0.5796691938938622,0.19201048223352402,0.9937275985663082,0.37330928764652843,0.0,0.9937275985663082,0.37330928764652843,0.0,K002+KI01+KA09
svm,raw,source_holdout,0.6625,0.559466227573668,0.19805414908465876,0.2930553881166501,0.0700756254529504,,,,,,,K002+KI01+KA09
svm,raw,target_real,0.6577060931899642,0.6519911295388292,0.18006465457029913,0.5185596596849797,0.19336144549407225,0.8001792114695341,0.2765957446808511,0.14157706093189965,0.8234767025089605,0.27747551686615884,0.1989247311827957,K002+KI01+KA09
svm,temperature,target_real,0.6577060931899642,0.6519911295388292,0.15677286419600278,0.5083842088310032,0.19407608961158682,0.8100358422939068,0.27876106194690264,0.14068100358422939,0.8297491039426523,0.2786177105831533,0.19982078853046595,K002+KI01+KA09
svm,isotonic,target_real,0.696236559139785,0.6875440378114069,0.23772047835101584,0.5207124960550974,0.1869302881785658,0.996415770609319,0.30305755395683454,0.0,0.996415770609319,0.30305755395683454,0.0,K002+KI01+KA09
xgboost,raw,source_holdout,0.9208333333333333,0.9203759700403995,0.029241458078225476,0.09765174253736132,0.008245219776352525,,,,,,,K002+KI01+KA09
xgboost,raw,target_real,0.71415770609319,0.7012237426774185,0.2330541576001807,0.5054596478623612,0.14407302699573693,0.8458781362007168,0.2341101694915254,0.007168458781362007,0.9847670250896058,0.28116469517743403,0.21505376344086022,K002+KI01+KA09
xgboost,temperature,target_real,0.71415770609319,0.7012237426774185,0.22801215209499587,0.5009234141329931,0.14402927737748591,0.8449820788530465,0.23435843054082714,0.0062724014336917565,0.9829749103942652,0.28076572470373745,0.21863799283154123,K002+KI01+KA09
xgboost,isotonic,target_real,0.6944444444444444,0.6860366862790097,0.22450653918526686,0.5187431656667295,0.17979871314154666,0.9883512544802867,0.3046237533998187,0.0,0.9883512544802867,0.3046237533998187,0.0,K002+KI01+KA09
random_forest,raw,source_holdout,0.9282700421940928,0.9274299223235394,0.0408066199368424,0.11973921606910864,0.032480147010729106,,,,,,,K002+KI03+KA01
random_forest,raw,target_real,0.6944444444444444,0.6903366815659665,0.20103066918471732,0.5175715487262779,0.16404788647118868,0.22849462365591397,0.03137254901960784,0.0,0.839605734767025,0.27961579509071505,0.2661290322580645,K002+KI03+KA01
random_forest,temperature,target_real,0.6944444444444444,0.6903366815659665,0.1888340239680575,0.510564182099531,0.16180248568527644,0.22849462365591397,0.03137254901960784,0.10663082437275985,0.8378136200716846,0.2802139037433155,0.26881720430107525,K002+KI03+KA01
random_forest,isotonic,target_real,0.7096774193548387,0.6940048704909053,0.21358961988047975,0.49420861903992075,0.15322170051823153,0.44265232974910396,0.06477732793522267,0.0,0.9793906810035843,0.2817932296431839,0.0,K002+KI03+KA01
svm,raw,source_holdout,0.5907172995780591,0.4857867667500695,0.24916610732421696,0.4323640360551435,0.12124348616348164,,,,,,,K002+KI03+KA01
svm,raw,target_real,0.696236559139785,0.6875603129613165,0.20343375413040746,0.5065596327898725,0.24392794059766928,0.06003584229390681,0.22388059701492538,0.016129032258064516,0.7087813620071685,0.23640960809102401,0.022401433691756272,K002+KI03+KA01
svm,temperature,target_real,0.696236559139785,0.6875603129613165,0.11798117812367204,0.4731076249543056,0.2451263054213997,0.06451612903225806,0.20833333333333334,0.017025089605734768,0.6917562724014337,0.23575129533678757,0.026881720430107527,K002+KI03+KA01
svm,isotonic,target_real,0.6801075268817204,0.6739739680484167,0.22779079907472752,0.5196387494565644,0.20962615526770473,0.7903225806451613,0.23809523809523808,0.0,0.9014336917562724,0.279324055666004,0.0,K002+KI03+KA01
xgboost,raw,source_holdout,0.9240506329113924,0.9230519480519481,0.06138496308387079,0.13511405528262455,0.03146083353291547,,,,,,,K002+KI03+KA01
xgboost,raw,target_real,0.6944444444444444,0.6875545356165511,0.253280244954598,0.5489796559931893,0.17622903488703462,0.3046594982078853,0.08823529411764706,0.044802867383512544,0.8064516129032258,0.25666666666666665,0.07258064516129033,K002+KI03+KA01
xgboost,temperature,target_real,0.6944444444444444,0.6875545356165511,0.1927959091115164,0.49959884207262273,0.17391121475921878,0.3010752688172043,0.08630952380952381,0.04838709677419355,0.75,0.24492234169653523,0.07258064516129033,K002+KI03+KA01
xgboost,isotonic,target_real,0.7168458781362007,0.7017112720672593,0.19877288464373383,0.48301813672379046,0.1640729397233209,0.5779569892473119,0.13488372093023257,0.0,0.9050179211469535,0.2524752475247525,0.0,K002+KI03+KA01
random_forest,raw,source_holdout,0.9243697478991597,0.9232690904335868,0.023226520360837756,0.11927710176617463,0.027281815719710008,,,,,,,K002+KI03+KA03
random_forest,raw,target_real,0.692652329749104,0.6871355654429081,0.1983504449789622,0.5172618052989142,0.17690064484754936,0.27956989247311825,0.07692307692307693,0.0,0.8378136200716846,0.27700534759358286,0.21594982078853048,K002+KI03+KA03
random_forest,temperature,target_real,0.692652329749104,0.6871355654429081,0.17189586358679165,0.5026266586410975,0.17176461636821744,0.2768817204301075,0.0744336569579288,0.09767025089605735,0.828853046594982,0.2756756756756757,0.21594982078853048,K002+KI03+KA03
random_forest,isotonic,target_real,0.7016129032258065,0.6857528373809259,0.20883750648234012,0.49727007307303345,0.16779472194937092,0.4551971326164875,0.07283464566929133,0.0,0.9632616487455197,0.2846511627906977,0.0,K002+KI03+KA03
svm,raw,source_holdout,0.9243697478991597,0.923031355170786,0.03693113967833442,0.11023996095137338,0.01529905097803495,,,,,,,K002+KI03+KA03
svm,raw,target_real,0.6971326164874552,0.6880935804623748,0.2017599984913156,0.5016237132989826,0.17474138386320168,0.5206093189964157,0.1927710843373494,0.12275985663082438,0.8951612903225806,0.26926926926926925,0.1532258064516129,K002+KI03+KA03
svm,temperature,target_real,0.6971326164874552,0.6880935804623748,0.18529254865653821,0.49173341319228514,0.1748034605485851,0.5197132616487455,0.19137931034482758,0.12275985663082438,0.8924731182795699,0.2680722891566265,0.15681003584229392,K002+KI03+KA03
svm,isotonic,target_real,0.7168458781362007,0.6941300156696166,0.2095515084926296,0.49143361037505834,0.18001728256590718,0.7652329749103942,0.2107728337236534,0.0,0.9731182795698925,0.2716390423572744,0.0,K002+KI03+KA03
xgboost,raw,source_holdout,0.9159663865546218,0.915081788777964,0.06404133554266278,0.14483489066574715,0.03749392503130653,,,,,,,K002+KI03+KA03
xgboost,raw,target_real,0.692652329749104,0.6861737056540864,0.2570296605801925,0.5527194080132296,0.18081063861226482,0.30376344086021506,0.11209439528023599,0.026881720430107527,0.796594982078853,0.2575928008998875,0.09587813620071685,K002+KI03+KA03
xgboost,temperature,target_real,0.692652329749104,0.6861737056540864,0.19456151101021774,0.5049185056306661,0.17860333750731336,0.3118279569892473,0.11206896551724138,0.027777777777777776,0.7768817204301075,0.25836216839677045,0.12903225806451613,K002+KI03+KA03
xgboost,isotonic,target_real,0.7222222222222222,0.7051878413613322,0.1923270070043639,0.48648356708170754,0.16940201924599416,0.5663082437275986,0.13765822784810128,0.0,0.9086021505376344,0.25443786982248523,0.0,K002+KI03+KA03
random_forest,raw,source_holdout,0.9156118143459916,0.9155133217138931,0.028255521121132807,0.1330617056814999,0.03329508043894102,,,,,,,K002+KI03+KA05
random_forest,raw,target_real,0.6899641577060932,0.685909040889308,0.2021238378271813,0.5186110451096357,0.16641083209419466,0.0,,0.0,0.7939068100358423,0.2652370203160271,0.25806451612903225,K002+KI03+KA05
random_forest,temperature,target_real,0.6899641577060932,0.685909040889308,0.1665288193818566,0.4924804904306348,0.1635154264017737,0.11559139784946236,0.0,0.11559139784946236,0.7974910394265233,0.26853932584269663,0.26971326164874554,K002+KI03+KA05
random_forest,isotonic,target_real,0.6989247311827957,0.6865287743938181,0.2171288555306311,0.5052828306623685,0.16443389524528337,0.45161290322580644,0.08928571428571429,0.0,0.9991039426523297,0.3004484304932735,0.3888888888888889,K002+KI03+KA05
svm,raw,source_holdout,0.9282700421940928,0.9272175479955019,0.02166632392563174,0.10768187175497475,0.01498356356115366,,,,,,,K002+KI03+KA05
svm,raw,target_real,0.703405017921147,0.6954140196246765,0.1963672313347516,0.49663200349463693,0.17664855003844374,0.5385304659498208,0.19966722129783693,0.12455197132616487,0.9023297491039427,0.26812313803376364,0.1442652329749104,K002+KI03+KA05
svm,temperature,target_real,0.703405017921147,0.6954140196246765,0.18109069037248968,0.4880436039148436,0.17637083445724236,0.5188172043010753,0.19861830742659758,0.12455197132616487,0.8951612903225806,0.2652652652652653,0.14874551971326164,K002+KI03+KA05
svm,isotonic,target_real,0.724910394265233,0.7055142552723067,0.20533409742135944,0.4854368075894959,0.18082990857171063,0.8198924731182796,0.2185792349726776,0.0,0.9991039426523297,0.27443946188340806,0.0,K002+KI03+KA05
xgboost,raw,source_holdout,0.9071729957805907,0.9068231942263298,0.07152422420083217,0.1550720994169146,0.03719106932684432,,,,,,,K002+KI03+KA05
xgboost,raw,target_real,0.6881720430107527,0.6822189272148309,0.2596019445033911,0.5606223535673664,0.1792986017893578,0.29301075268817206,0.10091743119266056,0.016129032258064516,0.7840501792114696,0.2582857142857143,0.08960573476702509,K002+KI03+KA05
xgboost,temperature,target_real,0.6881720430107527,0.6822189272148309,0.1973652662689015,0.5057767352327419,0.17653931564441178,0.30376344086021506,0.10029498525073746,0.013440860215053764,0.7786738351254481,0.2600690448791715,0.13261648745519714,K002+KI03+KA05
xgboost,isotonic,target_real,0.7132616487455197,0.6971811639896744,0.19756720287988688,0.4910972210357028,0.16308549943910283,0.5546594982078853,0.13408723747980614,0.0,0.9094982078853047,0.2660098522167488,0.0,K002+KI03+KA05
random_forest,raw,source_holdout,0.9282700421940928,0.9274299223235394,0.034576386483125866,0.11524553940354944,0.01672526961130377,,,,,,,K002+KI03+KA06
random_forest,raw,target_real,0.692652329749104,0.6884216945622131,0.19537733558752024,0.5188321384290839,0.16757014438585094,0.33064516129032256,0.08130081300813008,0.0,0.8458781362007168,0.2807203389830508,0.2482078853046595,K002+KI03+KA06
random_forest,temperature,target_real,0.692652329749104,0.6884216945622131,0.170735661347046,0.4979593055593085,0.16784159359099096,0.3234767025089606,0.07756232686980609,0.0,0.8270609318996416,0.27952329360780065,0.25448028673835127,K002+KI03+KA06
random_forest,isotonic,target_real,0.7078853046594982,0.692202613896478,0.1994007979678995,0.4881699028101984,0.17045851623343214,0.47401433691756273,0.0888468809073724,0.0,0.9686379928315412,0.2821461609620722,0.0,K002+KI03+KA06
svm,raw,source_holdout,0.9240506329113924,0.9230452687592635,0.030158999239297542,0.10639934030819435,0.010481986137438696,,,,,,,K002+KI03+KA06
svm,raw,target_real,0.696236559139785,0.6878874238987179,0.20277011140482776,0.5016134645784368,0.1749926665941683,0.5313620071684588,0.19561551433389546,0.12903225806451613,0.9041218637992832,0.2705649157581764,0.1550179211469534,K002+KI03+KA06
svm,temperature,target_real,0.696236559139785,0.6878874238987179,0.1702990060030282,0.48349702011767265,0.1753376646182455,0.5098566308243727,0.19332161687170474,0.12903225806451613,0.8924731182795699,0.2660642570281124,0.16218637992831542,K002+KI03+KA06
svm,isotonic,target_real,0.7222222222222222,0.6998272727118545,0.20063154074329043,0.48131294136742137,0.16339822572407214,0.8405017921146953,0.2260127931769723,0.0,0.9982078853046595,0.27737881508078993,0.0,K002+KI03+KA06
xgboost,raw,source_holdout,0.9240506329113924,0.9230519480519481,0.06077139664299882,0.13803878103121672,0.021254821486335656,,,,,,,K002+KI03+KA06
xgboost,raw,target_real,0.6908602150537635,0.6849710333984292,0.2578009762751159,0.5579737477591731,0.17872218679652935,0.30376344086021506,0.10619469026548672,0.034050179211469536,0.7840501792114696,0.25485714285714284,0.08064516129032258,K002+KI03+KA06
xgboost,temperature,target_real,0.6908602150537635,0.6849710333984292,0.18528571217815343,0.49921928955492484,0.17594756005369833,0.30734767025089604,0.09912536443148688,0.04032258064516129,0.7634408602150538,0.2511737089201878,0.08960573476702509,K002+KI03+KA06
xgboost,isotonic,target_real,0.7240143369175627,0.7037896952239254,0.17680370225340705,0.4748566436640703,0.16606684841393665,0.557347670250896,0.1414790996784566,0.0,0.9623655913978495,0.26629422718808193,0.0,K002+KI03+KA06
random_forest,raw,source_holdout,0.9285714285714286,0.9274299223235394,0.028933937740748615,0.11538487236374284,0.018559508407723357,,,,,,,K002+KI03+KA07
random_forest,raw,target_real,0.6953405017921147,0.690525476598978,0.20213736853515182,0.5193581682056753,0.1758411855983661,0.2768817204301075,0.08414239482200647,0.0,0.8449820788530465,0.28101802757158006,0.20519713261648745,K002+KI03+KA07
random_forest,temperature,target_real,0.6953405017921147,0.690525476598978,0.17359596444847986,0.49887921027945165,0.1928057615486944,0.2768817204301075,0.08414239482200647,0.0,0.8163082437275986,0.27552140504939626,0.20519713261648745,K002+KI03+KA07
random_forest,isotonic,target_real,0.706989247311828,0.6922884964903604,0.19248942251729503,0.4860980539572113,0.1695989282775318,0.460573476702509,0.08949416342412451,0.0,0.9865591397849462,0.2851952770208901,0.0,K002+KI03+KA07
svm,raw,source_holdout,0.9201680672268907,0.918669801499573,0.03257327813008198,0.10486487888961138,0.010461168733224637,,,,,,,K002+KI03+KA07
svm,raw,target_real,0.6971326164874552,0.6885592431930626,0.202245935073754,0.5007545990916235,0.1756897360742746,0.5286738351254481,0.19491525423728814,0.12544802867383512,0.9077060931899642,0.2704837117472853,0.15143369175627241,K002+KI03+KA07
svm,temperature,target_real,0.6971326164874552,0.6885592431930626,0.17046564598878197,0.4831620933361543,0.17586767747238796,0.49910394265232977,0.18850987432675045,0.12634408602150538,0.8951612903225806,0.2672672672672673,0.15232974910394265,K002+KI03+KA07
svm,isotonic,target_real,0.7267025089605734,0.7050924081923976,0.19592904539508843,0.4818233096007018,0.16400931267195937,0.8207885304659498,0.2205240174672489,0.0,1.0,0.2732974910394265,0.0,K002+KI03+KA07
xgboost,raw,source_holdout,0.9159663865546218,0.9142376377354394,0.0772836969680145,0.1437368485336544,0.02141858759900648,,,,,,,K002+KI03+KA07
xgboost,raw,target_real,0.6908602150537635,0.6855492413782799,0.2595613679204363,0.56006938785192,0.1751018266246524,0.34767025089605735,0.12886597938144329,0.044802867383512544,0.7616487455197133,0.24941176470588236,0.17921146953405018,K002+KI03+KA07
xgboost,temperature,target_real,0.6908602150537635,0.6855492413782799,0.18151544337630135,0.4990846839830321,0.17247326823409073,0.34408602150537637,0.11979166666666667,0.0528673835125448,0.7544802867383512,0.2494061757719715,0.18189964157706093,K002+KI03+KA07
xgboost,isotonic,target_real,0.7258064516129032,0.7061092987829687,0.17486561536204215,0.47467089064266094,0.1735425795145829,0.5842293906810035,0.15030674846625766,0.0,0.9077060931899642,0.25765054294175715,0.0,K002+KI03+KA07
random_forest,raw,source_holdout,0.9230769230769231,0.9231580209735233,0.03291040453464615,0.12246614623337979,0.015090385095680121,,,,,,,K002+KI03+KA08
random_forest,raw,target_real,0.6944444444444444,0.6896201295767573,0.19813836787532527,0.5192680817210293,0.17539447300197594,0.41308243727598565,0.1475054229934924,0.0,0.8082437275985663,0.270509977827051,0.18369175627240145,K002+KI03+KA08
random_forest,temperature,target_real,0.6944444444444444,0.6896201295767573,0.17535182227845927,0.5003159343275796,0.1713369651667135,0.4112903225806452,0.14814814814814814,0.0985663082437276,0.8261648745519713,0.27765726681127983,0.18369175627240145,K002+KI03+KA08
random_forest,isotonic,target_real,0.6989247311827957,0.6857303900756443,0.20174027455143725,0.4926496826400237,0.18713780183725237,0.5224014336917563,0.14751286449399656,0.0,0.992831541218638,0.29783393501805056,0.0,K002+KI03+KA08
svm,raw,source_holdout,0.9188034188034188,0.9185615456368414,0.03294892270074025,0.10697753629314843,0.010891468596743708,,,,,,,K002+KI03+KA08
svm,raw,target_real,0.6971326164874552,0.688602864212405,0.20186062851329128,0.499930447642163,0.17829693487599146,0.5331541218637993,0.19327731092436976,0.1039426523297491,0.9068100358422939,0.26976284584980237,0.12903225806451613,K002+KI03+KA08
svm,temperature,target_real,0.6971326164874552,0.688602864212405,0.17060683050112513,0.48272631835357405,0.17826406761394895,0.5,0.1863799283154122,0.1039426523297491,0.8933691756272402,0.2657973921765296,0.12903225806451613,K002+KI03+KA08
svm,isotonic,target_real,0.7222222222222222,0.6998272727118545,0.20359834822469336,0.4867004323474349,0.165374012073029,0.8440860215053764,0.22929936305732485,0.0,0.9982078853046595,0.27827648114901254,0.0,K002+KI03+KA08
xgboost,raw,source_holdout,0.9145299145299145,0.9145162896571347,0.07744586085661868,0.1587693806210724,0.02436774745321587,,,,,,,K002+KI03+KA08
xgboost,raw,target_real,0.6783154121863799,0.6733366201579889,0.2728738010623976,0.5713138230826206,0.1910527388874668,0.3163082437275986,0.12181303116147309,0.016129032258064516,0.7652329749103942,0.2540983606557377,0.017921146953405017,K002+KI03+KA08
xgboost,temperature,target_real,0.6783154121863799,0.6733366201579889,0.1915438029643258,0.5063601889642182,0.18799166520151822,0.3225806451612903,0.12222222222222222,0.01881720430107527,0.7580645161290323,0.2553191489361702,0.02060931899641577,K002+KI03+KA08
xgboost,isotonic,target_real,0.7105734767025089,0.6959965427495559,0.174283304534316,0.48191163288705124,0.16638958589987413,0.5519713261648745,0.14123376623376624,0.0,0.9068100358422939,0.2628458498023715,0.0,K002+KI03+KA08
random_forest,raw,source_holdout,0.9327731092436975,0.9317899735578221,0.03056749472891708,0.11452740071662319,0.02050754909763047,,,,,,,K002+KI03+KA09
random_forest,raw,target_real,0.6953405017921147,0.6904437431266391,0.20702140585111076,0.5175289632182902,0.17231024882637722,0.2777777777777778,0.07741935483870968,0.0,0.850358422939068,0.2792413066385669,0.20519713261648745,K002+KI03+KA09
random_forest,temperature,target_real,0.6953405017921147,0.6904437431266391,0.1768758021541867,0.5001354322459594,0.1728042965345316,0.2777777777777778,0.07741935483870968,0.0,0.8198924731182796,0.27650273224043714,0.20519713261648745,K002+KI03+KA09
random_forest,isotonic,target_real,0.7114695340501792,0.6974239193236232,0.1991278884065609,0.4882196121334841,0.16699624184743084,0.46415770609318996,0.08494208494208494,0.0,0.9901433691756273,0.2868778280542986,0.0,K002+KI03+KA09
svm,raw,source_holdout,0.9243697478991597,0.9230713114432226,0.02950326018955446,0.10573930725045973,0.010744762715195033,,,,,,,K002+KI03+KA09
svm,raw,target_real,0.696236559139785,0.6878240480130279,0.202753401873862,0.5005931141875012,0.17432325648161368,0.5331541218637993,0.1949579831932773,0.12634408602150538,0.9041218637992832,0.26957383548067393,0.1532258064516129,K002+KI03+KA09
svm,temperature,target_real,0.696236559139785,0.6878240480130279,0.17190204051348182,0.48360683776292196,0.17449467820889109,0.5152329749103942,0.19130434782608696,0.12634408602150538,0.8933691756272402,0.2657973921765296,0.16129032258064516,K002+KI03+KA09
svm,isotonic,target_real,0.7275985663082437,0.706111909049691,0.19455529909951177,0.4818244764562012,0.16244878043164743,0.8225806451612904,0.22113289760348584,0.0,1.0,0.2724014336917563,0.0,K002+KI03+KA09
xgboost,raw,source_holdout,0.9201680672268907,0.918654906583208,0.064484653603129,0.13820272908603712,0.023152262223069202,,,,,,,K002+KI03+KA09
xgboost,raw,target_real,0.6899641577060932,0.6844976052879602,0.26037320833800087,0.560187951081295,0.17721243901111247,0.3279569892473118,0.12295081967213115,0.033154121863799284,0.7983870967741935,0.25925925925925924,0.08512544802867383,K002+KI03+KA09
xgboost,temperature,target_real,0.6899641577060932,0.6844976052879602,0.18791189800499158,0.5023782104495631,0.17473341264031456,0.3234767025089606,0.11357340720221606,0.035842293906810034,0.7706093189964157,0.24883720930232558,0.09767025089605735,K002+KI03+KA09
xgboost,isotonic,target_real,0.7204301075268817,0.704039457063334,0.1770048527512887,0.47401967769629494,0.16926535721981967,0.5860215053763441,0.14678899082568808,0.0,0.9274193548387096,0.2589371980676328,0.0,K002+KI03+KA09
random_forest,raw,source_holdout,0.9495798319327731,0.9494435612082671,0.020985821731254083,0.08607809816445199,0.011158762477439712,,,,,,,K002+KI05+KA01
random_forest,raw,target_real,0.6810035842293907,0.6774159476411992,0.20338062933231588,0.5072865611079078,0.14444273760432716,0.5367383512544803,0.17195325542570952,0.21774193548387097,0.9498207885304659,0.2952830188679245,0.31810035842293904,K002+KI05+KA01
random_forest,temperature,target_real,0.6810035842293907,0.6774159476411992,0.22199563541063244,0.5222458094548943,0.14413875705308338,0.5367383512544803,0.17195325542570952,0.21774193548387097,0.9543010752688172,0.29577464788732394,0.31810035842293904,K002+KI05+KA01
random_forest,isotonic,target_real,0.7078853046594982,0.6946468238725653,0.21243167706538793,0.4978331558696213,0.15102529151415958,0.6039426523297491,0.17507418397626112,0.0,0.992831541218638,0.2888086642599278,0.0,K002+KI05+KA01
svm,raw,source_holdout,0.6092436974789915,0.5035224709352768,0.2369098466182822,0.42061275093721634,0.10748571878798358,,,,,,,K002+KI05+KA01
svm,raw,target_real,0.7016129032258065,0.6908928111382777,0.19234365473914025,0.4989055957732948,0.2184285007390167,0.589605734767025,0.19908814589665655,0.008064516129032258,0.8118279569892473,0.23951434878587197,0.024193548387096774,K002+KI05+KA01
svm,temperature,target_real,0.7016129032258065,0.6908928111382777,0.12348033750541622,0.4704800692904906,0.22592140081476736,0.589605734767025,0.19908814589665655,0.008064516129032258,0.807347670250896,0.24084350721420644,0.021505376344086023,K002+KI05+KA01
svm,isotonic,target_real,0.6684587813620072,0.6635247066398053,0.25827370451267073,0.5358339531298457,0.19220731047796674,0.8019713261648745,0.2346368715083799,0.0,0.8360215053763441,0.2497320471596999,0.0,K002+KI05+KA01
xgboost,raw,source_holdout,0.9285714285714286,0.9282354820165487,0.061458879909595504,0.1196418310841473,0.01720551587884352,,,,,,,K002+KI05+KA01
xgboost,raw,target_real,0.6872759856630825,0.6812487581664457,0.26382955748547793,0.5584414823221234,0.14397434252456984,0.3664874551971326,0.08801955990220049,0.11021505376344086,0.8799283154121864,0.2708757637474542,0.26881720430107525,K002+KI05+KA01
xgboost,temperature,target_real,0.6872759856630825,0.6812487581664457,0.21029503749942938,0.5084886534023781,0.14302221324136447,0.42473118279569894,0.11392405063291139,0.11648745519713262,0.8727598566308243,0.27002053388090347,0.26881720430107525,K002+KI05+KA01
xgboost,isotonic,target_real,0.7114695340501792,0.6878321256038648,0.1858639628009064,0.4862358172928186,0.1587131587798683,0.47939068100358423,0.102803738317757,0.0,0.9372759856630825,0.26673040152963673,0.0,K002+KI05+KA01
random_forest,raw,source_holdout,0.9497907949790795,0.9495406448091499,0.014113891479997772,0.0886187074859619,0.007615966437972063,,,,,,,K002+KI05+KA03
random_forest,raw,target_real,0.6792114695340502,0.6749386500505169,0.20536899523334556,0.511002911025552,0.14706649571376532,0.5797491039426523,0.1947449768160742,0.18010752688172044,0.9193548387096774,0.2875243664717349,0.3154121863799283,K002+KI05+KA03
random_forest,temperature,target_real,0.6792114695340502,0.6749386500505169,0.21350833347683434,0.5169689804154132,0.14703854872913968,0.5716845878136201,0.1896551724137931,0.18010752688172044,0.9283154121863799,0.2905405405405405,0.3163082437275986,K002+KI05+KA03
random_forest,isotonic,target_real,0.7016129032258065,0.6882428375094419,0.19977156476643865,0.4975453262158694,0.15985649888546213,0.6675627240143369,0.19328859060402684,0.0,1.0,0.29838709677419356,0.0,K002+KI05+KA03
svm,raw,source_holdout,0.9414225941422594,0.9410309018054797,0.027975466696032708,0.08652919020288702,0.00628456389088333,,,,,,,K002+KI05+KA03
svm,raw,target_real,0.7043010752688172,0.692191713762894,0.1912062519603489,0.4942606107970551,0.161150283451664,0.717741935483871,0.2247191011235955,0.1388888888888889,0.9256272401433692,0.2749273959341723,0.18458781362007168,K002+KI05+KA03
svm,temperature,target_real,0.7043010752688172,0.692191713762894,0.2024494305645146,0.501201274369493,0.16063050937588355,0.7204301075268817,0.22388059701492538,0.1388888888888889,0.9292114695340502,0.2767598842815815,0.18458781362007168,K002+KI05+KA03
svm,isotonic,target_real,0.7204301075268817,0.7014873603969369,0.19583077666386062,0.48779736423257597,0.182808814184688,0.7768817204301075,0.2179930795847751,0.0,1.0,0.27956989247311825,0.0,K002+KI05+KA03
xgboost,raw,source_holdout,0.9246861924686193,0.92447653923158,0.052316846458482905,0.12081430847786356,0.018838358790835796,,,,,,,K002+KI05+KA03
xgboost,raw,target_real,0.6881720430107527,0.6812306263008853,0.262670855581974,0.5627522749390942,0.15198389191342648,0.3503584229390681,0.09462915601023018,0.05913978494623656,0.8862007168458781,0.27603640040444893,0.2168458781362007,K002+KI05+KA03
xgboost,temperature,target_real,0.6881720430107527,0.6812306263008853,0.21290449701637693,0.5135895427415186,0.15042179376161927,0.3593189964157706,0.09725685785536159,0.06093189964157706,0.8727598566308243,0.2731006160164271,0.22043010752688172,K002+KI05+KA03
xgboost,isotonic,target_real,0.7132616487455197,0.6961176670102457,0.19521528625288828,0.4932436299718456,0.15827429731372092,0.5600358422939068,0.128,0.0,0.9919354838709677,0.2836495031616983,0.0,K002+KI05+KA03
random_forest,raw,source_holdout,0.9369747899159664,0.9373338301018207,0.019366121510434015,0.09834246081765566,0.010174098149508566,,,,,,,K002+KI05+KA05
random_forest,raw,target_real,0.6801075268817204,0.6769684638174084,0.2055936564749111,0.509253207326666,0.14345918325962284,0.5152329749103942,0.1582608695652174,0.0,0.8951612903225806,0.28128128128128127,0.34229390681003585,K002+KI05+KA05
random_forest,temperature,target_real,0.6801075268817204,0.6769684638174084,0.21584815165136215,0.5167448490450529,0.15442860048485713,0.5116487455197133,0.15761821366024517,0.0,0.8933691756272402,0.28084252758274825,0.34050179211469533,K002+KI05+KA05
random_forest,isotonic,target_real,0.6890681003584229,0.6767616258912647,0.2305109452543344,0.5105597374487624,0.14757512815871024,0.6164874551971327,0.16424418604651161,0.0,0.9847670250896058,0.3039126478616925,0.0,K002+KI05+KA05
svm,raw,source_holdout,0.9453781512605042,0.945180411345825,0.029467419228152568,0.08367075531153505,0.006095269710829052,,,,,,,K002+KI05+KA05
svm,raw,target_real,0.7114695340501792,0.7001812229275716,0.1879177729043229,0.4871612340187668,0.16041056685533048,0.724910394265233,0.21878862793572312,0.13709677419354838,0.931899641577061,0.275,0.18189964157706093,K002+KI05+KA05
svm,temperature,target_real,0.7114695340501792,0.7001812229275716,0.19812846386441363,0.49428358506056363,0.15976513244321172,0.728494623655914,0.21894218942189422,0.13709677419354838,0.9327956989247311,0.2756964457252642,0.18189964157706093,K002+KI05+KA05
svm,isotonic,target_real,0.724910394265233,0.7067169008154796,0.20551547070761206,0.4831854087694669,0.17290369963086447,0.8001792114695341,0.20940649496080627,0.0,0.992831541218638,0.27346570397111913,0.0,K002+KI05+KA05
xgboost,raw,source_holdout,0.9201680672268907,0.9205168756416174,0.056815721157218266,0.12673658624592102,0.01779818670578999,,,,,,,K002+KI05+KA05
xgboost,raw,target_real,0.6827956989247311,0.676914899043657,0.27244072864132546,0.567190282012351,0.14626327463060448,0.3682795698924731,0.09975669099756691,0.051075268817204304,0.8844086021505376,0.27152988855116517,0.25448028673835127,K002+KI05+KA05
xgboost,temperature,target_real,0.6827956989247311,0.676914899043657,0.21902851925150366,0.5140427896485117,0.14403662540228895,0.4292114695340502,0.11482254697286012,0.0913978494623656,0.8870967741935484,0.2727272727272727,0.26881720430107525,K002+KI05+KA05
xgboost,isotonic,target_real,0.7159498207885304,0.7019814524053988,0.1943880855847929,0.4868049633333105,0.1510756468884591,0.5412186379928315,0.12251655629139073,0.0,0.9444444444444444,0.27703984819734345,0.0,K002+KI05+KA05
random_forest,raw,source_holdout,0.9495798319327731,0.9494435612082671,0.01359228253164572,0.08127128013436567,0.006525726760911497,,,,,,,K002+KI05+KA06
random_forest,raw,target_real,0.681899641577061,0.6783862568382274,0.20078969348503692,0.5078469976549225,0.144482280515982,0.5385304659498208,0.17470881863560733,0.2078853046594982,0.9525089605734767,0.29727187206020694,0.32526881720430106,K002+KI05+KA06
random_forest,temperature,target_real,0.681899641577061,0.6783862568382274,0.20139186822580923,0.5082943039099083,0.1486688463777439,0.5385304659498208,0.17470881863560733,0.2078853046594982,0.9516129032258065,0.2966101694915254,0.32437275985663083,K002+KI05+KA06
random_forest,isotonic,target_real,0.7087813620071685,0.6954901684467334,0.20520197985027594,0.4908029602730267,0.15839424407441163,0.6684587813620072,0.1836461126005362,0.0,0.9937275985663082,0.2885482416591524,0.0,K002+KI05+KA06
svm,raw,source_holdout,0.9411764705882353,0.9409741254992564,0.03491707770746731,0.08213844756202524,0.005154844712389095,,,,,,,K002+KI05+KA06
svm,raw,target_real,0.703405017921147,0.6923797696965769,0.19338637057705227,0.49137067964641257,0.16022354114678247,0.7213261648745519,0.2248447204968944,0.1335125448028674,0.9345878136200717,0.274209012464046,0.18369175627240145,K002+KI05+KA06
svm,temperature,target_real,0.703405017921147,0.6923797696965769,0.1933249847726217,0.4913328893963929,0.16022389837075277,0.7213261648745519,0.2248447204968944,0.1335125448028674,0.9345878136200717,0.274209012464046,0.18369175627240145,K002+KI05+KA06
svm,isotonic,target_real,0.7231182795698925,0.7045625175715973,0.202597248611541,0.48745907249109527,0.18408012999132273,0.7831541218637993,0.21052631578947367,0.0,0.9937275985663082,0.27412082957619477,0.0,K002+KI05+KA06
xgboost,raw,source_holdout,0.9327731092436975,0.9324625676967186,0.05275987026070349,0.11596208875934946,0.01174054570277859,,,,,,,K002+KI05+KA06
xgboost,raw,target_real,0.6863799283154122,0.6801907207067494,0.26603100299301113,0.5614806466939997,0.14538822826834075,0.4229390681003584,0.11228813559322035,0.12992831541218638,0.8933691756272402,0.2768304914744233,0.23476702508960573,K002+KI05+KA06
xgboost,temperature,target_real,0.6863799283154122,0.6801907207067494,0.20633494015787301,0.5056264991456144,0.1442763031473239,0.4283154121863799,0.11297071129707113,0.13082437275985664,0.8835125448028673,0.27281947261663286,0.27508960573476704,K002+KI05+KA06
xgboost,isotonic,target_real,0.7114695340501792,0.6937763929460132,0.18663179681099706,0.4838333439472646,0.15266117939848176,0.5600358422939068,0.1328,0.0,0.9623655913978495,0.2811918063314711,0.0,K002+KI05+KA06
random_forest,raw,source_holdout,0.9497907949790795,0.9494435612082671,0.01854935983060098,0.08259969839985844,0.006894447342345006,,,,,,,K002+KI05+KA07
random_forest,raw,target_real,0.6801075268817204,0.6765619754225453,0.20360171420750636,0.5095240906795012,0.1486961433826082,0.5501792114695341,0.1791530944625407,0.17921146953405018,0.9695340501792115,0.30591497227356745,0.3109318996415771,K002+KI05+KA07
random_forest,temperature,target_real,0.6801075268817204,0.6765619754225453,0.20402392073465786,0.509839748643248,0.14868774591961542,0.5519713261648745,0.18019480519480519,0.17921146953405018,0.9695340501792115,0.30591497227356745,0.3109318996415771,K002+KI05+KA07
random_forest,isotonic,target_real,0.7132616487455197,0.7010858425219112,0.1895669335577157,0.48606116037870695,0.16378956181675197,0.6693548387096774,0.18473895582329317,0.0,0.9883512544802867,0.28558476881233,0.0,K002+KI05+KA07
svm,raw,source_holdout,0.9414225941422594,0.9410001681832153,0.038731283641863,0.08336823305860591,0.005292437921000083,,,,,,,K002+KI05+KA07
svm,raw,target_real,0.7051971326164874,0.6939166873479223,0.19098261928655766,0.4915222758923426,0.1604033462825284,0.6908602150537635,0.2127107652399481,0.11379928315412187,0.9256272401433692,0.2739593417231365,0.17562724014336917,K002+KI05+KA07
svm,temperature,target_real,0.7051971326164874,0.6939166873479223,0.19000672592440537,0.49092309697181885,0.16046580441661804,0.6899641577060932,0.21298701298701297,0.11379928315412187,0.9247311827956989,0.2742248062015504,0.17562724014336917,K002+KI05+KA07
svm,isotonic,target_real,0.7240143369175627,0.7047562647916233,0.20300164692472755,0.4869132375129734,0.184828001998367,0.7795698924731183,0.2103448275862069,0.0,0.9955197132616488,0.2745274527452745,0.0,K002+KI05+KA07
xgboost,raw,source_holdout,0.9330543933054394,0.9324625676967186,0.060341847491563634,0.11968564811086536,0.013620499216968415,,,,,,,K002+KI05+KA07
xgboost,raw,target_real,0.6872759856630825,0.6809135927558039,0.2619167755902027,0.5605723052189501,0.1454358598406335,0.3709677419354839,0.09178743961352658,0.047491039426523295,0.8709677419354839,0.2726337448559671,0.289426523297491,K002+KI05+KA07
xgboost,temperature,target_real,0.6872759856630825,0.6809135927558039,0.1991397935726324,0.5029120263263541,0.14424051690587092,0.3772401433691756,0.09263657957244656,0.047491039426523295,0.8611111111111112,0.26742976066597296,0.29301075268817206,K002+KI05+KA07
xgboost,isotonic,target_real,0.71415770609319,0.6948060899673804,0.18433935727065281,0.4843020802957295,0.15082878843497516,0.4659498207885305,0.09423076923076923,0.0,0.8978494623655914,0.2634730538922156,0.0,K002+KI05+KA07
random_forest,raw,source_holdout,0.948936170212766,0.9494295753490863,0.02121956303455491,0.08783981421526614,0.007105659130629662,,,,,,,K002+KI05+KA08
random_forest,raw,target_real,0.681899641577061,0.6781484585931086,0.20086762551271203,0.5090149918016161,0.14522234338876308,0.553763440860215,0.1779935275080906,0.22849462365591397,0.9408602150537635,0.29333333333333333,0.32437275985663083,K002+KI05+KA08
random_forest,temperature,target_real,0.681899641577061,0.6781484585931086,0.20152695692954473,0.5095151354949662,0.14523172504174844,0.553763440860215,0.1779935275080906,0.22849462365591397,0.942652329749104,0.29372623574144485,0.32437275985663083,K002+KI05+KA08
random_forest,isotonic,target_real,0.696236559139785,0.6860768180669413,0.20504594400930168,0.5009237128962836,0.16909077015538126,0.6666666666666666,0.1814516129032258,0.0,0.9955197132616488,0.3033303330333033,0.0,K002+KI05+KA08
svm,raw,source_holdout,0.9404255319148936,0.9408919123204837,0.03946237634842602,0.08443845611131931,0.005378141902922332,,,,,,,K002+KI05+KA08
svm,raw,target_real,0.7016129032258065,0.6907958842724312,0.1934329989040668,0.49100124838103343,0.16235562643975637,0.7231182795698925,0.22428748451053285,0.11290322580645161,0.9292114695340502,0.2729026036644166,0.17473118279569894,K002+KI05+KA08
svm,temperature,target_real,0.7016129032258065,0.6907958842724312,0.19322503783908312,0.4908747864878923,0.16238803910030156,0.7231182795698925,0.22428748451053285,0.11290322580645161,0.9292114695340502,0.2729026036644166,0.17473118279569894,K002+KI05+KA08
svm,isotonic,target_real,0.7240143369175627,0.705319564623041,0.20201301334954824,0.4851492005520058,0.18280510537709874,0.7813620071684588,0.2098623853211009,0.0,0.9973118279569892,0.2749326145552561,0.0,K002+KI05+KA08
xgboost,raw,source_holdout,0.9234042553191489,0.9240072630770305,0.06292039574460784,0.12932121383465225,0.0131203477500714,,,,,,,K002+KI05+KA08
xgboost,raw,target_real,0.6792114695340502,0.6726029390368108,0.27391202510150947,0.5748297035667963,0.15180020369528016,0.3960573476702509,0.11764705882352941,0.06810035842293907,0.8673835125448028,0.2768595041322314,0.22043010752688172,K002+KI05+KA08
xgboost,temperature,target_real,0.6792114695340502,0.6726029390368108,0.20889175855089892,0.5128196688442666,0.15108665448508557,0.3942652329749104,0.12272727272727273,0.06451612903225806,0.8566308243727598,0.2730125523012552,0.24193548387096775,K002+KI05+KA08
xgboost,isotonic,target_real,0.6989247311827957,0.6802618795598163,0.18373831682473285,0.48417957009943396,0.14201975057878477,0.49731182795698925,0.10270270270270271,0.0,0.9202508960573477,0.2765335929892892,0.0,K002+KI05+KA08
random_forest,raw,source_holdout,0.9497907949790795,0.9494435612082671,0.022325282133469085,0.08346909689368441,0.007003288918378739,,,,,,,K002+KI05+KA09
random_forest,raw,target_real,0.681899641577061,0.6783862568382274,0.20201009974228246,0.5079587403658883,0.14589206348322437,0.543010752688172,0.17656765676567657,0.23118279569892472,0.9516129032258065,0.2984934086629002,0.3118279569892473,K002+KI05+KA09
random_forest,temperature,target_real,0.681899641577061,0.6783862568382274,0.20342141365966449,0.5090139267796943,0.1458948562502978,0.5421146953405018,0.1768595041322314,0.23118279569892472,0.9525089605734767,0.2991533396048918,0.3118279569892473,K002+KI05+KA09
random_forest,isotonic,target_real,0.706989247311828,0.6957392991631318,0.2022047202607444,0.4929874042667265,0.1533775339996661,0.589605734767025,0.1762917933130699,0.0,0.9919354838709677,0.2944896115627823,0.0,K002+KI05+KA09
svm,raw,source_holdout,0.9414225941422594,0.9410001681832153,0.03508505778281178,0.08189802496857303,0.005110236677066579,,,,,,,K002+KI05+KA09
svm,raw,target_real,0.703405017921147,0.6921588769783282,0.19215119851502502,0.4906953085341788,0.15971564635811888,0.7204301075268817,0.22388059701492538,0.13082437275985664,0.9345878136200717,0.2751677852348993,0.18189964157706093,K002+KI05+KA09
svm,temperature,target_real,0.703405017921147,0.6921588769783282,0.1928989467246665,0.4911558837520298,0.15967871811798712,0.7213261648745519,0.2236024844720497,0.13082437275985664,0.9345878136200717,0.2751677852348993,0.18189964157706093,K002+KI05+KA09
svm,isotonic,target_real,0.7240143369175627,0.7050689943087428,0.20110413806507088,0.48528552634018557,0.1834485921352987,0.782258064516129,0.20962199312714777,0.0,0.9937275985663082,0.2732191163210099,0.0,K002+KI05+KA09
xgboost,raw,source_holdout,0.9330543933054394,0.9324625676967186,0.050810517875719226,0.1149608404668863,0.012610635735205624,,,,,,,K002+KI05+KA09
xgboost,raw,target_real,0.6872759856630825,0.6803199871581328,0.26285736308196106,0.5602110878189928,0.14441026220837183,0.39336917562724016,0.09567198177676538,0.04838709677419355,0.8942652329749103,0.2785571142284569,0.2885304659498208,K002+KI05+KA09
xgboost,temperature,target_real,0.6872759856630825,0.6803199871581328,0.20814831094253652,0.5051540926727974,0.1432744764294038,0.40770609318996415,0.10329670329670329,0.04838709677419355,0.8817204301075269,0.27439024390243905,0.29838709677419356,K002+KI05+KA09
xgboost,isotonic,target_real,0.7105734767025089,0.6877181458310163,0.1839051689267423,0.48561673108986014,0.1577340288131367,0.4874551971326165,0.10845588235294118,0.0,0.985663082437276,0.2863636363636364,0.0,K002+KI05+KA09
random_forest,raw,source_holdout,0.9915966386554622,0.991613924050633,0.03951239251385876,0.02484404199855834,0.0012778026604226898,,,,,,,K002+KI07+KA01
random_forest,raw,target_real,0.706989247311828,0.6991036167420264,0.1658935525528326,0.4747196092427357,0.1416542773316037,0.946236559139785,0.2765151515151515,0.0,0.946236559139785,0.2765151515151515,0.2948028673835125,K002+KI07+KA01
random_forest,temperature,target_real,0.706989247311828,0.6991036167420264,0.22656876147060379,0.5151347075353775,0.1407106551199371,0.9363799283154122,0.276555023923445,0.0,0.9363799283154122,0.276555023923445,0.3100358422939068,K002+KI07+KA01
random_forest,isotonic,target_real,0.706989247311828,0.6991816914767375,0.2338313664400507,0.5391791207055052,0.18338968264359287,0.9310035842293907,0.2791145332050048,0.0,0.9310035842293907,0.2791145332050048,0.0,K002+KI07+KA01
svm,raw,source_holdout,0.6596638655462185,0.5504024394567953,0.25126183517569267,0.3911396029366898,0.07617651649058212,,,,,,,K002+KI07+KA01
svm,raw,target_real,0.71415770609319,0.7004730639999751,0.17928455402889643,0.47733206330198114,0.19369088469354978,0.8109318996415771,0.23204419889502761,0.008064516129032258,0.8154121863799283,0.23296703296703297,0.034050179211469536,K002+KI07+KA01
svm,temperature,target_real,0.71415770609319,0.7004730639999751,0.08919143260315662,0.4470330017662438,0.20087443276088165,0.8189964157706093,0.23522975929978118,0.008960573476702509,0.8405017921146953,0.23880597014925373,0.043010752688172046,K002+KI07+KA01
svm,isotonic,target_real,0.6836917562724014,0.6782706728824901,0.29071068627265156,0.6018838310590644,0.19345244704588935,1.0,0.3163082437275986,0.0,1.0,0.3163082437275986,0.0,K002+KI07+KA01
xgboost,raw,source_holdout,0.9789915966386554,0.9789545193553124,0.016698041382957923,0.02848894684722617,0.001283552528557646,,,,,,,K002+KI07+KA01
xgboost,raw,target_real,0.717741935483871,0.7045557727545387,0.2291624083260481,0.5089331870714946,0.13890731615542276,0.921146953405018,0.26264591439688717,0.02060931899641577,0.992831541218638,0.2824909747292419,0.2903225806451613,K002+KI07+KA01
xgboost,temperature,target_real,0.717741935483871,0.7045557727545387,0.22272844550532486,0.503272760582287,0.13873092357542124,0.921146953405018,0.26264591439688717,0.02060931899641577,0.992831541218638,0.2824909747292419,0.2939068100358423,K002+KI07+KA01
xgboost,isotonic,target_real,0.703405017921147,0.6942210458190597,0.24938832068633654,0.54035542598681,0.18368563365951293,0.9381720430107527,0.2836676217765043,0.0,0.9381720430107527,0.2836676217765043,0.0,K002+KI07+KA01
random_forest,raw,source_holdout,0.9832635983263598,0.9832805907172996,0.02666885300493911,0.03200854450753544,0.00117627455069256,,,,,,,K002+KI07+KA03
random_forest,raw,target_real,0.6971326164874552,0.6885560941828256,0.17706923902961308,0.4780634867921295,0.13985475679902967,0.8154121863799283,0.24285714285714285,0.18548387096774194,0.9722222222222222,0.2912442396313364,0.32616487455197135,K002+KI07+KA03
random_forest,temperature,target_real,0.6971326164874552,0.6885560941828256,0.21631917721386618,0.5049317515389884,0.13949977673773123,0.8324372759856631,0.2465016146393972,0.18548387096774194,0.9847670250896058,0.29572338489535943,0.32974910394265233,K002+KI07+KA03
random_forest,isotonic,target_real,0.696236559139785,0.6878335894845528,0.23200330815137682,0.5428570037020596,0.19482307951310043,0.9184587813620072,0.28292682926829266,0.0,0.978494623655914,0.2967032967032967,0.0,K002+KI07+KA03
svm,raw,source_holdout,0.9916317991631799,0.991640461215933,0.029538479744935852,0.02301663524680907,0.0003387147248957662,,,,,,,K002+KI07+KA03
svm,raw,target_real,0.7132616487455197,0.6972032063659235,0.17966637515665793,0.46907614094588646,0.14341215793654383,0.989247311827957,0.28351449275362317,0.14068100358422939,0.989247311827957,0.28351449275362317,0.21774193548387097,K002+KI07+KA03
svm,temperature,target_real,0.7132616487455197,0.6972032063659235,0.23631873557920757,0.5076379933091872,0.1412592461245066,0.9883512544802867,0.2828649138712602,0.1460573476702509,0.9883512544802867,0.2828649138712602,0.2060931899641577,K002+KI07+KA03
svm,isotonic,target_real,0.7087813620071685,0.6940737068773725,0.24722472748575763,0.5361085641824745,0.1939644094860617,0.9793906810035843,0.2808783165599268,0.0,0.9793906810035843,0.2808783165599268,0.0,K002+KI07+KA03
xgboost,raw,source_holdout,0.9748953974895398,0.9749464435500926,0.019696578321097745,0.040282686573199944,0.0017424197238345093,,,,,,,K002+KI07+KA03
xgboost,raw,target_real,0.7123655913978495,0.6988177104097248,0.23314851396934103,0.5094377021262043,0.15494606635149147,0.8422939068100358,0.2404255319148936,0.0008960573476702509,0.9659498207885304,0.2764378478664193,0.1971326164874552,K002+KI07+KA03
xgboost,temperature,target_real,0.7123655913978495,0.6988177104097248,0.22017136730486656,0.49910487671524867,0.1544140093984559,0.839605734767025,0.2390608324439701,0.0008960573476702509,0.96415770609319,0.275092936802974,0.23387096774193547,K002+KI07+KA03
xgboost,isotonic,target_real,0.6989247311827957,0.6921190887130848,0.2630454532181012,0.5503401779159608,0.17965476644101244,0.9802867383512545,0.29981718464351004,0.0,0.9811827956989247,0.29954337899543376,0.0,K002+KI07+KA03
random_forest,raw,source_holdout,0.9789915966386554,0.9790286262457765,0.030177371904328655,0.04040761547521939,0.0014519798534470866,,,,,,,K002+KI07+KA05
random_forest,raw,target_real,0.7025089605734767,0.6940897630228319,0.17296509727574055,0.4761440234183372,0.14120738882141945,0.8163082437275986,0.24698133918770582,0.0,0.9301075268817204,0.2745664739884393,0.32526881720430106,K002+KI07+KA05
random_forest,temperature,target_real,0.7025089605734767,0.6940897630228319,0.22006595419222097,0.5073254173974083,0.14023901645710138,0.8467741935483871,0.2518518518518518,0.0,0.9381720430107527,0.27793696275071633,0.31451612903225806,K002+KI07+KA05
random_forest,isotonic,target_real,0.6881720430107527,0.6786515426051368,0.26467346315806173,0.5507621773054705,0.1838806919731687,0.996415770609319,0.31115107913669066,0.0,0.996415770609319,0.31115107913669066,0.0,K002+KI07+KA05
svm,raw,source_holdout,0.9957983193277311,0.9958071278825996,0.031400564383216235,0.019182299759506624,0.00019839915709860177,,,,,,,K002+KI07+KA05
svm,raw,target_real,0.7204301075268817,0.7057812296428329,0.1762148495019519,0.46228575696337004,0.14221083560565426,0.9695340501792115,0.27264325323475047,0.14336917562724014,0.9695340501792115,0.27264325323475047,0.20967741935483872,K002+KI07+KA05
svm,temperature,target_real,0.7204301075268817,0.7057812296428329,0.2410403283990463,0.5111754236696924,0.1394927584184972,0.9838709677419355,0.27413479052823314,0.1460573476702509,0.9838709677419355,0.27413479052823314,0.20698924731182797,K002+KI07+KA05
svm,isotonic,target_real,0.7168458781362007,0.7027655803509595,0.256848692881905,0.530486149954146,0.18145948331062467,0.9695340501792115,0.2680221811460259,0.0,0.9695340501792115,0.2680221811460259,0.0,K002+KI07+KA05
xgboost,raw,source_holdout,0.9663865546218487,0.966527655673527,0.0167538516160821,0.04226647480675837,0.001729576259056808,,,,,,,K002+KI07+KA05
xgboost,raw,target_real,0.7159498207885304,0.7029007107471292,0.22835561080325031,0.5046221262064219,0.13389026394375697,0.8225806451612904,0.23529411764705882,0.05017921146953405,0.992831541218638,0.2806859205776173,0.2867383512544803,K002+KI07+KA05
xgboost,temperature,target_real,0.7159498207885304,0.7029007107471292,0.21496600449682604,0.49358072857853685,0.13346912479465084,0.8261648745519713,0.23535791757049893,0.0528673835125448,0.9901433691756273,0.27963800904977376,0.2867383512544803,K002+KI07+KA05
xgboost,isotonic,target_real,0.7043010752688172,0.6962104628963521,0.24816680595086255,0.5349034283636962,0.18040189532881648,0.9068100358422939,0.2717391304347826,0.0,0.9811827956989247,0.2876712328767123,0.0,K002+KI07+KA05
random_forest,raw,source_holdout,0.9915966386554622,0.991613924050633,0.020065956077974605,0.021054964560490254,0.0005723165675478522,,,,,,,K002+KI07+KA06
random_forest,raw,target_real,0.7025089605734767,0.6946157575946824,0.17228882431003545,0.4771629116410747,0.13935002838352686,0.9444444444444444,0.27514231499051234,0.23655913978494625,0.9444444444444444,0.27514231499051234,0.31272401433691754,K002+KI07+KA06
random_forest,temperature,target_real,0.7025089605734767,0.6946157575946824,0.2175280433668973,0.5073401186200936,0.13882822190661712,0.9193548387096774,0.26900584795321636,0.23745519713261648,0.9193548387096774,0.26900584795321636,0.31272401433691754,K002+KI07+KA06
random_forest,isotonic,target_real,0.703405017921147,0.6954219409073183,0.23132012083622258,0.5389880372187323,0.18300528255552823,0.9292114695340502,0.2757955641272903,0.0,0.9292114695340502,0.2757955641272903,0.0,K002+KI07+KA06
svm,raw,source_holdout,0.9915966386554622,0.9915877185998992,0.01715119764273895,0.017474146330287637,0.00019654106829293408,,,,,,,K002+KI07+KA06
svm,raw,target_real,0.7150537634408602,0.7002839774801896,0.17905073459085147,0.46679163658789147,0.14336554200931187,0.9865591397849462,0.27974568574023617,0.14157706093189965,0.9865591397849462,0.27974568574023617,0.20967741935483872,K002+KI07+KA06
svm,temperature,target_real,0.7150537634408602,0.7002839774801896,0.2385703808837556,0.5086414660530011,0.1403948177230511,0.9731182795698925,0.27716390423572745,0.1460573476702509,0.9731182795698925,0.27716390423572745,0.20519713261648745,K002+KI07+KA06
svm,isotonic,target_real,0.71415770609319,0.701829919484038,0.2535234266145826,0.5448137386717156,0.18645648814363378,0.992831541218638,0.2842960288808664,0.0,0.992831541218638,0.2842960288808664,0.0,K002+KI07+KA06
xgboost,raw,source_holdout,0.9789915966386554,0.9790323218736402,0.012758578197294878,0.03014074222234728,0.0009376583980007764,,,,,,,K002+KI07+KA06
xgboost,raw,target_real,0.7150537634408602,0.7020912688701303,0.23112360214460703,0.5118716863792346,0.1418387246868821,0.8790322580645161,0.254841997961264,0.03046594982078853,0.9955197132616488,0.28352835283528355,0.224910394265233,K002+KI07+KA06
xgboost,temperature,target_real,0.7150537634408602,0.7020912688701303,0.217303482340452,0.49991283558059313,0.141378711721536,0.8772401433691757,0.2533197139938713,0.03046594982078853,0.9955197132616488,0.28352835283528355,0.23387096774193547,K002+KI07+KA06
xgboost,isotonic,target_real,0.7016129032258065,0.6927048756323592,0.25181821336509574,0.5424618628097682,0.17967653495739058,0.9229390681003584,0.2815533980582524,0.0,0.9229390681003584,0.2815533980582524,0.0,K002+KI07+KA06
random_forest,raw,source_holdout,0.9916317991631799,0.991613924050633,0.023237364604560107,0.022235116669321736,0.0007062474384526222,,,,,,,K002+KI07+KA07
random_forest,raw,target_real,0.703405017921147,0.6954178138783506,0.16789229850772708,0.4757020249308734,0.13996898807656297,0.9623655913978495,0.2811918063314711,0.22043010752688172,0.9623655913978495,0.2811918063314711,0.30913978494623656,K002+KI07+KA07
random_forest,temperature,target_real,0.703405017921147,0.6954178138783506,0.21623367188106657,0.507049416111051,0.1394837714604336,0.9560931899641577,0.27928772258669166,0.22939068100358423,0.9560931899641577,0.27928772258669166,0.3109318996415771,K002+KI07+KA07
random_forest,isotonic,target_real,0.706989247311828,0.6992167323144435,0.23865196138219505,0.5389757175002905,0.1824334935915747,0.9480286738351255,0.2826086956521739,0.0,0.9480286738351255,0.2826086956521739,0.0,K002+KI07+KA07
svm,raw,source_holdout,0.9916317991631799,0.9916137612838583,0.017090355312017372,0.01752567003873263,0.00021261912452524715,,,,,,,K002+KI07+KA07
svm,raw,target_real,0.7159498207885304,0.7010490272252214,0.1800719709012342,0.46727284161883825,0.14321908141631318,0.989247311827957,0.2807971014492754,0.12724014336917563,0.989247311827957,0.2807971014492754,0.20430107526881722,K002+KI07+KA07
svm,temperature,target_real,0.7159498207885304,0.7010490272252214,0.23917343005010616,0.5091546579555017,0.14018473043880125,0.9740143369175627,0.2778288868445262,0.13172043010752688,0.9740143369175627,0.2778288868445262,0.2025089605734767,K002+KI07+KA07
svm,isotonic,target_real,0.7123655913978495,0.7001483812893975,0.25457877583388144,0.5441069200031035,0.18534527547711108,0.992831541218638,0.2842960288808664,0.0,0.992831541218638,0.2842960288808664,0.0,K002+KI07+KA07
xgboost,raw,source_holdout,0.9874476987447699,0.9874213836477987,0.014713106793838603,0.025828936522310504,0.0011497774755314754,,,,,,,K002+KI07+KA07
xgboost,raw,target_real,0.7123655913978495,0.699920769826794,0.23212763765913608,0.5080072970157425,0.14017300086353698,0.9175627240143369,0.2626953125,0.011648745519713262,0.9775985663082437,0.27864344637946836,0.23655913978494625,K002+KI07+KA07
xgboost,temperature,target_real,0.7123655913978495,0.699920769826794,0.21725535374961719,0.4954268245141758,0.1398330590023211,0.9148745519713262,0.2615083251714006,0.011648745519713262,0.9838709677419355,0.2814207650273224,0.2410394265232975,K002+KI07+KA07
xgboost,isotonic,target_real,0.6989247311827957,0.6910069532265414,0.26389748768956467,0.5520917097628257,0.17476379748253099,0.9247311827956989,0.2858527131782946,0.0,0.9247311827956989,0.2858527131782946,0.0,K002+KI07+KA07
random_forest,raw,source_holdout,0.9872340425531915,0.9873365196384688,0.02105971838322877,0.02647836730518283,0.0007547040064056931,,,,,,,K002+KI07+KA08
random_forest,raw,target_real,0.7016129032258065,0.693777969269708,0.17147130353927134,0.4775432255893898,0.14105138019788555,0.8548387096774194,0.25681341719077566,0.1935483870967742,0.946236559139785,0.2755681818181818,0.33154121863799285,K002+KI07+KA08
random_forest,temperature,target_real,0.7016129032258065,0.693777969269708,0.2189990065127304,0.5095325242511107,0.14045830576636437,0.8745519713261649,0.26331967213114754,0.1935483870967742,0.9399641577060932,0.27740705433746427,0.32526881720430106,K002+KI07+KA08
random_forest,isotonic,target_real,0.681899641577061,0.6774730779846762,0.2581009103426637,0.57102273847197,0.1893886329106912,0.953405017921147,0.299812030075188,0.0,0.953405017921147,0.299812030075188,0.0,K002+KI07+KA08
svm,raw,source_holdout,0.9914893617021276,0.9915055054211267,0.017669152080822023,0.017916890749790877,0.00021996440443614276,,,,,,,K002+KI07+KA08
svm,raw,target_real,0.7132616487455197,0.6987542001187347,0.18088497995207342,0.46654191052791516,0.14536400183231576,0.989247311827957,0.2817028985507246,0.11738351254480286,0.989247311827957,0.2817028985507246,0.19982078853046595,K002+KI07+KA08
svm,temperature,target_real,0.7132616487455197,0.6987542001187347,0.2372813690811186,0.507859210042979,0.14267337998654678,0.9713261648745519,0.275830258302583,0.12275985663082438,0.9713261648745519,0.275830258302583,0.1953405017921147,K002+KI07+KA08
svm,isotonic,target_real,0.7150537634408602,0.7028221700860678,0.2538341457303598,0.5434349054578218,0.18540201771309595,0.9937275985663082,0.2813345356176736,0.0,0.9937275985663082,0.2813345356176736,0.0,K002+KI07+KA08
xgboost,raw,source_holdout,0.9744680851063829,0.9747710579778089,0.01870961138542661,0.042431428486616234,0.0012833633282620452,,,,,,,K002+KI07+KA08
xgboost,raw,target_real,0.7078853046594982,0.6950020145701471,0.23453473783094816,0.5158146395415062,0.15388279926617326,0.8449820788530465,0.24814422057264052,0.00985663082437276,0.9740143369175627,0.2824287028518859,0.00985663082437276,K002+KI07+KA08
xgboost,temperature,target_real,0.7078853046594982,0.6950020145701471,0.21342466649819647,0.49847249379776504,0.15292019241266322,0.8342293906810035,0.24597207303974222,0.00985663082437276,0.9811827956989247,0.28493150684931506,0.01881720430107527,K002+KI07+KA08
xgboost,isotonic,target_real,0.6836917562724014,0.6779157791998119,0.2595858460334661,0.5530680762900526,0.1856757729465962,0.9901433691756273,0.31221719457013575,0.0,0.9901433691756273,0.31221719457013575,0.0,K002+KI07+KA08
random_forest,raw,source_holdout,0.9916317991631799,0.991613924050633,0.025260744028035624,0.024126534448857307,0.0007444179964775526,,,,,,,K002+KI07+KA09
random_forest,raw,target_real,0.7051971326164874,0.6972703586549791,0.16733492809148542,0.4740377749808601,0.137562585807909,0.9632616487455197,0.28093023255813954,0.18727598566308243,0.9632616487455197,0.28093023255813954,0.33512544802867383,K002+KI07+KA09
random_forest,temperature,target_real,0.7051971326164874,0.6972703586549791,0.2134795401767848,0.503884741143212,0.13689527830382842,0.9605734767025089,0.2798507462686567,0.18727598566308243,0.9605734767025089,0.2798507462686567,0.33691756272401435,K002+KI07+KA09
random_forest,isotonic,target_real,0.703405017921147,0.6958179205780141,0.23992310121827742,0.5437781508602404,0.1857442295421184,0.9399641577060932,0.28217349857006674,0.0,0.9399641577060932,0.28217349857006674,0.0,K002+KI07+KA09
svm,raw,source_holdout,0.9916317991631799,0.9916137612838583,0.017464712627033495,0.017603163324560925,0.00021261912452524715,,,,,,,K002+KI07+KA09
svm,raw,target_real,0.7159498207885304,0.7010490272252214,0.18011998247845834,0.4659534723909857,0.14160106127909125,0.989247311827957,0.2807971014492754,0.1442652329749104,0.989247311827957,0.2807971014492754,0.2114695340501792,K002+KI07+KA09
svm,temperature,target_real,0.7159498207885304,0.7010490272252214,0.2381507602946199,0.5075938982049178,0.13846184396615832,0.9722222222222222,0.27557603686635945,0.14874551971326164,0.9722222222222222,0.27557603686635945,0.20878136200716846,K002+KI07+KA09
svm,isotonic,target_real,0.7114695340501792,0.7005906999528504,0.25356171764734386,0.5438561076475238,0.18583288513993984,0.9982078853046595,0.2872531418312388,0.0,0.9982078853046595,0.2872531418312388,0.0,K002+KI07+KA09
xgboost,raw,source_holdout,0.9832635983263598,0.9832278481012658,0.01299876074411874,0.029320040454420312,0.0009350840525135188,,,,,,,K002+KI07+KA09
xgboost,raw,target_real,0.717741935483871,0.7048725646119441,0.23068291341425268,0.5060849174259962,0.14055736339477815,0.8521505376344086,0.24185068349106204,0.022401433691756272,0.989247311827957,0.2826086956521739,0.2724014336917563,K002+KI07+KA09
xgboost,temperature,target_real,0.717741935483871,0.7048725646119441,0.21660466527131167,0.4940155003704631,0.13995957918628238,0.8494623655913979,0.24156118143459915,0.025089605734767026,0.9874551971326165,0.2822141560798548,0.2724014336917563,K002+KI07+KA09
xgboost,isotonic,target_real,0.6872759856630825,0.682216447934123,0.27752963686528637,0.5690182731778893,0.1818033239397221,0.953405017921147,0.29699248120300753,0.0,0.953405017921147,0.29699248120300753,0.0,K002+KI07+KA09
random_forest,raw,source_holdout,0.9874476987447699,0.9874729745343758,0.05770422680451147,0.03653045885324516,0.0020024893981085614,,,,,,,K002+KI08+KA01
random_forest,raw,target_real,0.7096774193548387,0.7012779305520183,0.1765045789257578,0.47913285286413115,0.13612087382886046,0.9086021505376344,0.2692307692307692,0.2724014336917563,0.9435483870967742,0.27825261158594494,0.3431899641577061,K002+KI08+KA01
random_forest,temperature,target_real,0.7096774193548387,0.7012779305520183,0.23345096944180488,0.5228087626038057,0.13550064351338387,0.9560931899641577,0.28116213683223995,0.2724014336917563,0.9578853046594982,0.2815715622076707,0.33602150537634407,K002+KI08+KA01
random_forest,isotonic,target_real,0.7087813620071685,0.6977713391031082,0.2610649991242889,0.5416862523292142,0.17825289457934426,0.9982078853046595,0.28994614003590663,0.0,0.9982078853046595,0.28994614003590663,0.0,K002+KI08+KA01
svm,raw,source_holdout,0.6527196652719666,0.5545645562809262,0.2034753636739247,0.3030928746306634,0.07781031074273649,,,,,,,K002+KI08+KA01
svm,raw,target_real,0.7123655913978495,0.6989519717884848,0.1777776313945098,0.4743214131347803,0.1899924171510926,0.8422939068100358,0.24361702127659574,0.011648745519713262,0.8790322580645161,0.25076452599388377,0.03942652329749104,K002+KI08+KA01
svm,temperature,target_real,0.7123655913978495,0.6989519717884848,0.154834944543578,0.46409791919342597,0.1922382996696225,0.8315412186379928,0.24030172413793102,0.011648745519713262,0.8817204301075269,0.2530487804878049,0.03942652329749104,K002+KI08+KA01
svm,isotonic,target_real,0.6899641577060932,0.6831024571959473,0.28374211393206766,0.5848809239339583,0.1915079077897042,0.8879928315412187,0.26337033299697277,0.0,1.0,0.3100358422939068,0.0,K002+KI08+KA01
xgboost,raw,source_holdout,0.9790794979079498,0.9791316065190356,0.010488178939500072,0.034534152942488336,0.0028617590400998685,,,,,,,K002+KI08+KA01
xgboost,raw,target_real,0.7087813620071685,0.6966325817353769,0.23336218139924453,0.5107333175189954,0.14689818893978468,0.8449820788530465,0.2449628844114528,0.015232974910394265,0.9901433691756273,0.2868778280542986,0.17473118279569894,K002+KI08+KA01
xgboost,temperature,target_real,0.7087813620071685,0.6966325817353769,0.22862744390654774,0.5062186744013503,0.1463492738190019,0.8449820788530465,0.2449628844114528,0.017025089605734768,0.9910394265232975,0.28661844484629295,0.1881720430107527,K002+KI08+KA01
xgboost,isotonic,target_real,0.6953405017921147,0.6885244168319398,0.2633693488994613,0.5526119058469227,0.1746991845206927,0.9883512544802867,0.300090661831369,0.0,0.9883512544802867,0.300090661831369,0.0,K002+KI08+KA01
random_forest,raw,source_holdout,0.9791666666666666,0.9792663336659434,0.050728732650792696,0.04624982125138526,0.0019266053990963634,,,,,,,K002+KI08+KA03
random_forest,raw,target_real,0.7016129032258065,0.6920993475760211,0.17279798253822903,0.47867207486209834,0.13682947650250968,0.8620071684587813,0.25571725571725573,0.22132616487455198,0.967741935483871,0.2861111111111111,0.34050179211469533,K002+KI08+KA03
random_forest,temperature,target_real,0.7016129032258065,0.6920993475760211,0.22994976345961649,0.5177992707677622,0.13614423438405154,0.8422939068100358,0.2521276595744681,0.22132616487455198,0.9659498207885304,0.28385899814471244,0.34139784946236557,K002+KI08+KA03
random_forest,isotonic,target_real,0.7025089605734767,0.6943964720890285,0.2567871537519301,0.541860015147064,0.1846566150391269,0.9489247311827957,0.279508970727101,0.0,0.9982078853046595,0.296229802513465,0.0,K002+KI08+KA03
svm,raw,source_holdout,0.9875,0.9875257171504096,0.026489800119429342,0.024396002313252393,0.00036953030288727957,,,,,,,K002+KI08+KA03
svm,raw,target_real,0.717741935483871,0.7013265897873996,0.17512430698417344,0.46545401618514914,0.14382300181411548,0.8736559139784946,0.24307692307692308,0.12096774193548387,0.985663082437276,0.2772727272727273,0.19802867383512546,K002+KI08+KA03
svm,temperature,target_real,0.717741935483871,0.7013265897873996,0.22986445844013603,0.5028775208610617,0.14184171549615512,0.9381720430107527,0.2636103151862464,0.12365591397849462,0.9883512544802867,0.27923844061650044,0.19265232974910393,K002+KI08+KA03
svm,isotonic,target_real,0.7078853046594982,0.6967667204269935,0.2434219165393431,0.5187470346468612,0.1950044231875781,0.9946236559139785,0.2918918918918919,0.0,0.9946236559139785,0.2918918918918919,0.0,K002+KI08+KA03
xgboost,raw,source_holdout,0.9708333333333333,0.9708998586200259,0.0124129543701808,0.04091434895383602,0.0020860610586565975,,,,,,,K002+KI08+KA03
xgboost,raw,target_real,0.7132616487455197,0.7005003151512222,0.2312025684449408,0.5058120648839527,0.14949218762261526,0.8145161290322581,0.2299229922992299,0.0062724014336917565,0.9847670250896058,0.2802547770700637,0.1039426523297491,K002+KI08+KA03
xgboost,temperature,target_real,0.7132616487455197,0.7005003151512222,0.22402425243686505,0.499368767986635,0.14915225749483862,0.8127240143369175,0.23042998897464168,0.0062724014336917565,0.985663082437276,0.2809090909090909,0.1057347670250896,K002+KI08+KA03
xgboost,isotonic,target_real,0.6881720430107527,0.6818828838648378,0.25887706911762987,0.5351059397555062,0.18114386442117117,0.9811827956989247,0.30228310502283107,0.0,0.9973118279569892,0.3108715184186882,0.0,K002+KI08+KA03
random_forest,raw,source_holdout,0.9790794979079498,0.9790800844382875,0.05463179335045185,0.04863548041528105,0.002309415849197494,,,,,,,K002+KI08+KA05
random_forest,raw,target_real,0.7159498207885304,0.7064980390543673,0.16587107906128712,0.47336327565473457,0.13660714867016419,0.9023297491039427,0.26514399205561073,0.1953405017921147,0.9713261648745519,0.28044280442804426,0.34050179211469533,K002+KI08+KA05
random_forest,temperature,target_real,0.7159498207885304,0.7064980390543673,0.2190232329545979,0.5095736901115548,0.1353814901251663,0.9148745519713262,0.2683643486777669,0.1953405017921147,0.9596774193548387,0.2791783380018674,0.3431899641577061,K002+KI08+KA05
random_forest,isotonic,target_real,0.7007168458781362,0.6931456436706718,0.2733891667471815,0.5651084312515845,0.19014952811663702,0.9543010752688172,0.27511737089201876,0.0,0.9991039426523297,0.2986547085201794,0.0,K002+KI08+KA05
svm,raw,source_holdout,0.9916317991631799,0.991640461215933,0.030804019484712404,0.02479272829506376,0.00037613519806496573,,,,,,,K002+KI08+KA05
svm,raw,target_real,0.724910394265233,0.7098953767853646,0.17082397518772746,0.45850819442821567,0.1445972320873669,0.9767025089605734,0.26972477064220185,0.11827956989247312,0.9767025089605734,0.26972477064220185,0.1935483870967742,K002+KI08+KA05
svm,temperature,target_real,0.724910394265233,0.7098953767853646,0.2217152595819901,0.49260394573498095,0.14288772501757446,0.985663082437276,0.27090909090909093,0.11827956989247312,0.985663082437276,0.27090909090909093,0.1881720430107527,K002+KI08+KA05
svm,isotonic,target_real,0.7222222222222222,0.707608280958789,0.23813719114517534,0.5038659264322835,0.19115816732143545,0.9740143369175627,0.26954921803127874,0.0,0.9740143369175627,0.26954921803127874,0.0,K002+KI08+KA05
xgboost,raw,source_holdout,0.9707112970711297,0.9707473965250507,0.016270879671663435,0.04226981422278045,0.0017827509491550259,,,,,,,K002+KI08+KA05
xgboost,raw,target_real,0.7132616487455197,0.7004211824542841,0.23020416618354858,0.49946129660441607,0.13819294834440973,0.8512544802867383,0.23578947368421052,0.014336917562724014,0.9919354838709677,0.2827461607949413,0.20430107526881722,K002+KI08+KA05
xgboost,temperature,target_real,0.7132616487455197,0.7004211824542841,0.22215520305703457,0.4924510693697162,0.1376905615847187,0.8485663082437276,0.23442449841605068,0.014336917562724014,0.9901433691756273,0.2823529411764706,0.20519713261648745,K002+KI08+KA05
xgboost,isotonic,target_real,0.6935483870967742,0.6863282696291281,0.2547248042459392,0.5362329179164073,0.1790488384636194,0.9292114695340502,0.28254580520732886,0.0,0.9955197132616488,0.3051305130513051,0.0,K002+KI08+KA05
random_forest,raw,source_holdout,0.9874476987447699,0.9874729745343758,0.04243883064502621,0.03417671201226819,0.0013561993631837838,,,,,,,K002+KI08+KA06
random_forest,raw,target_real,0.7043010752688172,0.6965508417913853,0.17284642901809516,0.4802681425104102,0.13740625562801542,0.9301075268817204,0.27360308285163776,0.21774193548387097,0.9489247311827957,0.2785646836638338,0.3503584229390681,K002+KI08+KA06
random_forest,temperature,target_real,0.7043010752688172,0.6965508417913853,0.23009756030524067,0.521107019211329,0.13691346360110787,0.9489247311827957,0.2785646836638338,0.21774193548387097,0.974910394265233,0.2867647058823529,0.3449820788530466,K002+KI08+KA06
random_forest,isotonic,target_real,0.7105734767025089,0.6991410366324313,0.2608015756634832,0.5458640674814995,0.1805830156331566,0.9910394265232975,0.2875226039783002,0.0,0.9910394265232975,0.2875226039783002,0.0,K002+KI08+KA06
svm,raw,source_holdout,0.9874476987447699,0.9874472573839664,0.019207857092844116,0.024193018314679807,0.0003908421244828718,,,,,,,K002+KI08+KA06
svm,raw,target_real,0.71415770609319,0.6996248856576011,0.17914165099958118,0.4659543717387674,0.14214197270885665,0.8602150537634409,0.23854166666666668,0.1388888888888889,0.9847670250896058,0.2802547770700637,0.20878136200716846,K002+KI08+KA06
svm,temperature,target_real,0.71415770609319,0.6996248856576011,0.22659793372866951,0.49733511088541066,0.13982105648156065,0.8682795698924731,0.24045407636738905,0.1388888888888889,0.9767025089605734,0.2761467889908257,0.20698924731182797,K002+KI08+KA06
svm,isotonic,target_real,0.7105734767025089,0.6991740185297246,0.2471090591004671,0.5204464574275544,0.19702146688195515,0.996415770609319,0.28776978417266186,0.0,0.996415770609319,0.28776978417266186,0.0,K002+KI08+KA06
xgboost,raw,source_holdout,0.9790794979079498,0.9791316065190356,0.018170294651925337,0.034662922494847516,0.002084362185384589,,,,,,,K002+KI08+KA06
xgboost,raw,target_real,0.7105734767025089,0.698469976755547,0.2323143643236929,0.5113123078318262,0.15040536932534548,0.8064516129032258,0.22666666666666666,0.007168458781362007,0.9865591397849462,0.2851952770208901,0.007168458781362007,K002+KI08+KA06
xgboost,temperature,target_real,0.7105734767025089,0.698469976755547,0.21999526534388114,0.4995820074867116,0.14981480826219296,0.803763440860215,0.22630992196209587,0.007168458781362007,0.9874551971326165,0.28584392014519056,0.13082437275985664,K002+KI08+KA06
xgboost,isotonic,target_real,0.6836917562724014,0.6715085067997659,0.2702833851606436,0.5718895714606859,0.194864328094061,0.9650537634408602,0.3064066852367688,0.0,0.9650537634408602,0.3064066852367688,0.0,K002+KI08+KA06
random_forest,raw,source_holdout,0.9875,0.9874990172183348,0.045248232354530994,0.03656908560646595,0.0013383229653683747,,,,,,,K002+KI08+KA07
random_forest,raw,target_real,0.703405017921147,0.6952422054823185,0.17195041525028099,0.48003505084027803,0.14081440706998963,0.8978494623655914,0.2684630738522954,0.21505376344086022,0.9417562724014337,0.27497621313035203,0.33064516129032256,K002+KI08+KA07
random_forest,temperature,target_real,0.703405017921147,0.6952422054823185,0.23166849256452082,0.5223355697683154,0.14030848425182924,0.9247311827956989,0.2742248062015504,0.21415770609318996,0.9543010752688172,0.28075117370892017,0.3270609318996416,K002+KI08+KA07
random_forest,isotonic,target_real,0.6989247311827957,0.6907817768849757,0.2584072985453767,0.5471601124488019,0.18075374375868833,1.0,0.3010752688172043,0.0,1.0,0.3010752688172043,0.0,K002+KI08+KA07
svm,raw,source_holdout,0.9833333333333333,0.9833563132160457,0.017241201745192683,0.025198331471365455,0.0004765563663109213,,,,,,,K002+KI08+KA07
svm,raw,target_real,0.7168458781362007,0.7020721290387452,0.17770452953548244,0.4659858238191147,0.14341874194223778,0.8870967741935484,0.24545454545454545,0.12365591397849462,0.9829749103942652,0.27894257064721967,0.2025089605734767,K002+KI08+KA07
svm,temperature,target_real,0.7168458781362007,0.7020721290387452,0.2248383406314239,0.4959492569716105,0.14137626686996355,0.8978494623655914,0.24750499001996007,0.12096774193548387,0.989247311827957,0.2817028985507246,0.20161290322580644,K002+KI08+KA07
svm,isotonic,target_real,0.717741935483871,0.7025182822078389,0.24116258827305656,0.5174790889644787,0.19293184706597477,0.9937275985663082,0.27862939585211904,0.0,0.9937275985663082,0.27862939585211904,0.0,K002+KI08+KA07
xgboost,raw,source_holdout,0.9833333333333333,0.9833297271987694,0.015644084165493653,0.032978913749226055,0.0020713789348474785,,,,,,,K002+KI08+KA07
xgboost,raw,target_real,0.706989247311828,0.6957874328250492,0.23662370288457488,0.5133323424832318,0.14459343014133338,0.8091397849462365,0.23255813953488372,0.023297491039426525,0.9775985663082437,0.2841429880843263,0.1863799283154122,K002+KI08+KA07
xgboost,temperature,target_real,0.706989247311828,0.6957874328250492,0.22340728931131115,0.5012284191921772,0.1440234441661167,0.8064516129032258,0.23,0.025089605734767026,0.9767025089605734,0.28440366972477066,0.2007168458781362,K002+KI08+KA07
xgboost,isotonic,target_real,0.6720430107526881,0.6638532699294498,0.2692544112034615,0.5568814668129216,0.19153254400542624,0.9883512544802867,0.3209428830462375,0.0,0.9883512544802867,0.3209428830462375,0.0,K002+KI08+KA07
random_forest,raw,source_holdout,0.9872881355932204,0.9873907613556033,0.0458634273075275,0.03626287606077383,0.0013219599621171181,,,,,,,K002+KI08+KA08
random_forest,raw,target_real,0.6998207885304659,0.6926198195003757,0.17392540203808846,0.4811581226717509,0.13897718817764532,0.9094982078853047,0.2689655172413793,0.25448028673835127,0.9471326164874552,0.2800378429517502,0.33691756272401435,K002+KI08+KA08
random_forest,temperature,target_real,0.6998207885304659,0.6926198195003757,0.23619416589345785,0.5264885546886493,0.13845830980389032,0.9345878136200717,0.27804410354745923,0.25806451612903225,0.9713261648745519,0.28690036900369004,0.33512544802867383,K002+KI08+KA08
random_forest,isotonic,target_real,0.6944444444444444,0.6881966054167821,0.27194538545701075,0.5634415997300399,0.1838946984492177,0.9605734767025089,0.29384328358208955,0.0,0.9605734767025089,0.29384328358208955,0.0,K002+KI08+KA08
svm,raw,source_holdout,0.9872881355932204,0.9872849197216286,0.02158979427438349,0.025007563078095766,0.00045700281942803343,,,,,,,K002+KI08+KA08
svm,raw,target_real,0.7159498207885304,0.7010873395877001,0.17937204817240507,0.4657563200697352,0.1421909408184183,0.8637992831541219,0.23962655601659752,0.13261648745519714,0.9865591397849462,0.28065395095367845,0.2078853046594982,K002+KI08+KA08
svm,temperature,target_real,0.7159498207885304,0.7010873395877001,0.2264639703814697,0.49666185942215774,0.14008105069481194,0.8772401433691757,0.24310520939734423,0.13261648745519714,0.9758064516129032,0.2764003673094582,0.2060931899641577,K002+KI08+KA08
svm,isotonic,target_real,0.717741935483871,0.7025182822078389,0.2402126952696383,0.517463916528218,0.19581561258886562,0.9937275985663082,0.27862939585211904,0.0,0.9937275985663082,0.27862939585211904,0.0,K002+KI08+KA08
xgboost,raw,source_holdout,0.9788135593220338,0.9790196594608713,0.01643183094970253,0.03966291192039872,0.002179677581920116,,,,,,,K002+KI08+KA08
xgboost,raw,target_real,0.7051971326164874,0.6936760528100842,0.24025282942052384,0.5177650112896209,0.15688109418696206,0.8449820788530465,0.2417815482502651,0.0008960573476702509,0.9910394265232975,0.2911392405063291,0.0008960573476702509,K002+KI08+KA08
xgboost,temperature,target_real,0.7051971326164874,0.6936760528100842,0.22658906441621035,0.5044705780853386,0.1562478541149969,0.839605734767025,0.2390608324439701,0.0008960573476702509,0.9883512544802867,0.2910244786944696,0.0008960573476702509,K002+KI08+KA08
xgboost,isotonic,target_real,0.6890681003584229,0.682678201287279,0.26784996849791454,0.5612027698409034,0.18120056373786297,0.9802867383512545,0.3071297989031079,0.0,0.9802867383512545,0.3071297989031079,0.0,K002+KI08+KA08
random_forest,raw,source_holdout,0.9875,0.9874990172183348,0.047443343579442146,0.03668441612004168,0.0014173634264919152,,,,,,,K002+KI08+KA09
random_forest,raw,target_real,0.7060931899641577,0.6979313664675818,0.17438620986612724,0.4782442232724827,0.13901364115694154,0.8835125448028673,0.26369168356997974,0.24551971326164876,0.9292114695340502,0.2719382835101254,0.33602150537634407,K002+KI08+KA09
random_forest,temperature,target_real,0.7060931899641577,0.6979313664675818,0.23243352089930938,0.5224998970040393,0.1386650480999068,0.9005376344086021,0.2656716417910448,0.22311827956989247,0.9507168458781362,0.2780395852968897,0.33512544802867383,K002+KI08+KA09
random_forest,isotonic,target_real,0.7025089605734767,0.6953200402043223,0.24731515956541986,0.5405221205544951,0.1827194949797172,0.9740143369175627,0.2907083716651334,0.0,1.0,0.2974910394265233,0.0,K002+KI08+KA09
svm,raw,source_holdout,0.9875,0.9874986977131844,0.01930782179622397,0.024203812835881123,0.00038756782092479766,,,,,,,K002+KI08+KA09
svm,raw,target_real,0.7159498207885304,0.7011189358750335,0.17718504361653412,0.4654942799200611,0.14203137622702516,0.8620071684587813,0.2390852390852391,0.1388888888888889,0.9883512544802867,0.2810516772438803,0.2078853046594982,K002+KI08+KA09
svm,temperature,target_real,0.7159498207885304,0.7011189358750335,0.22748788832063313,0.4970510564557216,0.1398809482115182,0.8682795698924731,0.239422084623323,0.1388888888888889,0.9793906810035843,0.27721866422689845,0.2060931899641577,K002+KI08+KA09
svm,isotonic,target_real,0.7114695340501792,0.699889654064533,0.24605980051261192,0.5190989260836774,0.19641210921123597,0.9955197132616488,0.28622862286228623,0.0,0.9955197132616488,0.28622862286228623,0.0,K002+KI08+KA09
xgboost,raw,source_holdout,0.9791666666666666,0.9791576492029946,0.012460444867610953,0.036623173210439376,0.002070301799037116,,,,,,,K002+KI08+KA09
xgboost,raw,target_real,0.7096774193548387,0.6974818071006399,0.23516039472861103,0.5124574998507412,0.14636300097472593,0.8261648745519713,0.23318872017353579,0.011648745519713262,0.985663082437276,0.28454545454545455,0.2132616487455197,K002+KI08+KA09
xgboost,temperature,target_real,0.7096774193548387,0.6974818071006399,0.2239685011780264,0.501531509978424,0.1457204628685495,0.8261648745519713,0.23318872017353579,0.011648745519713262,0.9847670250896058,0.28480436760691535,0.21863799283154123,K002+KI08+KA09
xgboost,isotonic,target_real,0.6935483870967742,0.6876977097924065,0.25105732816442156,0.5315042318716804,0.17577881301360274,0.992831541218638,0.30505415162454874,0.0,0.992831541218638,0.30505415162454874,0.0,K002+KI08+KA09
random_forest,raw,source_holdout,0.895397489539749,0.8952077134953341,0.07627749408742808,0.1927770193743762,0.05320665060624477,,,,,,,K004+KI01+KA01
random_forest,raw,target_real,0.7078853046594982,0.6968642367320689,0.17190368602780992,0.46404590332349654,0.13178387240776956,0.0,,0.1881720430107527,0.9292114695340502,0.26422372227579555,0.3629032258064516,K004+KI01+KA01
random_forest,temperature,target_real,0.7078853046594982,0.6968642367320689,0.20753634554702255,0.48742066686393376,0.13105089981712648,0.0,,0.1881720430107527,0.9399641577060932,0.2640610104861773,0.3611111111111111,K004+KI01+KA01
random_forest,isotonic,target_real,0.6370967741935484,0.6393637419234117,0.2930460655975698,0.5930373855018279,0.28309540453412896,0.9955197132616488,0.3609360936093609,0.0,0.9955197132616488,0.3609360936093609,0.0,K004+KI01+KA01
svm,raw,source_holdout,0.8451882845188284,0.848598376548687,0.2814851907551436,0.39426847565630363,0.10770930411916424,,,,,,,K004+KI01+KA01
svm,raw,target_real,0.7204301075268817,0.7038176013507879,0.16529929093914525,0.4838589320299441,0.1987723736138722,0.1496415770609319,0.1317365269461078,0.012544802867383513,0.2939068100358423,0.15853658536585366,0.03853046594982079,K004+KI01+KA01
svm,temperature,target_real,0.7204301075268817,0.7038176013507879,0.20830827685964912,0.5063909145971831,0.1896493060371663,0.18189964157706093,0.12315270935960591,0.012544802867383513,0.36469534050179214,0.16461916461916462,0.042114695340501794,K004+KI01+KA01
svm,isotonic,target_real,0.7078853046594982,0.697802622037532,0.23766515983051476,0.5279495075516197,0.2764135588667866,0.5546594982078853,0.35864297253634897,0.0,0.9775985663082437,0.2841429880843263,0.0,K004+KI01+KA01
xgboost,raw,source_holdout,0.8702928870292888,0.8695056442791547,0.06030554651715267,0.17797064242351457,0.037793835453332515,,,,,,,K004+KI01+KA01
xgboost,raw,target_real,0.7213261648745519,0.7066102691065007,0.23314953501933794,0.49748079147821206,0.12922837935592893,0.042114695340501794,0.0425531914893617,0.004480286738351254,0.9023297491039427,0.2502482621648461,0.260752688172043,K004+KI01+KA01
xgboost,temperature,target_real,0.7213261648745519,0.7066102691065007,0.19293178176112444,0.46534154855829596,0.1281541783772277,0.03046594982078853,0.058823529411764705,0.005376344086021506,0.8844086021505376,0.24214792299898683,0.31272401433691754,K004+KI01+KA01
xgboost,isotonic,target_real,0.6523297491039427,0.6518978430417618,0.2567934928344774,0.5387286178781496,0.2157058188804506,0.9910394265232975,0.34177215189873417,0.0,0.9910394265232975,0.34177215189873417,0.0,K004+KI01+KA01
random_forest,raw,source_holdout,0.8916666666666667,0.8916616016219936,0.06741333873258988,0.1870480300562373,0.03970454565740488,,,,,,,K004+KI01+KA03
random_forest,raw,target_real,0.7105734767025089,0.6989211775764003,0.17089958906161679,0.4668387185516638,0.12590045704850972,0.1881720430107527,0.004761904761904762,0.18906810035842295,0.9050179211469535,0.2584158415841584,0.3503584229390681,K004+KI01+KA03
random_forest,temperature,target_real,0.7105734767025089,0.6989211775764003,0.20400331653950055,0.4888587413963703,0.1253704725511213,0.1881720430107527,0.004761904761904762,0.18906810035842295,0.9193548387096774,0.260233918128655,0.3449820788530466,K004+KI01+KA03
random_forest,isotonic,target_real,0.6801075268817204,0.6744285503289263,0.2555853063386057,0.5693093843225148,0.2865459664754915,0.8485663082437276,0.27771911298838436,0.0,0.9982078853046595,0.31867145421903054,0.0,K004+KI01+KA03
svm,raw,source_holdout,0.6,0.5243875327908941,0.21400274113417628,0.37635262935997815,0.10977315080993609,,,,,,,K004+KI01+KA03
svm,raw,target_real,0.6577060931899642,0.6502824962031718,0.1858356393765841,0.5105354110430188,0.17573848708890846,0.24910394265232974,0.07194244604316546,0.14695340501792115,0.7222222222222222,0.2518610421836228,0.21774193548387097,K004+KI01+KA03
svm,temperature,target_real,0.6577060931899642,0.6502824962031718,0.14645191271925131,0.4922442071918994,0.1768797509838374,0.2446236559139785,0.0695970695970696,0.1478494623655914,0.7105734767025089,0.25220680958385877,0.21863799283154123,K004+KI01+KA03
svm,isotonic,target_real,0.7007168458781362,0.6883909942075489,0.22245038690256147,0.5276487294358583,0.1934774788295574,0.600358422939068,0.30149253731343284,0.0,1.0,0.2992831541218638,0.0,K004+KI01+KA03
xgboost,raw,source_holdout,0.8833333333333333,0.8833057004278929,0.05589372913042703,0.1701207914724611,0.061914346620899306,,,,,,,K004+KI01+KA03
xgboost,raw,target_real,0.7231182795698925,0.7068584832440253,0.22898691310463842,0.49732345015704466,0.13743271712814542,0.0,,0.005376344086021506,0.8870967741935484,0.24141414141414141,0.23655913978494625,K004+KI01+KA03
xgboost,temperature,target_real,0.7231182795698925,0.7068584832440253,0.1924318195050175,0.46874512325331014,0.1365669541956626,0.0,,0.004480286738351254,0.8817204301075269,0.23882113821138212,0.235663082437276,K004+KI01+KA03
xgboost,isotonic,target_real,0.6935483870967742,0.6837569415260369,0.23360507588970256,0.5192526075757454,0.2249384702635124,0.5286738351254481,0.30338983050847457,0.0,0.992831541218638,0.30144404332129965,0.0,K004+KI01+KA03
random_forest,raw,source_holdout,0.7740585774058577,0.7664850234386659,0.07121256949969852,0.22890194741829603,0.07391674377936111,,,,,,,K004+KI01+KA05
random_forest,raw,target_real,0.7087813620071685,0.6972385264302569,0.17050584885468295,0.4659850358362667,0.129764225696836,0.0,,0.20161290322580644,0.8897849462365591,0.25478348439073517,0.3682795698924731,K004+KI01+KA05
random_forest,temperature,target_real,0.7087813620071685,0.6972385264302569,0.19298458751351627,0.48085985774240025,0.12920283029171797,0.0,,0.20161290322580644,0.9014336917562724,0.2544731610337972,0.3664874551971326,K004+KI01+KA05
random_forest,isotonic,target_real,0.6989247311827957,0.6846512849763274,0.23657099035980886,0.5544284311014189,0.26597762726526997,0.7992831541218638,0.2556053811659193,0.0,0.9543010752688172,0.28450704225352114,0.0,K004+KI01+KA05
svm,raw,source_holdout,0.5983263598326359,0.5214647088477428,0.21417437230026676,0.3877960029407953,0.11266620252186306,,,,,,,K004+KI01+KA05
svm,raw,target_real,0.6568100358422939,0.6502368917943696,0.1891537944550853,0.5103865625060863,0.1767387566768927,0.257168458781362,0.07317073170731707,0.1442652329749104,0.7275985663082437,0.2524630541871921,0.22132616487455198,K004+KI01+KA05
svm,temperature,target_real,0.6568100358422939,0.6502368917943696,0.14304722719533552,0.4905351855096891,0.1777739021998145,0.25,0.07526881720430108,0.14874551971326164,0.706989247311828,0.24841571609632446,0.2078853046594982,K004+KI01+KA05
svm,isotonic,target_real,0.6944444444444444,0.6853892820407053,0.23154497906859695,0.5293199658537988,0.19521818016752093,0.5672043010752689,0.30173775671406006,0.0,0.9955197132616488,0.3033303330333033,0.0,K004+KI01+KA05
xgboost,raw,source_holdout,0.8661087866108786,0.8656181015452539,0.05713240721235712,0.18489318441319075,0.05556511614700056,,,,,,,K004+KI01+KA05
xgboost,raw,target_real,0.7213261648745519,0.7058810115104679,0.23044457860744985,0.4976328525292748,0.1297439663374539,0.0,,0.0035842293906810036,0.8951612903225806,0.24324324324324326,0.25806451612903225,K004+KI01+KA05
xgboost,temperature,target_real,0.7213261648745519,0.7058810115104679,0.19308779594874254,0.4658156389664264,0.1290246682543581,0.0,,0.002688172043010753,0.8781362007168458,0.2357142857142857,0.2903225806451613,K004+KI01+KA05
xgboost,isotonic,target_real,0.7168458781362007,0.7016446597330458,0.2147243323892904,0.5112161844304094,0.240438882754731,0.7625448028673835,0.23501762632197415,0.0,0.9220430107526881,0.2555879494655005,0.0,K004+KI01+KA05
random_forest,raw,source_holdout,0.8619246861924686,0.8609621524078864,0.04461183719741325,0.20344983774084813,0.059252825385091384,,,,,,,K004+KI01+KA06
random_forest,raw,target_real,0.7096774193548387,0.6985272262513376,0.17028473877547515,0.46444892389651354,0.12691578379417398,0.0,,0.224910394265233,0.9220430107526881,0.26433430515063167,0.34767025089605735,K004+KI01+KA06
random_forest,temperature,target_real,0.7096774193548387,0.6985272262513376,0.10424156152517897,0.43502298722475147,0.12756530908548924,0.10663082437275985,0.0,0.22311827956989247,0.8969534050179212,0.25574425574425574,0.3673835125448029,K004+KI01+KA06
random_forest,isotonic,target_real,0.6137992831541219,0.6175794277937373,0.290875306516856,0.6124213882540217,0.2868759614137384,0.9937275985663082,0.3823264201983769,0.0,0.9937275985663082,0.3823264201983769,0.0,K004+KI01+KA06
svm,raw,source_holdout,0.602510460251046,0.5245292561469032,0.21638142384070935,0.3766168405690123,0.10716726534894105,,,,,,,K004+KI01+KA06
svm,raw,target_real,0.6559139784946236,0.6500966168074517,0.18543158301637366,0.5106644476885813,0.1771412832470294,0.40591397849462363,0.18984547461368653,0.14695340501792115,0.7240143369175627,0.25123762376237624,0.2222222222222222,K004+KI01+KA06
svm,temperature,target_real,0.6559139784946236,0.6500966168074517,0.13163310705696463,0.4830261622763352,0.17898806060614417,0.3897849462365591,0.18620689655172415,0.1496415770609319,0.6845878136200717,0.2526178010471204,0.2078853046594982,K004+KI01+KA06
svm,isotonic,target_real,0.6944444444444444,0.6863680520228286,0.22682010129046848,0.5218187653082825,0.19071699901976666,0.5600358422939068,0.3072,0.0,0.9901433691756273,0.302262443438914,0.0,K004+KI01+KA06
xgboost,raw,source_holdout,0.8661087866108786,0.8653443508558825,0.07085226170687492,0.20513954172825197,0.04593816038989977,,,,,,,K004+KI01+KA06
xgboost,raw,target_real,0.7204301075268817,0.70598180479123,0.23227864981872634,0.4989711244284731,0.13106270399021278,0.025089605734767026,0.07142857142857142,0.002688172043010753,0.8557347670250897,0.2356020942408377,0.289426523297491,K004+KI01+KA06
xgboost,temperature,target_real,0.7204301075268817,0.70598180479123,0.1818532325324041,0.45770072720731814,0.12986234789478618,0.026881720430107527,0.06666666666666667,0.0035842293906810036,0.8449820788530465,0.23435843054082714,0.29838709677419356,K004+KI01+KA06
xgboost,isotonic,target_real,0.6514336917562724,0.6507621246999106,0.2519581698260453,0.5317361304698904,0.22089977157560306,0.9955197132616488,0.34563456345634563,0.0,0.9955197132616488,0.34563456345634563,0.0,K004+KI01+KA06
random_forest,raw,source_holdout,0.8583333333333333,0.8570833060390775,0.03634638075088384,0.2000274854325781,0.05750826038944463,,,,,,,K004+KI01+KA07
random_forest,raw,target_real,0.7096774193548387,0.6984819121447029,0.17189396184164246,0.4663788916855643,0.13944139411413106,0.0,,0.0,0.9256272401433692,0.26621490803484993,0.33691756272401435,K004+KI01+KA07
random_forest,temperature,target_real,0.7096774193548387,0.6984819121447029,0.11437391999692424,0.4399581966391514,0.14077803080387163,0.0,,0.0,0.9068100358422939,0.2618577075098814,0.3378136200716846,K004+KI01+KA07
random_forest,isotonic,target_real,0.6182795698924731,0.6224997789892561,0.29171876103900485,0.6008252862720435,0.2824908257165976,0.9901433691756273,0.3764705882352941,0.0,0.9901433691756273,0.3764705882352941,0.0,K004+KI01+KA07
svm,raw,source_holdout,0.6041666666666666,0.5254629629629629,0.21426059192345587,0.3733485963337655,0.1057137229279618,,,,,,,K004+KI01+KA07
svm,raw,target_real,0.6577060931899642,0.6517373003435027,0.18730788255035533,0.5091999428217905,0.1763425102127694,0.4112903225806452,0.1895424836601307,0.14516129032258066,0.735663082437276,0.24847746650426308,0.21236559139784947,K004+KI01+KA07
svm,temperature,target_real,0.6577060931899642,0.6517373003435027,0.1252060759442611,0.4818542744252448,0.17826923937255665,0.39157706093189965,0.1853546910755149,0.1478494623655914,0.6899641577060932,0.2545454545454545,0.20519713261648745,K004+KI01+KA07
svm,isotonic,target_real,0.692652329749104,0.6842973271935096,0.2272526002938051,0.5207233169960093,0.19231826435232227,0.48655913978494625,0.3370165745856354,0.0,0.985663082437276,0.3009090909090909,0.0,K004+KI01+KA07
xgboost,raw,source_holdout,0.8708333333333333,0.8700530961457679,0.056870849927266424,0.1733569079957662,0.03485414132330041,,,,,,,K004+KI01+KA07
xgboost,raw,target_real,0.7231182795698925,0.7078834443006482,0.23085063776021358,0.4959204296853097,0.13089680229165573,0.033154121863799284,0.05405405405405406,0.002688172043010753,0.8924731182795699,0.2429718875502008,0.2625448028673835,K004+KI01+KA07
xgboost,temperature,target_real,0.7231182795698925,0.7078834443006482,0.18727263296767754,0.46021353470404935,0.1297139071273478,0.03136200716845878,0.05714285714285714,0.0035842293906810036,0.8906810035842294,0.24346076458752516,0.29659498207885304,K004+KI01+KA07
xgboost,isotonic,target_real,0.6801075268817204,0.6747653054324904,0.23342497053402628,0.5257008186206369,0.21482663166003316,0.739247311827957,0.24363636363636362,0.0,0.9865591397849462,0.3142597638510445,0.0,K004+KI01+KA07
random_forest,raw,source_holdout,0.8813559322033898,0.8812738518226082,0.06985391114151909,0.19663405418080132,0.05254511306201,,,,,,,K004+KI01+KA08
random_forest,raw,target_real,0.7105734767025089,0.6992666634796524,0.1714220011482681,0.4665069987290785,0.137110947856636,0.0,,0.0,0.9390681003584229,0.26622137404580154,0.33064516129032256,K004+KI01+KA08
random_forest,temperature,target_real,0.7105734767025089,0.6992666634796524,0.11669191923983531,0.44124906149278154,0.13812649263040638,0.0,,0.0,0.9148745519713262,0.26346718903036237,0.33691756272401435,K004+KI01+KA08
random_forest,isotonic,target_real,0.6263440860215054,0.629344629226396,0.2788371267478177,0.5860105698568407,0.27899895387972123,0.9543010752688172,0.3502347417840376,0.0,0.9543010752688172,0.3502347417840376,0.0,K004+KI01+KA08
svm,raw,source_holdout,0.597457627118644,0.5216315453384418,0.21021367834571889,0.36614791631668236,0.10921797719978951,,,,,,,K004+KI01+KA08
svm,raw,target_real,0.6568100358422939,0.6506863647077282,0.18465459778173787,0.5056036179650665,0.1765948064530172,0.40860215053763443,0.18859649122807018,0.13978494623655913,0.7123655913978495,0.2490566037735849,0.20698924731182797,K004+KI01+KA08
svm,temperature,target_real,0.6568100358422939,0.6506863647077282,0.13424294014046462,0.48281857824845476,0.1782960520271111,0.39695340501792115,0.1873589164785553,0.1424731182795699,0.6890681003584229,0.24967490247074123,0.1989247311827957,K004+KI01+KA08
svm,isotonic,target_real,0.6944444444444444,0.6867587099282842,0.2272352582480882,0.522912660759917,0.19080370896597354,0.532258064516129,0.32491582491582494,0.0,0.9865591397849462,0.30154405086285196,0.0,K004+KI01+KA08
xgboost,raw,source_holdout,0.902542372881356,0.9027832256288879,0.054964141572936095,0.14060271915292,0.029720418847380654,,,,,,,K004+KI01+KA08
xgboost,raw,target_real,0.7195340501792115,0.7043488082024886,0.23075695311830885,0.4979675352340697,0.13029915636456896,0.11738351254480286,0.030534351145038167,0.013440860215053764,0.910394265232975,0.25393700787401574,0.2885304659498208,K004+KI01+KA08
xgboost,temperature,target_real,0.7195340501792115,0.7043488082024886,0.2010165374665852,0.4736080802992013,0.1296151040784627,0.11559139784946236,0.031007751937984496,0.013440860215053764,0.9059139784946236,0.2532146389713155,0.289426523297491,K004+KI01+KA08
xgboost,isotonic,target_real,0.6872759856630825,0.6818906480598526,0.2347937845927141,0.5259300488799677,0.20189221261064186,0.78584229390681,0.2508551881413911,0.0,0.9740143369175627,0.30358785648574055,0.0,K004+KI01+KA08
random_forest,raw,source_holdout,0.9166666666666666,0.9164461816240941,0.09244979072245171,0.18712498538300248,0.047441196301891767,,,,,,,K004+KI01+KA09
random_forest,raw,target_real,0.7114695340501792,0.7000059858698497,0.17190374040780187,0.4651393694713964,0.13391649128752572,0.0,,0.0,0.9256272401433692,0.26427879961277834,0.34767025089605735,K004+KI01+KA09
random_forest,temperature,target_real,0.7114695340501792,0.7000059858698497,0.20135871318654427,0.4850614255778912,0.1273464895883842,0.1111111111111111,0.0,0.1111111111111111,0.9372759856630825,0.2638623326959847,0.34587813620071683,K004+KI01+KA09
random_forest,isotonic,target_real,0.6487455197132617,0.6488011637276684,0.273712839935112,0.5852317042313627,0.28011301118520726,0.9793906810035843,0.3458371454711802,0.0,0.9793906810035843,0.3458371454711802,0.0,K004+KI01+KA09
svm,raw,source_holdout,0.6041666666666666,0.5254629629629629,0.20844132877558194,0.3680769786544889,0.1057496080168024,,,,,,,K004+KI01+KA09
svm,raw,target_real,0.6586021505376344,0.6526663577208618,0.18350646505275858,0.507922392245436,0.1761315363456053,0.40860215053763443,0.18859649122807018,0.14695340501792115,0.7329749103942652,0.25183374083129584,0.21774193548387097,K004+KI01+KA09
svm,temperature,target_real,0.6586021505376344,0.6526663577208618,0.1310871539398376,0.48371400753099164,0.17787190327054533,0.3978494623655914,0.18693693693693694,0.15143369175627241,0.6863799283154122,0.25326370757180156,0.2060931899641577,K004+KI01+KA09
svm,isotonic,target_real,0.692652329749104,0.6843489678191353,0.22844053325003658,0.523174568157414,0.1890203553162582,0.5761648745519713,0.30326594090202175,0.0,0.9883512544802867,0.3055303717135086,0.0,K004+KI01+KA09
xgboost,raw,source_holdout,0.8875,0.8870767036372132,0.04800828595956166,0.15786543532602318,0.03646486784847173,,,,,,,K004+KI01+KA09
xgboost,raw,target_real,0.7222222222222222,0.706555766895646,0.22840984697089828,0.495453501244512,0.13069237319659296,0.051075268817204304,0.03508771929824561,0.0035842293906810036,0.8897849462365591,0.24169184290030213,0.25448028673835127,K004+KI01+KA09
xgboost,temperature,target_real,0.7222222222222222,0.706555766895646,0.1916110003834547,0.46521081909838424,0.12981245966707408,0.05465949820788531,0.03278688524590164,0.004480286738351254,0.8933691756272402,0.242728184553661,0.2903225806451613,K004+KI01+KA09
xgboost,isotonic,target_real,0.6702508960573477,0.6669008155101506,0.24650340483470673,0.5267826715763557,0.2122810513273561,0.7267025089605734,0.23674475955610358,0.0,0.9847670250896058,0.32666060054595086,0.0,K004+KI01+KA09
random_forest,raw,source_holdout,0.9367088607594937,0.9365269629295682,0.04435091403663031,0.10940573975894606,0.018386500662771758,,,,,,,K004+KI03+KA01
random_forest,raw,target_real,0.7016129032258065,0.6946848674586524,0.19159802314210805,0.5007199619494273,0.15013463978202282,0.3378136200716846,0.06896551724137931,0.0,0.9050179211469535,0.2712871287128713,0.30824372759856633,K004+KI03+KA01
random_forest,temperature,target_real,0.7016129032258065,0.6946848674586524,0.19002745454917633,0.49974626961650614,0.14944641946878018,0.3378136200716846,0.06896551724137931,0.10483870967741936,0.9050179211469535,0.2712871287128713,0.30824372759856633,K004+KI03+KA01
random_forest,isotonic,target_real,0.7016129032258065,0.6929888865076692,0.22524423642687755,0.5172872056555156,0.1621709655346088,0.49731182795698925,0.1009009009009009,0.0,0.9668458781362007,0.2891566265060241,0.0,K004+KI03+KA01
svm,raw,source_holdout,0.5991561181434599,0.4986873847027104,0.24345269656711968,0.4275104590227761,0.12020986910041066,,,,,,,K004+KI03+KA01
svm,raw,target_real,0.7204301075268817,0.7087843906920996,0.17731029483864685,0.4671217540080401,0.19582643967747063,0.07616487455197132,0.17647058823529413,0.011648745519713262,0.8109318996415771,0.2276243093922652,0.011648745519713262,K004+KI03+KA01
svm,temperature,target_real,0.7204301075268817,0.7087843906920996,0.11543467001680728,0.4433271215659308,0.19763401640359135,0.08064516129032258,0.15555555555555556,0.011648745519713262,0.8028673835125448,0.22544642857142858,0.011648745519713262,K004+KI03+KA01
svm,isotonic,target_real,0.6854838709677419,0.6794722350586619,0.23825107330917278,0.5281836850614872,0.16288090393639335,0.3010752688172043,0.08333333333333333,0.0,0.8691756272401434,0.2649484536082474,0.0,K004+KI03+KA01
xgboost,raw,source_holdout,0.9282700421940928,0.9280748419386647,0.05443711622857842,0.11665236145796559,0.025210339586410117,,,,,,,K004+KI03+KA01
xgboost,raw,target_real,0.7204301075268817,0.7090315575582932,0.23988377580612796,0.5168116249314021,0.14660128391379362,0.19982078853046595,0.013452914798206279,0.1989247311827957,0.8808243727598566,0.25127161749745675,0.24551971326164876,K004+KI03+KA01
xgboost,temperature,target_real,0.7204301075268817,0.7090315575582932,0.1859790083608702,0.47639028202623235,0.14501282713279567,0.20161290322580644,0.008888888888888889,0.20519713261648745,0.8853046594982079,0.25,0.25268817204301075,K004+KI03+KA01
xgboost,isotonic,target_real,0.7159498207885304,0.7005651393430993,0.19927527728594907,0.4919811331700648,0.12892292659696714,0.4175627240143369,0.04291845493562232,0.0,0.931899641577061,0.27403846153846156,0.4175627240143369,K004+KI03+KA01
random_forest,raw,source_holdout,0.9327731092436975,0.9325193681960863,0.0290677158894159,0.11160791780762074,0.016298826533672553,,,,,,,K004+KI03+KA03
random_forest,raw,target_real,0.696236559139785,0.6879558841277698,0.20234441147459617,0.5073899932626075,0.1532504582043146,0.36917562724014336,0.10436893203883495,0.0,0.8924731182795699,0.2710843373493976,0.3055555555555556,K004+KI03+KA03
random_forest,temperature,target_real,0.696236559139785,0.6879558841277698,0.18326061210115546,0.49565070649451004,0.15351580459745537,0.36200716845878134,0.09653465346534654,0.0,0.8879928315412187,0.2704339051463169,0.3055555555555556,K004+KI03+KA03
random_forest,isotonic,target_real,0.696236559139785,0.6886274094929078,0.19168409583124343,0.4960901686100368,0.17885789706803493,0.492831541218638,0.12363636363636364,0.0,0.9202508960573477,0.27945472249269715,0.0,K004+KI03+KA03
svm,raw,source_holdout,0.9285714285714286,0.9283462017010106,0.02631877093781722,0.1043990431823965,0.012920585989057402,,,,,,,K004+KI03+KA03
svm,raw,target_real,0.7213261648745519,0.708548823709663,0.17493177139473326,0.46354564044005825,0.14339866810074542,0.5806451612903226,0.17746913580246915,0.12724014336917563,0.8449820788530465,0.23435843054082714,0.19086021505376344,K004+KI03+KA03
svm,temperature,target_real,0.7213261648745519,0.708548823709663,0.17650099876979092,0.4644417301719619,0.14338823254627808,0.5797491039426523,0.17619783616692428,0.12724014336917563,0.8449820788530465,0.23435843054082714,0.19086021505376344,K004+KI03+KA03
svm,isotonic,target_real,0.7258064516129032,0.7119568400302708,0.19594580839805564,0.4721934248260766,0.13120578362732715,0.6720430107526881,0.188,0.0,0.9050179211469535,0.24257425742574257,0.0,K004+KI03+KA03
xgboost,raw,source_holdout,0.9285714285714286,0.9284226134567651,0.0640796816148678,0.11798184234570731,0.03295981334341814,,,,,,,K004+KI03+KA03
xgboost,raw,target_real,0.717741935483871,0.7057822914569037,0.23822216620154707,0.5156702361495594,0.15405491511302633,0.246415770609319,0.06545454545454546,0.033154121863799284,0.8727598566308243,0.24845995893223818,0.1827956989247312,K004+KI03+KA03
xgboost,temperature,target_real,0.717741935483871,0.7057822914569037,0.18554097699057648,0.4766428233691085,0.15150055020996142,0.23297491039426524,0.06153846153846154,0.033154121863799284,0.8763440860215054,0.24846625766871167,0.2060931899641577,K004+KI03+KA03
xgboost,isotonic,target_real,0.7132616487455197,0.7030301735396737,0.19331659784766952,0.47790332380222755,0.15213053675740706,0.41308243727598565,0.0650759219088937,0.0,0.9130824372759857,0.267909715407262,0.0,K004+KI03+KA03
random_forest,raw,source_holdout,0.9282700421940928,0.9286296359467091,0.03209070060353639,0.12158337123601405,0.017547988030877083,,,,,,,K004+KI03+KA05
random_forest,raw,target_real,0.6980286738351255,0.690532738893329,0.19783545941988973,0.5027146879656825,0.14496278789754635,0.3279569892473118,0.04918032786885246,0.0,0.8512544802867383,0.2673684210526316,0.33064516129032256,K004+KI03+KA05
random_forest,temperature,target_real,0.6980286738351255,0.690532738893329,0.18575953113360383,0.49512361017855794,0.1534719107387277,0.3270609318996416,0.049315068493150684,0.0,0.850358422939068,0.2665964172813488,0.33154121863799285,K004+KI03+KA05
random_forest,isotonic,target_real,0.6989247311827957,0.6913646951667434,0.18156536196529674,0.4974068280326757,0.1526714831385203,0.43010752688172044,0.06666666666666667,0.0,0.9229390681003584,0.2815533980582524,0.0,K004+KI03+KA05
svm,raw,source_holdout,0.9282700421940928,0.9283245735924083,0.023792781015060008,0.1050628563034959,0.014425638095203834,,,,,,,K004+KI03+KA05
svm,raw,target_real,0.724910394265233,0.7130858313330446,0.1724222653682152,0.4575557304385495,0.14341479648132596,0.5743727598566308,0.1747269890795632,0.12365591397849462,0.8772401433691757,0.24004085801838612,0.18458781362007168,K004+KI03+KA05
svm,temperature,target_real,0.724910394265233,0.7130858313330446,0.17668521641081703,0.46040989477336713,0.1434310430276007,0.5743727598566308,0.1747269890795632,0.12365591397849462,0.8799283154121864,0.24032586558044808,0.18369175627240145,K004+KI03+KA05
svm,isotonic,target_real,0.7275985663082437,0.7150893186029567,0.20426345321919126,0.4737430382170183,0.1325953531227761,0.6881720430107527,0.19401041666666666,0.0,0.9453405017921147,0.25213270142180094,0.0,K004+KI03+KA05
xgboost,raw,source_holdout,0.919831223628692,0.9202279202279202,0.05915311720803822,0.13119253870432868,0.03359531027607648,,,,,,,K004+KI03+KA05
xgboost,raw,target_real,0.7186379928315412,0.7065736450309567,0.2404765912121342,0.5158167142693015,0.14869765505092003,0.13620071684587814,0.02631578947368421,0.1111111111111111,0.8736559139784946,0.24615384615384617,0.21863799283154123,K004+KI03+KA05
xgboost,temperature,target_real,0.7186379928315412,0.7065736450309567,0.18253884515980803,0.4737639592968313,0.1461612334249958,0.1442652329749104,0.018633540372670808,0.12007168458781362,0.8718637992831542,0.24665981500513876,0.22939068100358423,K004+KI03+KA05
xgboost,isotonic,target_real,0.7007168458781362,0.6940499835173393,0.18996697508626045,0.4783906372843826,0.14304524984229433,0.3960573476702509,0.04072398190045249,0.0,0.9112903225806451,0.26548672566371684,0.3960573476702509,K004+KI03+KA05
random_forest,raw,source_holdout,0.9409282700421941,0.940774539492014,0.037488255235395,0.1053339165174487,0.010760433501528499,,,,,,,K004+KI03+KA06
random_forest,raw,target_real,0.7025089605734767,0.6953192615866732,0.19248152559165854,0.5021711538931022,0.15074510532132918,0.3978494623655914,0.10585585585585586,0.0,0.9005376344086021,0.27064676616915423,0.2956989247311828,K004+KI03+KA06
random_forest,temperature,target_real,0.7025089605734767,0.6953192615866732,0.16838616048627458,0.4865630160398163,0.15099364831752954,0.40860215053763443,0.11842105263157894,0.0,0.8763440860215054,0.2689161554192229,0.30734767025089604,K004+KI03+KA06
random_forest,isotonic,target_real,0.696236559139785,0.6856127100904462,0.18267592372222716,0.5027230854852398,0.16695360104702003,0.45698924731182794,0.09215686274509804,0.0,0.8333333333333334,0.24946236559139784,0.0,K004+KI03+KA06
svm,raw,source_holdout,0.9324894514767933,0.9322706559565909,0.021379659883537804,0.10053344713824763,0.010327962005209863,,,,,,,K004+KI03+KA06
svm,raw,target_real,0.7222222222222222,0.7106379010362128,0.17499461801419613,0.4627062261223938,0.1430036333129782,0.5618279569892473,0.17065390749601275,0.12903225806451613,0.9121863799283154,0.25245579567779963,0.18906810035842295,K004+KI03+KA06
svm,temperature,target_real,0.7222222222222222,0.7106379010362128,0.16849835864301455,0.4594739277094955,0.14302087895745166,0.5618279569892473,0.17065390749601275,0.12903225806451613,0.9157706093189965,0.25440313111545987,0.1971326164874552,K004+KI03+KA06
svm,isotonic,target_real,0.7213261648745519,0.7084518446127746,0.2016006813594191,0.47229876980676194,0.12914700285058123,0.6890681003584229,0.18985695708712613,0.0,0.921146953405018,0.24708171206225682,0.0,K004+KI03+KA06
xgboost,raw,source_holdout,0.9324894514767933,0.9323020146796198,0.05435541888329547,0.1159882498060647,0.01595479858488405,,,,,,,K004+KI03+KA06
xgboost,raw,target_real,0.7213261648745519,0.7103478208164865,0.24248159620710596,0.5180793610686448,0.1485385181679315,0.30734767025089604,0.09620991253644315,0.14157706093189965,0.8844086021505376,0.25227963525835867,0.23655913978494625,K004+KI03+KA06
xgboost,temperature,target_real,0.7213261648745519,0.7103478208164865,0.1850536343577613,0.4700351657981624,0.14625355440070037,0.30734767025089604,0.08746355685131195,0.1442652329749104,0.9086021505376344,0.2593688362919132,0.24014336917562723,K004+KI03+KA06
xgboost,isotonic,target_real,0.6953405017921147,0.6879192433099361,0.18712472421179205,0.4814119340618999,0.1359259647885377,0.40860215053763443,0.05043859649122807,0.0,0.9345878136200717,0.2713326941514861,0.3629032258064516,K004+KI03+KA06
random_forest,raw,source_holdout,0.9369747899159664,0.9365530056135271,0.03869912689003629,0.10561508339167254,0.012170672172580837,,,,,,,K004+KI03+KA07
random_forest,raw,target_real,0.7016129032258065,0.6944557062835424,0.19430108769497273,0.5058180296551911,0.15759801463313644,0.3611111111111111,0.10669975186104218,0.0,0.9032258064516129,0.2718253968253968,0.2616487455197133,K004+KI03+KA07
random_forest,temperature,target_real,0.7016129032258065,0.6944557062835424,0.16382989564924277,0.4883806488449459,0.15782620674065237,0.35842293906810035,0.105,0.0,0.9005376344086021,0.2716417910447761,0.27508960573476704,K004+KI03+KA07
random_forest,isotonic,target_real,0.6980286738351255,0.6880538003876749,0.19324921309014775,0.5060423382051787,0.16965525204229207,0.45340501792114696,0.09683794466403162,0.0,0.946236559139785,0.2859848484848485,0.0,K004+KI03+KA07
svm,raw,source_holdout,0.9327731092436975,0.9322966986405499,0.020491244472632945,0.09988542840655255,0.010213412644601648,,,,,,,K004+KI03+KA07
svm,raw,target_real,0.7240143369175627,0.7126686651330109,0.1719694803293314,0.4627883091984631,0.144250367977327,0.5609318996415771,0.17092651757188498,0.12096774193548387,0.9157706093189965,0.25244618395303325,0.18100358422939067,K004+KI03+KA07
svm,temperature,target_real,0.7240143369175627,0.7126686651330109,0.16709318825689104,0.45952380277338833,0.14421907071642265,0.5600358422939068,0.1696,0.12096774193548387,0.9157706093189965,0.25244618395303325,0.1827956989247312,K004+KI03+KA07
svm,isotonic,target_real,0.7213261648745519,0.7082123304157347,0.20133838044941554,0.4717824217427019,0.132446677211897,0.6899641577060932,0.19090909090909092,0.0,0.921146953405018,0.24708171206225682,0.0,K004+KI03+KA07
xgboost,raw,source_holdout,0.9327731092436975,0.9323382087757964,0.05086693267862333,0.11194960684483601,0.014723087997470408,,,,,,,K004+KI03+KA07
xgboost,raw,target_real,0.7186379928315412,0.707804454470134,0.2404009844026258,0.5161876021558247,0.1469501974247107,0.2724014336917563,0.05921052631578947,0.2078853046594982,0.8817204301075269,0.24796747967479674,0.25806451612903225,K004+KI03+KA07
xgboost,temperature,target_real,0.7186379928315412,0.707804454470134,0.17867957119047673,0.470547060245532,0.14493018550845466,0.278673835125448,0.05787781350482315,0.2078853046594982,0.8853046594982079,0.25101214574898784,0.26433691756272404,K004+KI03+KA07
xgboost,isotonic,target_real,0.7087813620071685,0.6956816575047973,0.1851809341203705,0.48175675525128936,0.1506882666420945,0.4157706093189964,0.0668103448275862,0.0,0.8566308243727598,0.23221757322175732,0.0,K004+KI03+KA07
random_forest,raw,source_holdout,0.9358974358974359,0.936504420422549,0.0428315330323664,0.11376998254378468,0.012137891730656734,,,,,,,K004+KI03+KA08
random_forest,raw,target_real,0.7016129032258065,0.6944223112491582,0.19312583154997226,0.50722035658671,0.15312679235767854,0.3906810035842294,0.12155963302752294,0.21415770609318996,0.8476702508960573,0.266384778012685,0.3118279569892473,K004+KI03+KA08
random_forest,temperature,target_real,0.7016129032258065,0.6944223112491582,0.16248261076527354,0.48977796603736373,0.15329810914135364,0.3772401433691756,0.11163895486935867,0.21415770609318996,0.8494623655913979,0.2679324894514768,0.3154121863799283,K004+KI03+KA08
random_forest,isotonic,target_real,0.7007168458781362,0.6934040872820022,0.1826624083677189,0.4835064237255478,0.1768032476333012,0.4560931899641577,0.12180746561886051,0.0,0.9121863799283154,0.27603143418467585,0.0,K004+KI03+KA08
svm,raw,source_holdout,0.9316239316239316,0.9321884427778183,0.02296822504321775,0.1017803779010365,0.010698305886444777,,,,,,,K004+KI03+KA08
svm,raw,target_real,0.7213261648745519,0.7096132391387417,0.1751950207607283,0.4618621546888701,0.1440454241873654,0.5618279569892473,0.17065390749601275,0.10215053763440861,0.9175627240143369,0.2548828125,0.18369175627240145,K004+KI03+KA08
svm,temperature,target_real,0.7213261648745519,0.7096132391387417,0.1702788047892748,0.45904609966635884,0.14397821912977413,0.5618279569892473,0.17065390749601275,0.10304659498207885,0.9166666666666666,0.2541544477028348,0.1881720430107527,K004+KI03+KA08
svm,isotonic,target_real,0.7231182795698925,0.710220009873181,0.20003479165703808,0.47223222958404776,0.13064174704098727,0.6881720430107527,0.19140625,0.0,0.9220430107526881,0.2468415937803693,0.0,K004+KI03+KA08
xgboost,raw,source_holdout,0.9230769230769231,0.9238965329591738,0.0594432978039114,0.1336787747710153,0.017622978412530504,,,,,,,K004+KI03+KA08
xgboost,raw,target_real,0.7132616487455197,0.7028364962031154,0.24473943937850257,0.5273099837799031,0.1579900494237994,0.246415770609319,0.07636363636363637,0.09946236559139784,0.8297491039426523,0.2451403887688985,0.20519713261648745,K004+KI03+KA08
xgboost,temperature,target_real,0.7132616487455197,0.7028364962031154,0.17676865543033612,0.4764613272611525,0.1553808231486992,0.25268817204301075,0.07801418439716312,0.1057347670250896,0.850358422939068,0.2518440463645943,0.21057347670250895,K004+KI03+KA08
xgboost,isotonic,target_real,0.7150537634408602,0.7041065345331202,0.16742791643983804,0.46658723863454205,0.15146154164232947,0.41397849462365593,0.0670995670995671,0.0,0.8942652329749103,0.2665330661322645,0.0,K004+KI03+KA08
random_forest,raw,source_holdout,0.9369747899159664,0.9365530056135271,0.037387374010386956,0.10743970989811916,0.01341625825494513,,,,,,,K004+KI03+KA09
random_forest,raw,target_real,0.7007168458781362,0.6935201621281609,0.1968407789814832,0.5048408067775935,0.15310133509298207,0.3548387096774194,0.09595959595959595,0.0,0.9041218637992832,0.2705649157581764,0.2840501792114695,K004+KI03+KA09
random_forest,temperature,target_real,0.7007168458781362,0.6935201621281609,0.1713886399170723,0.4898771127115272,0.15344267358867036,0.3449820788530466,0.09350649350649351,0.0,0.9032258064516129,0.2698412698412698,0.2849462365591398,K004+KI03+KA09
random_forest,isotonic,target_real,0.6998207885304659,0.6925039019074385,0.180398998505722,0.4855453414549113,0.16263538187372348,0.449820788530466,0.09362549800796813,0.0,0.9399641577060932,0.28217349857006674,0.0,K004+KI03+KA09
svm,raw,source_holdout,0.9327731092436975,0.9322966986405499,0.021852052942763017,0.10025031215827301,0.010496017122427218,,,,,,,K004+KI03+KA09
svm,raw,target_real,0.7240143369175627,0.7126711529301777,0.17309636345498763,0.4620511995035123,0.14305683527271915,0.5636200716845878,0.17011128775834658,0.12724014336917563,0.9148745519713262,0.25367286973555336,0.18727598566308243,K004+KI03+KA09
svm,temperature,target_real,0.7240143369175627,0.7126711529301777,0.1684201287138166,0.45936494114506665,0.14310443224545122,0.5627240143369175,0.17038216560509553,0.12724014336917563,0.9139784946236559,0.25392156862745097,0.1971326164874552,K004+KI03+KA09
svm,isotonic,target_real,0.7195340501792115,0.7070507612412206,0.20468901659786842,0.4738380699547314,0.12990486656080574,0.6890681003584229,0.18985695708712613,0.0,0.9247311827956989,0.24903100775193798,0.0,K004+KI03+KA09
xgboost,raw,source_holdout,0.9369747899159664,0.9365706757011104,0.05472830977259561,0.11460419202825146,0.017539307908187685,,,,,,,K004+KI03+KA09
xgboost,raw,target_real,0.7186379928315412,0.7073649520269037,0.24106979575742532,0.5197866265061097,0.14687792505030403,0.28046594982078854,0.0670926517571885,0.1424731182795699,0.8799283154121864,0.2484725050916497,0.24283154121863798,K004+KI03+KA09
xgboost,temperature,target_real,0.7186379928315412,0.7073649520269037,0.18168622048426142,0.47435096447288727,0.14491404536904265,0.28584229390681004,0.06583072100313479,0.17921146953405018,0.9005376344086021,0.25671641791044775,0.25089605734767023,K004+KI03+KA09
xgboost,isotonic,target_real,0.7007168458781362,0.6942161505695573,0.19477741482276012,0.4794007630597481,0.146576000245287,0.4668458781362007,0.07869481765834933,0.0,0.9525089605734767,0.2756349952963311,0.0,K004+KI03+KA09
random_forest,raw,source_holdout,0.9159663865546218,0.9158971945145482,0.04453249953579286,0.13254296449305458,0.031248233253734554,,,,,,,K004+KI05+KA01
random_forest,raw,target_real,0.7051971326164874,0.6966634105594594,0.1828542330365111,0.48753596850933417,0.1347017755266326,0.235663082437276,0.015209125475285171,0.22311827956989247,0.8207885304659498,0.25,0.32616487455197135,K004+KI05+KA01
random_forest,temperature,target_real,0.7051971326164874,0.6966634105594594,0.18788094375290226,0.491013824561514,0.1379260869055073,0.235663082437276,0.015209125475285171,0.22311827956989247,0.8216845878136201,0.25081788440567065,0.32616487455197135,K004+KI05+KA01
random_forest,isotonic,target_real,0.696236559139785,0.6884385180054494,0.22762443632575216,0.5255999512016614,0.149100396686346,0.3709677419354839,0.12077294685990338,0.0,0.8835125448028673,0.2768762677484787,0.0,K004+KI05+KA01
svm,raw,source_holdout,0.5462184873949579,0.4555407446903048,0.2402810046532819,0.478313763404806,0.16671833436811478,,,,,,,K004+KI05+KA01
svm,raw,target_real,0.703405017921147,0.6909264832335101,0.18851651940012104,0.4816364706223065,0.1877696955653815,0.26344086021505375,0.16666666666666666,0.008960573476702509,0.6263440860215054,0.18025751072961374,0.01971326164874552,K004+KI05+KA01
svm,temperature,target_real,0.703405017921147,0.6909264832335101,0.10755614389628923,0.45002118121173673,0.19415020492872317,0.18369175627240145,0.18048780487804877,0.008960573476702509,0.5385304659498208,0.1713810316139767,0.01971326164874552,K004+KI05+KA01
svm,isotonic,target_real,0.6872759856630825,0.6791931326407163,0.22487850104833706,0.524908052987707,0.18130508590430633,0.49910394265232977,0.18850987432675045,0.0,0.7831541218637993,0.2311212814645309,0.0,K004+KI05+KA01
xgboost,raw,source_holdout,0.8991596638655462,0.899335232668566,0.07172003163009133,0.16829796541220218,0.04069002509980661,,,,,,,K004+KI05+KA01
xgboost,raw,target_real,0.7051971326164874,0.6943513596421661,0.24655584310011197,0.5286691861258425,0.13227498673352922,0.13440860215053763,0.02,0.024193548387096774,0.739247311827957,0.21696969696969698,0.2939068100358423,K004+KI05+KA01
xgboost,temperature,target_real,0.7051971326164874,0.6943513596421661,0.18100478643718437,0.4720171091698473,0.12987696761047748,0.1335125448028674,0.013422818791946308,0.033154121863799284,0.7383512544802867,0.21601941747572814,0.30824372759856633,K004+KI05+KA01
xgboost,isotonic,target_real,0.6953405017921147,0.6867204756567329,0.2014952007372411,0.4948509905931749,0.154396063436603,0.36469534050179214,0.12776412776412777,0.0,0.7634408602150538,0.21948356807511737,0.0,K004+KI05+KA01
random_forest,raw,source_holdout,0.9121338912133892,0.9122117400419287,0.033298580091809055,0.13267841097604682,0.025322808745639396,,,,,,,K004+KI05+KA03
random_forest,raw,target_real,0.7016129032258065,0.6917926419000867,0.1882289102264216,0.4936783786207168,0.14058496836517947,0.33154121863799285,0.03783783783783784,0.0,0.8539426523297491,0.2570828961175236,0.3485663082437276,K004+KI05+KA03
random_forest,temperature,target_real,0.7016129032258065,0.6917926419000867,0.18277348202193633,0.4898533300643906,0.15020500943069554,0.3324372759856631,0.03773584905660377,0.0,0.8539426523297491,0.25603357817418676,0.34767025089605735,K004+KI05+KA03
random_forest,isotonic,target_real,0.6890681003584229,0.6820646582793263,0.22480897602089378,0.5232441232205224,0.15199717530374293,0.4659498207885305,0.09038461538461538,0.0,0.8862007168458781,0.2699696663296259,0.0,K004+KI05+KA03
svm,raw,source_holdout,0.8870292887029289,0.887081053118789,0.04820535454323038,0.16780682666777258,0.02568319278046764,,,,,,,K004+KI05+KA03
svm,raw,target_real,0.7123655913978495,0.6987567427425739,0.18572744595193658,0.47601404606992764,0.14101305509588724,0.496415770609319,0.14259927797833935,0.13978494623655913,0.8091397849462365,0.23477297895902546,0.19982078853046595,K004+KI05+KA03
svm,temperature,target_real,0.7123655913978495,0.6987567427425739,0.17071486801365734,0.4689571518111293,0.14158719716464194,0.49193548387096775,0.14571948998178508,0.13978494623655913,0.8046594982078853,0.23385300668151449,0.19982078853046595,K004+KI05+KA03
svm,isotonic,target_real,0.692652329749104,0.6838349921040043,0.21699307852466682,0.499971471810498,0.16235674884444923,0.6344086021505376,0.1765536723163842,0.0,0.8243727598566308,0.22934782608695653,0.0,K004+KI05+KA03
xgboost,raw,source_holdout,0.899581589958159,0.8995867478330727,0.07573416280447187,0.17265069562145366,0.04716433358421528,,,,,,,K004+KI05+KA03
xgboost,raw,target_real,0.7096774193548387,0.6985253579324887,0.24290671354446783,0.5337422016105464,0.14141733213487911,0.2168458781362007,0.03305785123966942,0.014336917562724014,0.7240143369175627,0.2141089108910891,0.24014336917562723,K004+KI05+KA03
xgboost,temperature,target_real,0.7096774193548387,0.6985253579324887,0.18135836334804334,0.480849582818383,0.1393286891660277,0.22670250896057348,0.03557312252964427,0.013440860215053764,0.7159498207885304,0.20901126408010012,0.2482078853046595,K004+KI05+KA03
xgboost,isotonic,target_real,0.6971326164874552,0.6892291457519523,0.2148706081212267,0.5045504079462652,0.15130527718831546,0.4068100358422939,0.12555066079295155,0.0,0.7526881720430108,0.2119047619047619,0.0,K004+KI05+KA03
random_forest,raw,source_holdout,0.9033613445378151,0.9039914089140532,0.040017304243728055,0.14456386818131314,0.029383887277392252,,,,,,,K004+KI05+KA05
random_forest,raw,target_real,0.706989247311828,0.6981375327826317,0.18265282650488335,0.48802604935600485,0.13509075409997387,0.25268817204301075,0.031914893617021274,0.1971326164874552,0.8189964157706093,0.24726477024070023,0.2885304659498208,K004+KI05+KA05
random_forest,temperature,target_real,0.706989247311828,0.6981375327826317,0.1767425542713203,0.4846543262862372,0.1344457984589041,0.24551971326164876,0.029197080291970802,0.1971326164874552,0.8189964157706093,0.24726477024070023,0.2885304659498208,K004+KI05+KA05
random_forest,isotonic,target_real,0.7043010752688172,0.6952776163814867,0.20820264336952815,0.5164870166939955,0.15803239021116572,0.49372759856630827,0.1161524500907441,0.0,0.8718637992831542,0.2723535457348407,0.0,K004+KI05+KA05
svm,raw,source_holdout,0.8907563025210085,0.8911965578176355,0.04239061264075432,0.1677851488084694,0.02560097942158693,,,,,,,K004+KI05+KA05
svm,raw,target_real,0.7123655913978495,0.6989385922719257,0.18278632884460766,0.46900070598654603,0.1399424036011381,0.5053763440860215,0.14361702127659576,0.1388888888888889,0.8082437275985663,0.229490022172949,0.19265232974910393,K004+KI05+KA05
svm,temperature,target_real,0.7123655913978495,0.6989385922719257,0.17374031585543445,0.46362381289827886,0.14037124242366472,0.5,0.14336917562724014,0.1388888888888889,0.807347670250896,0.2297447280799112,0.1971326164874552,K004+KI05+KA05
svm,isotonic,target_real,0.703405017921147,0.695813611640364,0.20808190699496254,0.4899605559748613,0.15946073998473506,0.6550179211469535,0.17783857729138167,0.0,0.8342293906810035,0.22986036519871106,0.0,K004+KI05+KA05
xgboost,raw,source_holdout,0.8949579831932774,0.895893250421039,0.08101899107965099,0.1895069677136616,0.05107242535506652,,,,,,,K004+KI05+KA05
xgboost,raw,target_real,0.7123655913978495,0.700489337869739,0.24133474881824205,0.527187466982551,0.1318896276146997,0.03853046594982079,0.023255813953488372,0.011648745519713262,0.7508960573476703,0.21837708830548927,0.32526881720430106,K004+KI05+KA05
xgboost,temperature,target_real,0.7123655913978495,0.700489337869739,0.17544008427512997,0.4693865199045195,0.13010544333049895,0.0492831541218638,0.03636363636363636,0.011648745519713262,0.7437275985663082,0.21445783132530122,0.34139784946236557,K004+KI05+KA05
xgboost,isotonic,target_real,0.7043010752688172,0.695525194500509,0.18857751361637104,0.48437038479881095,0.16505287684097084,0.34946236559139787,0.1358974358974359,0.0,0.764336917562724,0.21805392731535755,0.0,K004+KI05+KA05
random_forest,raw,source_holdout,0.9159663865546218,0.9158971945145482,0.0377628461002779,0.12833996428755978,0.018369592865788053,,,,,,,K004+KI05+KA06
random_forest,raw,target_real,0.7043010752688172,0.6959145311590729,0.18329120714206043,0.4892456609347251,0.13554197972590487,0.4489247311827957,0.10778443113772455,0.1917562724014337,0.8790322580645161,0.2619775739041794,0.32974910394265233,K004+KI05+KA06
random_forest,temperature,target_real,0.7043010752688172,0.6959145311590729,0.16610379468004377,0.4781493197564182,0.13493911518728538,0.4578853046594982,0.11154598825831702,0.1917562724014337,0.8718637992831542,0.2620760534429599,0.33064516129032256,K004+KI05+KA06
random_forest,isotonic,target_real,0.696236559139785,0.6872577979696776,0.21245280774461198,0.5175198825754042,0.1533056899241044,0.5161290322580645,0.11805555555555555,0.0,0.8960573476702509,0.277,0.0,K004+KI05+KA06
svm,raw,source_holdout,0.8907563025210085,0.8905017632879654,0.05750445481884108,0.16403050522189064,0.022613458580338638,,,,,,,K004+KI05+KA06
svm,raw,target_real,0.7078853046594982,0.6953491470275305,0.18401556819983028,0.47197224271628463,0.13940091208002672,0.47939068100358423,0.13271028037383178,0.13440860215053763,0.7983870967741935,0.2255892255892256,0.19982078853046595,K004+KI05+KA06
svm,temperature,target_real,0.7078853046594982,0.6953491470275305,0.15975352458976852,0.4579456143487404,0.1405178104332914,0.4731182795698925,0.13446969696969696,0.13440860215053763,0.7876344086021505,0.2241183162684869,0.2007168458781362,K004+KI05+KA06
svm,isotonic,target_real,0.7025089605734767,0.6940476255470714,0.20590139102146926,0.48946764616207017,0.16069804735285279,0.649641577060932,0.1820689655172414,0.0,0.828853046594982,0.22918918918918918,0.0,K004+KI05+KA06
xgboost,raw,source_holdout,0.8991596638655462,0.8990584823005192,0.06598955217529742,0.17376021310433207,0.027760736706152197,,,,,,,K004+KI05+KA06
xgboost,raw,target_real,0.7016129032258065,0.6912575999682313,0.25212237212179384,0.5358175934045948,0.13693830414952138,0.4068100358422939,0.09691629955947137,0.010752688172043012,0.7598566308243727,0.22169811320754718,0.2885304659498208,K004+KI05+KA06
xgboost,temperature,target_real,0.7016129032258065,0.6912575999682313,0.17664828623536385,0.4707552296567669,0.1342216802979221,0.3835125448028674,0.0911214953271028,0.015232974910394265,0.7544802867383512,0.22446555819477435,0.3118279569892473,K004+KI05+KA06
xgboost,isotonic,target_real,0.6908602150537635,0.6827908570035262,0.20281599451905147,0.4964584057090871,0.14671538969217873,0.5,0.11827956989247312,0.0,0.7840501792114696,0.224,0.0,K004+KI05+KA06
random_forest,raw,source_holdout,0.9205020920502092,0.9201226379656511,0.024856642887060066,0.12670046494361162,0.018903313463471495,,,,,,,K004+KI05+KA07
random_forest,raw,target_real,0.7043010752688172,0.6956858068445834,0.18514351872705756,0.49125310768003433,0.1392578504926594,0.3718637992831541,0.07951807228915662,0.0,0.8808243727598566,0.2634791454730417,0.3234767025089606,K004+KI05+KA07
random_forest,temperature,target_real,0.7043010752688172,0.6956858068445834,0.1647356346321281,0.47830478582852315,0.13966443261516284,0.3709677419354839,0.07971014492753623,0.0,0.8754480286738351,0.263050153531218,0.3234767025089606,K004+KI05+KA07
random_forest,isotonic,target_real,0.696236559139785,0.6868803711522924,0.21324935883823365,0.5220069188306714,0.15468514219770604,0.42383512544802865,0.08456659619450317,0.0,0.9354838709677419,0.28544061302681994,0.0,K004+KI05+KA07
svm,raw,source_holdout,0.891213389121339,0.8908774152676592,0.06239749504637742,0.16581742287994733,0.022969527540583436,,,,,,,K004+KI05+KA07
svm,raw,target_real,0.7078853046594982,0.6954887575977766,0.18507366681191167,0.4724270314643835,0.14000846463450545,0.48655913978494625,0.13075506445672191,0.11379928315412187,0.7956989247311828,0.22409909909909909,0.18906810035842295,K004+KI05+KA07
svm,temperature,target_real,0.7078853046594982,0.6954887575977766,0.1592852806413061,0.45763435906448435,0.14116880530012427,0.46953405017921146,0.1297709923664122,0.11379928315412187,0.7912186379928315,0.22423556058890148,0.1917562724014337,K004+KI05+KA07
svm,isotonic,target_real,0.6998207885304659,0.6921082894958475,0.2010422083882185,0.48861754383423966,0.15992920284391568,0.6057347670250897,0.17011834319526628,0.0,0.7992831541218638,0.2219730941704036,0.0,K004+KI05+KA07
xgboost,raw,source_holdout,0.9121338912133892,0.9118939244013458,0.07547853157610077,0.16333425550072622,0.024427939482145812,,,,,,,K004+KI05+KA07
xgboost,raw,target_real,0.7007168458781362,0.6906652179917643,0.2519095621762737,0.5358213230155134,0.13595538851710806,0.3772401433691756,0.08076009501187649,0.015232974910394265,0.7777777777777778,0.2315668202764977,0.26344086021505375,K004+KI05+KA07
xgboost,temperature,target_real,0.7007168458781362,0.6906652179917643,0.17779417558160093,0.4725512816755796,0.1338643228484751,0.3978494623655914,0.08333333333333333,0.016129032258064516,0.7777777777777778,0.2304147465437788,0.278673835125448,K004+KI05+KA07
xgboost,isotonic,target_real,0.6989247311827957,0.6897859816730457,0.18876779378873407,0.49510959216387795,0.14768293838225635,0.489247311827957,0.0989010989010989,0.0,0.7867383512544803,0.23234624145785876,0.0,K004+KI05+KA07
random_forest,raw,source_holdout,0.9148936170212766,0.9159494648571114,0.04019469538303911,0.13654921352193225,0.02144915966893971,,,,,,,K004+KI05+KA08
random_forest,raw,target_real,0.7025089605734767,0.6937294824528067,0.18396451951123813,0.49058653784000894,0.1432404029364923,0.40053763440860213,0.09843400447427293,0.0,0.828853046594982,0.25513513513513514,0.3172043010752688,K004+KI05+KA08
random_forest,temperature,target_real,0.7025089605734767,0.6937294824528067,0.15949989892492633,0.47547338142981016,0.13847617871831167,0.3978494623655914,0.0990990990990991,0.10931899641577061,0.8189964157706093,0.25164113785557984,0.31899641577060933,K004+KI05+KA08
random_forest,isotonic,target_real,0.7043010752688172,0.696501038068241,0.19537897359831383,0.5091820387212231,0.15410663593553542,0.43100358422939067,0.0893970893970894,0.0,0.8324372759856631,0.263724434876211,0.0,K004+KI05+KA08
svm,raw,source_holdout,0.8893617021276595,0.8904195501091928,0.0630363860353907,0.16871634826267382,0.023916340431474635,,,,,,,K004+KI05+KA08
svm,raw,target_real,0.7051971326164874,0.6928145007491224,0.1862033688386302,0.47160271028954925,0.14101425457724803,0.4775985663082437,0.1350844277673546,0.11469534050179211,0.7939068100358423,0.22460496613995484,0.1863799283154122,K004+KI05+KA08
svm,temperature,target_real,0.7051971326164874,0.6928145007491224,0.16133831447862873,0.45734432706959693,0.1419978759351138,0.45878136200716846,0.134765625,0.11469534050179211,0.7903225806451613,0.2233560090702948,0.19086021505376344,K004+KI05+KA08
svm,isotonic,target_real,0.7025089605734767,0.6949995842743609,0.19973014537587036,0.4886742063985748,0.15966174512464743,0.6155913978494624,0.16739446870451238,0.0,0.7849462365591398,0.22146118721461186,0.0,K004+KI05+KA08
xgboost,raw,source_holdout,0.902127659574468,0.903778498517274,0.07943234215391441,0.17858015909304045,0.02918309250956465,,,,,,,K004+KI05+KA08
xgboost,raw,target_real,0.6971326164874552,0.6867305212484592,0.25553663013549693,0.5417039119146575,0.1429893894074231,0.34946236559139787,0.07948717948717948,0.024193548387096774,0.7885304659498208,0.2340909090909091,0.22401433691756273,K004+KI05+KA08
xgboost,temperature,target_real,0.6971326164874552,0.6867305212484592,0.17892962540574325,0.4743883034528652,0.1406889009733478,0.35663082437275984,0.08040201005025126,0.02867383512544803,0.7365591397849462,0.22019464720194648,0.23476702508960573,K004+KI05+KA08
xgboost,isotonic,target_real,0.6980286738351255,0.6901924087207775,0.18879974175647152,0.49052378213006037,0.1622220683578324,0.4560931899641577,0.1237721021611002,0.0,0.7768817204301075,0.2306805074971165,0.0,K004+KI05+KA08
random_forest,raw,source_holdout,0.9205020920502092,0.9201226379656511,0.025677619867908848,0.12828025921412645,0.04141190303718956,,,,,,,K004+KI05+KA09
random_forest,raw,target_real,0.7043010752688172,0.6956858068445834,0.18568235262463517,0.49059564960651014,0.13930451930074658,0.3664874551971326,0.07090464547677261,0.2132616487455197,0.8862007168458781,0.26693629929221435,0.32437275985663083,K004+KI05+KA09
random_forest,temperature,target_real,0.7043010752688172,0.6956858068445834,0.13813443790228608,0.4620309433027065,0.1425034920139734,0.3655913978494624,0.06372549019607843,0.2132616487455197,0.8673835125448028,0.26136363636363635,0.3288530465949821,K004+KI05+KA09
random_forest,isotonic,target_real,0.7043010752688172,0.6954118211914064,0.2073168887938586,0.5111912016625123,0.17949323060098052,0.4211469534050179,0.07446808510638298,0.0,0.8933691756272402,0.2708124373119358,0.0,K004+KI05+KA09
svm,raw,source_holdout,0.895397489539749,0.8951118147635069,0.05754122820046734,0.16237406520226147,0.022062632987504095,,,,,,,K004+KI05+KA09
svm,raw,target_real,0.7105734767025089,0.6979370142340248,0.18157836218280976,0.47098180483331403,0.13948153155618234,0.503584229390681,0.14412811387900357,0.13261648745519714,0.803763440860215,0.22853957636566333,0.19265232974910393,K004+KI05+KA09
svm,temperature,target_real,0.7105734767025089,0.6979370142340248,0.15923909869531383,0.4580934318605887,0.140575892782658,0.47491039426523296,0.1339622641509434,0.13261648745519714,0.7992831541218638,0.226457399103139,0.1935483870967742,K004+KI05+KA09
svm,isotonic,target_real,0.7025089605734767,0.6940449422312729,0.2056145528193917,0.488637690745318,0.16017200951190202,0.6370967741935484,0.17721518987341772,0.0,0.8297491039426523,0.22786177105831534,0.0,K004+KI05+KA09
xgboost,raw,source_holdout,0.9121338912133892,0.9118939244013458,0.0691489765584219,0.16416468419987612,0.032464133078017376,,,,,,,K004+KI05+KA09
xgboost,raw,target_real,0.7043010752688172,0.6937322876590559,0.2491701232756765,0.5342318954271795,0.1347344270716146,0.1917562724014337,0.02336448598130841,0.008960573476702509,0.7455197132616488,0.21754807692307693,0.28046594982078854,K004+KI05+KA09
xgboost,temperature,target_real,0.7043010752688172,0.6937322876590559,0.17604542773760118,0.4707185110345737,0.1329015648776803,0.3978494623655914,0.08783783783783784,0.008960573476702509,0.7275985663082437,0.2105911330049261,0.2921146953405018,K004+KI05+KA09
xgboost,isotonic,target_real,0.7060931899641577,0.6952095092919364,0.19579569289827373,0.4951606071535085,0.1508827157867694,0.4722222222222222,0.1157495256166983,0.0,0.7741935483870968,0.2175925925925926,0.0,K004+KI05+KA09
random_forest,raw,source_holdout,0.9537815126050421,0.9534537929814618,0.04280197802989345,0.0733650297755979,0.011308463853791148,,,,,,,K004+KI07+KA01
random_forest,raw,target_real,0.7105734767025089,0.70000659099228,0.17034073861835597,0.46515491799815367,0.1275005639109507,0.5224014336917563,0.137221269296741,0.1863799283154122,0.9775985663082437,0.27864344637946836,0.3611111111111111,K004+KI07+KA01
random_forest,temperature,target_real,0.7105734767025089,0.70000659099228,0.19519415283571387,0.4811110772827355,0.1269754628134005,0.525089605734767,0.13993174061433447,0.1863799283154122,0.9758064516129032,0.27823691460055094,0.35125448028673834,K004+KI07+KA01
random_forest,isotonic,target_real,0.6550179211469535,0.6563120334067091,0.30742640515667863,0.6213616553690003,0.2005190805625649,0.9032258064516129,0.29662698412698413,0.0,0.9847670250896058,0.3421292083712466,0.0,K004+KI07+KA01
svm,raw,source_holdout,0.6008403361344538,0.5044649392475479,0.24315719455221652,0.46472578015225524,0.12437288023763399,,,,,,,K004+KI07+KA01
svm,raw,target_real,0.717741935483871,0.7006796497694584,0.17316863663392673,0.45883384563304197,0.1574872267327938,0.5152329749103942,0.13391304347826086,0.011648745519713262,0.8046594982078853,0.21603563474387527,0.04838709677419355,K004+KI07+KA01
svm,temperature,target_real,0.717741935483871,0.7006796497694584,0.05686628184071533,0.42304380686870763,0.16477814364421367,0.18548387096774194,0.14492753623188406,0.010752688172043012,0.7867383512544803,0.2164009111617312,0.05734767025089606,K004+KI07+KA01
svm,isotonic,target_real,0.692652329749104,0.6874925299132469,0.2415558986484255,0.566161664871427,0.21458515153203717,0.7553763440860215,0.2835112692763938,0.0,0.9847670250896058,0.3039126478616925,0.0,K004+KI07+KA01
xgboost,raw,source_holdout,0.9411764705882353,0.9408443490377735,0.039068640530610266,0.09593591626834132,0.01578249646297085,,,,,,,K004+KI07+KA01
xgboost,raw,target_real,0.717741935483871,0.7032411841376293,0.234707848733044,0.4990789869482771,0.12046550516631203,0.4444444444444444,0.09274193548387097,0.08422939068100359,0.9480286738351255,0.2646502835538752,0.36379928315412186,K004+KI07+KA01
xgboost,temperature,target_real,0.717741935483871,0.7032411841376293,0.1938730732924162,0.463321647763325,0.1195425250958373,0.44713261648745517,0.09218436873747494,0.11021505376344086,0.9453405017921147,0.26255924170616113,0.3673835125448029,K004+KI07+KA01
xgboost,isotonic,target_real,0.6774193548387096,0.6744146746985815,0.28143246370450625,0.5895931735347549,0.19475889299861293,0.78584229390681,0.2554161915621437,0.0,0.9525089605734767,0.30950141110065854,0.0,K004+KI07+KA01
random_forest,raw,source_holdout,0.9539748953974896,0.9540018723137553,0.01867547149199507,0.07970569436971445,0.010467768323350024,,,,,,,K004+KI07+KA03
random_forest,raw,target_real,0.7025089605734767,0.6909339927368653,0.18035974546560696,0.4691263615577674,0.12900342455014863,0.5206093189964157,0.13253012048192772,0.21594982078853048,0.9605734767025089,0.28078358208955223,0.3611111111111111,K004+KI07+KA03
random_forest,temperature,target_real,0.7025089605734767,0.6909339927368653,0.19168707709044533,0.47682359732408647,0.12881358976793322,0.5232974910394266,0.13356164383561644,0.21594982078853048,0.9650537634408602,0.28319405756731664,0.36200716845878134,K004+KI07+KA03
random_forest,isotonic,target_real,0.6720430107526881,0.6712446733545857,0.25556078107594554,0.5813517391253002,0.20803504360510583,0.8485663082437276,0.28616684266103487,0.0,0.9991039426523297,0.3273542600896861,0.0,K004+KI07+KA03
svm,raw,source_holdout,0.9288702928870293,0.9284855745233104,0.022021725725882353,0.10082496761295866,0.00924448704311813,,,,,,,K004+KI07+KA03
svm,raw,target_real,0.724910394265233,0.7072030322881399,0.17626382706428328,0.4566697990854397,0.12611306843813244,0.5645161290322581,0.1380952380952381,0.16129032258064516,0.8790322580645161,0.23955147808358818,0.22849462365591397,K004+KI07+KA03
svm,temperature,target_real,0.724910394265233,0.7072030322881399,0.1734282346817102,0.4549171051066585,0.12620661906186076,0.5672043010752689,0.1406003159557662,0.16129032258064516,0.8790322580645161,0.23955147808358818,0.23118279569892472,K004+KI07+KA03
svm,isotonic,target_real,0.6908602150537635,0.6852904968146515,0.24977989760671354,0.5710904568300776,0.18778243969360067,0.8593189964157706,0.27424400417101147,0.0,0.9354838709677419,0.29118773946360155,0.0,K004+KI07+KA03
xgboost,raw,source_holdout,0.9330543933054394,0.9329739679418262,0.036923085047111344,0.09958188814419758,0.021247220653730792,,,,,,,K004+KI07+KA03
xgboost,raw,target_real,0.7222222222222222,0.7070363199368571,0.22795389734181887,0.49981779440071555,0.1277436102532089,0.4229390681003584,0.08898305084745763,0.022401433691756272,0.9238351254480287,0.2618816682832202,0.33154121863799285,K004+KI07+KA03
xgboost,temperature,target_real,0.7222222222222222,0.7070363199368571,0.1922121537015143,0.4683309302832837,0.12640265210414256,0.43010752688172044,0.08958333333333333,0.025089605734767026,0.9220430107526881,0.26044703595724006,0.34050179211469533,K004+KI07+KA03
xgboost,isotonic,target_real,0.6935483870967742,0.6884525861930203,0.2579624820473189,0.5590763086466105,0.2064485605198174,0.7885304659498208,0.2340909090909091,0.0,0.982078853046595,0.3010948905109489,0.0,K004+KI07+KA03
random_forest,raw,source_holdout,0.9453781512605042,0.9452959321380373,0.02618983043404733,0.08736693638987568,0.015308133726883444,,,,,,,K004+KI07+KA05
random_forest,raw,target_real,0.7114695340501792,0.700034543134182,0.1708372884933735,0.465878449011813,0.1307055688133133,0.5340501792114696,0.13926174496644295,0.1953405017921147,0.96415770609319,0.27973977695167285,0.3593189964157706,K004+KI07+KA05
random_forest,temperature,target_real,0.7114695340501792,0.700034543134182,0.2000799477222946,0.4851934989705546,0.129970009448095,0.5259856630824373,0.13798977853492334,0.1953405017921147,0.9767025089605734,0.281651376146789,0.34767025089605735,K004+KI07+KA05
random_forest,isotonic,target_real,0.6845878136200717,0.6799119732963336,0.24596369624049613,0.5808204407209691,0.2790433197621947,0.8548387096774194,0.2861635220125786,0.0,1.0,0.3154121863799283,0.0,K004+KI07+KA05
svm,raw,source_holdout,0.9285714285714286,0.9281450569831856,0.01873767849989941,0.10035863889727388,0.009433276042354773,,,,,,,K004+KI07+KA05
svm,raw,target_real,0.7240143369175627,0.7070307843927774,0.17422519377316428,0.4497687011925738,0.12472039896587284,0.5743727598566308,0.1435257410296412,0.15591397849462366,0.8835125448028673,0.2332657200811359,0.23655913978494625,K004+KI07+KA05
svm,temperature,target_real,0.7240143369175627,0.7070307843927774,0.17435845659567106,0.44984854200581037,0.1247220052104773,0.5743727598566308,0.1435257410296412,0.15591397849462366,0.8835125448028673,0.2332657200811359,0.23655913978494625,K004+KI07+KA05
svm,isotonic,target_real,0.6989247311827957,0.692375392545984,0.25885859188035554,0.5716142993480603,0.1863197069645279,0.9014336917562724,0.28330019880715707,0.0,0.9946236559139785,0.2990990990990991,0.0,K004+KI07+KA05
xgboost,raw,source_holdout,0.9285714285714286,0.9285874943769681,0.04249292662163742,0.10911684107986731,0.01661977515860138,,,,,,,K004+KI07+KA05
xgboost,raw,target_real,0.7159498207885304,0.7006297087212512,0.23653605556295762,0.5017715754854386,0.11864506162455979,0.4632616487455197,0.10251450676982592,0.06451612903225806,0.9238351254480287,0.2550921435499515,0.35842293906810035,K004+KI07+KA05
xgboost,temperature,target_real,0.7159498207885304,0.7006297087212512,0.19262681483750121,0.4619330739717655,0.11747065604541518,0.478494623655914,0.10299625468164794,0.18369175627240145,0.9238351254480287,0.2541222114451988,0.3664874551971326,K004+KI07+KA05
xgboost,isotonic,target_real,0.6702508960573477,0.6687047671803189,0.26910035456476816,0.5675592828776732,0.20110363434519432,0.7921146953405018,0.24660633484162897,0.0,0.978494623655914,0.31868131868131866,0.0,K004+KI07+KA05
random_forest,raw,source_holdout,0.9537815126050421,0.9534537929814618,0.022400914018310895,0.07024508035221427,0.007162626255671851,,,,,,,K004+KI07+KA06
random_forest,raw,target_real,0.7087813620071685,0.6978608114572317,0.17248485548780318,0.4675547745508363,0.13488868117545527,0.4910394265232975,0.12226277372262774,0.0,0.9758064516129032,0.2800734618916437,0.3602150537634409,K004+KI07+KA06
random_forest,temperature,target_real,0.7087813620071685,0.6978608114572317,0.17046859728865177,0.4663310603953465,0.13490568177226492,0.4910394265232975,0.12226277372262774,0.0,0.9758064516129032,0.2800734618916437,0.3611111111111111,K004+KI07+KA06
random_forest,isotonic,target_real,0.6406810035842294,0.6427295332848858,0.3090949598111877,0.6289276528816748,0.2089311443052748,0.8933691756272402,0.3119358074222668,0.0,0.9811827956989247,0.3552511415525114,0.0,K004+KI07+KA06
svm,raw,source_holdout,0.9327731092436975,0.9323116219667944,0.023650756687351313,0.09537865147130158,0.007464039463999862,,,,,,,K004+KI07+KA06
svm,raw,target_real,0.7213261648745519,0.7050340980862516,0.1711905826146366,0.45239285309937183,0.1248418115493839,0.553763440860215,0.13592233009708737,0.1532258064516129,0.8835125448028673,0.23427991886409735,0.23387096774193547,K004+KI07+KA06
svm,temperature,target_real,0.7213261648745519,0.7050340980862516,0.1532885139401059,0.44232072126975885,0.12548466039969486,0.5546594982078853,0.13731825525040386,0.15591397849462366,0.8781362007168458,0.23265306122448978,0.22939068100358423,K004+KI07+KA06
svm,isotonic,target_real,0.6317204301075269,0.6370782517978525,0.3005122412518849,0.6176704691756211,0.19468033040426375,0.8629032258064516,0.308411214953271,0.0,0.9991039426523297,0.36771300448430494,0.0,K004+KI07+KA06
xgboost,raw,source_holdout,0.9453781512605042,0.9451096066552017,0.0344494786583075,0.09291103101848588,0.01019207262972887,,,,,,,K004+KI07+KA06
xgboost,raw,target_real,0.717741935483871,0.7040133897194106,0.23469564545645935,0.5020119039767991,0.12179322635932065,0.4560931899641577,0.0962671905697446,0.1039426523297491,0.96415770609319,0.27230483271375466,0.3664874551971326,K004+KI07+KA06
xgboost,temperature,target_real,0.717741935483871,0.7040133897194106,0.18609464105696497,0.45930360086991884,0.12045627399074013,0.4560931899641577,0.0962671905697446,0.12903225806451613,0.9614695340501792,0.2702702702702703,0.3763440860215054,K004+KI07+KA06
xgboost,isotonic,target_real,0.6675627240143369,0.6662161059468446,0.2848070210153051,0.5972220117497291,0.19379205972990038,0.8010752688172043,0.2606263982102908,0.0,0.9543010752688172,0.3145539906103286,0.0,K004+KI07+KA06
random_forest,raw,source_holdout,0.9581589958158996,0.9577433125467492,0.014647319282018966,0.07046809955002062,0.007152459661098623,,,,,,,K004+KI07+KA07
random_forest,raw,target_real,0.7078853046594982,0.6973597039966516,0.17332908091673574,0.4673722058784189,0.12768139471492987,0.5385304659498208,0.1447587354409318,0.2410394265232975,0.9713261648745519,0.2785977859778598,0.34229390681003585,K004+KI07+KA07
random_forest,temperature,target_real,0.7078853046594982,0.6973597039966516,0.17533205993536494,0.4685775738024063,0.12763621418488966,0.5385304659498208,0.1447587354409318,0.235663082437276,0.9713261648745519,0.2785977859778598,0.34229390681003585,K004+KI07+KA07
random_forest,isotonic,target_real,0.6469534050179212,0.6482169865459501,0.31151856387950677,0.6361097260884511,0.20916276198624245,0.9086021505376344,0.3165680473372781,0.0,0.989247311827957,0.3496376811594203,0.0,K004+KI07+KA07
svm,raw,source_holdout,0.9330543933054394,0.9323116219667944,0.025566147592472464,0.09463228354081715,0.007373363879512366,,,,,,,K004+KI07+KA07
svm,raw,target_real,0.724910394265233,0.708677513558615,0.16911108316698573,0.4527935236432088,0.12478608630058893,0.5564516129032258,0.13687600644122383,0.13978494623655913,0.8844086021505376,0.23505572441742653,0.22670250896057348,K004+KI07+KA07
svm,temperature,target_real,0.724910394265233,0.708677513558615,0.15402043536163568,0.4425435128981309,0.12528624491463242,0.5510752688172043,0.13170731707317074,0.14336917562724014,0.8826164874551972,0.233502538071066,0.22670250896057348,K004+KI07+KA07
svm,isotonic,target_real,0.6317204301075269,0.6370782517978525,0.30092327854191653,0.6138849391192553,0.19529347286098553,0.8637992831541219,0.3070539419087137,0.0,0.9991039426523297,0.36771300448430494,0.0,K004+KI07+KA07
xgboost,raw,source_holdout,0.9414225941422594,0.9408703917217326,0.037362424898347096,0.08801163856430701,0.008814050108161704,,,,,,,K004+KI07+KA07
xgboost,raw,target_real,0.7186379928315412,0.7049602191815595,0.23371535523604317,0.5016481647424453,0.12301057590027996,0.5,0.12365591397849462,0.033154121863799284,0.956989247311828,0.2705992509363296,0.3503584229390681,K004+KI07+KA07
xgboost,temperature,target_real,0.7186379928315412,0.7049602191815595,0.18615093662282026,0.4611320603678424,0.12151126854512782,0.507168458781362,0.12897526501766785,0.0492831541218638,0.9480286738351255,0.2674858223062382,0.36379928315412186,K004+KI07+KA07
xgboost,isotonic,target_real,0.6666666666666666,0.6654854552435613,0.28453911399943954,0.5980820386096098,0.1898183565274359,0.7526881720430108,0.24642857142857144,0.0,0.9596774193548387,0.3165266106442577,0.0,K004+KI07+KA07
random_forest,raw,source_holdout,0.9531914893617022,0.9536038892411752,0.016187026617206987,0.07538250846290523,0.008593037878220728,,,,,,,K004+KI07+KA08
random_forest,raw,target_real,0.7105734767025089,0.6998522985928193,0.16810719693238568,0.46782926740923453,0.1305173870911421,0.5259856630824373,0.13969335604770017,0.224910394265233,0.9695340501792115,0.27726432532347506,0.33154121863799285,K004+KI07+KA08
random_forest,temperature,target_real,0.7105734767025089,0.6998522985928193,0.12390108191553555,0.4436446680765024,0.1314570641772416,0.5304659498207885,0.14358108108108109,0.22132616487455198,0.9740143369175627,0.2769089236430543,0.34050179211469533,K004+KI07+KA08
random_forest,isotonic,target_real,0.660394265232975,0.6621906990368762,0.27617328385139617,0.5972068364560291,0.2740384821121134,0.8620071684587813,0.28794178794178793,0.0,0.9829749103942652,0.33546034639927075,0.0,K004+KI07+KA08
svm,raw,source_holdout,0.9319148936170213,0.9318825796214439,0.0254288978104043,0.0965092073643694,0.0076925162094098765,,,,,,,K004+KI07+KA08
svm,raw,target_real,0.7204301075268817,0.7041881279688539,0.17146161290744283,0.4524130130442848,0.1265347500404221,0.5564516129032258,0.13848631239935588,0.1335125448028674,0.8844086021505376,0.23505572441742653,0.22043010752688172,K004+KI07+KA08
svm,temperature,target_real,0.7204301075268817,0.7041881279688539,0.15505761737726897,0.4429841137243463,0.12705873484562827,0.5627240143369175,0.14171974522292993,0.13620071684587814,0.8790322580645161,0.2324159021406728,0.21594982078853048,K004+KI07+KA08
svm,isotonic,target_real,0.6317204301075269,0.6370782517978525,0.30243724418620443,0.6181413028375503,0.1945818280728341,0.8655913978494624,0.3084886128364389,0.0,0.9991039426523297,0.36771300448430494,0.0,K004+KI07+KA08
xgboost,raw,source_holdout,0.9361702127659575,0.9369021339220015,0.03878054568108087,0.09976887156428317,0.010405600900249537,,,,,,,K004+KI07+KA08
xgboost,raw,target_real,0.7150537634408602,0.7003287636400338,0.23449052440329698,0.5053592131891107,0.1276660249658328,0.5134408602150538,0.1343804537521815,0.1039426523297491,0.9390681003584229,0.26622137404580154,0.31272401433691754,K004+KI07+KA08
xgboost,temperature,target_real,0.7150537634408602,0.7003287636400338,0.18576571019273364,0.463888666498375,0.12660164386725867,0.510752688172043,0.13157894736842105,0.11917562724014337,0.9247311827956989,0.26356589147286824,0.31362007168458783,K004+KI07+KA08
xgboost,isotonic,target_real,0.671146953405018,0.6691260921504765,0.2730342100274795,0.5807610651182235,0.18356339621301396,0.7347670250896058,0.2329268292682927,0.0,0.9722222222222222,0.3152073732718894,0.0,K004+KI07+KA08
random_forest,raw,source_holdout,0.9539748953974896,0.9534798356654207,0.014252465068999154,0.07329317166233634,0.007592386344474402,,,,,,,K004+KI07+KA09
random_forest,raw,target_real,0.7078853046594982,0.6969126182767512,0.17326120578784743,0.4664795935635456,0.12649622313112954,0.5403225806451613,0.14262023217247097,0.23297491039426524,0.9668458781362007,0.2752548656163114,0.3629032258064516,K004+KI07+KA09
random_forest,temperature,target_real,0.7078853046594982,0.6969126182767512,0.1801622391690605,0.47073272335688254,0.12641498943039506,0.543010752688172,0.14521452145214522,0.23297491039426524,0.967741935483871,0.2759259259259259,0.3629032258064516,K004+KI07+KA09
random_forest,isotonic,target_real,0.6568100358422939,0.6588733905414147,0.2949515651439485,0.6116558237537242,0.19500139392235713,0.8870967741935484,0.3,0.0,0.9811827956989247,0.336986301369863,0.0,K004+KI07+KA09
svm,raw,source_holdout,0.9330543933054394,0.9323116219667944,0.025073784821293042,0.09494073348043214,0.007423623797243069,,,,,,,K004+KI07+KA09
svm,raw,target_real,0.724910394265233,0.708676091428856,0.17158845377888152,0.4519123168917141,0.12436824656316985,0.5555555555555556,0.13548387096774195,0.1550179211469534,0.8844086021505376,0.23404255319148937,0.22670250896057348,K004+KI07+KA09
svm,temperature,target_real,0.724910394265233,0.708676091428856,0.15715157127466883,0.4428651321893199,0.12485134258311174,0.557347670250896,0.1382636655948553,0.15681003584229392,0.8826164874551972,0.23451776649746192,0.23476702508960573,K004+KI07+KA09
svm,isotonic,target_real,0.6559139784946236,0.6573942403948548,0.279632268736912,0.6093742435989803,0.19277679464723116,0.9381720430107527,0.31805157593123207,0.0,0.9991039426523297,0.3434977578475336,0.0,K004+KI07+KA09
xgboost,raw,source_holdout,0.9414225941422594,0.9408703917217326,0.043827145169469575,0.09110291288181746,0.011721962142595643,,,,,,,K004+KI07+KA09
xgboost,raw,target_real,0.7195340501792115,0.7049873759206265,0.23265225373502268,0.49848310531287626,0.12422887043410623,0.4668458781362007,0.1017274472168906,0.012544802867383513,0.9399641577060932,0.26024785510009535,0.3485663082437276,K004+KI07+KA09
xgboost,temperature,target_real,0.7195340501792115,0.7049873759206265,0.18878037074741438,0.46090938847926244,0.12264321059155917,0.47043010752688175,0.10666666666666667,0.021505376344086023,0.9408602150537635,0.26095238095238094,0.3629032258064516,K004+KI07+KA09
xgboost,isotonic,target_real,0.6792114695340502,0.6769230533669045,0.2835735555303573,0.5916858392938024,0.18164532283586146,0.803763440860215,0.23968784838350055,0.0,0.978494623655914,0.31776556776556775,0.0,K004+KI07+KA09
random_forest,raw,source_holdout,0.9497907949790795,0.949528579749282,0.051131110728353205,0.08452779851055792,0.014955416823789052,,,,,,,K004+KI08+KA01
random_forest,raw,target_real,0.7087813620071685,0.6987126677996697,0.1737778500382298,0.47049504812312803,0.1299557312364814,0.26523297491039427,0.02364864864864865,0.0,0.96415770609319,0.2778810408921933,0.36917562724014336,K004+KI08+KA01
random_forest,temperature,target_real,0.7087813620071685,0.6987126677996697,0.20205247825460315,0.48980744700089157,0.128303102395321,0.2732974910394265,0.02622950819672131,0.10663082437275985,0.9713261648745519,0.28136531365313655,0.36200716845878134,K004+KI08+KA01
random_forest,isotonic,target_real,0.6854838709677419,0.6797762954174851,0.27558597878660646,0.5863668239753149,0.1870188265134936,0.9560931899641577,0.3083411433926898,0.0,0.9991039426523297,0.31390134529147984,0.0,K004+KI08+KA01
svm,raw,source_holdout,0.5941422594142259,0.5095661375661376,0.20537269207629136,0.37355377709369025,0.11768998327418449,,,,,,,K004+KI08+KA01
svm,raw,target_real,0.7204301075268817,0.7062117522155451,0.17219046162218948,0.4612566063825498,0.17286939371313922,0.22043010752688172,0.16260162601626016,0.008960573476702509,0.8055555555555556,0.22024471635150167,0.036738351254480286,K004+KI08+KA01
svm,temperature,target_real,0.7204301075268817,0.7062117522155451,0.12867277594168303,0.4421908011068767,0.17569814351246327,0.20430107526881722,0.17543859649122806,0.008960573476702509,0.8055555555555556,0.21913236929922136,0.03763440860215054,K004+KI08+KA01
svm,isotonic,target_real,0.6944444444444444,0.6888318842262983,0.24908109274458945,0.5587893581020984,0.20701722421225652,0.771505376344086,0.2578397212543554,0.0,0.996415770609319,0.3039568345323741,0.0,K004+KI08+KA01
xgboost,raw,source_holdout,0.9456066945606695,0.9452768945416006,0.04355579564760915,0.10191793455392925,0.022342328509574638,,,,,,,K004+KI08+KA01
xgboost,raw,target_real,0.7150537634408602,0.7015548989763333,0.23674218244450068,0.5038767732581667,0.12684746239514644,0.19982078853046595,0.026905829596412557,0.05734767025089606,0.9560931899641577,0.26710402999062793,0.239247311827957,K004+KI08+KA01
xgboost,temperature,target_real,0.7150537634408602,0.7015548989763333,0.20338907579990895,0.47303493215212555,0.1257763349204654,0.2025089605734767,0.02654867256637168,0.06541218637992832,0.9489247311827957,0.26534466477809254,0.25268817204301075,K004+KI08+KA01
xgboost,isotonic,target_real,0.6863799283154122,0.6816191358046358,0.2568504002399719,0.5450216430570372,0.17701465307096942,0.8127240143369175,0.2624035281146637,0.0,0.985663082437276,0.30727272727272725,0.0,K004+KI08+KA01
random_forest,raw,source_holdout,0.9416666666666667,0.9417170349438099,0.04312695419628432,0.09311517942121278,0.014454673089926089,,,,,,,K004+KI08+KA03
random_forest,raw,target_real,0.7060931899641577,0.6947876866295833,0.17488303935911398,0.46870873165369176,0.1263844792871334,0.492831541218638,0.12,0.20967741935483872,0.9605734767025089,0.27705223880597013,0.3736559139784946,K004+KI08+KA03
random_forest,temperature,target_real,0.7060931899641577,0.6947876866295833,0.21184615777870075,0.4942100472149939,0.12596789052204097,0.496415770609319,0.12274368231046931,0.20967741935483872,0.956989247311828,0.27715355805243447,0.3826164874551971,K004+KI08+KA03
random_forest,isotonic,target_real,0.6953405017921147,0.6884734373637355,0.26133463547513247,0.5646858151324674,0.267161783761216,0.8924731182795699,0.28012048192771083,0.0,0.9946236559139785,0.3027027027027027,0.0,K004+KI08+KA03
svm,raw,source_holdout,0.925,0.9247053872053872,0.02149426923775708,0.1013954766652127,0.009859299181414037,,,,,,,K004+KI08+KA03
svm,raw,target_real,0.724910394265233,0.7086795557663766,0.170026037940135,0.45588666403425904,0.13086162811841517,0.5627240143369175,0.14331210191082802,0.13261648745519714,0.8790322580645161,0.23649337410805302,0.20878136200716846,K004+KI08+KA03
svm,temperature,target_real,0.724910394265233,0.7086795557663766,0.17103860479292599,0.45649537756415043,0.1308306924855453,0.5627240143369175,0.14331210191082802,0.13261648745519714,0.8799283154121864,0.23625254582484725,0.20878136200716846,K004+KI08+KA03
svm,isotonic,target_real,0.6917562724014337,0.6857194420918832,0.24978528255412807,0.5512865907293739,0.17820518504040708,0.8673835125448028,0.2727272727272727,0.0,0.9991039426523297,0.30852017937219733,0.0,K004+KI08+KA03
xgboost,raw,source_holdout,0.9333333333333333,0.9332940498638173,0.04357891157269474,0.10329279426659933,0.027812109522293908,,,,,,,K004+KI08+KA03
xgboost,raw,target_real,0.724910394265233,0.7101085592697038,0.22334366473352607,0.4917264490767716,0.12964867451371165,0.48655913978494625,0.11049723756906077,0.023297491039426525,0.9310035842293907,0.25601539942252166,0.27956989247311825,K004+KI08+KA03
xgboost,temperature,target_real,0.724910394265233,0.7101085592697038,0.1900613087141568,0.46514210507153225,0.12854950544588414,0.49193548387096775,0.1111111111111111,0.02060931899641577,0.9363799283154122,0.2574162679425837,0.28225806451612906,K004+KI08+KA03
xgboost,isotonic,target_real,0.6908602150537635,0.685128058045814,0.2590990548169009,0.537275683496204,0.20440913205738157,0.8064516129032258,0.24444444444444444,0.0,0.978494623655914,0.3021978021978022,0.0,K004+KI08+KA03
random_forest,raw,source_holdout,0.9414225941422594,0.9413129245823564,0.054558839048200365,0.09485244688100715,0.014596570060677608,,,,,,,K004+KI08+KA05
random_forest,raw,target_real,0.7123655913978495,0.7010301488639733,0.1679885239441076,0.4629094097997226,0.12569206626153773,0.525089605734767,0.13651877133105803,0.1953405017921147,0.9596774193548387,0.27450980392156865,0.3602150537634409,K004+KI08+KA05
random_forest,temperature,target_real,0.7123655913978495,0.7010301488639733,0.20792261528229536,0.48848409846226304,0.12489375176343516,0.5062724014336918,0.1256637168141593,0.1953405017921147,0.956989247311828,0.27340823970037453,0.3593189964157706,K004+KI08+KA05
random_forest,isotonic,target_real,0.7051971326164874,0.697068599787407,0.24949950490023967,0.5670991615115472,0.28216447782914406,0.8109318996415771,0.2751381215469613,0.0,0.9838709677419355,0.290528233151184,0.0,K004+KI08+KA05
svm,raw,source_holdout,0.9246861924686193,0.9243191785662322,0.020898235282377185,0.10544439004768376,0.010815660684056773,,,,,,,K004+KI08+KA05
svm,raw,target_real,0.7231182795698925,0.7072018472926714,0.17145506954286457,0.44928586308224994,0.13058017244122974,0.553763440860215,0.1488673139158576,0.12992831541218638,0.8754480286738351,0.2292732855680655,0.2114695340501792,K004+KI08+KA05
svm,temperature,target_real,0.7231182795698925,0.7072018472926714,0.1735786434466368,0.4504659416478151,0.13056952818408485,0.5519713261648745,0.14772727272727273,0.12992831541218638,0.8763440860215054,0.22903885480572597,0.2114695340501792,K004+KI08+KA05
svm,isotonic,target_real,0.692652329749104,0.6857667349726776,0.2552677062314387,0.5404053379696898,0.17481847682945467,0.8826164874551972,0.267005076142132,0.0,0.9874551971326165,0.30127041742286753,0.0,K004+KI08+KA05
xgboost,raw,source_holdout,0.9372384937238494,0.9370499032391105,0.035879953885178235,0.10784283015030374,0.022261717427662125,,,,,,,K004+KI08+KA05
xgboost,raw,target_real,0.7240143369175627,0.7089135322422906,0.229961420205759,0.4990273762003784,0.12073274869036701,0.5394265232974911,0.1212624584717608,0.12813620071684587,0.9354838709677419,0.25766283524904215,0.29301075268817206,K004+KI08+KA05
xgboost,temperature,target_real,0.7240143369175627,0.7089135322422906,0.1917411196282535,0.4637785059218763,0.11907925180694669,0.543010752688172,0.1254125412541254,0.12634408602150538,0.9327956989247311,0.2564841498559078,0.30197132616487454,K004+KI08+KA05
xgboost,isotonic,target_real,0.7051971326164874,0.6979372759771261,0.23899501554780578,0.5268717601174157,0.20624658310572697,0.7983870967741935,0.24579124579124578,0.0,0.992831541218638,0.2951263537906137,0.0,K004+KI08+KA05
random_forest,raw,source_holdout,0.9497907949790795,0.949528579749282,0.031173971367584416,0.08196889475508085,0.009707457408882923,,,,,,,K004+KI08+KA06
random_forest,raw,target_real,0.7078853046594982,0.6975314287373341,0.1737668678189493,0.4719699232940184,0.12889595504268278,0.5080645161290323,0.14109347442680775,0.2482078853046595,0.967741935483871,0.2796296296296296,0.36379928315412186,K004+KI08+KA06
random_forest,temperature,target_real,0.7078853046594982,0.6975314287373341,0.18816178474454093,0.4811270307832343,0.12743480171930435,0.507168458781362,0.1413427561837456,0.239247311827957,0.9695340501792115,0.2809611829944547,0.3593189964157706,K004+KI08+KA06
random_forest,isotonic,target_real,0.6890681003584229,0.683314924182567,0.26195465886754105,0.5767784034053043,0.19128640633081814,0.956989247311828,0.3052434456928839,0.0,0.9991039426523297,0.3112107623318386,0.0,K004+KI08+KA06
svm,raw,source_holdout,0.9288702928870293,0.9281449553001279,0.02145052497083427,0.10139095993670642,0.008766859670697085,,,,,,,K004+KI08+KA06
svm,raw,target_real,0.7213261648745519,0.7063800539706796,0.17163868690715,0.45455050541459996,0.12864047132666795,0.5564516129032258,0.14814814814814814,0.14157706093189965,0.8745519713261649,0.23155737704918034,0.22132616487455198,K004+KI08+KA06
svm,temperature,target_real,0.7213261648745519,0.7063800539706796,0.16019897468404415,0.4477789678051333,0.12902764528656688,0.5546594982078853,0.14862681744749595,0.14157706093189965,0.8709677419354839,0.23045267489711935,0.22132616487455198,K004+KI08+KA06
svm,isotonic,target_real,0.6729390681003584,0.6694813796193143,0.26204894819036867,0.5995132655668628,0.19002278058379052,0.8548387096774194,0.32075471698113206,0.0,0.974910394265233,0.32169117647058826,0.0,K004+KI08+KA06
xgboost,raw,source_holdout,0.9456066945606695,0.9452768945416006,0.04135794794210329,0.09780625097258232,0.014438794265091936,,,,,,,K004+KI08+KA06
xgboost,raw,target_real,0.7195340501792115,0.7059865525517277,0.23488312788761648,0.5075448258880585,0.126681176026568,0.4632616487455197,0.10251450676982592,0.0931899641577061,0.9659498207885304,0.27365491651205937,0.246415770609319,K004+KI08+KA06
xgboost,temperature,target_real,0.7195340501792115,0.7059865525517277,0.18998586580727167,0.4676862350219157,0.12491253962881883,0.46863799283154123,0.10325047801147227,0.12186379928315412,0.9632616487455197,0.2725581395348837,0.25627240143369173,K004+KI08+KA06
xgboost,isotonic,target_real,0.6899641577060932,0.6825165091114309,0.2523724203093977,0.5560035083007118,0.17942165289139864,0.8449820788530465,0.2757158006362672,0.0,0.9937275985663082,0.3083859332732191,0.0,K004+KI08+KA06
random_forest,raw,source_holdout,0.95,0.9495800200785,0.03498144448337179,0.08548199190761402,0.010639880779418517,,,,,,,K004+KI08+KA07
random_forest,raw,target_real,0.7060931899641577,0.6961590480779921,0.17473903005699953,0.4717375807042693,0.1305117039004241,0.5394265232974911,0.15780730897009967,0.1917562724014337,0.9695340501792115,0.27818853974122,0.3602150537634409,K004+KI08+KA07
random_forest,temperature,target_real,0.7060931899641577,0.6961590480779921,0.2091770007105138,0.49505044124849673,0.13005745296839472,0.5313620071684588,0.14839797639123103,0.1917562724014337,0.9793906810035843,0.2845379688929552,0.35125448028673834,K004+KI08+KA07
random_forest,isotonic,target_real,0.6953405017921147,0.6881988481450847,0.26327389334311196,0.5789626109909181,0.26136714209383244,0.9444444444444444,0.29886148007590135,0.0,0.9937275985663082,0.30297565374211,0.0,K004+KI08+KA07
svm,raw,source_holdout,0.9291666666666667,0.9281963956293459,0.022140308380936065,0.10226743830265732,0.009002800045942656,,,,,,,K004+KI08+KA07
svm,raw,target_real,0.7213261648745519,0.706648428761746,0.17241022337041367,0.454886271915519,0.12955043603030447,0.5501792114695341,0.14332247557003258,0.12455197132616487,0.8727598566308243,0.23203285420944558,0.2168458781362007,K004+KI08+KA07
svm,temperature,target_real,0.7213261648745519,0.706648428761746,0.16043514203126627,0.44810702686284193,0.12994645808229588,0.5483870967741935,0.1454248366013072,0.12455197132616487,0.8682795698924731,0.2301341589267286,0.2168458781362007,K004+KI08+KA07
svm,isotonic,target_real,0.671146953405018,0.6678490405243434,0.25390061043823287,0.595023724850838,0.1905517521964236,0.8521505376344086,0.3217665615141956,0.0,0.974910394265233,0.32077205882352944,0.0,K004+KI08+KA07
xgboost,raw,source_holdout,0.9375,0.936902261738863,0.0392054644723733,0.09814979861311127,0.01703490607343221,,,,,,,K004+KI08+KA07
xgboost,raw,target_real,0.717741935483871,0.704334708186067,0.23458516106383348,0.504753947575177,0.1269392692652959,0.3951612903225806,0.09070294784580499,0.06451612903225806,0.9560931899641577,0.2661668228678538,0.27508960573476704,K004+KI08+KA07
xgboost,temperature,target_real,0.717741935483871,0.704334708186067,0.18865528305393797,0.46376481479926923,0.12553463577146867,0.40412186379928317,0.08425720620842572,0.053763440860215055,0.953405017921147,0.2669172932330827,0.289426523297491,K004+KI08+KA07
xgboost,isotonic,target_real,0.692652329749104,0.6856057541347047,0.2525616320191793,0.5413987726290256,0.18844884235677578,0.7992831541218638,0.257847533632287,0.0,0.992831541218638,0.30505415162454874,0.0,K004+KI08+KA07
random_forest,raw,source_holdout,0.9533898305084746,0.9536075036075036,0.03120401960050823,0.08592354736332918,0.010363387556570656,,,,,,,K004+KI08+KA08
random_forest,raw,target_real,0.7060931899641577,0.6961504267004472,0.17248731952341478,0.47077283891881316,0.13380848912964208,0.492831541218638,0.14363636363636365,0.0,0.9623655913978495,0.2783985102420857,0.3431899641577061,K004+KI08+KA08
random_forest,temperature,target_real,0.7060931899641577,0.6961504267004472,0.1925202111954742,0.4833902595987271,0.1334740612852887,0.492831541218638,0.14181818181818182,0.0,0.96415770609319,0.2788104089219331,0.34050179211469533,K004+KI08+KA08
random_forest,isotonic,target_real,0.6881720430107527,0.6841491276540568,0.25589383953467176,0.5691441279027363,0.18695930698580024,0.8754480286738351,0.28454452405322417,0.0,0.9991039426523297,0.3112107623318386,0.0,K004+KI08+KA08
svm,raw,source_holdout,0.9279661016949152,0.92798261763779,0.023366648509458236,0.10356380273111991,0.009128810775533206,,,,,,,K004+KI08+KA08
svm,raw,target_real,0.7213261648745519,0.7063800539706796,0.1715107045416644,0.4544836127528932,0.12832963608844833,0.5618279569892473,0.1467304625199362,0.13620071684587814,0.8727598566308243,0.2299794661190965,0.22043010752688172,K004+KI08+KA08
svm,temperature,target_real,0.7213261648745519,0.7063800539706796,0.1616865529342557,0.4476810114793001,0.12867998984590404,0.557347670250896,0.14630225080385853,0.13799283154121864,0.8682795698924731,0.22910216718266255,0.2222222222222222,K004+KI08+KA08
svm,isotonic,target_real,0.6738351254480287,0.670627804425061,0.2564479511253857,0.5960835023656283,0.18939687734899363,0.8530465949820788,0.32142857142857145,0.0,0.9767025089605734,0.3211009174311927,0.0,K004+KI08+KA08
xgboost,raw,source_holdout,0.940677966101695,0.9408514070168206,0.04570470245207768,0.10391436352901481,0.016393452954132144,,,,,,,K004+KI08+KA08
xgboost,raw,target_real,0.7132616487455197,0.700563952443812,0.2368581247746303,0.5066504644059843,0.13063537879194667,0.4381720430107527,0.10429447852760736,0.021505376344086023,0.9480286738351255,0.2684310018903592,0.22759856630824374,K004+KI08+KA08
xgboost,temperature,target_real,0.7132616487455197,0.700563952443812,0.191381732655592,0.46581175726945495,0.12949842214322835,0.4444444444444444,0.09879032258064516,0.023297491039426525,0.9381720430107527,0.2664756446991404,0.23655913978494625,K004+KI08+KA08
xgboost,isotonic,target_real,0.6944444444444444,0.6883487677312167,0.24227465720810218,0.5371176952813671,0.1694611447134482,0.807347670250896,0.2663706992230855,0.0,0.9793906810035843,0.2982616651418115,0.0,K004+KI08+KA08
random_forest,raw,source_holdout,0.95,0.9495800200785,0.03811083414593169,0.08626264628839596,0.013480536846866283,,,,,,,K004+KI08+KA09
random_forest,raw,target_real,0.706989247311828,0.6967561009676722,0.17448758922894703,0.4698556805608185,0.1335840671899359,0.503584229390681,0.13167259786476868,0.19086021505376344,0.9587813620071685,0.2738317757009346,0.3682795698924731,K004+KI08+KA09
random_forest,temperature,target_real,0.706989247311828,0.6967561009676722,0.19173728821008837,0.48087153037080027,0.1333391180363301,0.49910394265232977,0.12926391382405744,0.18996415770609318,0.967741935483871,0.2777777777777778,0.3682795698924731,K004+KI08+KA09
random_forest,isotonic,target_real,0.6917562724014337,0.6868356565287511,0.2595447169921675,0.5708216751519084,0.19686353356882974,0.9121863799283154,0.2917485265225933,0.0,0.9919354838709677,0.3062330623306233,0.0,K004+KI08+KA09
svm,raw,source_holdout,0.9291666666666667,0.9281963956293459,0.021829592195922638,0.10089229257740155,0.008679792371187331,,,,,,,K004+KI08+KA09
svm,raw,target_real,0.7222222222222222,0.7074757978244742,0.1710460410213923,0.45389683434992695,0.12887681627297096,0.5555555555555556,0.14838709677419354,0.14068100358422939,0.8745519713261649,0.2305327868852459,0.21953405017921146,K004+KI08+KA09
svm,temperature,target_real,0.7222222222222222,0.7074757978244742,0.16052926586065544,0.44792474410013494,0.12919517249329032,0.5555555555555556,0.14838709677419354,0.14068100358422939,0.8718637992831542,0.2312435765673176,0.21953405017921146,K004+KI08+KA09
svm,isotonic,target_real,0.6756272401433692,0.6719642481292927,0.2514992065584845,0.5888244342734228,0.18697817743237471,0.8754480286738351,0.3029682702149437,0.0,0.978494623655914,0.32051282051282054,0.0,K004+KI08+KA09
xgboost,raw,source_holdout,0.9375,0.936902261738863,0.03798287510871887,0.10063657555428325,0.018875538374215,,,,,,,K004+KI08+KA09
xgboost,raw,target_real,0.7159498207885304,0.7027780426286686,0.23369078661271744,0.504506417481243,0.12869480139482406,0.510752688172043,0.12280701754385964,0.04032258064516129,0.9632616487455197,0.27162790697674416,0.271505376344086,K004+KI08+KA09
xgboost,temperature,target_real,0.7159498207885304,0.7027780426286686,0.19331896184854222,0.46850893914978564,0.1271327975117973,0.5152329749103942,0.12521739130434784,0.04121863799283154,0.9498207885304659,0.2679245283018868,0.27956989247311825,K004+KI08+KA09
xgboost,isotonic,target_real,0.6971326164874552,0.691122833088745,0.2502170696388063,0.5295143859010328,0.1835676287759551,0.8593189964157706,0.26173096976016685,0.0,0.9919354838709677,0.3026196928635953,0.0,K004+KI08+KA09
