model,calibration,domain,accuracy,macro_f1,ece,brier,aurc,auto_rate@1%,auto_error@1%,oracle_auto_rate@1%,auto_rate@5%,auto_error@5%,oracle_auto_rate@5%,calib_set
random_forest,raw,source_holdout,0.9416666666666667,0.9414863237357372,0.12464064447210821,0.1479321454940239,0.00858972575922026,,,,,,,K001+KI01+KA01
random_forest,raw,target_real,0.6986547085201794,0.6863233441544887,0.147057578654064,0.46795939840895145,0.14906506945476905,0.8905829596412556,0.2688821752265861,0.16322869955156952,0.9121076233183857,0.27728613569321536,0.25291479820627805,K001+KI01+KA01
random_forest,temperature,target_real,0.6986547085201794,0.6863233441544887,0.25745948717693673,0.5527368601146586,0.14932637741693208,0.8215246636771301,0.2554585152838428,0.16591928251121077,0.9632286995515695,0.2914338919925512,0.23766816143497757,K001+KI01+KA01
random_forest,isotonic,target_real,0.673542600896861,0.6716280564293672,0.2641337664846088,0.579254717644401,0.18306200012279852,0.9964125560538116,0.3258325832583258,0.0,0.9964125560538116,0.3258325832583258,0.0,K001+KI01+KA01
svm,raw,source_holdout,0.6583333333333333,0.5513361462728551,0.3365481493557758,0.3878616917468458,0.07323810108391925,,,,,,,K001+KI01+KA01
svm,raw,target_real,0.6233183856502242,0.6212605087029027,0.20890834996634877,0.5445588003223842,0.18807484197116842,0.7282511210762331,0.2672413793103448,0.16860986547085202,0.7318385650224215,0.26838235294117646,0.23318385650224216,K001+KI01+KA01
svm,temperature,target_real,0.6233183856502242,0.6212605087029027,0.2137003080209926,0.5478653555750667,0.18795671386096593,0.7282511210762331,0.2660098522167488,0.16860986547085202,0.7309417040358744,0.2674846625766871,0.2304932735426009,K001+KI01+KA01
svm,isotonic,target_real,0.7139013452914799,0.7027092693809589,0.22722129262104182,0.522843872501747,0.1823773279536933,0.9946188340807175,0.2840396753832281,0.0,0.9946188340807175,0.2840396753832281,0.0,K001+KI01+KA01
xgboost,raw,source_holdout,0.8541666666666666,0.85003885003885,0.07458822752038635,0.21085497190547955,0.031480649965960075,,,,,,,K001+KI01+KA01
xgboost,raw,target_real,0.7004484304932735,0.6905823785845749,0.23930756914776002,0.5304656444436262,0.14996161981258357,0.7955156950672646,0.23900789177001128,0.03587443946188341,0.7955156950672646,0.23900789177001128,0.24663677130044842,K001+KI01+KA01
xgboost,temperature,target_real,0.7004484304932735,0.6905823785845749,0.1984968968398154,0.500192806485159,0.14854968312611916,0.747982062780269,0.2290167865707434,0.036771300448430494,0.747982062780269,0.2290167865707434,0.25650224215246636,K001+KI01+KA01
xgboost,isotonic,target_real,0.6914798206278027,0.683871001681422,0.24295508794688475,0.5306986915248845,0.18097341457230276,0.9982062780269059,0.30727762803234504,0.0,0.9982062780269059,0.30727762803234504,0.0,K001+KI01+KA01
random_forest,raw,source_holdout,0.8458333333333333,0.8440305308726361,0.07237918648696434,0.20698421134295805,0.03827961285046818,,,,,,,K001+KI01+KA03
random_forest,raw,target_real,0.695067264573991,0.6817392895002392,0.14518007700824315,0.4659066153983493,0.14994746555912106,0.6789237668161435,0.2192866578599736,0.14439461883408072,0.7883408071748879,0.24004550625711035,0.25291479820627805,K001+KI01+KA03
random_forest,temperature,target_real,0.695067264573991,0.6817392895002392,0.2040845202285904,0.49902640267948173,0.1495020531559127,0.695067264573991,0.22064516129032258,0.14439461883408072,0.8269058295964126,0.24620390455531455,0.23946188340807176,K001+KI01+KA03
random_forest,isotonic,target_real,0.7076233183856502,0.6971946084005302,0.2496626809022854,0.5432086323603416,0.20916823928267103,0.8762331838565023,0.2610030706243603,0.0,0.9838565022421525,0.2853236098450319,0.0,K001+KI01+KA03
svm,raw,source_holdout,0.6458333333333334,0.5436403683358543,0.2482098299081426,0.406116437595889,0.0853052766776097,,,,,,,K001+KI01+KA03
svm,raw,target_real,0.6331838565022422,0.6300774685625035,0.20308246919080897,0.5344552950073435,0.17998174836487435,0.6188340807174888,0.24347826086956523,0.18744394618834082,0.6932735426008969,0.2522639068564036,0.2547085201793722,K001+KI01+KA03
svm,temperature,target_real,0.6331838565022422,0.6300774685625035,0.14665738005252782,0.5019868780587564,0.18093593604868544,0.6242152466367713,0.2442528735632184,0.18654708520179372,0.6995515695067265,0.25,0.2556053811659193,K001+KI01+KA03
svm,isotonic,target_real,0.7255605381165919,0.7083484162910865,0.21995533385043564,0.49853163918879,0.22361720085566586,0.7040358744394619,0.267515923566879,0.0,0.9838565022421525,0.2670920692798541,0.0,K001+KI01+KA03
xgboost,raw,source_holdout,0.8416666666666667,0.838366571699905,0.08713667268554375,0.21721579900614377,0.03011850080300895,,,,,,,K001+KI01+KA03
xgboost,raw,target_real,0.6968609865470852,0.6869668200572824,0.2409298575779782,0.5317340553084656,0.15597588686282837,0.7345291479820628,0.22344322344322345,0.008071748878923767,0.7524663677130045,0.22407628128724671,0.20358744394618833,K001+KI01+KA03
xgboost,temperature,target_real,0.6968609865470852,0.6869668200572824,0.20055034352044504,0.5004629584536849,0.15462182819008533,0.7345291479820628,0.2222222222222222,0.009865470852017937,0.7381165919282511,0.22235722964763063,0.20269058295964126,K001+KI01+KA03
xgboost,isotonic,target_real,0.7031390134529149,0.6911998405018472,0.23210718640925027,0.5194584230703729,0.19760685835373465,0.8286995515695067,0.2326839826839827,0.0,0.9174887892376682,0.260019550342131,0.0,K001+KI01+KA03
random_forest,raw,source_holdout,0.7531380753138075,0.739406779661017,0.09492881015691373,0.25810609918696703,0.06430918207600123,,,,,,,K001+KI01+KA05
random_forest,raw,target_real,0.7174887892376681,0.7063139579989018,0.1482239458389148,0.46561556240423174,0.14438469077858682,0.7201793721973094,0.22291407222914073,0.0,0.8349775784753363,0.24597207303974222,0.23946188340807176,K001+KI01+KA05
random_forest,temperature,target_real,0.7174887892376681,0.7063139579989018,0.17338016653636454,0.4773245821535168,0.14429130214892127,0.7228699551569506,0.22580645161290322,0.0,0.8466367713004485,0.2521186440677966,0.24035874439461882,K001+KI01+KA05
random_forest,isotonic,target_real,0.7165919282511211,0.7008763012550167,0.22915356865325584,0.5159993547774716,0.20516794711932146,0.8260089686098655,0.249728555917481,0.0,0.957847533632287,0.2602996254681648,0.0,K001+KI01+KA05
svm,raw,source_holdout,0.6485355648535565,0.5425141242937853,0.25871240406310436,0.4161295122359317,0.09032286564359954,,,,,,,K001+KI01+KA05
svm,raw,target_real,0.6430493273542601,0.6398382360139645,0.2019615956751961,0.5313817382323438,0.17703179870537755,0.6825112107623318,0.23915900131406045,0.18206278026905828,0.7013452914798206,0.2442455242966752,0.22242152466367712,K001+KI01+KA05
svm,temperature,target_real,0.6430493273542601,0.6398382360139645,0.14634408981594163,0.4968778339722894,0.17860372351365894,0.7022421524663677,0.24393358876117496,0.16860986547085202,0.7067264573991031,0.24492385786802032,0.22511210762331837,K001+KI01+KA05
svm,isotonic,target_real,0.7282511210762331,0.7061190440249061,0.2067967868837579,0.4831662141327006,0.20779726061658998,0.8789237668161435,0.22346938775510203,0.0,0.9775784753363229,0.26146788990825687,0.0,K001+KI01+KA05
xgboost,raw,source_holdout,0.803347280334728,0.7978585804793855,0.11293404296851058,0.2884028949143854,0.05488184007406064,,,,,,,K001+KI01+KA05
xgboost,raw,target_real,0.7076233183856502,0.6980641677975671,0.24588410520232845,0.535854842530081,0.15834463819475975,0.7327354260089686,0.22643818849449204,0.0026905829596412557,0.8188340807174888,0.24644030668127054,0.2430493273542601,K001+KI01+KA05
xgboost,temperature,target_real,0.7076233183856502,0.6980641677975671,0.194760567463125,0.4924969945204312,0.15646590484909728,0.7434977578475336,0.22798552472858866,0.003587443946188341,0.8035874439461883,0.24441964285714285,0.25112107623318386,K001+KI01+KA05
xgboost,isotonic,target_real,0.7130044843049327,0.6947203244248642,0.228960337084759,0.5155409250346634,0.19372068290636163,0.8538116591928251,0.24894957983193278,0.0,0.9623318385650225,0.2749301025163094,0.0,K001+KI01+KA05
random_forest,raw,source_holdout,0.8875,0.8871966979744076,0.08858741666826649,0.15876793436837625,0.01429832350196845,,,,,,,K001+KI01+KA06
random_forest,raw,target_real,0.695067264573991,0.6823495690503153,0.1554066629634232,0.46947279451954704,0.14714121113323914,0.7955156950672646,0.24126268320180383,0.18654708520179372,0.885201793721973,0.26646403242147926,0.28340807174887894,K001+KI01+KA06
random_forest,temperature,target_real,0.695067264573991,0.6823495690503153,0.2497983044167893,0.5444965002733616,0.14759386443894013,0.8295964125560538,0.25405405405405407,0.1937219730941704,0.9228699551569507,0.2857142857142857,0.26905829596412556,K001+KI01+KA06
random_forest,isotonic,target_real,0.6771300448430493,0.6743088035639699,0.26228911140392974,0.5772673622699788,0.1845993593906898,0.9955156950672646,0.3216216216216216,0.0,0.9955156950672646,0.3216216216216216,0.0,K001+KI01+KA06
svm,raw,source_holdout,0.6583333333333333,0.5513361462728551,0.2764058439695478,0.42543491977832776,0.0791685792226643,,,,,,,K001+KI01+KA06
svm,raw,target_real,0.6233183856502242,0.6218190220328496,0.21723087428651663,0.5535297829623842,0.1875458515248839,0.6484304932735426,0.24896265560165975,0.17309417040358743,0.6511210762331838,0.25068870523415976,0.23766816143497757,K001+KI01+KA06
svm,temperature,target_real,0.6233183856502242,0.6218190220328496,0.11180238346392381,0.49447600814925535,0.18967649450848514,0.6565022421524663,0.25136612021857924,0.16412556053811658,0.6600896860986547,0.25407608695652173,0.24663677130044842,K001+KI01+KA06
svm,isotonic,target_real,0.715695067264574,0.7022960092749809,0.20967026914091388,0.5109201063758417,0.17651511781282408,0.989237668161435,0.28014505893019037,0.0,0.989237668161435,0.28014505893019037,0.0,K001+KI01+KA06
xgboost,raw,source_holdout,0.8541666666666666,0.85003885003885,0.07396998455127077,0.21638997781550984,0.032583754456037194,,,,,,,K001+KI01+KA06
xgboost,raw,target_real,0.694170403587444,0.6848013123991405,0.2407550333861278,0.533862981833895,0.15133852121165037,0.7560538116591928,0.23368920521945433,0.03228699551569507,0.7560538116591928,0.23368920521945433,0.23766816143497757,K001+KI01+KA06
xgboost,temperature,target_real,0.694170403587444,0.6848013123991405,0.20056979294446475,0.5012272891855407,0.15017872342567942,0.7434977578475336,0.22798552472858866,0.03587443946188341,0.7434977578475336,0.22798552472858866,0.23856502242152466,K001+KI01+KA06
xgboost,isotonic,target_real,0.6959641255605381,0.6876335847190131,0.24260976905171547,0.5337996790854572,0.18165653904513104,0.9982062780269059,0.302785265049416,0.0,0.9982062780269059,0.302785265049416,0.0,K001+KI01+KA06
random_forest,raw,source_holdout,0.9666666666666667,0.966560010038271,0.15564928923284183,0.13822002991839658,0.004224812271878133,,,,,,,K001+KI01+KA07
random_forest,raw,target_real,0.6878923766816144,0.6745005045185878,0.15681048547845136,0.4709352155870805,0.1482859728944066,0.9327354260089686,0.2923076923076923,0.16053811659192826,0.9560538116591928,0.300187617260788,0.2825112107623318,K001+KI01+KA07
random_forest,temperature,target_real,0.6878923766816144,0.6745005045185878,0.2781536144506812,0.5744566426470925,0.14914536995060534,0.9165919282511211,0.2857142857142857,0.0,0.9946188340807175,0.31109107303877365,0.2717488789237668,K001+KI01+KA07
random_forest,isotonic,target_real,0.673542600896861,0.670538044028981,0.2607595868917818,0.5905861127696094,0.19317747404208616,0.9775784753363229,0.3238532110091743,0.0,0.9775784753363229,0.3238532110091743,0.0,K001+KI01+KA07
svm,raw,source_holdout,0.6583333333333333,0.5513361462728551,0.27997555737665886,0.4338773056974637,0.07924246716265501,,,,,,,K001+KI01+KA07
svm,raw,target_real,0.6242152466367713,0.6231944385249589,0.21678293312078933,0.5565314568980159,0.18831305405452345,0.6421524663677131,0.24720670391061453,0.17757847533632287,0.6439461883408072,0.24651810584958217,0.23856502242152466,K001+KI01+KA07
svm,temperature,target_real,0.6242152466367713,0.6231944385249589,0.1098028596726495,0.4960905893144794,0.19046303803981043,0.6511210762331838,0.25206611570247933,0.16681614349775784,0.6547085201793722,0.2534246575342466,0.24484304932735426,K001+KI01+KA07
svm,isotonic,target_real,0.7183856502242153,0.7048008104792501,0.2060258687537734,0.505604256545241,0.1769938051017641,0.9874439461883409,0.27883742052679383,0.0,0.9874439461883409,0.27883742052679383,0.0,K001+KI01+KA07
xgboost,raw,source_holdout,0.9208333333333333,0.9206094206094205,0.0796632828811804,0.10438364508303653,0.009335930969745344,,,,,,,K001+KI01+KA07
xgboost,raw,target_real,0.6968609865470852,0.6880216368624801,0.23877174974556997,0.5379650472708097,0.15484266368094612,0.9300448430493273,0.2854387656702025,0.03856502242152467,0.9300448430493273,0.2854387656702025,0.21704035874439462,K001+KI01+KA07
xgboost,temperature,target_real,0.6968609865470852,0.6880216368624801,0.2532573108765337,0.5515284312837936,0.15559512077162266,0.9237668161434978,0.28446601941747574,0.03228699551569507,0.9354260089686098,0.286673058485139,0.21076233183856502,K001+KI01+KA07
xgboost,isotonic,target_real,0.6744394618834081,0.6699063481761547,0.27137925520935596,0.5779121949709027,0.1853443795236227,0.989237668161435,0.32184950135992746,0.0,0.989237668161435,0.32184950135992746,0.0,K001+KI01+KA07
random_forest,raw,source_holdout,0.8786610878661087,0.8759695132674493,0.06432070468373703,0.17190535846748567,0.021405103804512333,,,,,,,K001+KI01+KA08
random_forest,raw,target_real,0.6932735426008969,0.6811168553041878,0.15011641138585569,0.4675409190982001,0.14681913259341936,0.7695067264573991,0.23543123543123542,0.15515695067264573,0.8645739910313901,0.258298755186722,0.2600896860986547,K001+KI01+KA08
random_forest,temperature,target_real,0.6932735426008969,0.6811168553041878,0.23583172200869723,0.526957162002946,0.1474116044133791,0.8080717488789237,0.244173140954495,0.15515695067264573,0.8995515695067264,0.27517447657028915,0.2591928251121076,K001+KI01+KA08
random_forest,isotonic,target_real,0.6762331838565022,0.6734896030348848,0.2550290443318935,0.5596037786038337,0.18359174399615663,0.9946188340807175,0.3219116321009919,0.0,0.9946188340807175,0.3219116321009919,0.0,K001+KI01+KA08
svm,raw,source_holdout,0.6569037656903766,0.5504024394567953,0.28131218303294225,0.4366822012029684,0.07996274411507388,,,,,,,K001+KI01+KA08
svm,raw,target_real,0.6233183856502242,0.6221370868721231,0.21817997681461326,0.5565867382457733,0.1883468419235185,0.6421524663677131,0.24720670391061453,0.17668161434977578,0.6439461883408072,0.24651810584958217,0.23856502242152466,K001+KI01+KA08
svm,temperature,target_real,0.6233183856502242,0.6221370868721231,0.107583737294374,0.49483862543865953,0.1906328846026557,0.6511210762331838,0.25206611570247933,0.16591928251121077,0.6520179372197309,0.2517193947730399,0.2430493273542601,K001+KI01+KA08
svm,isotonic,target_real,0.7183856502242153,0.7044702213966693,0.2050569201239202,0.5062330636835142,0.17728391710512734,0.9865470852017937,0.2772727272727273,0.0,0.9865470852017937,0.2772727272727273,0.0,K001+KI01+KA08
xgboost,raw,source_holdout,0.8535564853556485,0.8484316981981866,0.0843001077863462,0.2184773934055846,0.03252780369991235,,,,,,,K001+KI01+KA08
xgboost,raw,target_real,0.6959641255605381,0.6868043455176581,0.24183165944210613,0.538637468338956,0.15600310700052603,0.7713004484304933,0.24302325581395348,0.010762331838565023,0.7713004484304933,0.24302325581395348,0.24035874439461882,K001+KI01+KA08
xgboost,temperature,target_real,0.6959641255605381,0.6868043455176581,0.19826201111329658,0.503032244839682,0.15461966734309068,0.7497757847533633,0.23205741626794257,0.010762331838565023,0.7497757847533633,0.23205741626794257,0.2484304932735426,K001+KI01+KA08
xgboost,isotonic,target_real,0.6807174887892377,0.6742079202718655,0.2516268782047989,0.5469338764097513,0.18850657485694552,0.9964125560538116,0.3177317731773177,0.0,0.9964125560538116,0.3177317731773177,0.0,K001+KI01+KA08
random_forest,raw,source_holdout,0.8870292887029289,0.8861896130255773,0.0857554966211596,0.16012433713187324,0.01574042321088644,,,,,,,K001+KI01+KA09
random_forest,raw,target_real,0.6905829596412556,0.678318984667785,0.15320982305322073,0.4678822673589485,0.14808284870163707,0.7721973094170403,0.23925667828106853,0.16681614349775784,0.8860986547085202,0.26619433198380565,0.25291479820627805,K001+KI01+KA09
random_forest,temperature,target_real,0.6905829596412556,0.678318984667785,0.24642064353396684,0.5352513052990847,0.14830855169591406,0.8304932735426009,0.2526997840172786,0.16771300448430493,0.9112107623318386,0.2795275590551181,0.2547085201793722,K001+KI01+KA09
random_forest,isotonic,target_real,0.6825112107623318,0.6789040667997189,0.26431748225723933,0.556114227704872,0.18395648615442134,0.9964125560538116,0.3177317731773177,0.0,0.9964125560538116,0.3177317731773177,0.0,K001+KI01+KA09
svm,raw,source_holdout,0.6569037656903766,0.5504024394567953,0.2753893606538756,0.41990203539266535,0.07957393547948281,,,,,,,K001+KI01+KA09
svm,raw,target_real,0.6242152466367713,0.6228806902653715,0.21621958636757682,0.5529354740104638,0.18726044343180745,0.6529147982062781,0.25,0.17757847533632287,0.6565022421524663,0.25,0.23856502242152466,K001+KI01+KA09
svm,temperature,target_real,0.6242152466367713,0.6228806902653715,0.11916904343142942,0.4972963640277845,0.18930104842445203,0.6618834080717488,0.25338753387533874,0.16681614349775784,0.6636771300448431,0.2527027027027027,0.24484304932735426,K001+KI01+KA09
svm,isotonic,target_real,0.7130044843049327,0.700082560028472,0.22058184146675427,0.5236351498475149,0.18176709849722494,0.989237668161435,0.28377153218495016,0.0,0.989237668161435,0.28377153218495016,0.0,K001+KI01+KA09
xgboost,raw,source_holdout,0.8451882845188284,0.838995560328511,0.07393017323944859,0.21720527004990386,0.032749097166520344,,,,,,,K001+KI01+KA09
xgboost,raw,target_real,0.7004484304932735,0.6917987288678554,0.23917189644056583,0.5357339261858791,0.15886074838836903,0.7614349775784753,0.23557126030624265,0.004484304932735426,0.7614349775784753,0.23557126030624265,0.23497757847533632,K001+KI01+KA09
xgboost,temperature,target_real,0.7004484304932735,0.6917987288678554,0.20316702571985337,0.5034256419825961,0.15714322127131794,0.7399103139013453,0.22787878787878788,0.0053811659192825115,0.7399103139013453,0.22787878787878788,0.2358744394618834,K001+KI01+KA09
xgboost,isotonic,target_real,0.6896860986547085,0.6824481151608701,0.2587342031232224,0.5461803916369861,0.198958658145614,0.9955156950672646,0.3099099099099099,0.0,0.9955156950672646,0.3099099099099099,0.0,K001+KI01+KA09
random_forest,raw,source_holdout,0.8958333333333334,0.8942497147166711,0.030875789603671856,0.13342619157949073,0.026830445394201256,,,,,,,K001+KI03+KA01
random_forest,raw,target_real,0.6744394618834081,0.6638249013254637,0.18658961901606502,0.49055494505262587,0.1528849666628244,0.3031390134529148,0.07100591715976332,0.0,0.7542600896860987,0.24019024970273484,0.24663677130044842,K001+KI03+KA01
random_forest,temperature,target_real,0.6744394618834081,0.6638249013254637,0.18299972646410076,0.488191983175503,0.1651542389342633,0.30852017937219733,0.07267441860465117,0.0,0.7524663677130045,0.24076281287246723,0.24932735426008967,K001+KI03+KA01
random_forest,isotonic,target_real,0.7174887892376681,0.7020920925493993,0.2138291436531981,0.49532160133287656,0.15794227652201492,0.5434977578475336,0.09900990099009901,0.0,0.9973094170403587,0.28327338129496404,0.0,K001+KI03+KA01
svm,raw,source_holdout,0.8958333333333334,0.8960461421298717,0.13529649115896117,0.24491289960421928,0.06356264223864491,,,,,,,K001+KI03+KA01
svm,raw,target_real,0.6959641255605381,0.6846791055879381,0.1975310393820061,0.4940120550558613,0.15531282326887622,0.18475336322869956,0.06796116504854369,0.08609865470852018,0.40358744394618834,0.14222222222222222,0.13273542600896862,K001+KI03+KA01
svm,temperature,target_real,0.6959641255605381,0.6846791055879381,0.19565675214076528,0.49266819642713433,0.15529134551543616,0.18565022421524663,0.06763285024154589,0.08609865470852018,0.40358744394618834,0.14222222222222222,0.13273542600896862,K001+KI03+KA01
svm,isotonic,target_real,0.684304932735426,0.6719459804057689,0.24575894873683696,0.5343229040918891,0.1516561082725975,0.4923766816143498,0.07468123861566485,0.0,0.8439461883408071,0.2614240170031881,0.0,K001+KI03+KA01
xgboost,raw,source_holdout,0.9166666666666666,0.9160237232981684,0.05654772209624454,0.13490460966646117,0.03752224907983572,,,,,,,K001+KI03+KA01
xgboost,raw,target_real,0.6932735426008969,0.6842404332180291,0.250715890353036,0.5386141257878917,0.15793065716319515,0.13004484304932734,0.05517241379310345,0.0053811659192825115,0.8286995515695067,0.2532467532467532,0.22690582959641256,K001+KI03+KA01
xgboost,temperature,target_real,0.6932735426008969,0.6842404332180291,0.18936690975810513,0.48789432801862054,0.15382953299610985,0.14170403587443947,0.05063291139240506,0.006278026905829596,0.8179372197309417,0.24890350877192982,0.25291479820627805,K001+KI03+KA01
xgboost,isotonic,target_real,0.715695067264574,0.6990435798837003,0.20216279895412387,0.4887007890791817,0.15192258593498711,0.5139013452914798,0.07678883071553229,0.0,0.9766816143497757,0.2764003673094582,0.0,K001+KI03+KA01
random_forest,raw,source_holdout,0.9,0.898768385610491,0.04163154369195633,0.1415157472106513,0.03238666537478655,,,,,,,K001+KI03+KA03
random_forest,raw,target_real,0.672645739910314,0.6616868129038243,0.18523704130407803,0.49214312789551673,0.15469998666004298,0.0,,0.0,0.7399103139013453,0.24,0.23856502242152466,K001+KI03+KA03
random_forest,temperature,target_real,0.672645739910314,0.6616868129038243,0.1517973877689095,0.4731762895521743,0.1680973400114124,0.0,,0.0,0.7174887892376681,0.235,0.24035874439461882,K001+KI03+KA03
random_forest,isotonic,target_real,0.7013452914798206,0.6860402157406923,0.23606458926799043,0.5322212473549409,0.1932385385144573,0.526457399103139,0.09540034071550256,0.0,0.9973094170403587,0.29676258992805754,0.4547085201793722,K001+KI03+KA03
svm,raw,source_holdout,0.9166666666666666,0.9166422217865545,0.025419007003435058,0.1291181867367936,0.027540311822411352,,,,,,,K001+KI03+KA03
svm,raw,target_real,0.704932735426009,0.6916017692333482,0.18521913289517455,0.4724765210275976,0.13361234707370875,0.25291479820627805,0.04609929078014184,0.16681614349775784,0.7650224215246637,0.21922626025791325,0.2556053811659193,K001+KI03+KA03
svm,temperature,target_real,0.704932735426009,0.6916017692333482,0.16764536079603615,0.46085276664296376,0.13336221135998266,0.2556053811659193,0.04912280701754386,0.16771300448430493,0.7659192825112108,0.2189695550351288,0.25650224215246636,K001+KI03+KA03
svm,isotonic,target_real,0.6852017937219731,0.6652919772764889,0.23002320170165264,0.49665232564265915,0.16088077740930012,0.5668161434977579,0.09968354430379747,0.0,0.9210762331838565,0.2804284323271665,0.0,K001+KI03+KA03
xgboost,raw,source_holdout,0.9166666666666666,0.9164524253426226,0.05177310581008594,0.13788816976618287,0.05709789970915569,,,,,,,K001+KI03+KA03
xgboost,raw,target_real,0.6887892376681615,0.6800970292571429,0.2547865725151627,0.5457847696104422,0.17261294182580214,0.03497757847533632,0.15384615384615385,0.0,0.8475336322869955,0.25925925925925924,0.0,K001+KI03+KA03
xgboost,temperature,target_real,0.6887892376681615,0.6800970292571429,0.198346851737994,0.4956039319966513,0.16905629193421245,0.03587443946188341,0.15,0.0,0.8170403587443946,0.24807903402854006,0.0,K001+KI03+KA03
xgboost,isotonic,target_real,0.6959641255605381,0.6817237615409182,0.22187578932019208,0.509360960789,0.1573449643169195,0.5632286995515695,0.09872611464968153,0.0,0.9130044843049328,0.28388998035363455,0.0,K001+KI03+KA03
random_forest,raw,source_holdout,0.8744769874476988,0.8776150875626484,0.05239899592538605,0.1678799259993519,0.036894179421707286,,,,,,,K001+KI03+KA05
random_forest,raw,target_real,0.7040358744394619,0.6955146262702967,0.17788624657410126,0.4853875503509937,0.15106148030639752,0.0,,0.0,0.8062780269058296,0.2447163515016685,0.21524663677130046,K001+KI03+KA05
random_forest,temperature,target_real,0.7040358744394619,0.6955146262702967,0.13637879203597372,0.46283088539674405,0.1639597356503741,0.0,,0.0,0.8026905829596412,0.2424581005586592,0.21524663677130046,K001+KI03+KA05
random_forest,isotonic,target_real,0.7094170403587444,0.6953259319705475,0.21586948290990587,0.49875583720220923,0.17360728600077827,0.5650224215246636,0.12063492063492064,0.0,0.8807174887892377,0.2637474541751528,0.431390134529148,K001+KI03+KA05
svm,raw,source_holdout,0.9205020920502092,0.9209872667015525,0.035536276602234754,0.13191776072667746,0.02733479369535458,,,,,,,K001+KI03+KA05
svm,raw,target_real,0.7183856502242153,0.7056879111980487,0.18442883472177657,0.4630649271077141,0.13317957421333532,0.24484304932735426,0.05860805860805861,0.15695067264573992,0.7901345291479821,0.2133938706015891,0.2358744394618834,K001+KI03+KA05
svm,temperature,target_real,0.7183856502242153,0.7056879111980487,0.16092277194536717,0.4498763769508623,0.13308263081777452,0.24663677130044842,0.05454545454545454,0.15874439461883408,0.7928251121076233,0.2149321266968326,0.24125560538116592,K001+KI03+KA05
svm,isotonic,target_real,0.7174887892376681,0.6983182040515675,0.19532996197630245,0.4624884392367986,0.1436550438921006,0.47623318385650226,0.09416195856873823,0.0,0.9506726457399103,0.2669811320754717,0.0,K001+KI03+KA05
xgboost,raw,source_holdout,0.8744769874476988,0.8774675509338999,0.08993002011686185,0.18805650929340828,0.05354055732585602,,,,,,,K001+KI03+KA05
xgboost,raw,target_real,0.7031390134529149,0.6948784125793966,0.25874807898773733,0.5478412916194919,0.1746255485737025,0.10493273542600896,0.11965811965811966,0.0053811659192825115,0.8215246636771301,0.24781659388646288,0.0053811659192825115,K001+KI03+KA05
xgboost,temperature,target_real,0.7031390134529149,0.6948784125793966,0.19287475243148972,0.49057862904463456,0.1707914215747979,0.10941704035874439,0.11475409836065574,0.0053811659192825115,0.8089686098654708,0.24057649667405764,0.0053811659192825115,K001+KI03+KA05
xgboost,isotonic,target_real,0.7139013452914799,0.7006680939259687,0.20917287026399495,0.4905439322154415,0.15033006700855917,0.47533632286995514,0.07735849056603773,0.0,0.9399103139013453,0.27099236641221375,0.0,K001+KI03+KA05
random_forest,raw,source_holdout,0.9,0.8990055226901986,0.052237677971816394,0.13524571263684618,0.020718123703156233,,,,,,,K001+KI03+KA06
random_forest,raw,target_real,0.6753363228699552,0.6645252061278434,0.18640513120991387,0.49278737223836355,0.15639649431607017,0.3327354260089686,0.08355795148247978,0.0,0.7757847533632287,0.24624277456647398,0.15515695067264573,K001+KI03+KA06
random_forest,temperature,target_real,0.6753363228699552,0.6645252061278434,0.16643552240558174,0.48062657994513247,0.15490704823520668,0.347085201793722,0.09043927648578812,0.10762331838565023,0.7596412556053812,0.2396694214876033,0.15515695067264573,K001+KI03+KA06
random_forest,isotonic,target_real,0.7103139013452915,0.6948465943891978,0.18770234589113202,0.48368239998436713,0.15572609440123752,0.5623318385650224,0.11483253588516747,0.0,0.9201793721973094,0.2680311890838207,0.0,K001+KI03+KA06
svm,raw,source_holdout,0.9291666666666667,0.9286959485142804,0.027509290209496738,0.11166463126026333,0.017150415729668654,,,,,,,K001+KI03+KA06
svm,raw,target_real,0.7013452914798206,0.6894861263870133,0.1919171084963589,0.4776258628317085,0.13475877128325264,0.32645739910313903,0.08516483516483517,0.16591928251121077,0.8358744394618834,0.24356223175965666,0.2547085201793722,K001+KI03+KA06
svm,temperature,target_real,0.7013452914798206,0.6894861263870133,0.16180031550486645,0.4566782235292981,0.13440223303372895,0.3255605381165919,0.08539944903581267,0.16771300448430493,0.8466367713004485,0.24258474576271186,0.2547085201793722,K001+KI03+KA06
svm,isotonic,target_real,0.7130044843049327,0.6906694865381068,0.18905793241805346,0.46100172926490496,0.15423635529836402,0.6699551569506726,0.14457831325301204,0.0,0.9614349775784753,0.27425373134328357,0.0,K001+KI03+KA06
xgboost,raw,source_holdout,0.9208333333333333,0.920307236574784,0.05096294259031618,0.125547781133751,0.02584072100118565,,,,,,,K001+KI03+KA06
xgboost,raw,target_real,0.6896860986547085,0.6806386131661529,0.25352054489567677,0.5413199348476145,0.16191959395014027,0.11210762331838565,0.064,0.0026905829596412557,0.852914798206278,0.259726603575184,0.20358744394618833,K001+KI03+KA06
xgboost,temperature,target_real,0.6896860986547085,0.6806386131661529,0.18888857827386923,0.48653322043776176,0.15783579072341053,0.12017937219730941,0.05970149253731343,0.0026905829596412557,0.8269058295964126,0.2527114967462039,0.2295964125560538,K001+KI03+KA06
xgboost,isotonic,target_real,0.7031390134529149,0.688342455227306,0.20456061489484922,0.48453639075950106,0.14994550367008913,0.5147982062780269,0.08013937282229965,0.0,0.9354260089686098,0.274209012464046,0.0,K001+KI03+KA06
random_forest,raw,source_holdout,0.9,0.8990055226901986,0.05112078761935572,0.1355815489185299,0.021355495737691597,,,,,,,K001+KI03+KA07
random_forest,raw,target_real,0.6690582959641256,0.658232957414519,0.19279837068390848,0.49711779329959965,0.15707964123861332,0.3345291479820628,0.08310991957104558,0.0,0.7748878923766817,0.25,0.14887892376681613,K001+KI03+KA07
random_forest,temperature,target_real,0.6690582959641256,0.658232957414519,0.17384442378790094,0.484778037133283,0.16822073563632856,0.34439461883408073,0.078125,0.0,0.768609865470852,0.24620770128354727,0.14887892376681613,K001+KI03+KA07
random_forest,isotonic,target_real,0.7076233183856502,0.6921378291250178,0.19802004704391019,0.4981097873919694,0.16553515091276766,0.5408071748878924,0.1111111111111111,0.0,0.9022421524663677,0.26938369781312127,0.0,K001+KI03+KA07
svm,raw,source_holdout,0.9291666666666667,0.9286959485142804,0.022374849991715372,0.11167954225682951,0.017279406225878965,,,,,,,K001+KI03+KA07
svm,raw,target_real,0.6995515695067265,0.6876983534958564,0.1944032921893435,0.4784811627346045,0.13597686661787464,0.31569506726457397,0.07954545454545454,0.15695067264573992,0.831390134529148,0.23948220064724918,0.2484304932735426,K001+KI03+KA07
svm,temperature,target_real,0.6995515695067265,0.6876983534958564,0.16373025455083473,0.4582860969867814,0.13563332428266972,0.32107623318385653,0.08100558659217877,0.16233183856502242,0.8340807174887892,0.24086021505376345,0.2538116591928251,K001+KI03+KA07
svm,isotonic,target_real,0.7147982062780269,0.6945681114477508,0.1879660859914482,0.45957335593518267,0.15521500754250867,0.5497757847533632,0.09135399673735727,0.0,0.9192825112107623,0.25658536585365854,0.0,K001+KI03+KA07
xgboost,raw,source_holdout,0.9166666666666666,0.9162527870515649,0.05837745914856591,0.1316749268446953,0.027425261824257308,,,,,,,K001+KI03+KA07
xgboost,raw,target_real,0.6887892376681615,0.6791126715183439,0.25382455352175937,0.5486544066801533,0.1692269036125743,0.11031390134529148,0.06504065040650407,0.0,0.8215246636771301,0.25655021834061137,0.0,K001+KI03+KA07
xgboost,temperature,target_real,0.6887892376681615,0.6791126715183439,0.18849632949543854,0.4916233782988082,0.16519174149732663,0.11928251121076233,0.06015037593984962,0.0,0.8278026905829596,0.25785482123510295,0.17040358744394618,K001+KI03+KA07
xgboost,isotonic,target_real,0.6995515695067265,0.6846046661657409,0.21089709366802561,0.5014009802389471,0.15683364574451442,0.525560538116592,0.09044368600682594,0.0,0.9883408071748879,0.294010889292196,0.0,K001+KI03+KA07
random_forest,raw,source_holdout,0.9037656903765691,0.902837592114078,0.051908005697609914,0.1308308875700366,0.02360878517094232,,,,,,,K001+KI03+KA08
random_forest,raw,target_real,0.6708520179372197,0.6603397331338811,0.1903289598002994,0.49480306663696466,0.1569481340087321,0.17847533632286997,0.04020100502512563,0.0,0.8080717488789237,0.26082130965593786,0.2295964125560538,K001+KI03+KA08
random_forest,temperature,target_real,0.6708520179372197,0.6603397331338811,0.13795059089541123,0.4652546870706083,0.16440475478481215,0.17937219730941703,0.04,0.0,0.7793721973094171,0.24856156501726123,0.22780269058295965,K001+KI03+KA08
random_forest,isotonic,target_real,0.7112107623318386,0.6957486112308602,0.20982671813425297,0.49661917619390156,0.18522076249036562,0.5192825112107623,0.09499136442141623,0.0,0.968609865470852,0.27685185185185185,0.0,K001+KI03+KA08
svm,raw,source_holdout,0.9288702928870293,0.9286959485142804,0.02246659293786794,0.11223318839492492,0.01740264657307084,,,,,,,K001+KI03+KA08
svm,raw,target_real,0.695067264573991,0.6825707001698867,0.19888256654667485,0.47979314256739347,0.13591260881887196,0.31748878923766816,0.07909604519774012,0.15784753363228698,0.831390134529148,0.23948220064724918,0.2484304932735426,K001+KI03+KA08
svm,temperature,target_real,0.695067264573991,0.6825707001698867,0.16877486267488878,0.4592482544539198,0.1355768671056435,0.32645739910313903,0.08241758241758242,0.16233183856502242,0.8367713004484305,0.24008574490889603,0.2547085201793722,K001+KI03+KA08
svm,isotonic,target_real,0.7103139013452915,0.6886723869908827,0.18880099537316683,0.463789486990208,0.1599180328387759,0.5551569506726457,0.09208400646203554,0.0,0.9228699551569507,0.2594752186588921,0.0,K001+KI03+KA08
xgboost,raw,source_holdout,0.9163179916317992,0.9160237232981684,0.06399898499125713,0.12978801478216145,0.02619776810351849,,,,,,,K001+KI03+KA08
xgboost,raw,target_real,0.6914798206278027,0.682991937321309,0.25449070246230326,0.5412357380870183,0.16019305154847166,0.14439461883408072,0.049689440993788817,0.004484304932735426,0.8538116591928251,0.25735294117647056,0.19910313901345292,K001+KI03+KA08
xgboost,temperature,target_real,0.6914798206278027,0.682991937321309,0.18823007348603743,0.4854243324974217,0.1565837340605112,0.17130044843049327,0.041884816753926704,0.004484304932735426,0.8439461883408071,0.25292242295430395,0.23497757847533632,K001+KI03+KA08
xgboost,isotonic,target_real,0.7139013452914799,0.6967580418768606,0.19614293482141465,0.4815601727421026,0.1460788656152407,0.5121076233183857,0.07530647985989491,0.0,0.9713004484304932,0.27793167128347185,0.0,K001+KI03+KA08
random_forest,raw,source_holdout,0.899581589958159,0.8986444468362453,0.0460492966604488,0.13326148098192508,0.028399817418804756,,,,,,,K001+KI03+KA09
random_forest,raw,target_real,0.672645739910314,0.6617874829437284,0.18964323047519255,0.49418129263785254,0.15709119119848433,0.16412556053811658,0.0273224043715847,0.0,0.7955156950672646,0.25140924464487036,0.17130044843049327,K001+KI03+KA09
random_forest,temperature,target_real,0.672645739910314,0.6617874829437284,0.1421549397769309,0.46691859450789674,0.15566377672752485,0.16412556053811658,0.0273224043715847,0.11390134529147983,0.7802690582959642,0.24597701149425288,0.17130044843049327,K001+KI03+KA09
random_forest,isotonic,target_real,0.704932735426009,0.6901245787389391,0.21343662108342182,0.5076643495729928,0.18901935008372994,0.46816143497757845,0.07088122605363985,0.0,0.9641255605381166,0.2837209302325581,0.0,K001+KI03+KA09
svm,raw,source_holdout,0.9288702928870293,0.9286959485142804,0.027633437570508342,0.11207646964635935,0.017391545658059147,,,,,,,K001+KI03+KA09
svm,raw,target_real,0.7013452914798206,0.6894861263870133,0.19240660997076556,0.47774896302624564,0.13436299350439632,0.3291479820627803,0.08719346049046321,0.16143497757847533,0.8358744394618834,0.24248927038626608,0.2556053811659193,K001+KI03+KA09
svm,temperature,target_real,0.7013452914798206,0.6894861263870133,0.16232830427264144,0.45715698858167053,0.13402954058558744,0.3327354260089686,0.0862533692722372,0.16591928251121077,0.8475336322869955,0.24338624338624337,0.25650224215246636,K001+KI03+KA09
svm,isotonic,target_real,0.7130044843049327,0.690646866238049,0.19009832732424137,0.46121145166691774,0.15637733380553961,0.5614349775784754,0.09105431309904154,0.0,0.9219730941704036,0.259727626459144,0.0,K001+KI03+KA09
xgboost,raw,source_holdout,0.9205020920502092,0.9201313628899835,0.05381610877344295,0.126163733630266,0.031179248284630163,,,,,,,K001+KI03+KA09
xgboost,raw,target_real,0.6869955156950672,0.6783806518022736,0.25780804715883576,0.5428600084389138,0.16231313750946408,0.12466367713004484,0.06474820143884892,0.0053811659192825115,0.8591928251121076,0.2578288100208768,0.16771300448430493,K001+KI03+KA09
xgboost,temperature,target_real,0.6869955156950672,0.6783806518022736,0.19689058053429387,0.4900832491030549,0.158176195952171,0.12556053811659193,0.05714285714285714,0.0053811659192825115,0.8565022421524664,0.25968586387434556,0.2062780269058296,K001+KI03+KA09
xgboost,isotonic,target_real,0.7103139013452915,0.6938452797808893,0.2063674230762823,0.48616371119858254,0.14044783814702297,0.526457399103139,0.08006814310051108,0.0,0.9739910313901345,0.2826887661141805,0.0,K001+KI03+KA09
random_forest,raw,source_holdout,0.9416666666666667,0.941437908496732,0.037709093511005834,0.09315390485854189,0.00809714031572175,,,,,,,K001+KI05+KA01
random_forest,raw,target_real,0.6591928251121076,0.6527641376409891,0.19781987767093323,0.5151152626142468,0.15145590906838405,0.5874439461883408,0.1969465648854962,0.1147982062780269,0.8941704035874439,0.3059177532597793,0.32825112107623317,K001+KI05+KA01
random_forest,temperature,target_real,0.6591928251121076,0.6527641376409891,0.22153953911575042,0.5349804383881789,0.15156724850981532,0.5802690582959641,0.1947449768160742,0.1147982062780269,0.8932735426008969,0.30522088353413657,0.3273542600896861,K001+KI05+KA01
random_forest,isotonic,target_real,0.695067264573991,0.6784589771398472,0.194672830883441,0.5131453622788277,0.19283956972175734,0.810762331838565,0.25,0.0,0.9910313901345291,0.3031674208144796,0.0,K001+KI05+KA01
svm,raw,source_holdout,0.9583333333333334,0.9582746570698378,0.16163271748901312,0.15826472373911651,0.010538939059300246,,,,,,,K001+KI05+KA01
svm,raw,target_real,0.683408071748879,0.6736724377975518,0.19382507612500752,0.5036209860545496,0.14579245100248353,0.7668161434977578,0.24210526315789474,0.15426008968609867,0.9811659192825112,0.3062157221206581,0.24753363228699551,K001+KI05+KA01
svm,temperature,target_real,0.683408071748879,0.6736724377975518,0.2884723993675438,0.5955713786913617,0.14462629443606803,0.8008968609865471,0.25083986562150057,0.14977578475336323,0.9955156950672646,0.3144144144144144,0.23408071748878923,K001+KI05+KA01
svm,isotonic,target_real,0.673542600896861,0.6621007957198093,0.29393857468678614,0.6008570901007939,0.23152626759015965,0.8690582959641255,0.28173374613003094,0.0,0.9856502242152466,0.3202911737943585,0.0,K001+KI05+KA01
xgboost,raw,source_holdout,0.9458333333333333,0.9455760953464946,0.03564941982428236,0.096724865671271,0.018952062056045552,,,,,,,K001+KI05+KA01
xgboost,raw,target_real,0.6636771300448431,0.6588322976064918,0.2725240951429034,0.5839215686849168,0.16392820233543146,0.2502242152466368,0.07168458781362007,0.07354260089686099,0.9174887892376682,0.30596285434995113,0.20986547085201793,K001+KI05+KA01
xgboost,temperature,target_real,0.6636771300448431,0.6588322976064918,0.2154052323642361,0.5308094818706468,0.16096703523866412,0.24932735426008967,0.06115107913669065,0.07533632286995516,0.915695067264574,0.30656219392752204,0.22242152466367712,K001+KI05+KA01
xgboost,isotonic,target_real,0.673542600896861,0.6685354735697738,0.23032532962199986,0.5321674309333817,0.18560275624226802,0.5058295964125561,0.12234042553191489,0.0,0.9874439461883409,0.3242506811989101,0.0,K001+KI05+KA01
random_forest,raw,source_holdout,0.9208333333333333,0.9206281780995055,0.052232460761040427,0.11495463459881557,0.011754538348960586,,,,,,,K001+KI05+KA03
random_forest,raw,target_real,0.6520179372197309,0.6436248393028207,0.20194682042197662,0.5148842599972119,0.15281620896395418,0.6071748878923767,0.21418020679468242,0.11121076233183856,0.8403587443946189,0.28068303094983993,0.31031390134529147,K001+KI05+KA03
random_forest,temperature,target_real,0.6520179372197309,0.6436248393028207,0.2288111121112663,0.5363099836542335,0.1530969867227729,0.6026905829596413,0.21279761904761904,0.11121076233183856,0.852017937219731,0.28526315789473683,0.3130044843049327,K001+KI05+KA03
random_forest,isotonic,target_real,0.6582959641255606,0.6522910161315338,0.22152273715890003,0.5208931167694599,0.1988893253504502,0.7399103139013453,0.23515151515151514,0.0,0.9103139013452914,0.3083743842364532,0.0,K001+KI05+KA03
svm,raw,source_holdout,0.9416666666666667,0.9417787213965557,0.04015699593959768,0.06960989719832596,0.0038820229932304087,,,,,,,K001+KI05+KA03
svm,raw,target_real,0.6852017937219731,0.6758320538759796,0.19233121785849422,0.4971720003409736,0.1392813549377394,0.7488789237668162,0.2347305389221557,0.18475336322869956,0.947085201793722,0.29450757575757575,0.242152466367713,K001+KI05+KA03
svm,temperature,target_real,0.6852017937219731,0.6758320538759796,0.22746258468260877,0.5257552156229661,0.13881272781409948,0.7524663677130045,0.23718712753277713,0.17668161434977578,0.957847533632287,0.29681647940074907,0.2520179372197309,K001+KI05+KA03
svm,isotonic,target_real,0.6717488789237668,0.6539303056309224,0.2737650928799955,0.5665925330264819,0.24060236033815946,0.8923766816143498,0.28542713567839195,0.0,0.9955156950672646,0.327027027027027,0.0,K001+KI05+KA03
xgboost,raw,source_holdout,0.9375,0.9373268773315542,0.04768255626161898,0.11460397715885597,0.02918967458586803,,,,,,,K001+KI05+KA03
xgboost,raw,target_real,0.6654708520179372,0.6601771398046052,0.27026458911831597,0.5807540018587612,0.1653169273363591,0.21345291479820627,0.05042016806722689,0.060089686098654706,0.852017937219731,0.28210526315789475,0.21614349775784752,K001+KI05+KA03
xgboost,temperature,target_real,0.6654708520179372,0.6601771398046052,0.21588271994373084,0.5319990821754577,0.16267262180129202,0.2179372197309417,0.04938271604938271,0.06547085201793722,0.841255605381166,0.279317697228145,0.22331838565022422,K001+KI05+KA03
xgboost,isotonic,target_real,0.6609865470852018,0.6558811060200044,0.24663703075996277,0.550654912031475,0.18607719528537323,0.5390134529147982,0.13477537437603992,0.0,0.905829596412556,0.3,0.0,K001+KI05+KA03
random_forest,raw,source_holdout,0.895397489539749,0.8979050625775172,0.0365125613348385,0.13100408597111535,0.015420469555156201,,,,,,,K001+KI05+KA05
random_forest,raw,target_real,0.6780269058295965,0.6735178266560413,0.19782610729190941,0.5113182193078762,0.15006786587405405,0.589237668161435,0.2054794520547945,0.12556053811659193,0.8726457399103139,0.2816032887975334,0.2905829596412556,K001+KI05+KA05
random_forest,temperature,target_real,0.6780269058295965,0.6735178266560413,0.2191786369850351,0.5279550108973093,0.15016784498518343,0.5820627802690583,0.20184899845916796,0.12556053811659193,0.841255605381166,0.27185501066098083,0.2932735426008969,K001+KI05+KA05
random_forest,isotonic,target_real,0.6771300448430493,0.6654272772794582,0.2217816225934885,0.5177947364606744,0.19575083015923944,0.7130044843049327,0.22138364779874214,0.0,0.9856502242152466,0.31574158325750684,0.0,K001+KI05+KA05
svm,raw,source_holdout,0.9456066945606695,0.9461028044158054,0.03279019736544701,0.07351311077139323,0.004496313737684519,,,,,,,K001+KI05+KA05
svm,raw,target_real,0.6932735426008969,0.6857342678154249,0.19347783369064336,0.49419705062574065,0.14691943732799334,0.7641255605381166,0.2300469483568075,0.15874439461883408,0.9560538116591928,0.2861163227016886,0.20269058295964126,K001+KI05+KA05
svm,temperature,target_real,0.6932735426008969,0.6857342678154249,0.22424060115947297,0.5175357026225291,0.1466209588034962,0.7704035874439462,0.2339930151338766,0.15874439461883408,0.968609865470852,0.29074074074074074,0.2,K001+KI05+KA05
svm,isotonic,target_real,0.6977578475336322,0.6835838067527465,0.23228121908277471,0.5224402942717546,0.21264222974668348,0.8358744394618834,0.2510729613733906,0.0,0.9802690582959641,0.2918572735590119,0.0,K001+KI05+KA05
xgboost,raw,source_holdout,0.9037656903765691,0.9061353089456134,0.07744015734564805,0.16679738737881003,0.028061655943391533,,,,,,,K001+KI05+KA05
xgboost,raw,target_real,0.6762331838565022,0.6714849910664816,0.2742260069857798,0.5878614511485512,0.17406367355912203,0.24753363228699551,0.10144927536231885,0.008071748878923767,0.7883408071748879,0.2571103526734926,0.16502242152466368,K001+KI05+KA05
xgboost,temperature,target_real,0.6762331838565022,0.6714849910664816,0.2080192425222277,0.5267937852798239,0.17128358067108354,0.23946188340807176,0.0898876404494382,0.008968609865470852,0.7793721973094171,0.2554660529344074,0.16591928251121077,K001+KI05+KA05
xgboost,isotonic,target_real,0.6807174887892377,0.6725788460838205,0.21873587101928477,0.521106308857088,0.18177515581728074,0.5560538116591929,0.1532258064516129,0.0,0.9040358744394619,0.28869047619047616,0.0,K001+KI05+KA05
random_forest,raw,source_holdout,0.9208333333333333,0.9205178900300345,0.06617603314863059,0.09929034278539618,0.008847542300346616,,,,,,,K001+KI05+KA06
random_forest,raw,target_real,0.6511210762331838,0.6435555131491822,0.20582582459031878,0.5183911687171646,0.15343855873236845,0.5820627802690583,0.1987673343605547,0.11390134529147983,0.8959641255605382,0.3083083083083083,0.2878923766816143,K001+KI05+KA06
random_forest,temperature,target_real,0.6511210762331838,0.6435555131491822,0.22647728032138814,0.5356284945566719,0.1535527115576525,0.589237668161435,0.2039573820395738,0.11390134529147983,0.905829596412556,0.3118811881188119,0.28340807174887894,K001+KI05+KA06
random_forest,isotonic,target_real,0.6878923766816144,0.6777203148004852,0.19346369384052797,0.5178745356704922,0.20838650379558038,0.7533632286995515,0.24047619047619048,0.0,0.9811659192825112,0.3062157221206581,0.0,K001+KI05+KA06
svm,raw,source_holdout,0.9541666666666667,0.9540211868281151,0.03491245507329674,0.051155452266999114,0.002041898352560913,,,,,,,K001+KI05+KA06
svm,raw,target_real,0.6869955156950672,0.6785860237637159,0.1978275870848702,0.5020252726976773,0.14168501125345792,0.8233183856502242,0.25381263616557737,0.17040358744394618,0.947085201793722,0.29261363636363635,0.23318385650224216,K001+KI05+KA06
svm,temperature,target_real,0.6869955156950672,0.6785860237637159,0.233380900746342,0.5340188508463711,0.14130556422844504,0.8295964125560538,0.25513513513513514,0.16591928251121077,0.9587443946188341,0.29653882132834425,0.23139013452914797,K001+KI05+KA06
svm,isotonic,target_real,0.695067264573991,0.6785234500846854,0.2525901143273866,0.5391366616097705,0.2252195445491606,0.8448430493273542,0.2526539278131635,0.0,0.9838565022421525,0.30355515041020964,0.0,K001+KI05+KA06
xgboost,raw,source_holdout,0.95,0.9497171590194847,0.049832200507322955,0.1009280542877451,0.01505037473082036,,,,,,,K001+KI05+KA06
xgboost,raw,target_real,0.6636771300448431,0.658366698224146,0.2725118518410243,0.585269124420512,0.16551241910341513,0.3201793721973094,0.11764705882352941,0.04484304932735426,0.97847533632287,0.3281393217231897,0.22600896860986547,K001+KI05+KA06
xgboost,temperature,target_real,0.6636771300448431,0.658366698224146,0.21409736559161174,0.530957279130359,0.16260956052810838,0.32286995515695066,0.10555555555555556,0.051121076233183856,0.968609865470852,0.32407407407407407,0.2358744394618834,K001+KI05+KA06
xgboost,isotonic,target_real,0.6672645739910313,0.6610891609864389,0.2338868316770573,0.5395760883929946,0.20282060596015605,0.5524663677130045,0.1461038961038961,0.0,0.9748878923766816,0.32566697332106714,0.0,K001+KI05+KA06
random_forest,raw,source_holdout,0.9208333333333333,0.9205178900300345,0.06087419830078451,0.10137090022990246,0.00897385020006178,,,,,,,K001+KI05+KA07
random_forest,raw,target_real,0.6439461883408072,0.6359354306884876,0.21386612571026628,0.5230258034749011,0.15281447131561834,0.6017937219730942,0.20715350223546944,0.10493273542600896,0.9076233183856502,0.31719367588932806,0.32825112107623317,K001+KI05+KA07
random_forest,temperature,target_real,0.6439461883408072,0.6359354306884876,0.23346974250894437,0.5401005009283331,0.1553371514940799,0.6026905829596413,0.20982142857142858,0.10493273542600896,0.9076233183856502,0.31719367588932806,0.32466367713004485,K001+KI05+KA07
random_forest,isotonic,target_real,0.6753363228699552,0.66481531947252,0.20312476993260317,0.5280974672781367,0.21478253818704496,0.7847533632286996,0.256,0.0,0.9704035874439462,0.3142329020332717,0.0,K001+KI05+KA07
svm,raw,source_holdout,0.9541666666666667,0.9540211868281151,0.03944804310570018,0.05081801533923875,0.0020068991802383485,,,,,,,K001+KI05+KA07
svm,raw,target_real,0.6869955156950672,0.6782731740373609,0.19715242897559648,0.5019447787196553,0.14115175436636068,0.8439461883408071,0.2603613177470776,0.17399103139013453,0.9497757847533632,0.29650613786591123,0.23946188340807176,K001+KI05+KA07
svm,temperature,target_real,0.6869955156950672,0.6782731740373609,0.23522742263346053,0.5361536397949808,0.14076449541772093,0.8215246636771301,0.25327510917030566,0.16591928251121077,0.95695067264574,0.2980318650421743,0.2367713004484305,K001+KI05+KA07
svm,isotonic,target_real,0.6905829596412556,0.6743450315660335,0.26114322536493273,0.5482492708363288,0.23080749363904474,0.8968609865470852,0.27,0.0,0.9605381165919282,0.2969187675070028,0.0,K001+KI05+KA07
xgboost,raw,source_holdout,0.9333333333333333,0.9330932522160076,0.051430524388949114,0.11393171552785537,0.017500854016212836,,,,,,,K001+KI05+KA07
xgboost,raw,target_real,0.6538116591928251,0.6481582349447702,0.2846854217918464,0.5976570390178496,0.17159488699081826,0.24484304932735426,0.08058608058608059,0.030493273542600896,0.9031390134529148,0.30883813306852037,0.21614349775784752,K001+KI05+KA07
xgboost,temperature,target_real,0.6538116591928251,0.6481582349447702,0.22132856250801694,0.5357546992255194,0.16846329584827385,0.2484304932735426,0.07581227436823104,0.033183856502242155,0.8887892376681614,0.30272452068617556,0.22331838565022422,K001+KI05+KA07
xgboost,isotonic,target_real,0.6600896860986547,0.6509764445515143,0.22546580344297573,0.5321825087955314,0.1924027775280498,0.5058295964125561,0.11347517730496454,0.0,0.9112107623318386,0.31003937007874016,0.0,K001+KI05+KA07
random_forest,raw,source_holdout,0.9414225941422594,0.9414050940604524,0.050194074398288824,0.09203072525678974,0.007944886393021326,,,,,,,K001+KI05+KA08
random_forest,raw,target_real,0.6573991031390135,0.649934099109276,0.20000852699523927,0.517234557456436,0.1546182762075044,0.6080717488789238,0.2153392330383481,0.11121076233183856,0.8959641255605382,0.3083083083083083,0.2609865470852018,K001+KI05+KA08
random_forest,temperature,target_real,0.6573991031390135,0.649934099109276,0.22541849456015997,0.5383153680068425,0.15502890458874613,0.5991031390134529,0.2125748502994012,0.11121076233183856,0.915695067264574,0.31635651322233105,0.25291479820627805,K001+KI05+KA08
random_forest,isotonic,target_real,0.6887892376681615,0.6728492367453494,0.2049944926156526,0.5259794789693087,0.19673946157188615,0.8278026905829596,0.25677139761646806,0.0,0.9964125560538116,0.3096309630963096,0.0,K001+KI05+KA08
svm,raw,source_holdout,0.9539748953974896,0.9540211868281151,0.03997975879362546,0.051095484283965084,0.0020445033572994,,,,,,,K001+KI05+KA08
svm,raw,target_real,0.683408071748879,0.6744441108688521,0.19933090039440737,0.5028313949595631,0.14221397855623505,0.8466367713004485,0.2616525423728814,0.17399103139013453,0.9488789237668162,0.29584120982986767,0.23408071748878923,K001+KI05+KA08
svm,temperature,target_real,0.683408071748879,0.6744441108688521,0.23799739043162874,0.5376314060946393,0.1419064507636188,0.8233183856502242,0.2549019607843137,0.16681614349775784,0.9596412556053812,0.3,0.23497757847533632,K001+KI05+KA08
svm,isotonic,target_real,0.6887892376681615,0.6721554756297428,0.26363757654536113,0.551594669958328,0.23583968572314154,0.8959641255605382,0.2722722722722723,0.0,0.9560538116591928,0.2954971857410882,0.0,K001+KI05+KA08
xgboost,raw,source_holdout,0.9497907949790795,0.9498039215686275,0.041084986850307606,0.0946499759483183,0.01522717584092437,,,,,,,K001+KI05+KA08
xgboost,raw,target_real,0.6699551569506726,0.6638572145509751,0.266648045275778,0.5789681266830295,0.16433095520410482,0.33183856502242154,0.1,0.05022421524663677,0.9713004484304932,0.322253000923361,0.22511210762331837,K001+KI05+KA08
xgboost,temperature,target_real,0.6699551569506726,0.6638572145509751,0.20984299026896935,0.5281337074584634,0.1609398822226497,0.3273542600896861,0.0821917808219178,0.053811659192825115,0.9443946188340807,0.31054131054131057,0.24125560538116592,K001+KI05+KA08
xgboost,isotonic,target_real,0.6789237668161435,0.6710282966926334,0.23109325712495835,0.5323813199447355,0.18672478652309252,0.5192825112107623,0.11917098445595854,0.0,0.9829596412556054,0.3147810218978102,0.0,K001+KI05+KA08
random_forest,raw,source_holdout,0.9372384937238494,0.9371700000990618,0.05372266941060144,0.09466076660342083,0.008809648081988305,,,,,,,K001+KI05+KA09
random_forest,raw,target_real,0.6547085201793722,0.6470157586924054,0.2041734069334872,0.5174757467766882,0.15299872421653354,0.5982062780269058,0.20839580209895053,0.14260089686098654,0.905829596412556,0.3118811881188119,0.2896860986547085,K001+KI05+KA09
random_forest,temperature,target_real,0.6547085201793722,0.6470157586924054,0.23200700900523882,0.5412469580039537,0.15332406460874853,0.5838565022421525,0.20430107526881722,0.14260089686098654,0.9139013452914798,0.3140333660451423,0.29237668161434976,K001+KI05+KA09
random_forest,isotonic,target_real,0.684304932735426,0.6696283141239124,0.21111338966427215,0.5335391276492687,0.21675123988841824,0.8340807174887892,0.26559139784946234,0.0,0.9982062780269059,0.31536388140161725,0.0,K001+KI05+KA09
svm,raw,source_holdout,0.9539748953974896,0.9540211868281151,0.03518312176257247,0.05138625825077037,0.002059386525162496,,,,,,,K001+KI05+KA09
svm,raw,target_real,0.6860986547085202,0.6778017742966508,0.19787377742100826,0.5034015954272568,0.14322351893491309,0.8233183856502242,0.25381263616557737,0.16950672645739912,0.9488789237668162,0.2939508506616257,0.22780269058295965,K001+KI05+KA09
svm,temperature,target_real,0.6860986547085202,0.6778017742966508,0.23356450395123102,0.5354269840839285,0.14295016190776036,0.8295964125560538,0.2562162162162162,0.16412556053811658,0.957847533632287,0.29775280898876405,0.22600896860986547,K001+KI05+KA09
svm,isotonic,target_real,0.6914798206278027,0.675253799319913,0.25488081965401,0.5406251801710558,0.2255175524083582,0.8403587443946189,0.2529348986125934,0.0,0.9838565022421525,0.30446672743846853,0.0,K001+KI05+KA09
xgboost,raw,source_holdout,0.9414225941422594,0.941369809499926,0.0472553730260378,0.10190307950851571,0.01675518699314312,,,,,,,K001+KI05+KA09
xgboost,raw,target_real,0.6636771300448431,0.6582689298544788,0.2718276454728815,0.5841742303189138,0.16820859076562214,0.3219730941704036,0.11420612813370473,0.04304932735426009,0.9165919282511211,0.3082191780821918,0.19820627802690582,K001+KI05+KA09
xgboost,temperature,target_real,0.6636771300448431,0.6582689298544788,0.21618652056336884,0.5317537739480201,0.16475488243643752,0.3291479820627803,0.10626702997275204,0.05291479820627803,0.9121076233183857,0.3058013765978368,0.22062780269058296,K001+KI05+KA09
xgboost,isotonic,target_real,0.683408071748879,0.6753262902212046,0.22155055506722482,0.5263086273530684,0.1886101314664631,0.5524663677130045,0.1331168831168831,0.0,0.9434977578475336,0.2956273764258555,0.0,K001+KI05+KA09
random_forest,raw,source_holdout,0.9748953974895398,0.9747877272490494,0.05545701484514287,0.046599510005578264,0.0011143718304741665,,,,,,,K001+KI07+KA01
random_forest,raw,target_real,0.6878923766816144,0.6755003665966101,0.16581966891352584,0.4742451325496918,0.14079079530241692,0.8582959641255605,0.26750261233019856,0.11390134529147983,0.9883408071748879,0.308529945553539,0.3165919282511211,K001+KI07+KA01
random_forest,temperature,target_real,0.6878923766816144,0.6755003665966101,0.2468223940500196,0.5406219240389178,0.14169654262265294,0.8771300448430494,0.27300613496932513,0.11390134529147983,0.9928251121076234,0.3089430894308943,0.28699551569506726,K001+KI07+KA01
random_forest,isotonic,target_real,0.6672645739910313,0.6655304523871016,0.29003737047870004,0.5831634358107145,0.2005128789380217,0.9659192825112107,0.32219127205199627,0.0,0.9659192825112107,0.32219127205199627,0.0,K001+KI07+KA01
svm,raw,source_holdout,0.9790794979079498,0.979139315667493,0.15908996914114062,0.14123234113119312,0.006504006781832243,,,,,,,K001+KI07+KA01
svm,raw,target_real,0.7067264573991031,0.6928350409327599,0.17471026011383028,0.4718419846866699,0.12642696353490676,0.7730941704035874,0.21925754060324826,0.18116591928251122,0.9937219730941704,0.29061371841155237,0.31390134529147984,K001+KI07+KA01
svm,temperature,target_real,0.7067264573991031,0.6928350409327599,0.26724484665293335,0.5568561878739618,0.12639433549220055,0.7937219730941704,0.22598870056497175,0.18116591928251122,0.9955156950672646,0.290990990990991,0.31569506726457397,K001+KI07+KA01
svm,isotonic,target_real,0.6789237668161435,0.6729362789756048,0.26495968312966767,0.5687496678390005,0.2030499998473988,0.9739910313901345,0.31767955801104975,0.0,0.9739910313901345,0.31767955801104975,0.0,K001+KI07+KA01
xgboost,raw,source_holdout,0.9790794979079498,0.979008607766357,0.014356894473151681,0.026555886658185163,0.00047953076030259924,,,,,,,K001+KI07+KA01
xgboost,raw,target_real,0.6986547085201794,0.6893955822798327,0.23867675490978052,0.5299826794801523,0.13837299485869667,0.9165919282511211,0.2808219178082192,0.0242152466367713,0.9973094170403587,0.302158273381295,0.31210762331838565,K001+KI07+KA01
xgboost,temperature,target_real,0.6986547085201794,0.6893955822798327,0.24817280109168058,0.5396952685182332,0.13879142189592003,0.8914798206278027,0.27364185110663986,0.0242152466367713,0.9982062780269059,0.3018867924528302,0.3112107623318386,K001+KI07+KA01
xgboost,isotonic,target_real,0.6860986547085202,0.6806767336052005,0.2702306891302977,0.5616835879381099,0.1963855825755045,0.9775784753363229,0.30275229357798167,0.0,0.9982062780269059,0.31356693620844567,0.0,K001+KI07+KA01
random_forest,raw,source_holdout,0.9539748953974896,0.953920475659606,0.05724487762047066,0.06604784403742345,0.002814381009125759,,,,,,,K001+KI07+KA03
random_forest,raw,target_real,0.6798206278026906,0.667177395943412,0.17273542097050426,0.47615974730816313,0.1441596109034881,0.7605381165919283,0.2358490566037736,0.0,0.9901345291479821,0.3161231884057971,0.284304932735426,K001+KI07+KA03
random_forest,temperature,target_real,0.6798206278026906,0.667177395943412,0.2422598724729071,0.5310585221425541,0.14461390910736874,0.7452914798206278,0.23345367027677497,0.0,0.9901345291479821,0.3161231884057971,0.26188340807174887,K001+KI07+KA03
random_forest,isotonic,target_real,0.6547085201793722,0.6510040499463372,0.28871054750431907,0.5849512468596729,0.21238829638931306,0.9354260089686098,0.31831255992329816,0.0,0.9991031390134529,0.34470377019748655,0.0,K001+KI07+KA03
svm,raw,source_holdout,0.9748953974895398,0.9749452730413685,0.029461991547666558,0.039325395165920256,0.0012525214142525133,,,,,,,K001+KI07+KA03
svm,raw,target_real,0.7094170403587444,0.6940668701065486,0.16891299973441382,0.45340630473892374,0.11703583218102293,0.768609865470852,0.21120186697782964,0.23318385650224216,0.9964125560538116,0.2889288928892889,0.32825112107623317,K001+KI07+KA03
svm,temperature,target_real,0.7094170403587444,0.6940668701065486,0.21260834890146588,0.4856995998211774,0.11686040007210953,0.7820627802690583,0.21559633027522937,0.21614349775784752,0.9964125560538116,0.2889288928892889,0.32645739910313903,K001+KI07+KA03
svm,isotonic,target_real,0.6744394618834081,0.6616849967156547,0.25427243455228493,0.5291499043708636,0.20349514514733386,0.842152466367713,0.25026624068157616,0.0,0.9363228699551569,0.2950191570881226,0.0,K001+KI07+KA03
xgboost,raw,source_holdout,0.9707112970711297,0.9708056568006102,0.014937907083263943,0.04291350817743119,0.0013536149179494855,,,,,,,K001+KI07+KA03
xgboost,raw,target_real,0.695067264573991,0.6852938323735538,0.24318118237059216,0.5351087321787864,0.13918693686683614,0.8179372197309417,0.25109649122807015,0.0242152466367713,0.9829596412556054,0.3001824817518248,0.3345291479820628,K001+KI07+KA03
xgboost,temperature,target_real,0.695067264573991,0.6852938323735538,0.24340579896326517,0.5353389007296814,0.13919892625912383,0.8179372197309417,0.25109649122807015,0.0242152466367713,0.9829596412556054,0.3001824817518248,0.3345291479820628,K001+KI07+KA03
xgboost,isotonic,target_real,0.6798206278026906,0.6729597433825739,0.2563415150952017,0.5506751586003407,0.20700688096192352,0.9201793721973094,0.2884990253411306,0.0,0.9910313901345291,0.31402714932126696,0.0,K001+KI07+KA03
random_forest,raw,source_holdout,0.9327731092436975,0.9332019600292948,0.05192426535789728,0.08363627427709441,0.004272581255682773,,,,,,,K001+KI07+KA05
random_forest,raw,target_real,0.7103139013452915,0.7003274157146903,0.16336995489003814,0.4730049043361487,0.13976108312511537,0.7757847533632287,0.24393063583815028,0.0,0.8977578475336323,0.26673326673326675,0.273542600896861,K001+KI07+KA05
random_forest,temperature,target_real,0.7103139013452915,0.7003274157146903,0.20423027002608612,0.50056050047466,0.14015584345744284,0.7713004484304933,0.24069767441860465,0.0,0.8941704035874439,0.2657973921765296,0.2717488789237668,K001+KI07+KA05
random_forest,isotonic,target_real,0.6977578475336322,0.6858422606648138,0.22644235627510054,0.5395057882529495,0.2037243970570279,0.8708520179372198,0.286302780638517,0.0,0.979372197309417,0.29853479853479853,0.0,K001+KI07+KA05
svm,raw,source_holdout,0.9789915966386554,0.9790852206766892,0.03027545104540852,0.04078840521925362,0.0011286173006132933,,,,,,,K001+KI07+KA05
svm,raw,target_real,0.7246636771300449,0.7102809121385686,0.1643761682852743,0.44350179861049344,0.11659537593693213,0.8475336322869955,0.2253968253968254,0.18295964125560538,0.9820627802690582,0.2694063926940639,0.2986547085201794,K001+KI07+KA05
svm,temperature,target_real,0.7246636771300449,0.7102809121385686,0.20581811281006696,0.4716415450665962,0.11623645711290564,0.8618834080717489,0.2278876170655567,0.18385650224215247,0.9883408071748879,0.27041742286751363,0.295067264573991,K001+KI07+KA05
svm,isotonic,target_real,0.7103139013452915,0.6964076305385579,0.2158858483023668,0.4909198589908981,0.1966516276108957,0.9004484304932735,0.24800796812749004,0.0,0.9766816143497757,0.2837465564738292,0.0,K001+KI07+KA05
xgboost,raw,source_holdout,0.9327731092436975,0.9332019600292948,0.044964379372716995,0.0925276863567168,0.004500265082965964,,,,,,,K001+KI07+KA05
xgboost,raw,target_real,0.704932735426009,0.6953321092619317,0.2507331068205727,0.5363998412012919,0.13865105380950135,0.8062780269058296,0.23692992213570635,0.013452914798206279,0.9345291479820628,0.27351247600767753,0.33004484304932735,K001+KI07+KA05
xgboost,temperature,target_real,0.704932735426009,0.6953321092619317,0.22422954821684582,0.5093595017629977,0.1373271163409896,0.8170403587443946,0.23819978046103182,0.014349775784753363,0.9318385650224216,0.273339749759384,0.33363228699551567,K001+KI07+KA05
xgboost,isotonic,target_real,0.6986547085201794,0.6889701355634723,0.23910389709041188,0.5299031597574732,0.19983193295279683,0.885201793721973,0.2674772036474164,0.0,0.9865470852017937,0.2990909090909091,0.0,K001+KI07+KA05
random_forest,raw,source_holdout,0.9665271966527197,0.9663370830397691,0.04809875521765687,0.04652690466770205,0.0011543900768667707,,,,,,,K001+KI07+KA06
random_forest,raw,target_real,0.6780269058295965,0.6660730728496271,0.17702143920928248,0.4781686664200349,0.14190478832421108,0.8869955156950673,0.27906976744186046,0.12645739910313902,0.9910313901345291,0.318552036199095,0.2771300448430493,K001+KI07+KA06
random_forest,temperature,target_real,0.6780269058295965,0.6660730728496271,0.25571324576272025,0.5442103282711045,0.14218222716793175,0.8654708520179372,0.27357512953367874,0.12645739910313902,0.9937219730941704,0.3194945848375451,0.2807174887892377,K001+KI07+KA06
random_forest,isotonic,target_real,0.6609865470852018,0.6577152640848424,0.29302177942784097,0.5899063661859374,0.20139315762731064,0.9443946188340807,0.3200379867046534,0.0,0.9443946188340807,0.3200379867046534,0.0,K001+KI07+KA06
svm,raw,source_holdout,0.9874476987447699,0.9874213836477987,0.02127027893002254,0.020576989982767878,0.0003373506902649152,,,,,,,K001+KI07+KA06
svm,raw,target_real,0.704932735426009,0.6924141606913995,0.17710205031399062,0.4618920841998345,0.11971522264393446,0.841255605381166,0.232409381663113,0.20717488789237667,0.9748878923766816,0.2842686292548298,0.31928251121076234,K001+KI07+KA06
svm,temperature,target_real,0.704932735426009,0.6924141606913995,0.2306257446844339,0.5071949302068187,0.11993023368862896,0.8618834080717489,0.23829344432882413,0.18923766816143497,0.947085201793722,0.2755681818181818,0.3165919282511211,K001+KI07+KA06
svm,isotonic,target_real,0.7013452914798206,0.6922623153934744,0.24253241445772752,0.5216248637975579,0.19169029739213336,0.9695067264573991,0.28677150786308975,0.0,0.9695067264573991,0.28677150786308975,0.0,K001+KI07+KA06
xgboost,raw,source_holdout,0.9790794979079498,0.9790356394129979,0.01890808967366877,0.02651289445061811,0.0003885686164410846,,,,,,,K001+KI07+KA06
xgboost,raw,target_real,0.695067264573991,0.6857735795047946,0.24180257579670897,0.5358195595360528,0.138068722948217,0.9139013452914798,0.2826300294406281,0.0484304932735426,0.968609865470852,0.2972222222222222,0.31210762331838565,K001+KI07+KA06
xgboost,temperature,target_real,0.695067264573991,0.6857735795047946,0.24922266695170864,0.54363920169802,0.13832514708050414,0.9147982062780269,0.2823529411764706,0.04932735426008968,0.967713004484305,0.29842446709916587,0.3094170403587444,K001+KI07+KA06
xgboost,isotonic,target_real,0.6905829596412556,0.6844045884404002,0.27901986796095596,0.5748266730792992,0.20633460536142917,0.9748878923766816,0.3017479300827967,0.0,0.9748878923766816,0.3017479300827967,0.0,K001+KI07+KA06
random_forest,raw,source_holdout,0.9665271966527197,0.9663370830397691,0.047605809194385174,0.04634224333272124,0.0011676843200759753,,,,,,,K001+KI07+KA07
random_forest,raw,target_real,0.6753363228699552,0.6630365777653339,0.18228295570797198,0.4818314308991605,0.14286608494373598,0.873542600896861,0.27618069815195073,0.12376681614349776,0.9901345291479821,0.32155797101449274,0.2905829596412556,K001+KI07+KA07
random_forest,temperature,target_real,0.6753363228699552,0.6630365777653339,0.26122914671289593,0.5494853774523938,0.14323475501140026,0.8681614349775785,0.2768595041322314,0.12376681614349776,0.9946188340807175,0.3237150586113616,0.2914798206278027,K001+KI07+KA07
random_forest,isotonic,target_real,0.6609865470852018,0.6583208381681822,0.29204270384663367,0.6010077034377914,0.20751580560678798,0.9820627802690582,0.33424657534246577,0.0,0.9820627802690582,0.33424657534246577,0.0,K001+KI07+KA07
svm,raw,source_holdout,0.9874476987447699,0.9874213836477987,0.023050302663704798,0.021554477105989504,0.00035530820279028015,,,,,,,K001+KI07+KA07
svm,raw,target_real,0.7022421524663677,0.6893234548493554,0.17999070473064516,0.4637111779691645,0.12107817385883603,0.8394618834080717,0.23183760683760685,0.19461883408071748,0.9730941704035875,0.28755760368663597,0.3255605381165919,K001+KI07+KA07
svm,temperature,target_real,0.7022421524663677,0.6893234548493554,0.2325607148506984,0.5077881666226925,0.12125154918469255,0.8475336322869955,0.23386243386243386,0.18475336322869956,0.9506726457399103,0.27735849056603773,0.31569506726457397,K001+KI07+KA07
svm,isotonic,target_real,0.6968609865470852,0.6883875421998673,0.2450798403003477,0.5223201532945867,0.19479030163769465,0.9668161434977578,0.2884972170686456,0.0,0.9668161434977578,0.2884972170686456,0.0,K001+KI07+KA07
xgboost,raw,source_holdout,0.9748953974895398,0.9749213836477987,0.018764003051374743,0.0314848313033565,0.000657610429980913,,,,,,,K001+KI07+KA07
xgboost,raw,target_real,0.6869955156950672,0.6774119505934117,0.2497966023304003,0.5415814111789515,0.13991800454252482,0.8941704035874439,0.279839518555667,0.019730941704035873,0.9739910313901345,0.30386740331491713,0.33183856502242154,K001+KI07+KA07
xgboost,temperature,target_real,0.6869955156950672,0.6774119505934117,0.25514153118869215,0.5465102887187068,0.14006284343423978,0.8959641255605382,0.28128128128128127,0.019730941704035873,0.9748878923766816,0.30358785648574055,0.32825112107623317,K001+KI07+KA07
xgboost,isotonic,target_real,0.6708520179372197,0.6656070764321518,0.2706956755605585,0.5680112460294245,0.200511644601832,0.9721973094170404,0.3173431734317343,0.0,0.989237668161435,0.3236627379873073,0.0,K001+KI07+KA07
random_forest,raw,source_holdout,0.9621848739495799,0.9619325283219244,0.0518139698072739,0.0431389351065501,0.0011816792305369109,,,,,,,K001+KI07+KA08
random_forest,raw,target_real,0.6798206278026906,0.6673835561265289,0.1782456378091758,0.47999961067866626,0.14153097562732297,0.8475336322869955,0.2613756613756614,0.0,0.9910313901345291,0.3176470588235294,0.27802690582959644,K001+KI07+KA08
random_forest,temperature,target_real,0.6798206278026906,0.6673835561265289,0.2512810568803441,0.5420947435905938,0.1423742601151703,0.8591928251121076,0.27035490605427975,0.0,0.9928251121076234,0.3179765130984643,0.27623318385650225,K001+KI07+KA08
random_forest,isotonic,target_real,0.6699551569506726,0.6670255037803375,0.28907439809140706,0.5847735510327662,0.20215417774329472,0.968609865470852,0.32407407407407407,0.0,0.968609865470852,0.32407407407407407,0.0,K001+KI07+KA08
svm,raw,source_holdout,0.9873949579831933,0.9874213836477987,0.023020791508152883,0.021476944841867702,0.0003583227075710105,,,,,,,K001+KI07+KA08
svm,raw,target_real,0.6977578475336322,0.6841590764513493,0.18532157825723305,0.46415880947993865,0.12084630920721334,0.8430493273542601,0.23404255319148937,0.19641255605381167,0.9730941704035875,0.2912442396313364,0.3273542600896861,K001+KI07+KA08
svm,temperature,target_real,0.6977578475336322,0.6841590764513493,0.23803309997441982,0.5087733075234255,0.12082061535316474,0.8493273542600897,0.23442449841605068,0.18475336322869956,0.9452914798206278,0.2732447817836812,0.31748878923766816,K001+KI07+KA08
svm,isotonic,target_real,0.6986547085201794,0.6902738347246258,0.24314223035591798,0.5220328855883771,0.19730613342224523,0.9632286995515695,0.2839851024208566,0.0,0.9632286995515695,0.2839851024208566,0.0,K001+KI07+KA08
xgboost,raw,source_holdout,0.9789915966386554,0.9790356394129979,0.018925030942724533,0.026147388252236194,0.0004466607007091696,,,,,,,K001+KI07+KA08
xgboost,raw,target_real,0.6959641255605381,0.6868010381210605,0.2456054028908768,0.5356332518900317,0.13687380780618008,0.8887892376681614,0.2704339051463169,0.045739910313901344,0.9632286995515695,0.2942271880819367,0.32466367713004485,K001+KI07+KA08
xgboost,temperature,target_real,0.6959641255605381,0.6868010381210605,0.2515342752477514,0.5419721437341789,0.13712803039091068,0.8896860986547085,0.2711693548387097,0.045739910313901344,0.9623318385650225,0.293569431500466,0.3255605381165919,K001+KI07+KA08
xgboost,isotonic,target_real,0.684304932735426,0.6789039622426284,0.2654568403667536,0.556926397807652,0.196725688836334,0.8286995515695067,0.24783549783549783,0.0,0.979372197309417,0.3067765567765568,0.0,K001+KI07+KA08
random_forest,raw,source_holdout,0.9663865546218487,0.9662367116656849,0.05102510024294109,0.04720892757222916,0.0012126935624709079,,,,,,,K001+KI07+KA09
random_forest,raw,target_real,0.6798206278026906,0.6673045487833543,0.17877086525528657,0.48030078061771275,0.14226917882274603,0.8547085201793722,0.2654774396642183,0.0,0.9820627802690582,0.3141552511415525,0.2896860986547085,K001+KI07+KA09
random_forest,temperature,target_real,0.6798206278026906,0.6673045487833543,0.25513761640771,0.5466521696881125,0.1431020511392367,0.8753363228699551,0.27459016393442626,0.0,0.989237668161435,0.3182230281051677,0.28878923766816145,K001+KI07+KA09
random_forest,isotonic,target_real,0.6672645739910313,0.6642859715776382,0.29015728755350517,0.5919688187804049,0.20634439320808762,0.9426008968609866,0.3168411037107517,0.0,0.9955156950672646,0.32972972972972975,0.0,K001+KI07+KA09
svm,raw,source_holdout,0.9873949579831933,0.9874213836477987,0.021450652629527653,0.02064078509191882,0.0003224082833559709,,,,,,,K001+KI07+KA09
svm,raw,target_real,0.7031390134529149,0.6903602614849178,0.17934582632797763,0.46202114718783466,0.11962474739917864,0.873542600896861,0.24229979466119098,0.19910313901345292,0.9748878923766816,0.2861085556577737,0.3165919282511211,K001+KI07+KA09
svm,temperature,target_real,0.7031390134529149,0.6903602614849178,0.23253928120256284,0.5071888194313791,0.11974466700484855,0.8618834080717489,0.23829344432882413,0.18744394618834082,0.9479820627802691,0.27625354777672656,0.31569506726457397,K001+KI07+KA09
svm,isotonic,target_real,0.6995515695067265,0.6902922813321655,0.24464030686215127,0.5217311472639475,0.19164320946740848,0.9704035874439462,0.28650646950092423,0.0,0.9704035874439462,0.28650646950092423,0.0,K001+KI07+KA09
xgboost,raw,source_holdout,0.9789915966386554,0.9790356394129979,0.01633428400304137,0.023932368502324,0.00033829017316761083,,,,,,,K001+KI07+KA09
xgboost,raw,target_real,0.6932735426008969,0.6840371458668558,0.2449353175580235,0.53619884971245,0.1372249383952275,0.8789237668161435,0.2673469387755102,0.030493273542600896,0.9524663677130045,0.2928436911487759,0.3273542600896861,K001+KI07+KA09
xgboost,temperature,target_real,0.6932735426008969,0.6840371458668558,0.25380393259209866,0.5458213558343658,0.1376804984363195,0.8816143497757848,0.2685656154628688,0.026905829596412557,0.9551569506726457,0.29389671361502345,0.3255605381165919,K001+KI07+KA09
xgboost,isotonic,target_real,0.6905829596412556,0.6843908235378354,0.27122787396775805,0.5688042408751893,0.20309309020817126,0.9713004484304932,0.30193905817174516,0.0,0.9713004484304932,0.30193905817174516,0.0,K001+KI07+KA09
random_forest,raw,source_holdout,0.9831932773109243,0.9830932899021496,0.06784715852469445,0.05179371082674548,0.0014819396109429868,,,,,,,K001+KI08+KA01
random_forest,raw,target_real,0.6923766816143497,0.6813607700424806,0.15905745974929164,0.47195512814115487,0.139848703910493,0.7991031390134529,0.24691358024691357,0.0,0.9650224215246637,0.29739776951672864,0.3147982062780269,K001+KI08+KA01
random_forest,temperature,target_real,0.6923766816143497,0.6813607700424806,0.23614260790791702,0.5296010604024028,0.1403249802673756,0.820627802690583,0.25245901639344265,0.0,0.9605381165919282,0.2931839402427638,0.31210762331838565,K001+KI08+KA01
random_forest,isotonic,target_real,0.7013452914798206,0.6889700398579693,0.2366619718815267,0.531931710967371,0.18599867782425028,0.9013452914798207,0.27064676616915423,0.0,0.9614349775784753,0.2798507462686567,0.0,K001+KI08+KA01
svm,raw,source_holdout,0.9831932773109243,0.9830932899021496,0.14663956314182103,0.10926232542501901,0.007999654090006705,,,,,,,K001+KI08+KA01
svm,raw,target_real,0.7031390134529149,0.6901166700611999,0.17651129391131837,0.4749201595868295,0.13109067767465094,0.7713004484304933,0.22093023255813954,0.15784753363228698,0.989237668161435,0.2928377153218495,0.2896860986547085,K001+KI08+KA01
svm,temperature,target_real,0.7031390134529149,0.6901166700611999,0.2649021311538016,0.5541507786995145,0.13101580714371044,0.7820627802690583,0.22477064220183487,0.15784753363228698,0.9695067264573991,0.28769657724329323,0.27533632286995513,K001+KI08+KA01
svm,isotonic,target_real,0.6968609865470852,0.685941735720693,0.2555508889354905,0.5574188588018967,0.1948313204673694,0.8008968609865471,0.24748040313549832,0.0,0.9596412556053812,0.2925233644859813,0.0,K001+KI08+KA01
xgboost,raw,source_holdout,0.9747899159663865,0.974626913511245,0.013434067493727176,0.035165904116910805,0.0017085832858689698,,,,,,,K001+KI08+KA01
xgboost,raw,target_real,0.6995515695067265,0.6903460987539175,0.23832701412551607,0.5321203182104398,0.13726059738094176,0.8923766816143498,0.27537688442211056,0.04932735426008968,0.9883408071748879,0.2958257713248639,0.32286995515695066,K001+KI08+KA01
xgboost,temperature,target_real,0.6995515695067265,0.6903460987539175,0.2384929785415445,0.5295174545751787,0.1371624495624249,0.8905829596412556,0.27391742195367574,0.04932735426008968,0.989237668161435,0.2964641885766092,0.3183856502242152,K001+KI08+KA01
xgboost,isotonic,target_real,0.6923766816143497,0.6848192449469829,0.25441814227331777,0.5273084178323004,0.19403185748425908,0.9426008968609866,0.28163653663177923,0.0,0.979372197309417,0.2976190476190476,0.0,K001+KI08+KA01
random_forest,raw,source_holdout,0.9537815126050421,0.953810278798444,0.05748649223104406,0.06962351460663321,0.002626596320553428,,,,,,,K001+KI08+KA03
random_forest,raw,target_real,0.6762331838565022,0.663598184741716,0.17353267907539557,0.4761159354036957,0.14200499905439484,0.8295964125560538,0.2572972972972973,0.17488789237668162,0.9883408071748879,0.3176043557168784,0.3309417040358744,K001+KI08+KA03
random_forest,temperature,target_real,0.6762331838565022,0.663598184741716,0.252124172024173,0.5386178862270476,0.14226224836644313,0.8322869955156951,0.25862068965517243,0.17488789237668162,0.9874439461883409,0.3169845594913715,0.32645739910313903,K001+KI08+KA03
random_forest,isotonic,target_real,0.6771300448430493,0.6708297492768563,0.250707004557164,0.5514430883797423,0.20431104746505524,0.8986547085201794,0.2834331337325349,0.0,0.9587443946188341,0.31524789522918617,0.0,K001+KI08+KA03
svm,raw,source_holdout,0.9747899159663865,0.9748150596215733,0.03257057359983235,0.04010812324266365,0.0010774050818474188,,,,,,,K001+KI08+KA03
svm,raw,target_real,0.704932735426009,0.6904026610884149,0.16974292480367975,0.45515755109562706,0.11993567085380634,0.8062780269058296,0.22246941045606228,0.20358744394618833,0.9928251121076234,0.2908762420957543,0.32466367713004485,K001+KI08+KA03
svm,temperature,target_real,0.704932735426009,0.6904026610884149,0.22308900647193075,0.4949454554180949,0.1193657324089675,0.8053811659192825,0.22494432071269488,0.18834080717488788,0.9928251121076234,0.2908762420957543,0.31569506726457397,K001+KI08+KA03
svm,isotonic,target_real,0.7004484304932735,0.6878463356631944,0.21761139073872077,0.5089939063705601,0.22618246737830894,0.852914798206278,0.24395373291272346,0.0,0.9363228699551569,0.28544061302681994,0.0,K001+KI08+KA03
xgboost,raw,source_holdout,0.9621848739495799,0.9621835443037975,0.0107902556407351,0.04662498778670671,0.001726836804982007,,,,,,,K001+KI08+KA03
xgboost,raw,target_real,0.694170403587444,0.6840600548675123,0.24246495678820423,0.5339029909834958,0.14502542297558807,0.809865470852018,0.2425249169435216,0.010762331838565023,0.9928251121076234,0.3026196928635953,0.27085201793721975,K001+KI08+KA03
xgboost,temperature,target_real,0.694170403587444,0.6840600548675123,0.24316151395955046,0.5346011538262664,0.14504756629784127,0.8089686098654708,0.24279379157427938,0.010762331838565023,0.9928251121076234,0.3026196928635953,0.27085201793721975,K001+KI08+KA03
xgboost,isotonic,target_real,0.6878923766816144,0.678436219450688,0.25294073850080695,0.5426002720841273,0.20992810083982646,0.9201793721973094,0.28460038986354774,0.0,0.9829596412556054,0.30656934306569344,0.0,K001+KI08+KA03
random_forest,raw,source_holdout,0.9367088607594937,0.9369749840338075,0.047237791003652406,0.09045802413478082,0.0048282544863514345,,,,,,,K001+KI08+KA05
random_forest,raw,target_real,0.7067264573991031,0.6967082062614979,0.1622021146892424,0.47271357839942063,0.13988327949872906,0.7757847533632287,0.24277456647398843,0.15784753363228698,0.9049327354260089,0.26560951437066405,0.2726457399103139,K001+KI08+KA05
random_forest,temperature,target_real,0.7067264573991031,0.6967082062614979,0.20754665079595425,0.502031615420181,0.13987834852075462,0.7730941704035874,0.24361948955916474,0.15784753363228698,0.9067264573991032,0.26805143422354105,0.2726457399103139,K001+KI08+KA05
random_forest,isotonic,target_real,0.705829596412556,0.6949707083736429,0.23286018219396168,0.5315809094814448,0.2091811034376738,0.8349775784753363,0.2653061224489796,0.0,0.9973094170403587,0.2931654676258993,0.0,K001+KI08+KA05
svm,raw,source_holdout,0.9746835443037974,0.974731597827693,0.037313048967385035,0.045855137992393186,0.001398882094631158,,,,,,,K001+KI08+KA05
svm,raw,target_real,0.7210762331838565,0.7075057551650786,0.16464746687948306,0.4436918193982684,0.1178692108464911,0.8260089686098655,0.21606948968512488,0.17668161434977578,0.9739910313901345,0.26887661141804786,0.29955156950672646,K001+KI08+KA05
svm,temperature,target_real,0.7210762331838565,0.7075057551650786,0.2105927732810595,0.47486742835755563,0.11694565223288231,0.8385650224215246,0.22245989304812835,0.18026905829596412,0.9838565022421525,0.2707383773928897,0.30134529147982064,K001+KI08+KA05
svm,isotonic,target_real,0.7300448430493274,0.7126728782677233,0.20629843527420863,0.48868973890065953,0.1970443934663122,0.884304932735426,0.23529411764705882,0.0,0.9730941704035875,0.2654377880184332,0.0,K001+KI08+KA05
xgboost,raw,source_holdout,0.919831223628692,0.92033229592962,0.060736282842571765,0.12231227667119324,0.0066835884775832445,,,,,,,K001+KI08+KA05
xgboost,raw,target_real,0.7031390134529149,0.6932636678751526,0.2533737466741571,0.54228611633886,0.1440927971490099,0.7273542600896861,0.21085080147965474,0.017937219730941704,0.9022421524663677,0.27236580516898606,0.2726457399103139,K001+KI08+KA05
xgboost,temperature,target_real,0.7031390134529149,0.6932636678751526,0.21654443790908615,0.5057185088848343,0.14218338721252807,0.736322869955157,0.21193666260657734,0.017937219730941704,0.9049327354260089,0.27155599603567887,0.27623318385650225,K001+KI08+KA05
xgboost,isotonic,target_real,0.6986547085201794,0.686212552455796,0.2189074936140258,0.5079642312802296,0.18850202104565658,0.8179372197309417,0.23355263157894737,0.0,0.9874439461883409,0.296094459582198,0.0,K001+KI08+KA05
random_forest,raw,source_holdout,0.9663865546218487,0.9662982179111211,0.05178515883937139,0.05394590601021965,0.0018781477518385462,,,,,,,K001+KI08+KA06
random_forest,raw,target_real,0.6807174887892377,0.6682768325776883,0.1721300440729208,0.4787768066200686,0.14372403779684373,0.8493273542600897,0.26399155227032733,0.15067264573991032,0.9856502242152466,0.3130118289353958,0.28161434977578476,K001+KI08+KA06
random_forest,temperature,target_real,0.6807174887892377,0.6682768325776883,0.24617291506786632,0.5365907370918032,0.14399350849174058,0.8026905829596412,0.25027932960893856,0.15067264573991032,0.9847533632286996,0.31420765027322406,0.28699551569506726,K001+KI08+KA06
random_forest,isotonic,target_real,0.6968609865470852,0.6890839828872625,0.24061318829471146,0.5486758974124344,0.1953422134031947,0.9139013452914798,0.2914622178606477,0.0,0.9713004484304932,0.2982456140350877,0.0,K001+KI08+KA06
svm,raw,source_holdout,0.9831932773109243,0.9830932899021496,0.02682818153046371,0.025396471605247824,0.00037559474592135976,,,,,,,K001+KI08+KA06
svm,raw,target_real,0.7040358744394619,0.6920481522075207,0.17765372329363427,0.4630567314500909,0.12226799518149767,0.8582959641255605,0.23824451410658307,0.1937219730941704,0.9291479820627803,0.26833976833976836,0.3094170403587444,K001+KI08+KA06
svm,temperature,target_real,0.7040358744394619,0.6920481522075207,0.2412343946366731,0.513749485452354,0.12212841729214312,0.8717488789237668,0.24279835390946503,0.18654708520179372,0.9282511210762332,0.26763285024154587,0.30852017937219733,K001+KI08+KA06
svm,isotonic,target_real,0.7112107623318386,0.6990895696868756,0.2565078486188921,0.5380977387738279,0.21235980669727295,0.9964125560538116,0.2871287128712871,0.0,0.9964125560538116,0.2871287128712871,0.0,K001+KI08+KA06
xgboost,raw,source_holdout,0.9789915966386554,0.9788750768072041,0.014013267990921738,0.03765770119647537,0.0013414723576431781,,,,,,,K001+KI08+KA06
xgboost,raw,target_real,0.6977578475336322,0.6887147559753828,0.2404687575160655,0.5367676419741363,0.1400978045721313,0.874439461883408,0.26666666666666666,0.023318385650224215,0.9901345291479821,0.29891304347826086,0.31210762331838565,K001+KI08+KA06
xgboost,temperature,target_real,0.6977578475336322,0.6887147559753828,0.23403817591038126,0.5303615912304892,0.13981507086111994,0.8726457399103139,0.26515930113052416,0.02242152466367713,0.989237668161435,0.2991840435176791,0.3130044843049327,K001+KI08+KA06
xgboost,isotonic,target_real,0.6932735426008969,0.6859961013610375,0.25137175678372675,0.5286784651928306,0.19589177039482292,0.9587443946188341,0.28811973807296537,0.0,0.9928251121076234,0.3062330623306233,0.0,K001+KI08+KA06
random_forest,raw,source_holdout,0.9621848739495799,0.9621354033552664,0.048855167234532544,0.055926444611772395,0.0020796076481289613,,,,,,,K001+KI08+KA07
random_forest,raw,target_real,0.6744394618834081,0.6618536105063451,0.17839124630479386,0.48314116313880334,0.1450895557954301,0.8466367713004485,0.2658898305084746,0.14887892376681613,0.9820627802690582,0.3187214611872146,0.2771300448430493,K001+KI08+KA07
random_forest,temperature,target_real,0.6744394618834081,0.6618536105063451,0.25139116141606166,0.5418317877011789,0.14533506526883913,0.8,0.2533632286995516,0.14887892376681613,0.9811659192825112,0.3180987202925046,0.27623318385650225,K001+KI08+KA07
random_forest,isotonic,target_real,0.6744394618834081,0.6695915359787156,0.24129458417192667,0.5346249584840481,0.19170587970052094,0.873542600896861,0.2792607802874743,0.0,0.9955156950672646,0.32342342342342345,0.0,K001+KI08+KA07
svm,raw,source_holdout,0.9831932773109243,0.9830932899021496,0.026131922236284546,0.02681271741013266,0.0004480422013519616,,,,,,,K001+KI08+KA07
svm,raw,target_real,0.7031390134529149,0.6908259525527453,0.1777996520481016,0.4648080443974666,0.12332885453616468,0.852914798206278,0.23764458464773922,0.19192825112107623,0.9345291479820628,0.272552783109405,0.3112107623318386,K001+KI08+KA07
svm,temperature,target_real,0.7031390134529149,0.6908259525527453,0.23789057315612688,0.513908508541404,0.12312635031894398,0.842152466367713,0.2364217252396166,0.18654708520179372,0.9318385650224216,0.2685274302213667,0.30493273542600896,K001+KI08+KA07
svm,isotonic,target_real,0.7130044843049327,0.699274204999968,0.2454532329108961,0.5329967039702636,0.19428201792832803,0.9515695067264573,0.26767200754005654,0.0,0.9614349775784753,0.269589552238806,0.0,K001+KI08+KA07
xgboost,raw,source_holdout,0.9747899159663865,0.9746794871794872,0.011356523557871298,0.041975839564393026,0.0020611213906984093,,,,,,,K001+KI08+KA07
xgboost,raw,target_real,0.6896860986547085,0.6805344792183141,0.25098530283957854,0.5446373675124803,0.14429197509832214,0.8286995515695067,0.2554112554112554,0.010762331838565023,0.9982062780269059,0.3090745732255166,0.30672645739910315,K001+KI08+KA07
xgboost,temperature,target_real,0.6896860986547085,0.6805344792183141,0.2366694598516895,0.5356100161841583,0.14396200178773974,0.7964125560538117,0.25,0.010762331838565023,0.9982062780269059,0.3090745732255166,0.30672645739910315,K001+KI08+KA07
xgboost,isotonic,target_real,0.6771300448430493,0.6722130805627472,0.24104965527398123,0.5380710513749846,0.1895412812608827,0.9121076233183857,0.28515240904621436,0.0,0.9641255605381166,0.30604651162790697,0.0,K001+KI08+KA07
random_forest,raw,source_holdout,0.9704641350210971,0.9704020259575815,0.046819082137061964,0.05115763789306468,0.0017846310613190525,,,,,,,K001+KI08+KA08
random_forest,raw,target_real,0.6798206278026906,0.66721432766063,0.17410296100165007,0.4795855310281687,0.14212959652443985,0.8044843049327354,0.2530657748049052,0.17937219730941703,0.9829596412556054,0.31386861313868614,0.31569506726457397,K001+KI08+KA08
random_forest,temperature,target_real,0.6798206278026906,0.66721432766063,0.24300415767705455,0.5335228305190771,0.1427000602051339,0.7802690582959642,0.2471264367816092,0.17937219730941703,0.9856502242152466,0.3148316651501365,0.32466367713004485,K001+KI08+KA08
random_forest,isotonic,target_real,0.6708520179372197,0.6656990453468975,0.26916853688430636,0.5459828474559583,0.1886434967048455,0.9443946188340807,0.2962962962962963,0.0,0.9820627802690582,0.3223744292237443,0.0,K001+KI08+KA08
svm,raw,source_holdout,0.9831223628691983,0.9830672472181906,0.02640367428290708,0.027035893053926525,0.0004518602986546146,,,,,,,K001+KI08+KA08
svm,raw,target_real,0.6986547085201794,0.6858901775938241,0.1845064068533358,0.4662563391205147,0.1243532756218012,0.8547085201793722,0.23924449108079748,0.19013452914798207,0.9345291479820628,0.2706333973128599,0.30672645739910315,K001+KI08+KA08
svm,temperature,target_real,0.6986547085201794,0.6858901775938241,0.24055014124984975,0.5156624778519435,0.12417958516598857,0.8439461883408071,0.23485653560042508,0.18565022421524663,0.9318385650224216,0.2685274302213667,0.3031390134529148,K001+KI08+KA08
svm,isotonic,target_real,0.7139013452914799,0.7002283609018581,0.24602192961824737,0.5331493732027659,0.19783802096579603,0.9524663677130045,0.2664783427495292,0.0,0.9623318385650225,0.2684063373718546,0.0,K001+KI08+KA08
xgboost,raw,source_holdout,0.9746835443037974,0.9746008708272859,0.005497161346145847,0.03870064444412956,0.0019013967601345533,,,,,,,K001+KI08+KA08
xgboost,raw,target_real,0.6977578475336322,0.6886461275197027,0.24170556926406553,0.5362113828525805,0.13829802349722867,0.8538116591928251,0.25840336134453784,0.09147982062780269,0.9865470852017937,0.29818181818181816,0.32825112107623317,K001+KI08+KA08
xgboost,temperature,target_real,0.6977578475336322,0.6886461275197027,0.23211692706257525,0.527630742200395,0.13786036734194343,0.852017937219731,0.2578947368421053,0.09147982062780269,0.9883408071748879,0.2985480943738657,0.32825112107623317,K001+KI08+KA08
xgboost,isotonic,target_real,0.6825112107623318,0.6709982044820268,0.2537491288467574,0.5397152479355062,0.19473296392204298,0.9381165919282511,0.2858508604206501,0.0,0.9713004484304932,0.3028624192059095,0.0,K001+KI08+KA08
random_forest,raw,source_holdout,0.9662447257383966,0.9661742791368756,0.047512017322163584,0.05075503873998878,0.0013195476052793914,,,,,,,K001+KI08+KA09
random_forest,raw,target_real,0.6807174887892377,0.6680836782468743,0.1752960720148487,0.4782439150463228,0.1417596439748454,0.8179372197309417,0.25548245614035087,0.20538116591928252,0.9739910313901345,0.30847145488029465,0.3291479820627803,K001+KI08+KA09
random_forest,temperature,target_real,0.6807174887892377,0.6680836782468743,0.2520841246360371,0.5399911279167613,0.14260056005287397,0.8233183856502242,0.2570806100217865,0.0,0.9802690582959641,0.312900274473925,0.3165919282511211,K001+KI08+KA09
random_forest,isotonic,target_real,0.6771300448430493,0.6730934657781006,0.2768528061847132,0.5702512370618357,0.2035120031103195,0.9174887892376682,0.28152492668621704,0.0,0.9937219730941704,0.322202166064982,0.0,K001+KI08+KA09
svm,raw,source_holdout,0.9831223628691983,0.9830672472181906,0.0269295292920921,0.02555154841360034,0.0003970580092557326,,,,,,,K001+KI08+KA09
svm,raw,target_real,0.7031390134529149,0.6910224625330929,0.1787661238894723,0.463706631009072,0.12286167326698991,0.8582959641255605,0.2392894461859979,0.19103139013452916,0.9300448430493273,0.2690453230472517,0.30852017937219733,K001+KI08+KA09
svm,temperature,target_real,0.7031390134529149,0.6910224625330929,0.24119442341084002,0.5142227370485906,0.12284264944400462,0.8726457399103139,0.24254881808838644,0.18654708520179372,0.9273542600896861,0.2678916827852998,0.30493273542600896,K001+KI08+KA09
svm,isotonic,target_real,0.7130044843049327,0.7010360460212501,0.2544293382986659,0.5351791870323582,0.2119189918850175,0.9964125560538116,0.28532853285328535,0.0,0.9964125560538116,0.28532853285328535,0.0,K001+KI08+KA09
xgboost,raw,source_holdout,0.9662447257383966,0.9661045174815716,0.014693790221516116,0.042197853354241956,0.0018782482861507122,,,,,,,K001+KI08+KA09
xgboost,raw,target_real,0.695067264573991,0.6857135762000546,0.24155157203096983,0.5364591238288866,0.14173539393399084,0.8367713004484305,0.25509110396570206,0.04125560538116592,0.9919282511210762,0.3010849909584087,0.305829596412556,K001+KI08+KA09
xgboost,temperature,target_real,0.695067264573991,0.6857135762000546,0.23129715689561656,0.5264426178654701,0.14128554266247015,0.8340807174887892,0.2537634408602151,0.04125560538116592,0.9928251121076234,0.3017163504968383,0.30672645739910315,K001+KI08+KA09
xgboost,isotonic,target_real,0.6896860986547085,0.6833093035239726,0.2549956679674803,0.5308021846799025,0.1911879184350176,0.915695067264574,0.2713026444662096,0.0,0.989237668161435,0.30643699002719854,0.0,K001+KI08+KA09
random_forest,raw,source_holdout,0.85,0.8476989575387744,0.030091082846528793,0.1890452304038688,0.031077472900045568,,,,,,,K002+KI01+KA01
random_forest,raw,target_real,0.7112107623318386,0.698883860316784,0.15168407867625178,0.4594365309205505,0.13293360503213905,0.4789237668161435,0.12921348314606743,0.18116591928251122,0.8538116591928251,0.24789915966386555,0.31031390134529147,K002+KI01+KA01
random_forest,temperature,target_real,0.7112107623318386,0.698883860316784,0.17274696544691515,0.47331286901758984,0.13333170789971976,0.47713004484304933,0.13157894736842105,0.18116591928251122,0.8609865470852018,0.24895833333333334,0.30852017937219733,K002+KI01+KA01
random_forest,isotonic,target_real,0.6152466367713004,0.6193198903571466,0.30461549925905335,0.6177066357992184,0.20383760798789716,0.9901345291479821,0.3804347826086957,0.0,0.9901345291479821,0.3804347826086957,0.0,K002+KI01+KA01
svm,raw,source_holdout,0.6333333333333333,0.537089611996797,0.31433405306276185,0.4213974853501549,0.10779480622346489,,,,,,,K002+KI01+KA01
svm,raw,target_real,0.6313901345291479,0.6294477692055024,0.2074427061469859,0.542057135538208,0.18809210768847384,0.3488789237668161,0.14395886889460155,0.13811659192825113,0.7596412556053812,0.27508854781582054,0.20807174887892377,K002+KI01+KA01
svm,temperature,target_real,0.6313901345291479,0.6294477692055024,0.19134601752898633,0.5317700383963004,0.18848103899891888,0.35695067264573993,0.15577889447236182,0.13721973094170403,0.7641255605381166,0.2746478873239437,0.20986547085201793,K002+KI01+KA01
svm,isotonic,target_real,0.705829596412556,0.6964893211542655,0.21976849248932673,0.5097702291506399,0.2595918447558024,0.537219730941704,0.34390651085141904,0.0,0.9847533632286996,0.2859744990892532,0.0,K002+KI01+KA01
xgboost,raw,source_holdout,0.8375,0.8346700083542188,0.089472987751166,0.21295531621035488,0.031697267062954664,,,,,,,K002+KI01+KA01
xgboost,raw,target_real,0.705829596412556,0.6921068082251133,0.2333871354169375,0.5150384000385502,0.1340856361114429,0.4475336322869955,0.11222444889779559,0.04394618834080718,0.8143497757847533,0.23237885462555066,0.29417040358744395,K002+KI01+KA01
xgboost,temperature,target_real,0.705829596412556,0.6921068082251133,0.1793721285698739,0.47027056014793706,0.13292078751923403,0.44035874439461886,0.10386965376782077,0.04035874439461883,0.7955156950672646,0.2266065388951522,0.2968609865470852,K002+KI01+KA01
xgboost,isotonic,target_real,0.6565022421524663,0.6533141855729633,0.25412441331025626,0.5634532333395119,0.18614691015255372,0.9506726457399103,0.3150943396226415,0.0,0.9506726457399103,0.3150943396226415,0.0,K002+KI01+KA01
random_forest,raw,source_holdout,0.7625,0.7504778205676793,0.08702034177011635,0.25950169390882655,0.06392246521246812,,,,,,,K002+KI01+KA03
random_forest,raw,target_real,0.7192825112107624,0.7058315604208647,0.15002671782476654,0.4558580708410596,0.13546808575822825,0.48251121076233183,0.12267657992565056,0.19641255605381167,0.736322869955157,0.22168087697929353,0.3094170403587444,K002+KI01+KA03
random_forest,temperature,target_real,0.7192825112107624,0.7058315604208647,0.14399695534571133,0.45234368611595793,0.13541259372677228,0.4789237668161435,0.12172284644194757,0.19641255605381167,0.7354260089686099,0.22073170731707317,0.3130044843049327,K002+KI01+KA03
random_forest,isotonic,target_real,0.7094170403587444,0.6975150735962367,0.20239901161492085,0.4954695804702807,0.1823439229265187,0.7730941704035874,0.23897911832946636,0.0,0.9982062780269059,0.29020664869721474,0.0,K002+KI01+KA03
svm,raw,source_holdout,0.625,0.5333626954415327,0.23548310491606197,0.4398214962062692,0.0992662710497561,,,,,,,K002+KI01+KA03
svm,raw,target_real,0.6448430493273543,0.6409837885017922,0.20059396372709237,0.5257207832192338,0.17323173859207275,0.39282511210762333,0.14840182648401826,0.18385650224215247,0.7147982062780269,0.24341279799247176,0.24125560538116592,K002+KI01+KA03
svm,temperature,target_real,0.6448430493273543,0.6409837885017922,0.12073009599718144,0.4829544627262701,0.1746104855656789,0.3695067264573991,0.14320388349514562,0.18206278026905828,0.7201793721973094,0.24906600249066002,0.24484304932735426,K002+KI01+KA03
svm,isotonic,target_real,0.7273542600896861,0.7138478468712193,0.19123785237296612,0.4846521576054234,0.18122178374855744,0.515695067264574,0.2382608695652174,0.0,0.9919282511210762,0.26853526220614826,0.0,K002+KI01+KA03
xgboost,raw,source_holdout,0.8625,0.8630591630591632,0.07222760530809559,0.1940920662218412,0.03320840401342453,,,,,,,K002+KI01+KA03
xgboost,raw,target_real,0.7031390134529149,0.6880840788501578,0.23035540572730948,0.513601432360203,0.13773164678447586,0.3596412556053812,0.07481296758104738,0.026905829596412557,0.8044843049327354,0.22965440356744704,0.25650224215246636,K002+KI01+KA03
xgboost,temperature,target_real,0.7031390134529149,0.6880840788501578,0.18685727759972584,0.47698613254167055,0.1366571585154991,0.36233183856502243,0.07425742574257425,0.026905829596412557,0.7928251121076233,0.22737556561085973,0.25739910313901343,K002+KI01+KA03
xgboost,isotonic,target_real,0.7174887892376681,0.7027281831288194,0.19503500097458443,0.5071948330392408,0.17668602150703652,0.7802690582959642,0.2264367816091954,0.0,0.9022421524663677,0.2614314115308151,0.0,K002+KI01+KA03
random_forest,raw,source_holdout,0.7698744769874477,0.7557409467309356,0.07709120364186436,0.24497163901459362,0.06417720341060988,,,,,,,K002+KI01+KA05
random_forest,raw,target_real,0.7219730941704036,0.7096645042949694,0.15206289477561333,0.4543738129841173,0.13245299337085228,0.39820627802690584,0.08108108108108109,0.0,0.8044843049327354,0.23522853957636566,0.29955156950672646,K002+KI01+KA05
random_forest,temperature,target_real,0.7219730941704036,0.7096645042949694,0.16452092169094013,0.4631502072815784,0.13255246089281533,0.3991031390134529,0.07865168539325842,0.0,0.809865470852018,0.2369878183831672,0.29775784753363227,K002+KI01+KA05
random_forest,isotonic,target_real,0.7246636771300449,0.7085697204164677,0.20531796922114864,0.49879286964751945,0.1808737113674614,0.7632286995515695,0.24324324324324326,0.0,0.9309417040358744,0.25722543352601157,0.0,K002+KI01+KA05
svm,raw,source_holdout,0.6276150627615062,0.5322128851540616,0.23755266982589346,0.4460573641122268,0.10277379993448844,,,,,,,K002+KI01+KA05
svm,raw,target_real,0.6511210762331838,0.6475944121605696,0.19882031462519667,0.5239597363585777,0.17279202837238813,0.40358744394618834,0.15333333333333332,0.16771300448430493,0.715695067264574,0.24310776942355888,0.21704035874439462,K002+KI01+KA05
svm,temperature,target_real,0.6511210762331838,0.6475944121605696,0.127287136220374,0.48273284623394036,0.17472340252129642,0.3757847533632287,0.1431980906921241,0.16860986547085202,0.7300448430493274,0.24692874692874692,0.21524663677130046,K002+KI01+KA05
svm,isotonic,target_real,0.7426008968609865,0.7230352520780924,0.17302494760866505,0.4655077764242465,0.1771590132665989,0.47623318385650226,0.2335216572504708,0.0,0.9139013452914798,0.23061825318940138,0.0,K002+KI01+KA05
xgboost,raw,source_holdout,0.8075313807531381,0.8053497014865568,0.09861226959707348,0.2507906510274381,0.047718277826195594,,,,,,,K002+KI01+KA05
xgboost,raw,target_real,0.7183856502242153,0.7052360849864172,0.22883043452228669,0.5050183042083422,0.132659249152371,0.357847533632287,0.07268170426065163,0.04304932735426009,0.8322869955156951,0.23275862068965517,0.3130044843049327,K002+KI01+KA05
xgboost,temperature,target_real,0.7183856502242153,0.7052360849864172,0.17739839912910582,0.46744601561690746,0.1314473173157248,0.3820627802690583,0.07746478873239436,0.04125560538116592,0.8116591928251121,0.23093922651933702,0.3147982062780269,K002+KI01+KA05
xgboost,isotonic,target_real,0.7139013452914799,0.6940275525414844,0.2048507862770186,0.49582745651208165,0.1737785475264921,0.6565022421524663,0.2062841530054645,0.0,0.8618834080717489,0.24037460978147762,0.0,K002+KI01+KA05
random_forest,raw,source_holdout,0.8333333333333334,0.8295095331805432,0.031541957535383025,0.1993924748111794,0.03680668139276077,,,,,,,K002+KI01+KA06
random_forest,raw,target_real,0.7121076233183856,0.7002032729859664,0.15216361715895224,0.4611485222518827,0.13868426969673356,0.5201793721973094,0.15,0.17937219730941703,0.8394618834080717,0.24572649572649571,0.30672645739910315,K002+KI01+KA06
random_forest,temperature,target_real,0.7121076233183856,0.7002032729859664,0.16685152253098612,0.46890262436280766,0.1389505121736972,0.5022421524663677,0.14642857142857144,0.17937219730941703,0.8448430493273542,0.24734607218683652,0.305829596412556,K002+KI01+KA06
random_forest,isotonic,target_real,0.6286995515695067,0.6334748496790081,0.27979392703761313,0.5818285976477803,0.1916873292367876,0.9946188340807175,0.37060414788097384,0.0,0.9946188340807175,0.37060414788097384,0.0,K002+KI01+KA06
svm,raw,source_holdout,0.6333333333333333,0.537089611996797,0.2567896060672843,0.45490515527204584,0.09296798134758982,,,,,,,K002+KI01+KA06
svm,raw,target_real,0.6349775784753363,0.6332448332824897,0.21256571683241,0.5482147316656978,0.18211351580911084,0.3955156950672646,0.15419501133786848,0.17130044843049327,0.6869955156950672,0.25326370757180156,0.22780269058295965,K002+KI01+KA06
svm,temperature,target_real,0.6349775784753363,0.6332448332824897,0.08288760695149729,0.48166481182579934,0.18467943774036477,0.3614349775784753,0.1488833746898263,0.16860986547085202,0.7085201793721974,0.25949367088607594,0.22780269058295965,K002+KI01+KA06
svm,isotonic,target_real,0.6699551569506726,0.6667696412555332,0.248549070062788,0.5470492629623999,0.19501723217515982,0.9991031390134529,0.32944344703770195,0.0,0.9991031390134529,0.32944344703770195,0.0,K002+KI01+KA06
xgboost,raw,source_holdout,0.8333333333333334,0.8308140867647525,0.10799071614940967,0.23106432035476854,0.033427540811221054,,,,,,,K002+KI01+KA06
xgboost,raw,target_real,0.6977578475336322,0.6840092217641868,0.23857590826102965,0.5178811173116753,0.1319927694974895,0.45022421524663675,0.10956175298804781,0.1210762331838565,0.8035874439461883,0.23214285714285715,0.30852017937219733,K002+KI01+KA06
xgboost,temperature,target_real,0.6977578475336322,0.6840092217641868,0.17691656355608026,0.4668081030480292,0.13076930659414948,0.43766816143497755,0.09631147540983606,0.12556053811659193,0.7847533632286996,0.22514285714285714,0.31569506726457397,K002+KI01+KA06
xgboost,isotonic,target_real,0.6439461883408072,0.6451462895927026,0.2514059090096628,0.5432056752543775,0.17957871042787377,0.9973094170403587,0.3552158273381295,0.0,0.9973094170403587,0.3552158273381295,0.0,K002+KI01+KA06
random_forest,raw,source_holdout,0.8625,0.8610417460954315,0.04267854664310659,0.18332290704343723,0.026737175828976615,,,,,,,K002+KI01+KA07
random_forest,raw,target_real,0.7103139013452915,0.6985059083903411,0.15077612908665913,0.4614027440310778,0.13311022065079137,0.5067264573991032,0.14513274336283186,0.20358744394618833,0.8681614349775785,0.25206611570247933,0.3031390134529148,K002+KI01+KA07
random_forest,temperature,target_real,0.7103139013452915,0.6985059083903411,0.18011012686453207,0.4799540182170583,0.13370432481974226,0.49955156950672647,0.1436265709156194,0.18834080717488788,0.8771300448430494,0.25766871165644173,0.2968609865470852,K002+KI01+KA07
random_forest,isotonic,target_real,0.6224215246636772,0.6274367373359278,0.28378475496961786,0.588102762509557,0.19838983268810342,0.9964125560538116,0.3771377137713771,0.0,0.9964125560538116,0.3771377137713771,0.0,K002+KI01+KA07
svm,raw,source_holdout,0.6333333333333333,0.537089611996797,0.2614177706918401,0.470567054688255,0.09497022297454202,,,,,,,K002+KI01+KA07
svm,raw,target_real,0.6322869955156951,0.6310991718426501,0.21703085552940618,0.555144408387524,0.18480729233253,0.39730941704035877,0.15349887133182843,0.16860986547085202,0.6753363228699552,0.2549800796812749,0.2242152466367713,K002+KI01+KA07
svm,temperature,target_real,0.6322869955156951,0.6310991718426501,0.08537040754479054,0.4845757259503722,0.18736213395580165,0.3650224215246637,0.14987714987714987,0.16681614349775784,0.6959641255605381,0.2603092783505155,0.22600896860986547,K002+KI01+KA07
svm,isotonic,target_real,0.6708520179372197,0.6678622668579627,0.24997144625964146,0.5467594500505141,0.19283355462101964,1.0,0.3291479820627803,0.0,1.0,0.3291479820627803,0.0,K002+KI01+KA07
xgboost,raw,source_holdout,0.8916666666666667,0.8914283810200088,0.051314106583595295,0.14563173667313434,0.020970056976799756,,,,,,,K002+KI01+KA07
xgboost,raw,target_real,0.6968609865470852,0.6829808272038599,0.23953881678025282,0.5231785649232991,0.13718148625874182,0.442152466367713,0.11156186612576065,0.06278026905829596,0.9219730941704036,0.27529182879377434,0.2905829596412556,K002+KI01+KA07
xgboost,temperature,target_real,0.6968609865470852,0.6829808272038599,0.20637410933554035,0.4929953914047241,0.1362961661608929,0.431390134529148,0.10395010395010396,0.06636771300448431,0.9085201793721973,0.2734452122408687,0.2896860986547085,K002+KI01+KA07
xgboost,isotonic,target_real,0.6349775784753363,0.6373191928052583,0.2713718662160877,0.5654992391324802,0.19127740435850088,0.9928251121076234,0.3640469738030714,0.0,0.9928251121076234,0.3640469738030714,0.0,K002+KI01+KA07
random_forest,raw,source_holdout,0.8158995815899581,0.8101379823184335,0.03644973322197634,0.20996220200129415,0.04316902624810781,,,,,,,K002+KI01+KA08
random_forest,raw,target_real,0.7103139013452915,0.6983987102187127,0.1467755961373915,0.45882590681174756,0.13938767027411633,0.5058295964125561,0.14893617021276595,0.18834080717488788,0.8331838565022421,0.24434876210979548,0.29596412556053814,K002+KI01+KA08
random_forest,temperature,target_real,0.7103139013452915,0.6983987102187127,0.15161114241221801,0.4609169899840557,0.13460305882136958,0.5031390134529148,0.14795008912655971,0.18834080717488788,0.8331838565022421,0.24434876210979548,0.29596412556053814,K002+KI01+KA08
random_forest,isotonic,target_real,0.6062780269058295,0.6110822330334525,0.30378964056572705,0.619419788798103,0.20753998623691564,0.9883408071748879,0.3892921960072595,0.0,0.9883408071748879,0.3892921960072595,0.0,K002+KI01+KA08
svm,raw,source_holdout,0.6317991631799164,0.5361520957204727,0.26226207321128514,0.47344309414202906,0.0971098759915099,,,,,,,K002+KI01+KA08
svm,raw,target_real,0.6304932735426009,0.6290857331089299,0.2186853657886649,0.5547079102822962,0.18468613861778516,0.39103139013452914,0.14908256880733944,0.16771300448430493,0.6744394618834081,0.2553191489361702,0.22331838565022422,K002+KI01+KA08
svm,temperature,target_real,0.6304932735426009,0.6290857331089299,0.08037547061343102,0.4830229788952334,0.1872710314130552,0.36412556053811657,0.15024630541871922,0.16591928251121077,0.6968609865470852,0.25997425997426,0.22780269058295965,K002+KI01+KA08
svm,isotonic,target_real,0.6708520179372197,0.6678622668579627,0.24943212940692258,0.5445229719721774,0.18760280492282244,0.9982062780269059,0.3279424977538185,0.0,0.9982062780269059,0.3279424977538185,0.0,K002+KI01+KA08
xgboost,raw,source_holdout,0.8284518828451883,0.8257259681481237,0.10300506146383084,0.24036110197813035,0.03640233430435371,,,,,,,K002+KI01+KA08
xgboost,raw,target_real,0.6959641255605381,0.6826293590725224,0.23988064246861923,0.5262649210083258,0.135786942656714,0.3991031390134529,0.0853932584269663,0.13273542600896862,0.8,0.23542600896860988,0.295067264573991,K002+KI01+KA08
xgboost,temperature,target_real,0.6959641255605381,0.6826293590725224,0.17800053086192114,0.4727446463497715,0.134445262029838,0.3811659192825112,0.07764705882352942,0.13004484304932734,0.7748878923766817,0.22685185185185186,0.2905829596412556,K002+KI01+KA08
xgboost,isotonic,target_real,0.6618834080717488,0.6590520210457979,0.2354187785313352,0.5457318898869724,0.1804216553345933,0.9910313901345291,0.3384615384615385,0.0,0.9910313901345291,0.3384615384615385,0.0,K002+KI01+KA08
random_forest,raw,source_holdout,0.899581589958159,0.8994763423710793,0.07873779021593294,0.1842153356442176,0.02826866315081695,,,,,,,K002+KI01+KA09
random_forest,raw,target_real,0.7130044843049327,0.7005055234204459,0.14788783686090406,0.4576274275979152,0.14058352139220995,0.5381165919282511,0.15666666666666668,0.16053811659192826,0.8484304932735426,0.25052854122621565,0.28699551569506726,K002+KI01+KA09
random_forest,temperature,target_real,0.7130044843049327,0.7005055234204459,0.17671218101425296,0.4759950282313223,0.14096919300125738,0.5237668161434977,0.1558219178082192,0.16053811659192826,0.8591928251121076,0.25052192066805845,0.2789237668161435,K002+KI01+KA09
random_forest,isotonic,target_real,0.6932735426008969,0.6853691502158386,0.24143399604464627,0.5518350834123626,0.18812144165185665,0.8573991031390135,0.26464435146443516,0.0,0.9910313901345291,0.3049773755656109,0.0,K002+KI01+KA09
svm,raw,source_holdout,0.6317991631799164,0.5361520957204727,0.2557684203930076,0.4551054064211876,0.09405580151133507,,,,,,,K002+KI01+KA09
svm,raw,target_real,0.6304932735426009,0.6288268947840848,0.21505993849966562,0.5490803287814151,0.1828394655847921,0.39282511210762333,0.15296803652968036,0.17130044843049327,0.684304932735426,0.254259501965924,0.22869955156950672,K002+KI01+KA09
svm,temperature,target_real,0.6304932735426009,0.6288268947840848,0.09122558528934194,0.4836903364326482,0.18529991296538437,0.3596412556053812,0.14713216957605985,0.16771300448430493,0.7067264573991031,0.26015228426395937,0.2295964125560538,K002+KI01+KA09
svm,isotonic,target_real,0.6690582959641256,0.6660477108257634,0.24949511374023062,0.5469318757972206,0.19058039317310527,0.9982062780269059,0.3297394429469901,0.0,0.9982062780269059,0.3297394429469901,0.0,K002+KI01+KA09
xgboost,raw,source_holdout,0.8451882845188284,0.8430915240547227,0.08257955362607244,0.1956983920207905,0.028640931227406533,,,,,,,K002+KI01+KA09
xgboost,raw,target_real,0.7031390134529149,0.690015193436114,0.23527994310909323,0.5204127410480771,0.1346230709036791,0.42780269058295967,0.10272536687631027,0.09955156950672646,0.8,0.22869955156950672,0.30493273542600896,K002+KI01+KA09
xgboost,temperature,target_real,0.7031390134529149,0.690015193436114,0.19254364319444892,0.4793487369705042,0.13374744520914802,0.3524663677130045,0.06870229007633588,0.09955156950672646,0.7946188340807175,0.22573363431151242,0.30134529147982064,K002+KI01+KA09
xgboost,isotonic,target_real,0.6896860986547085,0.6804064920531862,0.2045013179296882,0.5309664463274462,0.17611496287897485,0.9408071748878923,0.2897998093422307,0.0,1.0,0.31031390134529147,0.0,K002+KI01+KA09
random_forest,raw,source_holdout,0.9,0.8988024121803608,0.056182276671510864,0.13182217108289693,0.021954479407111253,,,,,,,K002+KI03+KA01
random_forest,raw,target_real,0.6986547085201794,0.6891590047270272,0.1778082277851322,0.4786852089378497,0.13728681530867343,0.44573991031390137,0.11670020120724346,0.0,0.7874439461883408,0.23804100227790434,0.31390134529147984,K002+KI03+KA01
random_forest,temperature,target_real,0.6986547085201794,0.6891590047270272,0.1569416390608669,0.4647231249239921,0.1367018714611599,0.4493273542600897,0.11776447105788423,0.0,0.7748878923766817,0.2361111111111111,0.31031390134529147,K002+KI03+KA01
random_forest,isotonic,target_real,0.7174887892376681,0.6985838609882326,0.20925167677450124,0.5069271368711852,0.15983036141602805,0.5569506726457399,0.15136876006441224,0.0,0.9937219730941704,0.2815884476534296,0.0,K002+KI03+KA01
svm,raw,source_holdout,0.8875,0.8880202006348211,0.1619331978862049,0.26533160052283133,0.06541932909165496,,,,,,,K002+KI03+KA01
svm,raw,target_real,0.7013452914798206,0.689360328302974,0.1955639636571517,0.48067224576857065,0.15007665900274486,0.1273542600896861,0.06338028169014084,0.09865470852017937,0.515695067264574,0.1582608695652174,0.11659192825112108,K002+KI03+KA01
svm,temperature,target_real,0.7013452914798206,0.689360328302974,0.1760226276933072,0.46768151099108296,0.15008747539436554,0.12645739910313902,0.06382978723404255,0.09865470852017937,0.5121076233183857,0.15761821366024517,0.11748878923766816,K002+KI03+KA01
svm,isotonic,target_real,0.6986547085201794,0.6866000957695798,0.2366682582142887,0.5200716127850383,0.11943937055854223,0.3327354260089686,0.05390835579514825,0.0,0.7838565022421524,0.20594965675057209,0.3130044843049327,K002+KI03+KA01
xgboost,raw,source_holdout,0.9125,0.9120260011413687,0.0635280835131804,0.1361837762431995,0.022790919544691805,,,,,,,K002+KI03+KA01
xgboost,raw,target_real,0.7013452914798206,0.689962320058105,0.2419723813843834,0.519566394565964,0.13433812951355006,0.37130044843049326,0.0893719806763285,0.18385650224215247,0.8511210762331839,0.24446786090621708,0.27802690582959644,K002+KI03+KA01
xgboost,temperature,target_real,0.7013452914798206,0.689962320058105,0.17139620941152883,0.4585932690939169,0.1315527578928218,0.3874439461883408,0.08564814814814815,0.18923766816143497,0.831390134529148,0.23516720604099245,0.2905829596412556,K002+KI03+KA01
xgboost,isotonic,target_real,0.7237668161434978,0.7026229948460884,0.1828913231409357,0.46533978269628506,0.12695305346428654,0.42511210762331836,0.08860759493670886,0.0,0.9641255605381166,0.26232558139534884,0.37309417040358744,K002+KI03+KA01
random_forest,raw,source_holdout,0.9041666666666667,0.903431418051301,0.032719599605986124,0.13660335350743572,0.022670723282612614,,,,,,,K002+KI03+KA03
random_forest,raw,target_real,0.705829596412556,0.6942920245785752,0.17918934342453813,0.4784158865544819,0.1397855757831299,0.4547085201793722,0.126232741617357,0.0,0.7748878923766817,0.2337962962962963,0.2986547085201794,K002+KI03+KA03
random_forest,temperature,target_real,0.705829596412556,0.6942920245785752,0.1635358790376739,0.46561902688096224,0.15119534294810702,0.4609865470852018,0.1264591439688716,0.0,0.7713004484304933,0.23255813953488372,0.3022421524663677,K002+KI03+KA03
random_forest,isotonic,target_real,0.7040358744394619,0.6838988385237984,0.21025823505323085,0.496292179596298,0.15296547973504862,0.5542600896860986,0.13592233009708737,0.0,0.957847533632287,0.27902621722846443,0.0,K002+KI03+KA03
svm,raw,source_holdout,0.9166666666666666,0.916602070597631,0.05036118877176433,0.14533373131690538,0.02604786961889276,,,,,,,K002+KI03+KA03
svm,raw,target_real,0.7139013452914799,0.6998828034235397,0.18471936028255453,0.4587855420855843,0.12874757898418307,0.3668161434977579,0.097799511002445,0.16591928251121077,0.7336322869955157,0.1980440097799511,0.23856502242152466,K002+KI03+KA03
svm,temperature,target_real,0.7139013452914799,0.6998828034235397,0.1499442770219207,0.4373068804982104,0.1285298705846937,0.37488789237668163,0.10047846889952153,0.16950672645739912,0.6439461883408072,0.1713091922005571,0.26905829596412556,K002+KI03+KA03
svm,isotonic,target_real,0.7130044843049327,0.6973071229536747,0.1750295537727849,0.4450517230876234,0.11677825268839456,0.49955156950672647,0.09515260323159784,0.0,0.7139013452914799,0.16331658291457288,0.42152466367713004,K002+KI03+KA03
xgboost,raw,source_holdout,0.9125,0.9126326290488532,0.06175721051792306,0.14258808865425507,0.03933877341881555,,,,,,,K002+KI03+KA03
xgboost,raw,target_real,0.6977578475336322,0.6869857583674936,0.2458071325659217,0.5245967016487855,0.14396083461839143,0.18116591928251122,0.04455445544554455,0.025112107623318385,0.8511210762331839,0.2465753424657534,0.19013452914798207,K002+KI03+KA03
xgboost,temperature,target_real,0.6977578475336322,0.6869857583674936,0.1776438937287972,0.464253411602325,0.14061495540157384,0.16860986547085202,0.026595744680851064,0.02780269058295964,0.8511210762331839,0.24446786090621708,0.2,K002+KI03+KA03
xgboost,isotonic,target_real,0.705829596412556,0.687146807660527,0.19775445755744558,0.4795428904861933,0.13560828763964436,0.29955156950672646,0.059880239520958084,0.0,0.862780269058296,0.24636174636174638,0.0,K002+KI03+KA03
random_forest,raw,source_holdout,0.895397489539749,0.896173718754364,0.05111787270225198,0.152819549739417,0.026178050911192817,,,,,,,K002+KI03+KA05
random_forest,raw,target_real,0.7201793721973094,0.709765125007085,0.17105273293946185,0.4696389564676697,0.1348174610016001,0.3130044843049327,0.07163323782234957,0.0,0.7838565022421524,0.2311212814645309,0.27533632286995513,K002+KI03+KA05
random_forest,temperature,target_real,0.7201793721973094,0.709765125007085,0.15253081465305673,0.4583119503487581,0.13455105724134284,0.3112107623318386,0.07204610951008646,0.0,0.7802690582959642,0.22873563218390805,0.27533632286995513,K002+KI03+KA05
random_forest,isotonic,target_real,0.715695067264574,0.6999960383201868,0.1882552056876604,0.47081862794585216,0.148918844673455,0.4242152466367713,0.080338266384778,0.0,0.9103139013452914,0.2561576354679803,0.0,K002+KI03+KA05
svm,raw,source_holdout,0.9205020920502092,0.9207776517306622,0.041293964870726466,0.14215509048308864,0.027756068939190224,,,,,,,K002+KI03+KA05
svm,raw,target_real,0.7237668161434978,0.7105272855467057,0.17772233642195778,0.4524569981401276,0.12869992569771646,0.3632286995515695,0.10123456790123457,0.15874439461883408,0.7775784753363228,0.20645905420991925,0.2,K002+KI03+KA05
svm,temperature,target_real,0.7237668161434978,0.7105272855467057,0.1507780820112225,0.4343774844616126,0.12831452026564105,0.3695067264573991,0.10436893203883495,0.15964125560538117,0.7713004484304933,0.2058139534883721,0.20538116591928252,K002+KI03+KA05
svm,isotonic,target_real,0.7273542600896861,0.708134377255177,0.1728666666555428,0.4356380242910625,0.11383948508354204,0.45739910313901344,0.09019607843137255,0.0,0.7955156950672646,0.18489289740698986,0.41434977578475335,K002+KI03+KA05
xgboost,raw,source_holdout,0.895397489539749,0.8974664820842843,0.06309366700040747,0.1595032113315356,0.033205354812376374,,,,,,,K002+KI03+KA05
xgboost,raw,target_real,0.7121076233183856,0.7019194478799795,0.24345204357074512,0.5167895925375375,0.13629989398490844,0.2717488789237668,0.066006600660066,0.09596412556053811,0.8609865470852018,0.2375,0.25739910313901343,K002+KI03+KA05
xgboost,temperature,target_real,0.7121076233183856,0.7019194478799795,0.17551008494602216,0.4608225556415338,0.13352729606897396,0.27982062780269057,0.0673076923076923,0.10493273542600896,0.8484304932735426,0.23361522198731502,0.26547085201793724,K002+KI03+KA05
xgboost,isotonic,target_real,0.7309417040358744,0.715268282991348,0.18825850207127007,0.45955821628757876,0.13201096864636053,0.4349775784753363,0.06804123711340206,0.0,0.8582959641255605,0.2361546499477534,0.0,K002+KI03+KA05
random_forest,raw,source_holdout,0.9,0.8988024121803608,0.04215874173141676,0.13050704338207156,0.01521274227890367,,,,,,,K002+KI03+KA06
random_forest,raw,target_real,0.694170403587444,0.6848975998202005,0.1844844971620207,0.48232340418351355,0.14332443529586744,0.4717488789237668,0.13307984790874525,0.0,0.7811659192825112,0.23536165327210104,0.29237668161434976,K002+KI03+KA06
random_forest,temperature,target_real,0.694170403587444,0.6848975998202005,0.14604801183964905,0.45798454117770926,0.14797139168069004,0.4547085201793722,0.1282051282051282,0.0,0.7775784753363228,0.23414071510957324,0.2878923766816143,K002+KI03+KA06
random_forest,isotonic,target_real,0.7130044843049327,0.6945682669499288,0.18888452870138292,0.48119625911516106,0.14309468631657113,0.5461883408071749,0.13793103448275862,0.0,0.9318385650224216,0.2646775745909528,0.0,K002+KI03+KA06
svm,raw,source_holdout,0.925,0.9246149323927102,0.04251743673247938,0.13362236255089235,0.018261354012949028,,,,,,,K002+KI03+KA06
svm,raw,target_real,0.7031390134529149,0.690676883780332,0.19282285732709076,0.47157726207635264,0.1321265261022896,0.37309417040358744,0.0985576923076923,0.16591928251121077,0.7381165919282511,0.20170109356014582,0.22780269058295965,K002+KI03+KA06
svm,temperature,target_real,0.7031390134529149,0.690676883780332,0.14403673496860075,0.4398984873540139,0.13170348381526112,0.38026905829596414,0.09905660377358491,0.17937219730941703,0.7219730941704036,0.19751552795031055,0.24663677130044842,K002+KI03+KA06
svm,isotonic,target_real,0.7273542600896861,0.7077210993680297,0.17279332975112965,0.4516656405116958,0.11733493539050717,0.49506726457399103,0.09782608695652174,0.0,0.9434977578475336,0.2509505703422053,0.42152466367713004,K002+KI03+KA06
xgboost,raw,source_holdout,0.9125,0.9120260011413687,0.06534436643123628,0.13651302001238147,0.018704796178249203,,,,,,,K002+KI03+KA06
xgboost,raw,target_real,0.6986547085201794,0.6879783036534689,0.24504337107654117,0.5265607465431561,0.13633176477738637,0.347085201793722,0.08527131782945736,0.16860986547085202,0.8556053811659193,0.2526205450733753,0.27623318385650225,K002+KI03+KA06
xgboost,temperature,target_real,0.6986547085201794,0.6879783036534689,0.17136631597165589,0.4614708510599271,0.13355146742800467,0.37309417040358744,0.07932692307692307,0.17219730941704037,0.8295964125560538,0.24,0.2789237668161435,K002+KI03+KA06
xgboost,isotonic,target_real,0.7174887892376681,0.699413020838238,0.19030478273313367,0.4761091067909273,0.12023331626358141,0.45201793721973094,0.0496031746031746,0.0,0.9910313901345291,0.27873303167420815,0.4565022421524664,K002+KI03+KA06
random_forest,raw,source_holdout,0.8958333333333334,0.8947810443215624,0.043536110089384746,0.13096980232081404,0.01539034445218186,,,,,,,K002+KI03+KA07
random_forest,raw,target_real,0.6914798206278027,0.6818407521150295,0.1884378891406438,0.48654027499187374,0.14020256023412944,0.4600896860986547,0.12475633528265107,0.0,0.7793721973094171,0.23935558112773303,0.2968609865470852,K002+KI03+KA07
random_forest,temperature,target_real,0.6914798206278027,0.6818407521150295,0.14850036030759128,0.4607758418491837,0.13959806920535658,0.4609865470852018,0.12062256809338522,0.0,0.7623318385650224,0.23411764705882354,0.29596412556053814,K002+KI03+KA07
random_forest,isotonic,target_real,0.7103139013452915,0.693181191659335,0.19202513822870207,0.4892066115783325,0.14844889139839626,0.5497757847533632,0.14518760195758565,0.0,0.9668161434977578,0.28014842300556586,0.0,K002+KI03+KA07
svm,raw,source_holdout,0.925,0.9246149323927102,0.04765703677203241,0.13347209379428626,0.01836167279839269,,,,,,,K002+KI03+KA07
svm,raw,target_real,0.7022421524663677,0.689934508927939,0.1949425279282946,0.4738094482373048,0.13469915060712231,0.36771300448430494,0.1024390243902439,0.16053811659192826,0.7282511210762331,0.20073891625615764,0.20538116591928252,K002+KI03+KA07
svm,temperature,target_real,0.7022421524663677,0.689934508927939,0.14618269716701404,0.44187555562243847,0.13428984740656325,0.3704035874439462,0.1016949152542373,0.16502242152466368,0.7067264573991031,0.19289340101522842,0.23408071748878923,K002+KI03+KA07
svm,isotonic,target_real,0.7255605381165919,0.7060367987250177,0.17608693105743545,0.4530025672543992,0.11623492105234398,0.5201793721973094,0.10862068965517241,0.0,0.9533632286995516,0.25493885230479774,0.4224215246636771,K002+KI03+KA07
xgboost,raw,source_holdout,0.9125,0.9122338417935126,0.06413606964051721,0.1389525702005787,0.01938132863291494,,,,,,,K002+KI03+KA07
xgboost,raw,target_real,0.695067264573991,0.6841213761026822,0.25011110826992666,0.5340472309133716,0.13888892542705367,0.34080717488789236,0.08157894736842106,0.10941704035874439,0.8573991031390135,0.252092050209205,0.2547085201793722,K002+KI03+KA07
xgboost,temperature,target_real,0.695067264573991,0.6841213761026822,0.17489793522093397,0.4659702475213488,0.13531277404711434,0.3632286995515695,0.08148148148148149,0.13632286995515694,0.8403587443946189,0.2497331910352188,0.27802690582959644,K002+KI03+KA07
xgboost,isotonic,target_real,0.7147982062780269,0.6927558417953277,0.16585143963984503,0.45676373996408703,0.12722643714271242,0.42511210762331836,0.04430379746835443,0.0,0.8304932735426009,0.24190064794816415,0.42511210762331836,K002+KI03+KA07
random_forest,raw,source_holdout,0.899581589958159,0.8987262013812906,0.04431323221414314,0.12846771260531434,0.01464240298851969,,,,,,,K002+KI03+KA08
random_forest,raw,target_real,0.6959641255605381,0.6862341461548548,0.18604401983135563,0.48080609459214646,0.14064040480521972,0.43408071748878924,0.1115702479338843,0.0,0.7641255605381166,0.2335680751173709,0.31031390134529147,K002+KI03+KA08
random_forest,temperature,target_real,0.6959641255605381,0.6862341461548548,0.1484927450391554,0.45733842269194086,0.15293216421130268,0.44484304932735425,0.11895161290322581,0.0,0.7632286995515695,0.23149236192714454,0.30493273542600896,K002+KI03+KA08
random_forest,isotonic,target_real,0.7147982062780269,0.6950859116417903,0.19427283134341555,0.4946288201500702,0.1610517140220761,0.5246636771300448,0.12991452991452992,0.0,0.9964125560538116,0.2844284428442844,0.0,K002+KI03+KA08
svm,raw,source_holdout,0.9246861924686193,0.9245634920634922,0.04948115302735517,0.13423513418869532,0.018435513883961665,,,,,,,K002+KI03+KA08
svm,raw,target_real,0.7013452914798206,0.6890972341205907,0.19459591764964385,0.4730780820417528,0.13334566852179683,0.3721973094170404,0.09879518072289156,0.16591928251121077,0.736322869955157,0.20219244823386115,0.22152466367713006,K002+KI03+KA08
svm,temperature,target_real,0.7013452914798206,0.6890972341205907,0.14541583656011037,0.4413791336448764,0.13288645171131025,0.37668161434977576,0.1,0.17130044843049327,0.7174887892376681,0.19875,0.242152466367713,K002+KI03+KA08
svm,isotonic,target_real,0.7255605381165919,0.7060367987250177,0.17616600632843868,0.4537570259013645,0.11765177591956129,0.5130044843049327,0.1048951048951049,0.0,0.9417040358744395,0.25047619047619046,0.42152466367713004,K002+KI03+KA08
xgboost,raw,source_holdout,0.9121338912133892,0.9119745608121507,0.06953235537935998,0.1380231299149027,0.019029315922349677,,,,,,,K002+KI03+KA08
xgboost,raw,target_real,0.6968609865470852,0.6861415236041498,0.24692294367760279,0.5272462071484004,0.1361176615026218,0.34977578475336324,0.07948717948717948,0.1515695067264574,0.8466367713004485,0.25,0.2789237668161435,K002+KI03+KA08
xgboost,temperature,target_real,0.6968609865470852,0.6861415236041498,0.1693899804961394,0.4606042452136265,0.13300345429083765,0.368609865470852,0.07785888077858881,0.15964125560538117,0.8331838565022421,0.2411194833153929,0.305829596412556,K002+KI03+KA08
xgboost,isotonic,target_real,0.7165919282511211,0.6954086096024553,0.18703760900543143,0.4706234864235119,0.12284398829824886,0.420627802690583,0.042643923240938165,0.0,0.9174887892376682,0.24633431085043989,0.42152466367713004,K002+KI03+KA08
random_forest,raw,source_holdout,0.895397489539749,0.894678163663126,0.05037114328716867,0.1311261049658854,0.01621042477881552,,,,,,,K002+KI03+KA09
random_forest,raw,target_real,0.6968609865470852,0.6867384267361544,0.18418534299660055,0.480431634045137,0.14099250146635092,0.4860986547085202,0.14206642066420663,0.0,0.7739910313901345,0.23174971031286212,0.29596412556053814,K002+KI03+KA09
random_forest,temperature,target_real,0.6968609865470852,0.6867384267361544,0.1517164690115529,0.4599283578698346,0.15539677336493518,0.49865470852017935,0.1420863309352518,0.0,0.7713004484304933,0.2302325581395349,0.2905829596412556,K002+KI03+KA09
random_forest,isotonic,target_real,0.7139013452914799,0.693543461136704,0.18392701244642634,0.4774083228850906,0.14916265970333853,0.5273542600896861,0.1377551020408163,0.0,0.9372197309417041,0.2641148325358852,0.0,K002+KI03+KA09
svm,raw,source_holdout,0.9246861924686193,0.9245634920634922,0.04317138959996982,0.1347942692017348,0.01882251515626579,,,,,,,K002+KI03+KA09
svm,raw,target_real,0.7040358744394619,0.6913342975033184,0.1914846988878263,0.4704832068906743,0.13110108241056126,0.3695067264573991,0.0970873786407767,0.16502242152466368,0.7327354260089686,0.19951040391676866,0.2430493273542601,K002+KI03+KA09
svm,temperature,target_real,0.7040358744394619,0.6913342975033184,0.14636528277452623,0.43974034884857993,0.13066979036566095,0.38923766816143496,0.10138248847926268,0.17130044843049327,0.7174887892376681,0.195,0.25829596412556055,K002+KI03+KA09
svm,isotonic,target_real,0.726457399103139,0.7070075604126016,0.1757985438086271,0.4530867128093965,0.11752589261833767,0.5165919282511211,0.10416666666666667,0.0,0.9443946188340807,0.25071225071225073,0.0,K002+KI03+KA09
xgboost,raw,source_holdout,0.9163179916317992,0.9161507936507937,0.06348918796084413,0.1339305199427252,0.022659117537518376,,,,,,,K002+KI03+KA09
xgboost,raw,target_real,0.6995515695067265,0.6887749788345942,0.2451171206251922,0.5287799103367268,0.13795162689565607,0.3452914798206278,0.08571428571428572,0.13452914798206278,0.863677130044843,0.2523364485981308,0.2591928251121076,K002+KI03+KA09
xgboost,temperature,target_real,0.6995515695067265,0.6887749788345942,0.17865788849911174,0.4637971142543504,0.1349404804616182,0.3632286995515695,0.08641975308641975,0.14618834080717488,0.8466367713004485,0.2468220338983051,0.27085201793721975,K002+KI03+KA09
xgboost,isotonic,target_real,0.7130044843049327,0.6966670141007548,0.20092479141021136,0.4839726670804651,0.12555658922610602,0.38385650224215245,0.06542056074766354,0.0,0.8798206278026905,0.24566768603465852,0.34618834080717487,K002+KI03+KA09
random_forest,raw,source_holdout,0.9375,0.9372280237845332,0.03816933820858402,0.10187985164734505,0.013092550861333756,,,,,,,K002+KI05+KA01
random_forest,raw,target_real,0.6807174887892377,0.6716299134499883,0.18713045955167046,0.4998648354110222,0.14168267266495976,0.5408071748878924,0.1691542288557214,0.14618834080717488,0.9094170403587444,0.28994082840236685,0.3004484304932735,K002+KI05+KA01
random_forest,temperature,target_real,0.6807174887892377,0.6716299134499883,0.18916667093743827,0.501430863784246,0.1417470374243622,0.5417040358744395,0.16887417218543047,0.14618834080717488,0.9094170403587444,0.28994082840236685,0.29955156950672646,K002+KI05+KA01
random_forest,isotonic,target_real,0.6798206278026906,0.6686420161770726,0.23238720147599862,0.5479466262159561,0.18799027345015323,0.7246636771300449,0.22400990099009901,0.0,0.968609865470852,0.3074074074074074,0.0,K002+KI05+KA01
svm,raw,source_holdout,0.9291666666666667,0.9295049912524441,0.1350401891746024,0.1973794880810326,0.029619140149448397,,,,,,,K002+KI05+KA01
svm,raw,target_real,0.7013452914798206,0.688191310966446,0.18232616778300764,0.4818918654126612,0.13971417413324336,0.5524663677130045,0.15097402597402598,0.13004484304932734,0.8807174887892377,0.26578411405295316,0.22062780269058296,K002+KI05+KA01
svm,temperature,target_real,0.7013452914798206,0.688191310966446,0.23255334605371683,0.522474215565497,0.13813154221379062,0.557847533632287,0.14630225080385853,0.13273542600896862,0.8986547085201794,0.2684630738522954,0.21524663677130046,K002+KI05+KA01
svm,isotonic,target_real,0.6932735426008969,0.6822957954421196,0.26009630877659673,0.5533417595152388,0.17883747778666906,0.7408071748878924,0.2179176755447942,0.0,0.9443946188340807,0.2858499525166192,0.0,K002+KI05+KA01
xgboost,raw,source_holdout,0.9166666666666666,0.9164376404906883,0.06435991426308951,0.1265269108992269,0.0184790639373115,,,,,,,K002+KI05+KA01
xgboost,raw,target_real,0.684304932735426,0.6740703780130728,0.25680955132561417,0.5616414218696745,0.14715326016544786,0.3901345291479821,0.10344827586206896,0.14439461883408072,0.7856502242152467,0.2465753424657534,0.27443946188340806,K002+KI05+KA01
xgboost,temperature,target_real,0.684304932735426,0.6740703780130728,0.18429779443864672,0.5006671804697825,0.1449395584275326,0.3820627802690583,0.09859154929577464,0.14439461883408072,0.7623318385650224,0.2376470588235294,0.2878923766816143,K002+KI05+KA01
xgboost,isotonic,target_real,0.6708520179372197,0.6588463742760503,0.22213747362762815,0.5360293625501605,0.15876737120842882,0.5766816143497758,0.13996889580093314,0.0,0.884304932735426,0.2829614604462475,0.0,K002+KI05+KA01
random_forest,raw,source_holdout,0.9291666666666667,0.9291642251650455,0.038242635140942324,0.11541797648484707,0.014625000531432678,,,,,,,K002+KI05+KA03
random_forest,raw,target_real,0.6816143497757847,0.6723424635841351,0.18031835200942392,0.49692795642162657,0.1423111250503995,0.5461883408071749,0.16091954022988506,0.0,0.8170403587443946,0.265642151481888,0.29237668161434976,K002+KI05+KA03
random_forest,temperature,target_real,0.6816143497757847,0.6723424635841351,0.19138634750189834,0.5058673207384302,0.14198230066558398,0.5426008968609866,0.15867768595041323,0.10941704035874439,0.8215246636771301,0.2652838427947598,0.2914798206278027,K002+KI05+KA03
random_forest,isotonic,target_real,0.6708520179372197,0.6605200762675097,0.22779768528172142,0.5335083722758438,0.17578900325608154,0.6197309417040359,0.17510853835021709,0.0,0.9130044843049328,0.3025540275049116,0.0,K002+KI05+KA03
svm,raw,source_holdout,0.9375,0.9376504386986566,0.022498812027956935,0.09329775887476496,0.008036158018171254,,,,,,,K002+KI05+KA03
svm,raw,target_real,0.7085201793721974,0.6946659764205004,0.17154902937832361,0.46746450003103796,0.12619056209126772,0.5802690582959641,0.1375579598145286,0.18744394618834082,0.8860986547085202,0.2560728744939271,0.26905829596412556,K002+KI05+KA03
svm,temperature,target_real,0.7085201793721974,0.6946659764205004,0.18765222438561865,0.47825672231983296,0.12595275572926848,0.5775784753363229,0.13664596273291926,0.18834080717488788,0.8860986547085202,0.25708502024291496,0.27085201793721975,K002+KI05+KA03
svm,isotonic,target_real,0.7013452914798206,0.6853189834736538,0.20542109441991643,0.5039662678662038,0.18328194147702895,0.736322869955157,0.22289890377588306,0.0,0.9883408071748879,0.29491833030852993,0.0,K002+KI05+KA03
xgboost,raw,source_holdout,0.9083333333333333,0.9089395034712725,0.0569595587750276,0.1491342387652461,0.030896212388711757,,,,,,,K002+KI05+KA03
xgboost,raw,target_real,0.683408071748879,0.6729951719507733,0.25489223583396775,0.5596667661529057,0.15492311157226207,0.34439461883408073,0.09895833333333333,0.0726457399103139,0.7704035874439462,0.24563445867287545,0.25112107623318386,K002+KI05+KA03
xgboost,temperature,target_real,0.683408071748879,0.6729951719507733,0.19235353256290416,0.5046088068548292,0.152816909804514,0.32825112107623317,0.09289617486338798,0.07174887892376682,0.7569506726457399,0.24170616113744076,0.25291479820627805,K002+KI05+KA03
xgboost,isotonic,target_real,0.6699551569506726,0.6624978563558429,0.21530319282637617,0.5207916806924159,0.15542350382045667,0.5040358744394619,0.11387900355871886,0.0,0.8304932735426009,0.2710583153347732,0.0,K002+KI05+KA03
random_forest,raw,source_holdout,0.9288702928870293,0.9295638664771367,0.03727165993885245,0.12632316693491744,0.01711653663059801,,,,,,,K002+KI05+KA05
random_forest,raw,target_real,0.695067264573991,0.6863743213290817,0.17527133617945773,0.4964968122439472,0.13728238492522873,0.5219730941704036,0.15120274914089346,0.17399103139013453,0.8565022421524664,0.2712041884816754,0.3273542600896861,K002+KI05+KA05
random_forest,temperature,target_real,0.695067264573991,0.6863743213290817,0.19047671110453646,0.505561624236911,0.1373175234188543,0.5165919282511211,0.14930555555555555,0.17399103139013453,0.8565022421524664,0.2712041884816754,0.3273542600896861,K002+KI05+KA05
random_forest,isotonic,target_real,0.684304932735426,0.6761494213996179,0.2238239305167483,0.5309323271369083,0.17440345123228765,0.5838565022421525,0.17050691244239632,0.0,0.9551569506726457,0.3032863849765258,0.0,K002+KI05+KA05
svm,raw,source_holdout,0.9414225941422594,0.9416139240506328,0.02183657225906675,0.08814045029308987,0.007297658974317467,,,,,,,K002+KI05+KA05
svm,raw,target_real,0.7139013452914799,0.7018501813192142,0.1694096893350376,0.46442664074771434,0.13167100435088305,0.6026905829596413,0.15029761904761904,0.1757847533632287,0.9085201793721973,0.25863770977295164,0.22600896860986547,K002+KI05+KA05
svm,temperature,target_real,0.7139013452914799,0.7018501813192142,0.19244743247526205,0.47942592966786457,0.13157639066221388,0.6017937219730942,0.15052160953800298,0.17668161434977578,0.9112107623318386,0.2578740157480315,0.2242152466367713,K002+KI05+KA05
svm,isotonic,target_real,0.7085201793721974,0.6937923937445102,0.2163109333834364,0.49768520258949595,0.17151117243173222,0.7713004484304933,0.21511627906976744,0.0,0.9479820627802691,0.2696310312204352,0.0,K002+KI05+KA05
xgboost,raw,source_holdout,0.8744769874476988,0.8773782924704584,0.08086392295909231,0.18071812952296507,0.032466876901745184,,,,,,,K002+KI05+KA05
xgboost,raw,target_real,0.683408071748879,0.675274039884088,0.2562862740771118,0.5572595976107783,0.15010540164234762,0.3704035874439462,0.09685230024213075,0.03766816143497758,0.7865470852017937,0.2508551881413911,0.23946188340807176,K002+KI05+KA05
xgboost,temperature,target_real,0.683408071748879,0.675274039884088,0.1898070670555308,0.503198175729906,0.14796677657817733,0.3695067264573991,0.09466019417475728,0.04125560538116592,0.757847533632287,0.24023668639053256,0.24753363228699551,K002+KI05+KA05
xgboost,isotonic,target_real,0.6807174887892377,0.6714217866740803,0.20256790668318814,0.5057289986073433,0.14901854943733364,0.5237668161434977,0.1095890410958904,0.0,0.8143497757847533,0.2621145374449339,0.0,K002+KI05+KA05
random_forest,raw,source_holdout,0.9333333333333333,0.933048433048433,0.025551451092885896,0.10192031020291828,0.010598838467461064,,,,,,,K002+KI05+KA06
random_forest,raw,target_real,0.6816143497757847,0.6728943614099504,0.18446588590779928,0.5026724218395052,0.14299344950150317,0.5040358744394619,0.14412811387900357,0.14618834080717488,0.8860986547085202,0.2834008097165992,0.31928251121076234,K002+KI05+KA06
random_forest,temperature,target_real,0.6816143497757847,0.6728943614099504,0.18324273473407177,0.501756946378401,0.1429631117726692,0.5040358744394619,0.14412811387900357,0.14618834080717488,0.8860986547085202,0.2834008097165992,0.3201793721973094,K002+KI05+KA06
random_forest,isotonic,target_real,0.684304932735426,0.67642268407063,0.21984343702350856,0.5277680633414741,0.1733199392316773,0.715695067264574,0.21553884711779447,0.0,0.9452914798206278,0.29886148007590135,0.0,K002+KI05+KA06
svm,raw,source_holdout,0.9416666666666667,0.9413489086836485,0.019205339705156713,0.07950355082721501,0.005754823399123909,,,,,,,K002+KI05+KA06
svm,raw,target_real,0.6995515695067265,0.6872036062778983,0.18155652112629522,0.4806603839623611,0.13262358318026235,0.5560538116591929,0.13709677419354838,0.18565022421524663,0.9076233183856502,0.2727272727272727,0.2609865470852018,K002+KI05+KA06
svm,temperature,target_real,0.6995515695067265,0.6872036062778983,0.19560875182986287,0.4911418356149094,0.13249874742625892,0.5569506726457399,0.13687600644122383,0.18744394618834082,0.9112107623318386,0.2736220472440945,0.2591928251121076,K002+KI05+KA06
svm,isotonic,target_real,0.6977578475336322,0.6853268905214708,0.25009856391039553,0.5452872123393504,0.178827814952391,0.8493273542600897,0.26187961985216474,0.0,0.9757847533632287,0.2867647058823529,0.0,K002+KI05+KA06
xgboost,raw,source_holdout,0.9291666666666667,0.928977644993055,0.05039204607407253,0.12500933685583726,0.019166790355586518,,,,,,,K002+KI05+KA06
xgboost,raw,target_real,0.6816143497757847,0.6712709191402566,0.2554838449163822,0.5650244351686895,0.15383956434006207,0.3874439461883408,0.11805555555555555,0.10762331838565023,0.7883408071748879,0.2525597269624573,0.2556053811659193,K002+KI05+KA06
xgboost,temperature,target_real,0.6816143497757847,0.6712709191402566,0.1838734388138123,0.5031773778272646,0.15119014197489614,0.3883408071748879,0.10854503464203233,0.11031390134529148,0.7739910313901345,0.24565469293163383,0.26188340807174887,K002+KI05+KA06
xgboost,isotonic,target_real,0.6708520179372197,0.6645307082256712,0.22089979224368453,0.520735659706215,0.15270898459985469,0.5488789237668161,0.12581699346405228,0.0,0.8609865470852018,0.27708333333333335,0.0,K002+KI05+KA06
random_forest,raw,source_holdout,0.9333333333333333,0.933048433048433,0.024998478136679873,0.1036428277169038,0.010610219674668468,,,,,,,K002+KI05+KA07
random_forest,raw,target_real,0.6771300448430493,0.6683463950467196,0.1887049231612789,0.5066874130641332,0.14345687545208716,0.5103139013452915,0.15289982425307558,0.15695067264573992,0.8887892376681614,0.2885973763874874,0.33721973094170404,K002+KI05+KA07
random_forest,temperature,target_real,0.6771300448430493,0.6683463950467196,0.1880317461884653,0.5061630198978836,0.14343284215485524,0.5130044843049327,0.15384615384615385,0.15695067264573992,0.8887892376681614,0.2885973763874874,0.33721973094170404,K002+KI05+KA07
random_forest,isotonic,target_real,0.6780269058295965,0.6703394092289656,0.23398723975457125,0.5401325436309659,0.17580391900240958,0.7183856502242153,0.2222222222222222,0.0,0.9946188340807175,0.31920649233543735,0.0,K002+KI05+KA07
svm,raw,source_holdout,0.9416666666666667,0.9413489086836485,0.021516000484130784,0.07942582711217606,0.005801679344675229,,,,,,,K002+KI05+KA07
svm,raw,target_real,0.6986547085201794,0.6862639408040484,0.18334230260774834,0.482339950995593,0.1335834553833812,0.557847533632287,0.1382636655948553,0.18834080717488788,0.9031390134529148,0.27209533267130087,0.25650224215246636,K002+KI05+KA07
svm,temperature,target_real,0.6986547085201794,0.6862639408040484,0.19693324760077424,0.492448151240594,0.13348718812935556,0.5623318385650224,0.13875598086124402,0.18923766816143497,0.9085201793721973,0.2744323790720632,0.2538116591928251,K002+KI05+KA07
svm,isotonic,target_real,0.6986547085201794,0.6860273806128371,0.2495701621424698,0.5451688093874955,0.1789292331880658,0.8573991031390135,0.26464435146443516,0.0,0.9739910313901345,0.285451197053407,0.0,K002+KI05+KA07
xgboost,raw,source_holdout,0.9208333333333333,0.9208333333333334,0.052234748005867034,0.12814851486788492,0.019747371213971958,,,,,,,K002+KI05+KA07
xgboost,raw,target_real,0.6789237668161435,0.6685598254239311,0.2673636815473103,0.5762478803263144,0.1544782361591443,0.3668161434977579,0.1100244498777506,0.0484304932735426,0.8089686098654708,0.26274944567627495,0.2430493273542601,K002+KI05+KA07
xgboost,temperature,target_real,0.6789237668161435,0.6685598254239311,0.20172828888812916,0.5115400566968596,0.15207197103564288,0.3632286995515695,0.09876543209876543,0.059192825112107626,0.7775784753363228,0.24682814302191464,0.2547085201793722,K002+KI05+KA07
xgboost,isotonic,target_real,0.6663677130044843,0.6593741650848001,0.20929298696243637,0.5159830220031716,0.1535143449024973,0.5434977578475336,0.1188118811881188,0.0,0.7883408071748879,0.2593856655290102,0.0,K002+KI05+KA07
random_forest,raw,source_holdout,0.9372384937238494,0.9372014974602546,0.014149765406176741,0.0998499235471211,0.010852855674398339,,,,,,,K002+KI05+KA08
random_forest,raw,target_real,0.6771300448430493,0.6686110480165715,0.19002940623632086,0.5043316526872846,0.14382884620541475,0.5399103139013453,0.16611295681063123,0.0,0.8905829596412556,0.28700906344410876,0.31210762331838565,K002+KI05+KA08
random_forest,temperature,target_real,0.6771300448430493,0.6686110480165715,0.18811733362762145,0.5028717148082423,0.15251795595358653,0.5399103139013453,0.16611295681063123,0.0,0.8905829596412556,0.28700906344410876,0.31210762331838565,K002+KI05+KA08
random_forest,isotonic,target_real,0.6825112107623318,0.6696088212214515,0.23216858193586137,0.5500983010958155,0.18198146485062858,0.7847533632286996,0.2502857142857143,0.0,0.9739910313901345,0.31031307550644566,0.0,K002+KI05+KA08
svm,raw,source_holdout,0.9414225941422594,0.9412974683544304,0.01959904430468818,0.08028362816270179,0.005886359710138587,,,,,,,K002+KI05+KA08
svm,raw,target_real,0.6986547085201794,0.6861669344992571,0.18184089109460422,0.48219760300233844,0.13418143172013877,0.5515695067264574,0.13821138211382114,0.18475336322869956,0.9040358744394619,0.2718253968253968,0.25829596412556055,K002+KI05+KA08
svm,temperature,target_real,0.6986547085201794,0.6861669344992571,0.1966693007897473,0.49277317462890824,0.1341870433758009,0.5560538116591929,0.1403225806451613,0.18744394618834082,0.9085201793721973,0.2744323790720632,0.2591928251121076,K002+KI05+KA08
svm,isotonic,target_real,0.6977578475336322,0.6853390890084686,0.25031628144336887,0.5462733358923865,0.17926509561947937,0.8573991031390135,0.26464435146443516,0.0,0.9766816143497757,0.2874196510560147,0.0,K002+KI05+KA08
xgboost,raw,source_holdout,0.9246861924686193,0.9247641509433961,0.052930676538076364,0.12474487099398146,0.019709620606329685,,,,,,,K002+KI05+KA08
xgboost,raw,target_real,0.6869955156950672,0.6769886693097057,0.261867601989096,0.5647884621982115,0.15202843459475351,0.3811659192825112,0.10823529411764705,0.11748878923766816,0.8017937219730942,0.25727069351230425,0.25291479820627805,K002+KI05+KA08
xgboost,temperature,target_real,0.6869955156950672,0.6769886693097057,0.18821250250128263,0.5036729058154369,0.14947769285172766,0.3829596412556054,0.1053864168618267,0.12017937219730941,0.7865470852017937,0.24743443557582667,0.273542600896861,K002+KI05+KA08
xgboost,isotonic,target_real,0.6690582959641256,0.6601518046054928,0.23044097187627394,0.5387518122740764,0.15564038520772341,0.5766816143497758,0.1368584758942457,0.0,0.9668161434977578,0.3163265306122449,0.0,K002+KI05+KA08
random_forest,raw,source_holdout,0.9330543933054394,0.9331213152836026,0.024925934891033934,0.10201242244461523,0.011607780170638906,,,,,,,K002+KI05+KA09
random_forest,raw,target_real,0.6780269058295965,0.6698660407445848,0.19041968856153724,0.5031284910634738,0.14294253239222215,0.5497757847533632,0.1631321370309951,0.0,0.8600896860986547,0.27632950990615224,0.30134529147982064,K002+KI05+KA09
random_forest,temperature,target_real,0.6780269058295965,0.6698660407445848,0.19187687900937017,0.5042562934546901,0.15489422302591194,0.5497757847533632,0.1631321370309951,0.0,0.8609865470852018,0.2760416666666667,0.3004484304932735,K002+KI05+KA09
random_forest,isotonic,target_real,0.6798206278026906,0.6716415988500793,0.21857155879160672,0.5263197214982723,0.18194226968750654,0.6609865470852018,0.19674355495251017,0.0,0.9246636771300448,0.29194956353055285,0.0,K002+KI05+KA09
svm,raw,source_holdout,0.9414225941422594,0.9412974683544304,0.02004828330668845,0.08067128402389849,0.005861093204373554,,,,,,,K002+KI05+KA09
svm,raw,target_real,0.7004484304932735,0.6881425688278325,0.17849856929853306,0.4803510478392601,0.13337212912302676,0.5506726457399103,0.13517915309446255,0.18385650224215247,0.9049327354260089,0.27155599603567887,0.25829596412556055,K002+KI05+KA09
svm,temperature,target_real,0.7004484304932735,0.6881425688278325,0.19444087143502972,0.4916856067141529,0.13327882239002217,0.5506726457399103,0.13355048859934854,0.18475336322869956,0.9103139013452914,0.2748768472906404,0.25650224215246636,K002+KI05+KA09
svm,isotonic,target_real,0.6977578475336322,0.6853523553569479,0.250512200197073,0.5465355588603596,0.1790085118113403,0.8582959641255605,0.26436781609195403,0.0,0.97847533632287,0.2887259395050413,0.0,K002+KI05+KA09
xgboost,raw,source_holdout,0.9246861924686193,0.9247641509433961,0.05441010447226811,0.1279541014014614,0.02305872982178465,,,,,,,K002+KI05+KA09
xgboost,raw,target_real,0.683408071748879,0.6731498524309659,0.2593867454026312,0.5645731004437057,0.15363804201172473,0.3488789237668161,0.10539845758354756,0.11659192825112108,0.7982062780269058,0.25617977528089886,0.24035874439461882,K002+KI05+KA09
xgboost,temperature,target_real,0.683408071748879,0.6731498524309659,0.19103233746462778,0.5041595318427897,0.15110975975815977,0.33901345291479823,0.09259259259259259,0.12017937219730941,0.7847533632286996,0.2502857142857143,0.2430493273542601,K002+KI05+KA09
xgboost,isotonic,target_real,0.6744394618834081,0.6679070912259397,0.22063327593986967,0.5228971752638129,0.13983804163019317,0.5399103139013453,0.10963455149501661,0.0,0.852017937219731,0.26421052631578945,0.0,K002+KI05+KA09
random_forest,raw,source_holdout,0.9581589958158996,0.9577962821877976,0.03367568428595327,0.05736257999068646,0.005768074544290223,,,,,,,K002+KI07+KA01
random_forest,raw,target_real,0.7022421524663677,0.6908645530582967,0.16407062163308664,0.4637388659076149,0.12894868213784286,0.5192825112107623,0.12780656303972365,0.0,0.9874439461883409,0.29518619436875565,0.31928251121076234,K002+KI07+KA01
random_forest,temperature,target_real,0.7022421524663677,0.6908645530582967,0.19218201226370635,0.4851080280905496,0.129170855784937,0.5192825112107623,0.13126079447322972,0.0,0.9874439461883409,0.29518619436875565,0.3165919282511211,K002+KI07+KA01
random_forest,isotonic,target_real,0.6852017937219731,0.6792156320631544,0.26313102889476375,0.5669344144911899,0.1893931591589772,0.8340807174887892,0.26559139784946234,0.0,0.9865470852017937,0.30727272727272725,0.0,K002+KI07+KA01
svm,raw,source_holdout,0.9497907949790795,0.9499972504729929,0.1471619934873595,0.17780324710086978,0.020164242404268257,,,,,,,K002+KI07+KA01
svm,raw,target_real,0.7112107623318386,0.696386477179761,0.1774182439218706,0.4631504821061195,0.12196924794831043,0.46905829596412557,0.11663479923518165,0.18475336322869956,0.9811659192825112,0.2842778793418647,0.29237668161434976,K002+KI07+KA01
svm,temperature,target_real,0.7112107623318386,0.696386477179761,0.21732918936755363,0.49518899884932266,0.12154399744725695,0.4789237668161435,0.11235955056179775,0.18475336322869956,0.9838565022421525,0.284412032816773,0.305829596412556,K002+KI07+KA01
svm,isotonic,target_real,0.6807174887892377,0.6735258846085674,0.26100184804116355,0.5568965947793003,0.18391069469826574,0.7399103139013453,0.24848484848484848,0.0,0.9910313901345291,0.3167420814479638,0.0,K002+KI07+KA01
xgboost,raw,source_holdout,0.9581589958158996,0.9578179638820371,0.027489732249511296,0.06809669122713728,0.006757117291541957,,,,,,,K002+KI07+KA01
xgboost,raw,target_real,0.7040358744394619,0.6908667081651716,0.23228998750849164,0.5127177496847759,0.12505630758382652,0.6242152466367713,0.1810344827586207,0.14260089686098654,0.97847533632287,0.28964252978918426,0.3452914798206278,K002+KI07+KA01
xgboost,temperature,target_real,0.7040358744394619,0.6908667081651716,0.19555700084268762,0.47931616301596647,0.12425129940626667,0.6251121076233184,0.1793400286944046,0.14349775784753363,0.9668161434977578,0.28664192949907236,0.3452914798206278,K002+KI07+KA01
xgboost,isotonic,target_real,0.684304932735426,0.6777577579150478,0.25056321953262983,0.5416827652460994,0.18151785272657397,0.7919282511210762,0.2332955832389581,0.0,0.9533632286995516,0.30009407337723426,0.0,K002+KI07+KA01
random_forest,raw,source_holdout,0.9497907949790795,0.9497149867370066,0.02890151907293879,0.07083239179419139,0.0054535184282141925,,,,,,,K002+KI07+KA03
random_forest,raw,target_real,0.7040358744394619,0.6914566514113322,0.16064007892845056,0.4640015822849265,0.12946336765991404,0.5058295964125561,0.1276595744680851,0.19103139013452916,0.9533632286995516,0.28222013170272814,0.31569506726457397,K002+KI07+KA03
random_forest,temperature,target_real,0.7040358744394619,0.6914566514113322,0.1883372640939699,0.48239660654301386,0.1297049778643623,0.49955156950672647,0.12746858168761221,0.18475336322869956,0.9479820627802691,0.282876064333018,0.3112107623318386,K002+KI07+KA03
random_forest,isotonic,target_real,0.6807174887892377,0.6755405299736049,0.24533028173343677,0.556398582722318,0.19781509090108812,0.7802690582959642,0.2517241379310345,0.0,0.9856502242152466,0.3130118289353958,0.0,K002+KI07+KA03
svm,raw,source_holdout,0.9539748953974896,0.954022527401504,0.017149778761603788,0.07241809183215854,0.005642883765402543,,,,,,,K002+KI07+KA03
svm,raw,target_real,0.7192825112107624,0.703236766159384,0.16398316698971632,0.4452382677349886,0.1133166653572751,0.6260089686098654,0.14613180515759314,0.21973094170403587,0.9901345291479821,0.2753623188405797,0.32286995515695066,K002+KI07+KA03
svm,temperature,target_real,0.7192825112107624,0.703236766159384,0.16820322035474217,0.44796188278254967,0.1132995689585911,0.6278026905829597,0.14857142857142858,0.21973094170403587,0.9901345291479821,0.2753623188405797,0.32286995515695066,K002+KI07+KA03
svm,isotonic,target_real,0.6771300448430493,0.6712647876743248,0.22576299428637064,0.5145046276136958,0.18011801300027613,0.8143497757847533,0.24779735682819384,0.0,0.97847533632287,0.31164069660861593,0.0,K002+KI07+KA03
xgboost,raw,source_holdout,0.9372384937238494,0.9372101273988068,0.043726103076376185,0.09237608734272258,0.010445659822649896,,,,,,,K002+KI07+KA03
xgboost,raw,target_real,0.7022421524663677,0.68824181041304,0.233939029176139,0.5132599884454874,0.12727499639289366,0.5049327354260089,0.1261101243339254,0.10941704035874439,0.9300448430493273,0.2757955641272903,0.3165919282511211,K002+KI07+KA03
xgboost,temperature,target_real,0.7022421524663677,0.68824181041304,0.19432168146784312,0.4785901766128672,0.12634547664845508,0.49506726457399103,0.12318840579710146,0.11210762331838565,0.9237668161434978,0.27475728155339807,0.32286995515695066,K002+KI07+KA03
xgboost,isotonic,target_real,0.6816143497757847,0.6752195310162911,0.23283398000944097,0.5375777310762635,0.18804740738503606,0.7569506726457399,0.22985781990521326,0.0,1.0,0.3183856502242152,0.0,K002+KI07+KA03
random_forest,raw,source_holdout,0.9453781512605042,0.9457307345912063,0.02500299753815322,0.07758707048223866,0.006609812031897899,,,,,,,K002+KI07+KA05
random_forest,raw,target_real,0.7192825112107624,0.7076344676408718,0.1556506974866051,0.4605735257785581,0.12468942129741878,0.57847533632287,0.15348837209302327,0.19730941704035873,0.9820627802690582,0.2776255707762557,0.3112107623318386,K002+KI07+KA05
random_forest,temperature,target_real,0.7192825112107624,0.7076344676408718,0.18827855242857075,0.481114975594125,0.12488346559076077,0.5587443946188341,0.14606741573033707,0.19820627802690582,0.9820627802690582,0.2776255707762557,0.32466367713004485,K002+KI07+KA05
random_forest,isotonic,target_real,0.6977578475336322,0.6889141388665131,0.23483028642904663,0.5260597093187346,0.18731911004341706,0.7766816143497758,0.2586605080831409,0.0,0.9928251121076234,0.2981029810298103,0.0,K002+KI07+KA05
svm,raw,source_holdout,0.957983193277311,0.9578754064706518,0.0176568851089634,0.0670316325265598,0.005303895695544543,,,,,,,K002+KI07+KA05
svm,raw,target_real,0.7336322869955157,0.7179882729938803,0.16029126387814946,0.4386216404402317,0.11435303392556127,0.5874439461883408,0.1267175572519084,0.18834080717488788,0.9533632286995516,0.2530573847601129,0.30134529147982064,K002+KI07+KA05
svm,temperature,target_real,0.7336322869955157,0.7179882729938803,0.16905677894747556,0.4447569045653226,0.11434057076276707,0.5874439461883408,0.1251908396946565,0.18834080717488788,0.95695067264574,0.2530459231490159,0.3004484304932735,K002+KI07+KA05
svm,isotonic,target_real,0.7094170403587444,0.6990313110402648,0.19767958227551918,0.48923232553821844,0.17490723931178975,0.8026905829596412,0.23687150837988827,0.0,0.9964125560538116,0.2889288928892889,0.0,K002+KI07+KA05
xgboost,raw,source_holdout,0.9159663865546218,0.9162244646565204,0.050016158017791634,0.11964177072516592,0.012587209434842156,,,,,,,K002+KI07+KA05
xgboost,raw,target_real,0.715695067264574,0.7023510830641571,0.23146851506468427,0.5063728907033054,0.12111094773116553,0.5704035874439461,0.13679245283018868,0.08340807174887892,0.9121076233183857,0.25663716814159293,0.34798206278026905,K002+KI07+KA05
xgboost,temperature,target_real,0.715695067264574,0.7023510830641571,0.18913965601069138,0.4703829616090468,0.11987492365553705,0.5497757847533632,0.12887438825448613,0.08340807174887892,0.9067264573991032,0.2542037586547972,0.3614349775784753,K002+KI07+KA05
xgboost,isotonic,target_real,0.6968609865470852,0.6876640030150392,0.2032414970279029,0.5000675535499798,0.17736852330458502,0.7076233183856502,0.20405576679340937,0.0,0.9973094170403587,0.30305755395683454,0.0,K002+KI07+KA05
random_forest,raw,source_holdout,0.9581589958158996,0.9577962821877976,0.01997616425847266,0.05620529905603322,0.0032626890834319385,,,,,,,K002+KI07+KA06
random_forest,raw,target_real,0.7031390134529149,0.6921313561249406,0.16363768158318498,0.46455646994178146,0.130190573347038,0.6206278026905829,0.1791907514450867,0.0,0.989237668161435,0.2928377153218495,0.30493273542600896,K002+KI07+KA06
random_forest,temperature,target_real,0.7031390134529149,0.6921313561249406,0.19037531316096853,0.47859715396844416,0.13036862764291582,0.6089686098654709,0.17525773195876287,0.0,0.989237668161435,0.2928377153218495,0.2932735426008969,K002+KI07+KA06
random_forest,isotonic,target_real,0.6762331838565022,0.6728655964800346,0.26670825333031223,0.5743670105168367,0.19038256666043565,0.8789237668161435,0.29897959183673467,0.0,0.9856502242152466,0.31938125568698816,0.0,K002+KI07+KA06
svm,raw,source_holdout,0.9581589958158996,0.9576947864995219,0.021027997342762894,0.058895461399769734,0.0036113602283336646,,,,,,,K002+KI07+KA06
svm,raw,target_real,0.7103139013452915,0.6963952550492193,0.17563347143799726,0.46086001701019536,0.11953047515375025,0.5659192825112107,0.12678288431061807,0.18923766816143497,0.9964125560538116,0.2889288928892889,0.3291479820627803,K002+KI07+KA06
svm,temperature,target_real,0.7103139013452915,0.6963952550492193,0.1733447287247561,0.4585023635496784,0.11952603880703777,0.5659192825112107,0.12678288431061807,0.18923766816143497,0.9964125560538116,0.2889288928892889,0.32825112107623317,K002+KI07+KA06
svm,isotonic,target_real,0.6771300448430493,0.6730856424240939,0.2629610250988174,0.5799268857298865,0.18329987906489334,0.9130044843049328,0.30648330058939094,0.0,0.9695067264573991,0.31267345050878814,0.0,K002+KI07+KA06
xgboost,raw,source_holdout,0.9581589958158996,0.9578179638820371,0.029614674745743228,0.06579600210714408,0.0055576527763544275,,,,,,,K002+KI07+KA06
xgboost,raw,target_real,0.6995515695067265,0.6861615046252917,0.23877840838624753,0.5176774204668573,0.12522630111504704,0.611659192825112,0.17008797653958943,0.17937219730941703,0.9668161434977578,0.2857142857142857,0.3147982062780269,K002+KI07+KA06
xgboost,temperature,target_real,0.6995515695067265,0.6861615046252917,0.20012191505110488,0.48167272544448225,0.12428459769164643,0.6295964125560538,0.1737891737891738,0.17309417040358743,0.9524663677130045,0.2834274952919021,0.3237668161434978,K002+KI07+KA06
xgboost,isotonic,target_real,0.6869955156950672,0.6809138622341857,0.2469770753842412,0.5435391424137136,0.17849252600942692,0.7910313901345292,0.23469387755102042,0.0,0.9668161434977578,0.29962894248608535,0.0,K002+KI07+KA06
random_forest,raw,source_holdout,0.9581589958158996,0.9577962821877976,0.020382354336105,0.05685473298861585,0.003584763029473641,,,,,,,K002+KI07+KA07
random_forest,raw,target_real,0.6977578475336322,0.6865858354124863,0.16798088854366572,0.46806212710558437,0.13048568226728527,0.6125560538116592,0.17423133235724744,0.0,0.9883408071748879,0.29764065335753176,0.3094170403587444,K002+KI07+KA07
random_forest,temperature,target_real,0.6977578475336322,0.6865858354124863,0.19019956554826845,0.4816414437720402,0.13050519395488383,0.6017937219730942,0.17138599105812222,0.11031390134529148,0.9874439461883409,0.2970027247956403,0.30493273542600896,K002+KI07+KA07
random_forest,isotonic,target_real,0.672645739910314,0.6686133441459461,0.2752354213751034,0.581373086708457,0.19582918679320283,0.8457399103139014,0.2788971367974549,0.0,0.9874439461883409,0.3224341507720254,0.0,K002+KI07+KA07
svm,raw,source_holdout,0.9581589958158996,0.9576947864995219,0.023531994752172075,0.058467005576834055,0.0035552379874944327,,,,,,,K002+KI07+KA07
svm,raw,target_real,0.7085201793721974,0.6943805764676868,0.17810567074479267,0.46231238103773453,0.12073692782270662,0.579372197309417,0.1346749226006192,0.19013452914798207,0.9964125560538116,0.2907290729072907,0.32466367713004485,K002+KI07+KA07
svm,temperature,target_real,0.7085201793721974,0.6943805764676868,0.1746488554398195,0.45990868513563254,0.12072354176715924,0.579372197309417,0.1346749226006192,0.18923766816143497,0.9964125560538116,0.2907290729072907,0.32466367713004485,K002+KI07+KA07
svm,isotonic,target_real,0.6753363228699552,0.6716405740533776,0.26205382638560926,0.5804943719291144,0.18375722125362548,0.9165919282511211,0.3062622309197652,0.0,0.967713004484305,0.31417979610750696,0.0,K002+KI07+KA07
xgboost,raw,source_holdout,0.9497907949790795,0.9495946848025802,0.030556377756046905,0.07647751321896248,0.0057160377276403215,,,,,,,K002+KI07+KA07
xgboost,raw,target_real,0.6959641255605381,0.6827074818966613,0.24114009711239898,0.5245138569540905,0.12882520650908608,0.6233183856502242,0.17841726618705037,0.15695067264573992,0.9605381165919282,0.28851540616246496,0.30672645739910315,K002+KI07+KA07
xgboost,temperature,target_real,0.6959641255605381,0.6827074818966613,0.1993826442237001,0.4855335340455856,0.12770859091239528,0.6286995515695067,0.1797432239657632,0.16233183856502242,0.9596412556053812,0.2906542056074766,0.3147982062780269,K002+KI07+KA07
xgboost,isotonic,target_real,0.6762331838565022,0.6711755058238879,0.24698172930305204,0.5480463846179453,0.18545900398653384,0.7730941704035874,0.23433874709976799,0.0,0.9165919282511211,0.2945205479452055,0.0,K002+KI07+KA07
random_forest,raw,source_holdout,0.957983193277311,0.9576689505646595,0.019747455499323597,0.054207121443264235,0.003363137630293982,,,,,,,K002+KI07+KA08
random_forest,raw,target_real,0.7022421524663677,0.6917289702191397,0.16785718754831042,0.4679421326648446,0.13137933308496846,0.5820627802690583,0.1679506933744222,0.20538116591928252,0.9955156950672646,0.2972972972972973,0.2726457399103139,K002+KI07+KA08
random_forest,temperature,target_real,0.7022421524663677,0.6917289702191397,0.1890228430004421,0.4800032652569642,0.1315656114523685,0.567713004484305,0.16113744075829384,0.20538116591928252,0.9955156950672646,0.2972972972972973,0.27443946188340806,K002+KI07+KA08
random_forest,isotonic,target_real,0.672645739910314,0.6646045236617127,0.29277663513973795,0.6063314998048699,0.20269693601918942,0.9004484304932735,0.299800796812749,0.0,0.9928251121076234,0.3224932249322493,0.0,K002+KI07+KA08
svm,raw,source_holdout,0.957983193277311,0.9576433461703037,0.021199193109340424,0.05956386546054059,0.0036807559953918197,,,,,,,K002+KI07+KA08
svm,raw,target_real,0.7085201793721974,0.6940833133799797,0.1769735513969797,0.4608025920038749,0.11945725490129801,0.5775784753363229,0.13354037267080746,0.19103139013452916,0.9955156950672646,0.29009009009009007,0.32825112107623317,K002+KI07+KA08
svm,temperature,target_real,0.7085201793721974,0.6940833133799797,0.1737807419316475,0.45856760017825454,0.11948949248683562,0.5587443946188341,0.12520064205457465,0.19103139013452916,0.9955156950672646,0.29009009009009007,0.32825112107623317,K002+KI07+KA08
svm,isotonic,target_real,0.6591928251121076,0.6588028620063667,0.2753417473357386,0.5813183369466046,0.1836816750659994,0.905829596412556,0.297029702970297,0.0,0.9901345291479821,0.3351449275362319,0.0,K002+KI07+KA08
xgboost,raw,source_holdout,0.9537815126050421,0.9535406819497574,0.035753917543828,0.07084331784215259,0.005876979917055311,,,,,,,K002+KI07+KA08
xgboost,raw,target_real,0.7031390134529149,0.689758529042214,0.23525625611634537,0.5142570204918101,0.12460876761154384,0.6618834080717488,0.1856368563685637,0.16412556053811658,0.9802690582959641,0.2909423604757548,0.3273542600896861,K002+KI07+KA08
xgboost,temperature,target_real,0.7031390134529149,0.689758529042214,0.19549581943334476,0.47806317800569953,0.12372337368089632,0.6520179372197309,0.1829436038514443,0.16771300448430493,0.9766816143497757,0.29017447199265384,0.3345291479820628,K002+KI07+KA08
xgboost,isotonic,target_real,0.6744394618834081,0.667717528373266,0.2864700677255357,0.5945315140416606,0.19490926011967266,0.8591928251121076,0.2745302713987474,0.0,0.9847533632286996,0.3205828779599271,0.0,K002+KI07+KA08
random_forest,raw,source_holdout,0.9537815126050421,0.9536539155539517,0.023344656679984557,0.05899515467441265,0.0036170414077383323,,,,,,,K002+KI07+KA09
random_forest,raw,target_real,0.7022421524663677,0.6908205586067,0.1680906106111892,0.46512090641323683,0.12741582785797234,0.6179372197309417,0.17271407837445574,0.20089686098654708,0.9955156950672646,0.2963963963963964,0.31928251121076234,K002+KI07+KA09
random_forest,temperature,target_real,0.7022421524663677,0.6908205586067,0.18753622791605146,0.47972676282436166,0.12769643436843764,0.6251121076233184,0.1750358680057389,0.20089686098654708,0.9955156950672646,0.2963963963963964,0.3147982062780269,K002+KI07+KA09
random_forest,isotonic,target_real,0.6807174887892377,0.6763510425890082,0.2517295709855091,0.5518939623889593,0.19475665818656476,0.8026905829596412,0.25139664804469275,0.0,0.9919282511210762,0.31374321880650996,0.0,K002+KI07+KA09
svm,raw,source_holdout,0.957983193277311,0.9576433461703037,0.020925251672180456,0.05976479664065956,0.003698785889400941,,,,,,,K002+KI07+KA09
svm,raw,target_real,0.7103139013452915,0.6963000277946878,0.17419690708339747,0.4601073403147825,0.11933364628717194,0.5623318385650224,0.12599681020733652,0.18654708520179372,0.9955156950672646,0.2882882882882883,0.32645739910313903,K002+KI07+KA09
svm,temperature,target_real,0.7103139013452915,0.6963000277946878,0.17316876830348144,0.45853493055640543,0.11932405754374838,0.5623318385650224,0.12599681020733652,0.18654708520179372,0.9955156950672646,0.2882882882882883,0.32645739910313903,K002+KI07+KA09
svm,isotonic,target_real,0.6771300448430493,0.6732660344840763,0.2581060555467925,0.5721951920086241,0.17980868207528364,0.9031390134529148,0.2999006951340616,0.0,0.9739910313901345,0.3139963167587477,0.0,K002+KI07+KA09
xgboost,raw,source_holdout,0.9537815126050421,0.9535406819497574,0.027512366030396564,0.07189015798989391,0.006270830444736962,,,,,,,K002+KI07+KA09
xgboost,raw,target_real,0.704932735426009,0.6913951389925339,0.23182503217538913,0.5161641076632205,0.12395150092904528,0.6547085201793722,0.1821917808219178,0.18744394618834082,0.9766816143497757,0.2892561983471074,0.34439461883408073,K002+KI07+KA09
xgboost,temperature,target_real,0.704932735426009,0.6913951389925339,0.19813324651923225,0.4818103505476845,0.12313540686196346,0.6556053811659193,0.18331053351573187,0.18834080717488788,0.9757847533632287,0.28860294117647056,0.3452914798206278,K002+KI07+KA09
xgboost,isotonic,target_real,0.694170403587444,0.6870082112181338,0.24602796803352278,0.548046975639106,0.18053793575971216,0.8017937219730942,0.2348993288590604,0.0,0.9802690582959641,0.3000914913083257,0.0,K002+KI07+KA09
random_forest,raw,source_holdout,0.957983193277311,0.9576800778389657,0.040662391502075866,0.06354692382737778,0.005661175753284092,,,,,,,K002+KI08+KA01
random_forest,raw,target_real,0.7013452914798206,0.6907131156930562,0.16354449212339628,0.4639568940620831,0.12978725702643623,0.6780269058295965,0.20105820105820105,0.18834080717488788,0.989237668161435,0.2955575702629193,0.3345291479820628,K002+KI08+KA01
random_forest,temperature,target_real,0.7013452914798206,0.6907131156930562,0.20057101273602143,0.4876763774183928,0.13317029265863062,0.6690582959641256,0.19571045576407506,0.18834080717488788,0.989237668161435,0.2955575702629193,0.32825112107623317,K002+KI08+KA01
random_forest,isotonic,target_real,0.6896860986547085,0.6806348695949936,0.2437506033626422,0.5490615680431541,0.18978436814154498,0.9713004484304932,0.2917820867959372,0.0,0.9910313901345291,0.3049773755656109,0.0,K002+KI08+KA01
svm,raw,source_holdout,0.9621848739495799,0.9619020896798673,0.1445220828559067,0.14649376209461942,0.02068764273617027,,,,,,,K002+KI08+KA01
svm,raw,target_real,0.7094170403587444,0.6959493556871511,0.1741452916672075,0.4677692170669211,0.12857420264073355,0.38026905829596414,0.10141509433962265,0.1452914798206278,0.9946188340807175,0.2885482416591524,0.27085201793721975,K002+KI08+KA01
svm,temperature,target_real,0.7094170403587444,0.6959493556871511,0.2289805316279982,0.5111049521351799,0.1276414105962985,0.3695067264573991,0.08737864077669903,0.14887892376681613,0.9928251121076234,0.28906955736224027,0.27443946188340806,K002+KI08+KA01
svm,isotonic,target_real,0.6986547085201794,0.688465082051256,0.25805807379770346,0.5549571646397723,0.18000736827450436,0.7650224215246637,0.26025791324736225,0.0,0.9488789237668162,0.28071833648393196,0.0,K002+KI08+KA01
xgboost,raw,source_holdout,0.9453781512605042,0.9447034764826175,0.03980249467016267,0.08622374390616656,0.008104571922164638,,,,,,,K002+KI08+KA01
xgboost,raw,target_real,0.7022421524663677,0.6891615022325487,0.2376394971336485,0.5154950652228353,0.12391749534649682,0.6475336322869956,0.1814404432132964,0.20986547085201793,0.9255605381165919,0.27228682170542634,0.3273542600896861,K002+KI08+KA01
xgboost,temperature,target_real,0.7022421524663677,0.6891615022325487,0.19828449218594563,0.47898313889925626,0.12288009951757947,0.6475336322869956,0.1814404432132964,0.20896860986547086,0.9103139013452914,0.26699507389162563,0.33004484304932735,K002+KI08+KA01
xgboost,isotonic,target_real,0.6914798206278027,0.6820893645854867,0.2474923182074844,0.5436213954008523,0.1752993703185907,0.7964125560538117,0.23986486486486486,0.0,1.0,0.30852017937219733,0.0,K002+KI08+KA01
random_forest,raw,source_holdout,0.9495798319327731,0.9495076715528485,0.03957461731870272,0.07251845598544067,0.006263992201707127,,,,,,,K002+KI08+KA03
random_forest,raw,target_real,0.705829596412556,0.6931616468978573,0.1566385264636716,0.4620950275728311,0.13080506729013386,0.6672645739910313,0.18951612903225806,0.18565022421524663,0.9928251121076234,0.2917795844625113,0.3076233183856502,K002+KI08+KA03
random_forest,temperature,target_real,0.705829596412556,0.6931616468978573,0.1900228531442949,0.4844148556072187,0.13419794631456242,0.4538116591928251,0.11462450592885376,0.18565022421524663,0.9919282511210762,0.29204339963833637,0.3273542600896861,K002+KI08+KA03
random_forest,isotonic,target_real,0.6860986547085202,0.6800514018958298,0.2371812252291954,0.5344794155186826,0.1898335929414294,0.757847533632287,0.23668639053254437,0.0,1.0,0.31390134529147984,0.0,K002+KI08+KA03
svm,raw,source_holdout,0.957983193277311,0.957989766532422,0.017779417654537347,0.07291617119532766,0.006001398045547757,,,,,,,K002+KI08+KA03
svm,raw,target_real,0.7192825112107624,0.7035120243372496,0.1620076904018363,0.44638571935284754,0.11606579957382804,0.5515695067264574,0.12195121951219512,0.19461883408071748,0.9811659192825112,0.27513711151736747,0.30672645739910315,K002+KI08+KA03
svm,temperature,target_real,0.7192825112107624,0.7035120243372496,0.17236986190062886,0.4531343224910075,0.11599182399048678,0.5569506726457399,0.12560386473429952,0.19551569506726457,0.9802690582959641,0.2744739249771272,0.30672645739910315,K002+KI08+KA03
svm,isotonic,target_real,0.7085201793721974,0.6987387180537579,0.1995891264049553,0.49757106243871346,0.1691140285309767,0.757847533632287,0.22958579881656804,0.0,0.9757847533632287,0.28400735294117646,0.0,K002+KI08+KA03
xgboost,raw,source_holdout,0.9327731092436975,0.9325398019934443,0.053281168977753465,0.1098995158035743,0.0097071198848597,,,,,,,K002+KI08+KA03
xgboost,raw,target_real,0.695067264573991,0.6819992808886802,0.23959947987522243,0.5195760026565293,0.12834162391512957,0.589237668161435,0.1613394216133942,0.11121076233183856,0.8618834080717489,0.2497398543184183,0.32645739910313903,K002+KI08+KA03
xgboost,temperature,target_real,0.695067264573991,0.6819992808886802,0.19936378369434973,0.482689929283043,0.12739753905560514,0.5856502242152466,0.15926493108728942,0.12376681614349776,0.852914798206278,0.24815983175604628,0.31748878923766816,K002+KI08+KA03
xgboost,isotonic,target_real,0.6860986547085202,0.677318802029237,0.2095151687599861,0.5154152131839822,0.17849702505148224,0.7506726457399103,0.23178016726403824,0.0,0.9991031390134529,0.3141831238779174,0.0,K002+KI08+KA03
random_forest,raw,source_holdout,0.9451476793248945,0.9452647823261858,0.043865709974411055,0.09163812637231042,0.00847081977372692,,,,,,,K002+KI08+KA05
random_forest,raw,target_real,0.7255605381165919,0.7138190777828024,0.15719321709185818,0.46105626823872375,0.12624473766665206,0.5103139013452915,0.140597539543058,0.21704035874439462,0.9766816143497757,0.27089072543618,0.3488789237668161,K002+KI08+KA05
random_forest,temperature,target_real,0.7255605381165919,0.7138190777828024,0.1814405438532925,0.47827777210309075,0.12627920593496914,0.515695067264574,0.1443478260869565,0.21973094170403587,0.9704035874439462,0.27171903881700554,0.35874439461883406,K002+KI08+KA05
random_forest,isotonic,target_real,0.7094170403587444,0.6992853759986867,0.22909750811467258,0.5179266090989895,0.18748902387117744,0.758744394618834,0.24940898345153664,0.0,0.9865470852017937,0.2872727272727273,0.0,K002+KI08+KA05
svm,raw,source_holdout,0.9578059071729957,0.9576891864475553,0.03489323818471128,0.07312713578646682,0.006357355426462117,,,,,,,K002+KI08+KA05
svm,raw,target_real,0.7327354260089686,0.7174679193851935,0.15923032711590968,0.43869921009921853,0.11529107636098643,0.5596412556053811,0.12179487179487179,0.18923766816143497,0.9641255605381166,0.2576744186046512,0.29596412556053814,K002+KI08+KA05
svm,temperature,target_real,0.7327354260089686,0.7174679193851935,0.1735210603666661,0.4473328699638067,0.1152116066271633,0.5730941704035875,0.12519561815336464,0.18834080717488788,0.9605381165919282,0.25583566760037346,0.2914798206278027,K002+KI08+KA05
svm,isotonic,target_real,0.7174887892376681,0.7055082509412055,0.20011978713965795,0.4767484363012775,0.16889453048447103,0.7757847533632287,0.21271676300578035,0.0,0.9551569506726457,0.2676056338028169,0.0,K002+KI08+KA05
xgboost,raw,source_holdout,0.9071729957805907,0.9077553555806667,0.056868892178756764,0.12939680118721317,0.0140333721911404,,,,,,,K002+KI08+KA05
xgboost,raw,target_real,0.7147982062780269,0.7018708195668837,0.23181533383147068,0.5040395272660507,0.12270066760594145,0.6421524663677131,0.16899441340782123,0.12017937219730941,0.8941704035874439,0.25576730190571717,0.3434977578475336,K002+KI08+KA05
xgboost,temperature,target_real,0.7147982062780269,0.7018708195668837,0.18868103943228723,0.4696747111461841,0.1214908766187032,0.6251121076233184,0.16212338593974174,0.13542600896860987,0.8977578475336323,0.2547452547452547,0.347085201793722,K002+KI08+KA05
xgboost,isotonic,target_real,0.7067264573991031,0.6931910798633473,0.18986145585371245,0.4930264070857455,0.1732196900170759,0.7022421524663677,0.19923371647509577,0.0,0.9174887892376682,0.2678396871945259,0.0,K002+KI08+KA05
random_forest,raw,source_holdout,0.957983193277311,0.9576800778389657,0.03435301498201116,0.06145331142926993,0.004170508868627392,,,,,,,K002+KI08+KA06
random_forest,raw,target_real,0.6995515695067265,0.688926949603574,0.16349591785645506,0.4661693207834546,0.13192607728513353,0.6573991031390135,0.19508867667121418,0.0,0.9874439461883409,0.2970027247956403,0.3291479820627803,K002+KI08+KA06
random_forest,temperature,target_real,0.6995515695067265,0.688926949603574,0.18966346386958916,0.482414338024627,0.13222937098756485,0.6439461883408072,0.18802228412256267,0.0,0.9874439461883409,0.2970027247956403,0.32825112107623317,K002+KI08+KA06
random_forest,isotonic,target_real,0.6896860986547085,0.6825283140790378,0.2385936155055293,0.5375682889760635,0.1884218188997653,0.8430493273542601,0.25851063829787235,0.0,0.9973094170403587,0.31115107913669066,0.0,K002+KI08+KA06
svm,raw,source_holdout,0.957983193277311,0.9575905208709251,0.0212362689326058,0.06348235245542248,0.004459739083061331,,,,,,,K002+KI08+KA06
svm,raw,target_real,0.7085201793721974,0.6952307804842367,0.1755867013548885,0.46182680466915826,0.12143262454566972,0.5506726457399103,0.1270358306188925,0.19461883408071748,0.9982062780269059,0.29020664869721474,0.305829596412556,K002+KI08+KA06
svm,temperature,target_real,0.7085201793721974,0.6952307804842367,0.17914886622601134,0.4643430633695112,0.12141681800751353,0.5524663677130045,0.1266233766233766,0.19551569506726457,0.9982062780269059,0.29020664869721474,0.305829596412556,K002+KI08+KA06
svm,isotonic,target_real,0.6995515695067265,0.6916005149854589,0.24005897748999033,0.5375107785371862,0.1725388623872151,0.8896860986547085,0.27318548387096775,0.0,0.9488789237668162,0.27599243856332706,0.0,K002+KI08+KA06
xgboost,raw,source_holdout,0.9453781512605042,0.9447749140790092,0.03463221973731739,0.08524224887143289,0.006569415361268027,,,,,,,K002+KI08+KA06
xgboost,raw,target_real,0.7013452914798206,0.6882300527092119,0.23615875816131393,0.5167539251064944,0.12604284669974655,0.5748878923766816,0.1606864274570983,0.15515695067264573,0.9363228699551569,0.2768199233716475,0.3237668161434978,K002+KI08+KA06
xgboost,temperature,target_real,0.7013452914798206,0.6882300527092119,0.19549162717357857,0.4784060331310051,0.12490530249441448,0.5533632286995516,0.14748784440842788,0.15874439461883408,0.9237668161434978,0.2737864077669903,0.3309417040358744,K002+KI08+KA06
xgboost,isotonic,target_real,0.6887892376681615,0.6816031290456791,0.23335824773016645,0.5307926296248517,0.17728192108410246,0.8331838565022421,0.2432723358449946,0.0,0.979372197309417,0.3058608058608059,0.0,K002+KI08+KA06
random_forest,raw,source_holdout,0.957983193277311,0.9576800778389657,0.028504322113628563,0.06268819174251901,0.004386125514136719,,,,,,,K002+KI08+KA07
random_forest,raw,target_real,0.6968609865470852,0.6861029018206244,0.16613094842779697,0.46914370436455033,0.13216672173260186,0.6502242152466368,0.19034482758620688,0.0,0.9883408071748879,0.29945553539019965,0.33542600896860986,K002+KI08+KA07
random_forest,temperature,target_real,0.6968609865470852,0.6861029018206244,0.1942942887142983,0.48607964597351144,0.1319371547941747,0.6493273542600897,0.19060773480662985,0.10672645739910314,0.9874439461883409,0.2997275204359673,0.33183856502242154,K002+KI08+KA07
random_forest,isotonic,target_real,0.6852017937219731,0.6787412660991633,0.2317602478201818,0.5368220585089343,0.19030110912233122,0.8215246636771301,0.25655021834061137,0.0,0.9955156950672646,0.31261261261261264,0.0,K002+KI08+KA07
svm,raw,source_holdout,0.957983193277311,0.9575905208709251,0.020864965508102015,0.06337175050970051,0.0046110929675412735,,,,,,,K002+KI08+KA07
svm,raw,target_real,0.7085201793721974,0.6950155401565957,0.17663841475496206,0.46290290580590115,0.12221841540598916,0.5479820627802691,0.12438625204582651,0.19461883408071748,0.9982062780269059,0.29110512129380056,0.305829596412556,K002+KI08+KA07
svm,temperature,target_real,0.7085201793721974,0.6950155401565957,0.18009578968926254,0.46532991799217444,0.1222284368159852,0.5488789237668161,0.12418300653594772,0.19461883408071748,0.9982062780269059,0.29110512129380056,0.305829596412556,K002+KI08+KA07
svm,isotonic,target_real,0.6986547085201794,0.6903126689722306,0.23864040040876305,0.5369771502524505,0.1733478085877412,0.8860986547085202,0.27530364372469635,0.0,0.9452914798206278,0.27609108159392787,0.0,K002+KI08+KA07
xgboost,raw,source_holdout,0.9369747899159664,0.936487108505509,0.04329571553639001,0.0944956315586769,0.007151699248052104,,,,,,,K002+KI08+KA07
xgboost,raw,target_real,0.6977578475336322,0.6840268784713229,0.2409363004391503,0.5250211877179655,0.12951013051210467,0.5713004484304933,0.1554160125588697,0.13542600896860987,0.9031390134529148,0.2730883813306852,0.29237668161434976,K002+KI08+KA07
xgboost,temperature,target_real,0.6977578475336322,0.6840268784713229,0.19338899535248577,0.48372130698430393,0.12839331088081687,0.5560538116591929,0.14516129032258066,0.13811659192825113,0.8887892376681614,0.26538849646821394,0.305829596412556,K002+KI08+KA07
xgboost,isotonic,target_real,0.6699551569506726,0.6632373890438407,0.2277704459323084,0.5249317527703824,0.17855476082744637,0.7695067264573991,0.2365967365967366,0.0,0.9937219730941704,0.3267148014440433,0.0,K002+KI08+KA07
random_forest,raw,source_holdout,0.9578059071729957,0.95755613906472,0.023278935737009572,0.06065491291489529,0.004271088818699739,,,,,,,K002+KI08+KA08
random_forest,raw,target_real,0.7031390134529149,0.6921230805066494,0.165741384690538,0.46819136520716437,0.1317120145051299,0.6681614349775785,0.1959731543624161,0.0,0.9883408071748879,0.2958257713248639,0.336322869955157,K002+KI08+KA08
random_forest,temperature,target_real,0.7031390134529149,0.6921230805066494,0.1894311204794256,0.4829903076775231,0.13179313990964256,0.6565022421524663,0.1912568306010929,0.0,0.9883408071748879,0.2958257713248639,0.3381165919282511,K002+KI08+KA08
random_forest,isotonic,target_real,0.6852017937219731,0.6769991371598869,0.250978230025551,0.5522203032257053,0.18773216214845687,0.95695067264574,0.29053420805998126,0.0,0.9919282511210762,0.31193490054249545,0.0,K002+KI08+KA08
svm,raw,source_holdout,0.9578059071729957,0.9575143100718547,0.02198173255276925,0.06443855186805691,0.004737225709198651,,,,,,,K002+KI08+KA08
svm,raw,target_real,0.7076233183856502,0.6941898800246878,0.17564899219499586,0.46280078368395233,0.12265076526717641,0.5452914798206278,0.125,0.19192825112107623,0.9982062780269059,0.29110512129380056,0.29955156950672646,K002+KI08+KA08
svm,temperature,target_real,0.7076233183856502,0.6941898800246878,0.1794285643706063,0.46545476788563417,0.12264142218190871,0.5452914798206278,0.125,0.19192825112107623,0.9982062780269059,0.29110512129380056,0.2986547085201794,K002+KI08+KA08
svm,isotonic,target_real,0.6977578475336322,0.6895964562110347,0.23957788377980882,0.5377918227761209,0.17348642808739026,0.885201793721973,0.2765957446808511,0.0,0.9443946188340807,0.27635327635327633,0.0,K002+KI08+KA08
xgboost,raw,source_holdout,0.9493670886075949,0.9490938645989798,0.03920392195383704,0.08724355552848764,0.007028632825356635,,,,,,,K002+KI08+KA08
xgboost,raw,target_real,0.6986547085201794,0.6853802237040795,0.2378616810112256,0.5222237991253389,0.12792301299397374,0.5641255605381166,0.14467408585055644,0.16233183856502242,0.9802690582959641,0.29734675205855443,0.2968609865470852,K002+KI08+KA08
xgboost,temperature,target_real,0.6986547085201794,0.6853802237040795,0.19492705472694177,0.4832647214314834,0.12693785052718312,0.5596412556053811,0.14583333333333334,0.16502242152466368,0.967713004484305,0.2919369786839666,0.3022421524663677,K002+KI08+KA08
xgboost,isotonic,target_real,0.6771300448430493,0.6689107316563017,0.25573800455387424,0.5598887261035469,0.18676532358447326,0.8887892376681614,0.2795156407669021,0.0,0.9865470852017937,0.31545454545454543,0.0,K002+KI08+KA08
random_forest,raw,source_holdout,0.9535864978902954,0.9534437946718648,0.02529217275233743,0.062272051287023955,0.004462627715076378,,,,,,,K002+KI08+KA09
random_forest,raw,target_real,0.704932735426009,0.6936711588448405,0.16374131160087185,0.46745360645923745,0.13144109372208018,0.7165919282511211,0.2127659574468085,0.0,0.989237668161435,0.2937443336355394,0.3327354260089686,K002+KI08+KA09
random_forest,temperature,target_real,0.704932735426009,0.6936711588448405,0.1881827853034635,0.4852777302360591,0.13165775168483884,0.7040358744394619,0.2089171974522293,0.11300448430493273,0.989237668161435,0.2937443336355394,0.336322869955157,K002+KI08+KA09
random_forest,isotonic,target_real,0.695067264573991,0.6881502609609301,0.23862905740476525,0.5286785866732718,0.18756057151360858,0.8215246636771301,0.2445414847161572,0.0,1.0,0.30493273542600896,0.0,K002+KI08+KA09
svm,raw,source_holdout,0.9578059071729957,0.9575143100718547,0.022301047837568352,0.06450677008694028,0.004552788049451433,,,,,,,K002+KI08+KA09
svm,raw,target_real,0.7085201793721974,0.6951565013845151,0.17393912520877702,0.46165396675051545,0.12203205923703177,0.547085201793722,0.12622950819672132,0.1937219730941704,0.9991031390134529,0.29084380610412924,0.305829596412556,K002+KI08+KA09
svm,temperature,target_real,0.7085201793721974,0.6951565013845151,0.17834878231720563,0.4647729333323243,0.12200369694754232,0.5506726457399103,0.1270358306188925,0.1937219730941704,0.9991031390134529,0.29084380610412924,0.30672645739910315,K002+KI08+KA09
svm,isotonic,target_real,0.6995515695067265,0.6916005149854589,0.24028045601791226,0.5376744146725979,0.17254501523243568,0.8905829596412556,0.2729103726082578,0.0,0.9497757847533632,0.2757318224740321,0.0,K002+KI08+KA09
xgboost,raw,source_holdout,0.9451476793248945,0.9448261858349577,0.037652911516181505,0.08727597568526678,0.007157815992959296,,,,,,,K002+KI08+KA09
xgboost,raw,target_real,0.6995515695067265,0.6858359764532999,0.23860655876018538,0.5208113479954698,0.1285867468779865,0.610762331838565,0.16886930983847284,0.11928251121076233,0.9524663677130045,0.2834274952919021,0.31031390134529147,K002+KI08+KA09
xgboost,temperature,target_real,0.6995515695067265,0.6858359764532999,0.19782238592440737,0.4840994383052902,0.12773374346606778,0.600896860986547,0.16119402985074627,0.12197309417040358,0.9399103139013453,0.2814885496183206,0.31748878923766816,K002+KI08+KA09
xgboost,isotonic,target_real,0.6905829596412556,0.6840369091792983,0.22279753227870414,0.5215184284045671,0.1726023136279973,0.8385650224215246,0.25026737967914436,0.0,0.9919282511210762,0.3065099457504521,0.0,K002+KI08+KA09
random_forest,raw,source_holdout,0.8125,0.8082735357500037,0.03530985142238995,0.23036913783690124,0.05297549857614574,,,,,,,K004+KI01+KA01
random_forest,raw,target_real,0.6995515695067265,0.6895425399342926,0.1683587755509542,0.4667946509472507,0.13493743092580496,0.41076233183856503,0.09606986899563319,0.0,0.6995515695067265,0.20256410256410257,0.2699551569506726,K004+KI01+KA01
random_forest,temperature,target_real,0.6995515695067265,0.6895425399342926,0.15194369972422725,0.45589772994353783,0.13422253525073727,0.41614349775784754,0.09913793103448276,0.1210762331838565,0.6959641255605381,0.2036082474226804,0.2726457399103139,K004+KI01+KA01
random_forest,isotonic,target_real,0.6026905829596413,0.6098107028840392,0.30228362644873163,0.6085632681602346,0.21196301701833373,0.9910313901345291,0.3945701357466063,0.0,0.9910313901345291,0.3945701357466063,0.0,K004+KI01+KA01
svm,raw,source_holdout,0.5958333333333333,0.5150064320188802,0.31102262371031003,0.47060679896606433,0.15986288064848728,,,,,,,K004+KI01+KA01
svm,raw,target_real,0.6322869955156951,0.6298820975956393,0.20420583729265118,0.5391265760483743,0.18165448925803307,0.19820627802690582,0.04524886877828054,0.14439461883408072,0.39730941704035877,0.16027088036117382,0.21524663677130046,K004+KI01+KA01
svm,temperature,target_real,0.6322869955156951,0.6298820975956393,0.1708982104855405,0.5192979271361082,0.18228048942816308,0.19282511210762332,0.046511627906976744,0.14260089686098654,0.3901345291479821,0.1632183908045977,0.20986547085201793,K004+KI01+KA01
svm,isotonic,target_real,0.6690582959641256,0.66698400219635,0.24196434052325966,0.5267859207684635,0.2535389632598925,0.5237668161434977,0.3270547945205479,0.0,0.9991031390134529,0.3303411131059246,0.0,K004+KI01+KA01
xgboost,raw,source_holdout,0.8208333333333333,0.8178287710138501,0.10408217931787173,0.25518378932950564,0.04732844557139103,,,,,,,K004+KI01+KA01
xgboost,raw,target_real,0.704932735426009,0.6939409551359081,0.24290522638992337,0.5272902733227398,0.13385552053476674,0.4789237668161435,0.11423220973782772,0.04932735426008968,0.8026905829596412,0.22346368715083798,0.3076233183856502,K004+KI01+KA01
xgboost,temperature,target_real,0.704932735426009,0.6939409551359081,0.17591125482307218,0.47022883618782385,0.13260491980332215,0.4789237668161435,0.11235955056179775,0.06188340807174888,0.7856502242152467,0.2180365296803653,0.2932735426008969,K004+KI01+KA01
xgboost,isotonic,target_real,0.6412556053811659,0.6431955502661043,0.2697517731785547,0.5517361289435607,0.1768205330250614,0.9865470852017937,0.3509090909090909,0.0,0.9865470852017937,0.3509090909090909,0.0,K004+KI01+KA01
random_forest,raw,source_holdout,0.7416666666666667,0.7285824373927586,0.08142537051260586,0.2943459810486458,0.0835885399272301,,,,,,,K004+KI01+KA03
random_forest,raw,target_real,0.705829596412556,0.6946402688956886,0.1614699202658088,0.46227418606245174,0.1313013526982535,0.2484304932735426,0.04332129963898917,0.0,0.6304932735426009,0.18349928876244664,0.2878923766816143,K004+KI01+KA03
random_forest,temperature,target_real,0.705829596412556,0.6946402688956886,0.13401213169904203,0.44661930680503914,0.13068335204316112,0.24573991031390136,0.043795620437956206,0.12197309417040358,0.62152466367713,0.17893217893217894,0.27085201793721975,K004+KI01+KA03
random_forest,isotonic,target_real,0.6753363228699552,0.672648510622694,0.2341644062275694,0.5230652115727007,0.181256371585399,0.7408071748878924,0.23728813559322035,0.0,0.9991031390134529,0.3240574506283663,0.0,K004+KI01+KA03
svm,raw,source_holdout,0.5875,0.5112795154636159,0.25256401802009915,0.48330761463495786,0.13175406833726663,,,,,,,K004+KI01+KA03
svm,raw,target_real,0.6421524663677131,0.6387107469661987,0.19746678197038575,0.5286275801737086,0.17203266401928127,0.4179372197309417,0.15450643776824036,0.19282511210762332,0.5775784753363229,0.21739130434782608,0.2358744394618834,K004+KI01+KA03
svm,temperature,target_real,0.6421524663677131,0.6387107469661987,0.103683255877287,0.4823063344475644,0.1740035215816627,0.1757847533632287,0.0,0.19282511210762332,0.5408071748878924,0.21061359867330018,0.23766816143497757,K004+KI01+KA03
svm,isotonic,target_real,0.684304932735426,0.6784999306297168,0.22426843620564144,0.5038773899279982,0.1802341694457035,0.43946188340807174,0.24489795918367346,0.0,1.0,0.31569506726457397,0.0,K004+KI01+KA03
xgboost,raw,source_holdout,0.8166666666666667,0.8149333785849874,0.11618088533480961,0.2612841674517357,0.05199360542436027,,,,,,,K004+KI01+KA03
xgboost,raw,target_real,0.704932735426009,0.6927947798630206,0.23753123606801563,0.5240114172342748,0.14563105483758793,0.31210762331838565,0.07471264367816093,0.03228699551569507,0.7695067264573991,0.21678321678321677,0.07354260089686099,K004+KI01+KA03
xgboost,temperature,target_real,0.704932735426009,0.6927947798630206,0.1770599298425758,0.4734590426903447,0.144357257062315,0.27982062780269057,0.0641025641025641,0.03497757847533632,0.7641255605381166,0.215962441314554,0.07174887892376682,K004+KI01+KA03
xgboost,isotonic,target_real,0.695067264573991,0.6862492563191928,0.22733605044709548,0.5226880025137141,0.1744119852233646,0.7542600896860987,0.23305588585017836,0.0,0.9542600896860987,0.28853383458646614,0.0,K004+KI01+KA03
random_forest,raw,source_holdout,0.7071129707112971,0.6950132913005707,0.09804903996855645,0.3189169284599059,0.09984384822124343,,,,,,,K004+KI01+KA05
random_forest,raw,target_real,0.7147982062780269,0.7038228808124759,0.17281154840679763,0.47397683560819115,0.12956410048208122,0.22511210762331837,0.01593625498007968,0.17937219730941703,0.6825112107623318,0.20630749014454666,0.32825112107623317,K004+KI01+KA05
random_forest,temperature,target_real,0.7147982062780269,0.7038228808124759,0.14124002403604163,0.45399133773457245,0.13471073815741205,0.21973094170403587,0.0163265306122449,0.17937219730941703,0.6654708520179372,0.1967654986522911,0.3237668161434978,K004+KI01+KA05
random_forest,isotonic,target_real,0.7237668161434978,0.7076839170532319,0.1861791585840784,0.5023640849179325,0.1833940712501394,0.6206278026905829,0.2239884393063584,0.0,0.7973094170403587,0.24184476940382452,0.0,K004+KI01+KA05
svm,raw,source_holdout,0.5815899581589958,0.5010542457350968,0.2565255191892301,0.4938774194387128,0.14050522556257747,,,,,,,K004+KI01+KA05
svm,raw,target_real,0.6493273542600897,0.6457325376656939,0.1990964541795303,0.5291895428337586,0.1714228413426364,0.18295964125560538,0.014705882352941176,0.16950672645739912,0.5928251121076233,0.21331316187594554,0.20807174887892377,K004+KI01+KA05
svm,temperature,target_real,0.6493273542600897,0.6457325376656939,0.1035672142700656,0.4832953849781594,0.17369526096350052,0.18026905829596412,0.01990049751243781,0.17399103139013453,0.5739910313901345,0.2140625,0.20538116591928252,K004+KI01+KA05
svm,isotonic,target_real,0.7273542600896861,0.7088308773195128,0.1612729505864118,0.4748551463043856,0.17520291088473916,0.39641255605381165,0.21945701357466063,0.0,0.841255605381166,0.22174840085287847,0.0,K004+KI01+KA05
xgboost,raw,source_holdout,0.7866108786610879,0.7853721244858046,0.1221109835672578,0.31727448025827387,0.07771265414448594,,,,,,,K004+KI01+KA05
xgboost,raw,target_real,0.7112107623318386,0.7002666126233547,0.243055235644627,0.5275271416099038,0.1326409506997114,0.3381165919282511,0.058355437665782495,0.03228699551569507,0.6753363228699552,0.19389110225763612,0.31569506726457397,K004+KI01+KA05
xgboost,temperature,target_real,0.7112107623318386,0.7002666126233547,0.16980295138682383,0.4694755423279072,0.13041930593957513,0.3327354260089686,0.05390835579514825,0.03497757847533632,0.6869955156950672,0.1919060052219321,0.3237668161434978,K004+KI01+KA05
xgboost,isotonic,target_real,0.7130044843049327,0.6984914829742417,0.1817715462569545,0.5070299722858631,0.16842870917177982,0.7327354260089686,0.20807833537331702,0.0,0.7973094170403587,0.23284589426321708,0.0,K004+KI01+KA05
random_forest,raw,source_holdout,0.8458333333333333,0.8441862100722021,0.048797355838666845,0.22585173089702254,0.047205213496906005,,,,,,,K004+KI01+KA06
random_forest,raw,target_real,0.6995515695067265,0.6897174690874128,0.16696054691551024,0.4665417255004492,0.13450416854161862,0.39730941704035877,0.09029345372460497,0.16143497757847533,0.6690582959641256,0.19436997319034852,0.29775784753363227,K004+KI01+KA06
random_forest,temperature,target_real,0.6995515695067265,0.6897174690874128,0.14573276737907576,0.45413461694663937,0.13420337024777665,0.39730941704035877,0.09029345372460497,0.16143497757847533,0.6789237668161435,0.1955085865257596,0.305829596412556,K004+KI01+KA06
random_forest,isotonic,target_real,0.5937219730941704,0.6021428105190948,0.30964173086765495,0.6043238783398664,0.20519584206864408,0.9766816143497757,0.3948576675849403,0.0,0.9766816143497757,0.3948576675849403,0.0,K004+KI01+KA06
svm,raw,source_holdout,0.6,0.5175964346088827,0.27495872193468746,0.4941625615226787,0.11832581157653989,,,,,,,K004+KI01+KA06
svm,raw,target_real,0.6295964125560538,0.6275464934436591,0.21400142728156102,0.5425461588642883,0.17698461251788117,0.42152466367713004,0.1595744680851064,0.18475336322869956,0.5910313901345291,0.21851289833080426,0.21883408071748878,K004+KI01+KA06
svm,temperature,target_real,0.6295964125560538,0.6275464934436591,0.06430223862518211,0.4758011854568545,0.18035972698542832,0.3865470852017937,0.14617169373549885,0.18295964125560538,0.5309417040358745,0.21283783783783783,0.22600896860986547,K004+KI01+KA06
svm,isotonic,target_real,0.6789237668161435,0.6748827162473475,0.23522171472111333,0.5313649789435324,0.181121899263728,0.4834080717488789,0.3302411873840445,0.0,0.989237668161435,0.31640979147778786,0.0,K004+KI01+KA06
xgboost,raw,source_holdout,0.825,0.8223188674316494,0.10247928152481714,0.25133966900794097,0.043584418983550574,,,,,,,K004+KI01+KA06
xgboost,raw,target_real,0.704932735426009,0.6941834615211784,0.24132849314822213,0.5302298747814548,0.13879831611393473,0.49865470852017935,0.13309352517985612,0.06547085201793722,0.8251121076233184,0.23369565217391305,0.21704035874439462,K004+KI01+KA06
xgboost,temperature,target_real,0.704932735426009,0.6941834615211784,0.18376440063883032,0.4762010518393601,0.1379176923841137,0.46816143497757845,0.1206896551724138,0.07085201793721974,0.8089686098654708,0.22505543237250555,0.20179372197309417,K004+KI01+KA06
xgboost,isotonic,target_real,0.6439461883408072,0.6456947578110288,0.2679639127235817,0.5534563368493225,0.178000207391204,0.9704035874439462,0.3410351201478743,0.0,0.9704035874439462,0.3410351201478743,0.0,K004+KI01+KA06
random_forest,raw,source_holdout,0.85,0.8485628485628486,0.05626541734596941,0.21076833972440465,0.03860948821189119,,,,,,,K004+KI01+KA07
random_forest,raw,target_real,0.6977578475336322,0.6879896066256145,0.16971318237527433,0.46788058976774666,0.13430523364778593,0.39820627802690584,0.08783783783783784,0.16233183856502242,0.6681614349775785,0.19463087248322147,0.2932735426008969,K004+KI01+KA07
random_forest,temperature,target_real,0.6977578475336322,0.6879896066256145,0.15646614142138082,0.4602532732321857,0.1370873069214968,0.39820627802690584,0.08783783783783784,0.16233183856502242,0.6744394618834081,0.19547872340425532,0.29955156950672646,K004+KI01+KA07
random_forest,isotonic,target_real,0.5973094170403588,0.6061010254784015,0.30078482184610206,0.5951513122981994,0.2105095719377678,0.9811659192825112,0.3930530164533821,0.0,0.9811659192825112,0.3930530164533821,0.0,K004+KI01+KA07
svm,raw,source_holdout,0.6,0.5175964346088827,0.2791287012614973,0.5097844622983768,0.12061783977690296,,,,,,,K004+KI01+KA07
svm,raw,target_real,0.6260089686098654,0.6241948273398382,0.21814570997015553,0.5484410007264274,0.17895920747490635,0.41973094170403585,0.16025641025641027,0.18385650224215247,0.5865470852017938,0.21712538226299694,0.22062780269058296,K004+KI01+KA07
svm,temperature,target_real,0.6260089686098654,0.6241948273398382,0.06534013533181077,0.47808089942655213,0.1822853755387585,0.3874439461883408,0.14583333333333334,0.17399103139013453,0.525560538116592,0.2098976109215017,0.22511210762331837,K004+KI01+KA07
svm,isotonic,target_real,0.6780269058295965,0.6739778374557099,0.24390420216113756,0.532767732078917,0.17754021802482833,0.526457399103139,0.3100511073253833,0.0,0.9883408071748879,0.31669691470054445,0.0,K004+KI01+KA07
xgboost,raw,source_holdout,0.8958333333333334,0.8954733723932732,0.05554248814781509,0.1627461247452161,0.027763635740338986,,,,,,,K004+KI01+KA07
xgboost,raw,target_real,0.6968609865470852,0.6857524737294874,0.2468397364755382,0.5350611653238655,0.13779064284799328,0.4304932735426009,0.10416666666666667,0.026905829596412557,0.9309417040358744,0.28034682080924855,0.2699551569506726,K004+KI01+KA07
xgboost,temperature,target_real,0.6968609865470852,0.6857524737294874,0.20914708047710984,0.4998615554796902,0.1370600626423168,0.4726457399103139,0.11764705882352941,0.03228699551569507,0.9174887892376682,0.27663734115347016,0.27443946188340806,K004+KI01+KA07
xgboost,isotonic,target_real,0.6367713004484304,0.6386634608744298,0.2724908745869531,0.57917345498878,0.18912961395662828,0.9623318385650225,0.34575955265610436,0.0,0.9623318385650225,0.34575955265610436,0.0,K004+KI01+KA07
random_forest,raw,source_holdout,0.8158995815899581,0.81226384394112,0.030361014511913975,0.23789853320899484,0.05420136328689347,,,,,,,K004+KI01+KA08
random_forest,raw,target_real,0.7004484304932735,0.6904929252109738,0.16586331455135042,0.4667877262921852,0.13204029734112652,0.17668161434977578,0.015228426395939087,0.14439461883408072,0.6780269058295965,0.19973544973544974,0.31210762331838565,K004+KI01+KA08
random_forest,temperature,target_real,0.7004484304932735,0.6904929252109738,0.13830024217904552,0.4505438603561287,0.13158864194118494,0.17668161434977578,0.015228426395939087,0.14439461883408072,0.6932735426008969,0.20310478654592498,0.31569506726457397,K004+KI01+KA08
random_forest,isotonic,target_real,0.5946188340807175,0.6032033289323023,0.30803916624573835,0.6036445033449742,0.20785093814316039,0.9883408071748879,0.40199637023593465,0.0,0.9883408071748879,0.40199637023593465,0.0,K004+KI01+KA08
svm,raw,source_holdout,0.5983263598326359,0.5166589183325585,0.28128540921534206,0.5133932274876444,0.12220726752778979,,,,,,,K004+KI01+KA08
svm,raw,target_real,0.6278026905829597,0.6259757444862514,0.21607085584142188,0.5484253408691893,0.17889259187331202,0.420627802690583,0.15778251599147122,0.18565022421524663,0.5856502242152466,0.21745788667687596,0.21883408071748878,K004+KI01+KA08
svm,temperature,target_real,0.6278026905829597,0.6259757444862514,0.058920826913160126,0.47703716812184577,0.18234967343127825,0.3820627802690583,0.14084507042253522,0.18026905829596412,0.525560538116592,0.2150170648464164,0.22690582959641256,K004+KI01+KA08
svm,isotonic,target_real,0.6134529147982063,0.6198950412114718,0.2774337121697828,0.5651682291055479,0.19019509198963203,0.9991031390134529,0.3859964093357271,0.0,0.9991031390134529,0.3859964093357271,0.0,K004+KI01+KA08
xgboost,raw,source_holdout,0.8326359832635983,0.830001427959446,0.11276469320432905,0.25204836266040276,0.0424754162789436,,,,,,,K004+KI01+KA08
xgboost,raw,target_real,0.7040358744394619,0.6936548375417404,0.2414713224755275,0.5303508346400585,0.13387468568038963,0.4780269058295964,0.1275797373358349,0.10762331838565023,0.7829596412556054,0.22336769759450173,0.3273542600896861,K004+KI01+KA08
xgboost,temperature,target_real,0.7040358744394619,0.6936548375417404,0.17619519415655785,0.47426788887769034,0.1326783320875625,0.47713004484304933,0.12218045112781954,0.10134529147982063,0.768609865470852,0.21703617269544925,0.32107623318385653,K004+KI01+KA08
xgboost,isotonic,target_real,0.6439461883408072,0.6455050858725971,0.2615969135410143,0.5568743401211442,0.17731560359490267,0.9847533632286996,0.348816029143898,0.0,0.9847533632286996,0.348816029143898,0.0,K004+KI01+KA08
random_forest,raw,source_holdout,0.895397489539749,0.8952082786348314,0.08748233588764302,0.20092095966092008,0.03808308397658671,,,,,,,K004+KI01+KA09
random_forest,raw,target_real,0.6986547085201794,0.6883069505603269,0.16901008670276102,0.46711010193470626,0.13151455076819044,0.25829596412556055,0.034722222222222224,0.14260089686098654,0.662780269058296,0.19891745602165087,0.31031390134529147,K004+KI01+KA09
random_forest,temperature,target_real,0.6986547085201794,0.6883069505603269,0.17079540294514034,0.4682528104903602,0.13153355881613935,0.25829596412556055,0.034722222222222224,0.14260089686098654,0.662780269058296,0.19891745602165087,0.3094170403587444,K004+KI01+KA09
random_forest,isotonic,target_real,0.6556053811659193,0.6566114277809355,0.259795985437109,0.5545585718207968,0.18740832492836768,0.9946188340807175,0.34265103697024346,0.0,0.9946188340807175,0.34265103697024346,0.0,K004+KI01+KA09
svm,raw,source_holdout,0.5983263598326359,0.5166589183325585,0.2753601667551849,0.4944915942765339,0.11966287986753492,,,,,,,K004+KI01+KA09
svm,raw,target_real,0.6286995515695067,0.6266903849191136,0.21312225350876102,0.5433520072915582,0.17748159532517604,0.41973094170403585,0.15598290598290598,0.18834080717488788,0.5847533632286995,0.21932515337423314,0.21973094170403587,K004+KI01+KA09
svm,temperature,target_real,0.6286995515695067,0.6266903849191136,0.073641885848218,0.4774363773873197,0.18056452188326502,0.3901345291479821,0.1425287356321839,0.18295964125560538,0.5336322869955157,0.21008403361344538,0.22690582959641256,K004+KI01+KA09
svm,isotonic,target_real,0.6771300448430493,0.6731697566476291,0.23845624508597868,0.5346567507444214,0.17847104608728007,0.5461883408071749,0.3021346469622332,0.0,0.9901345291479821,0.3179347826086957,0.0,K004+KI01+KA09
xgboost,raw,source_holdout,0.8200836820083682,0.81683262209578,0.11792124839008605,0.26148928074279154,0.04401701405996739,,,,,,,K004+KI01+KA09
xgboost,raw,target_real,0.7013452914798206,0.6911552821936077,0.24205575630803816,0.5306619979284053,0.13607207193029802,0.5139013452914798,0.14659685863874344,0.07802690582959641,0.7739910313901345,0.2190034762456547,0.30852017937219733,K004+KI01+KA09
xgboost,temperature,target_real,0.7013452914798206,0.6911552821936077,0.17385743733902215,0.4747676075921113,0.13546661544253336,0.48699551569506727,0.13075506445672191,0.07892376681614349,0.7569506726457399,0.2132701421800948,0.31031390134529147,K004+KI01+KA09
xgboost,isotonic,target_real,0.6690582959641256,0.6666904398283852,0.2373782635157619,0.5519109364190785,0.17616900765818505,0.9695067264573991,0.32932469935245146,0.0,0.9937219730941704,0.32942238267148016,0.0,K004+KI01+KA09
random_forest,raw,source_holdout,0.9083333333333333,0.9078205255318398,0.03708539515209723,0.12605856338945254,0.025814577961223637,,,,,,,K004+KI03+KA01
random_forest,raw,target_real,0.6905829596412556,0.6827022653929493,0.19453335679169756,0.48570125408534126,0.13185232757543688,0.2367713004484305,0.022727272727272728,0.18385650224215247,0.8170403587443946,0.2491767288693743,0.30672645739910315,K004+KI03+KA01
random_forest,temperature,target_real,0.6905829596412556,0.6827022653929493,0.1744415838838787,0.4695919923461056,0.13118025720595533,0.2367713004484305,0.022727272727272728,0.18385650224215247,0.8134529147982063,0.24476295479603086,0.31390134529147984,K004+KI03+KA01
random_forest,isotonic,target_real,0.7165919282511211,0.7031204130540235,0.20208996733160176,0.5061994780948397,0.13883020538390442,0.47623318385650226,0.07909604519774012,0.0,0.9210762331838565,0.26777020447906524,0.0,K004+KI03+KA01
svm,raw,source_holdout,0.8791666666666667,0.880416619834401,0.154112381521063,0.2667043707513953,0.07205255998902227,,,,,,,K004+KI03+KA01
svm,raw,target_real,0.7022421524663677,0.6894237449539827,0.19105448117895182,0.4677886943752864,0.13614831249574405,0.1336322869955157,0.053691275167785234,0.11390134529147983,0.6699551569506726,0.17670682730923695,0.1515695067264574,K004+KI03+KA01
svm,temperature,target_real,0.7022421524663677,0.6894237449539827,0.1803063191015782,0.4607638701272722,0.13621746925480585,0.1336322869955157,0.053691275167785234,0.11390134529147983,0.6645739910313901,0.17408906882591094,0.1515695067264574,K004+KI03+KA01
svm,isotonic,target_real,0.6869955156950672,0.6783140074385817,0.22639726717382155,0.5149449902563988,0.1322707639443237,0.16412556053811658,0.07650273224043716,0.0,0.8233183856502242,0.24509803921568626,0.0,K004+KI03+KA01
xgboost,raw,source_holdout,0.9166666666666666,0.9164189850674304,0.0627530157566071,0.13591978837299665,0.028551231125330413,,,,,,,K004+KI03+KA01
xgboost,raw,target_real,0.7022421524663677,0.6926109098417098,0.2534828004281082,0.5337381304827435,0.1382583110864049,0.14887892376681613,0.04819277108433735,0.04663677130044843,0.8762331838565023,0.2548618219037871,0.2547085201793722,K004+KI03+KA01
xgboost,temperature,target_real,0.7022421524663677,0.6926109098417098,0.1871923019504531,0.471820203628277,0.13508837508298074,0.17309417040358743,0.05181347150259067,0.059192825112107626,0.8547085201793722,0.24449108079748164,0.2932735426008969,K004+KI03+KA01
xgboost,isotonic,target_real,0.7103139013452915,0.6988480617548539,0.21806477846438121,0.4961197488934032,0.11428148254668967,0.452914798206278,0.053465346534653464,0.0,0.9201793721973094,0.26413255360623783,0.39820627802690584,K004+KI03+KA01
random_forest,raw,source_holdout,0.9083333333333333,0.9077786980638972,0.044322898653221136,0.1274469418276912,0.028167550594771603,,,,,,,K004+KI03+KA03
random_forest,raw,target_real,0.694170403587444,0.6837835335770652,0.19194869008974086,0.4876948928381243,0.13852487255177778,0.24394618834080717,0.04411764705882353,0.0,0.852017937219731,0.2578947368421053,0.25650224215246636,K004+KI03+KA03
random_forest,temperature,target_real,0.694170403587444,0.6837835335770652,0.1748196638671472,0.47219161464801634,0.1375716945539777,0.23318385650224216,0.038461538461538464,0.11300448430493273,0.8394618834080717,0.25213675213675213,0.25650224215246636,K004+KI03+KA03
random_forest,isotonic,target_real,0.694170403587444,0.6812326611182246,0.1974986920543455,0.49808228937761684,0.13742399621105617,0.431390134529148,0.058212058212058215,0.0,0.9103139013452914,0.2857142857142857,0.0,K004+KI03+KA03
svm,raw,source_holdout,0.9083333333333333,0.9085332712167095,0.04413741987115669,0.14918101954589053,0.02918037764268273,,,,,,,K004+KI03+KA03
svm,raw,target_real,0.7192825112107624,0.7058642499014208,0.17778399797125632,0.45392668408888653,0.12233730903288889,0.18654708520179372,0.028846153846153848,0.17130044843049327,0.7183856502242153,0.19225967540574282,0.24125560538116592,K004+KI03+KA03
svm,temperature,target_real,0.7192825112107624,0.7058642499014208,0.1467753697405162,0.43485474871051755,0.12267093135941994,0.18475336322869956,0.024271844660194174,0.17309417040358743,0.7085201793721974,0.18734177215189873,0.2538116591928251,K004+KI03+KA03
svm,isotonic,target_real,0.7013452914798206,0.692828193222747,0.17370002121375272,0.45844455432563824,0.12042348586549083,0.4977578475336323,0.05405405405405406,0.0,0.7551569506726458,0.21140142517814728,0.0,K004+KI03+KA03
xgboost,raw,source_holdout,0.9125,0.9128574777308954,0.055894221117099095,0.1376408421186694,0.037983196174256245,,,,,,,K004+KI03+KA03
xgboost,raw,target_real,0.7022421524663677,0.6923965386217262,0.25192163348732505,0.53543033731526,0.1440150659437237,0.10582959641255606,0.06779661016949153,0.02242152466367713,0.8430493273542601,0.24574468085106382,0.0968609865470852,K004+KI03+KA03
xgboost,temperature,target_real,0.7022421524663677,0.6923965386217262,0.19182683436573783,0.478940300904877,0.1410203290065485,0.10762331838565023,0.058333333333333334,0.026905829596412557,0.8179372197309417,0.2324561403508772,0.10224215246636771,K004+KI03+KA03
xgboost,isotonic,target_real,0.704932735426009,0.6951815253410984,0.22135189042653036,0.5050349081425795,0.1206667574050512,0.46367713004484307,0.059961315280464215,0.0,0.9040358744394619,0.2708333333333333,0.41434977578475335,K004+KI03+KA03
random_forest,raw,source_holdout,0.8577405857740585,0.8603248639133342,0.06647846286400229,0.1799134143638055,0.03869895917765617,,,,,,,K004+KI03+KA05
random_forest,raw,target_real,0.7004484304932735,0.6921700068879738,0.2044259454391851,0.49821262851789866,0.13905137789378877,0.2358744394618834,0.045627376425855515,0.0,0.7730941704035874,0.23781902552204176,0.2358744394618834,K004+KI03+KA05
random_forest,temperature,target_real,0.7004484304932735,0.6921700068879738,0.1694417606045266,0.4732810787950317,0.13882718339054884,0.2358744394618834,0.045627376425855515,0.0,0.7883408071748879,0.24118316268486917,0.2358744394618834,K004+KI03+KA05
random_forest,isotonic,target_real,0.695067264573991,0.6819026738874049,0.19686116772074908,0.5031089479680151,0.13677327866281275,0.3040358744394619,0.0471976401179941,0.0,0.8116591928251121,0.25193370165745854,0.3040358744394619,K004+KI03+KA05
svm,raw,source_holdout,0.9079497907949791,0.9085754233338511,0.048434291437131446,0.15519693261142609,0.032475631825913676,,,,,,,K004+KI03+KA05
svm,raw,target_real,0.7228699551569506,0.7098356689332839,0.18049454531311943,0.44918917508518624,0.12460347663756602,0.20358744394618833,0.05286343612334802,0.16322869955156952,0.7300448430493274,0.18427518427518427,0.21704035874439462,K004+KI03+KA05
svm,temperature,target_real,0.7228699551569506,0.7098356689332839,0.15034070841960057,0.4322129684250024,0.12486806516104768,0.20179372197309417,0.04,0.16681614349775784,0.7246636771300449,0.18564356435643564,0.22600896860986547,K004+KI03+KA05
svm,isotonic,target_real,0.7085201793721974,0.6976440577519347,0.1747912667407785,0.440221045052459,0.11908760196140308,0.39730941704035877,0.05417607223476298,0.0,0.7569506726457399,0.17890995260663506,0.0,K004+KI03+KA05
xgboost,raw,source_holdout,0.8661087866108786,0.8685795636131206,0.09282486047206061,0.21261573431970554,0.054189971190380194,,,,,,,K004+KI03+KA05
xgboost,raw,target_real,0.7013452914798206,0.6927845181980173,0.2613398052919072,0.545844299442974,0.14206875757602275,0.04753363228699552,0.03773584905660377,0.026905829596412557,0.8008968609865471,0.23292273236282196,0.29775784753363227,K004+KI03+KA05
xgboost,temperature,target_real,0.7013452914798206,0.6927845181980173,0.1825556018498896,0.47529514970702447,0.13826667822341424,0.05291479820627803,0.03389830508474576,0.02780269058295964,0.7802690582959642,0.22413793103448276,0.3273542600896861,K004+KI03+KA05
xgboost,isotonic,target_real,0.6959641255605381,0.6889541188200806,0.20046566328126253,0.47829092780368226,0.11235286305155306,0.24035874439461882,0.0037313432835820895,0.24125560538116592,0.8466367713004485,0.2457627118644068,0.3668161434977579,K004+KI03+KA05
random_forest,raw,source_holdout,0.9083333333333333,0.9077786980638972,0.040070305198004176,0.12620219223858767,0.018014561283853744,,,,,,,K004+KI03+KA06
random_forest,raw,target_real,0.694170403587444,0.6861564490737679,0.19473595267597743,0.490015536625227,0.1381166166447388,0.336322869955157,0.08,0.16950672645739912,0.8071748878923767,0.24444444444444444,0.295067264573991,K004+KI03+KA06
random_forest,temperature,target_real,0.694170403587444,0.6861564490737679,0.16052702364649896,0.46473698011500325,0.1367936290183031,0.32645739910313903,0.07692307692307693,0.16950672645739912,0.8008968609865471,0.24188129899216126,0.28340807174887894,K004+KI03+KA06
random_forest,isotonic,target_real,0.704932735426009,0.6930099493719132,0.16664206880153484,0.4712524478522435,0.13487862471094034,0.442152466367713,0.058823529411764705,0.0,0.8914798206278027,0.2665995975855131,0.0,K004+KI03+KA06
svm,raw,source_holdout,0.9166666666666666,0.9164376404906883,0.049481708286914075,0.1356205429257477,0.019195422794673404,,,,,,,K004+KI03+KA06
svm,raw,target_real,0.7067264573991031,0.6946060973734575,0.18956007532041316,0.46125433173382746,0.12452095183680773,0.21973094170403587,0.0326530612244898,0.16681614349775784,0.747982062780269,0.19664268585131894,0.23766816143497757,K004+KI03+KA06
svm,temperature,target_real,0.7067264573991031,0.6946060973734575,0.14183249731240924,0.4328765071707501,0.12481028534103583,0.22869955156950672,0.03529411764705882,0.17219730941704037,0.7318385650224215,0.19240196078431374,0.24573991031390136,K004+KI03+KA06
svm,isotonic,target_real,0.7094170403587444,0.6997517540260446,0.19576690396784413,0.46193786454495295,0.1105085414899948,0.5246636771300448,0.06324786324786325,0.0,0.9067264573991032,0.2512363996043521,0.0,K004+KI03+KA06
xgboost,raw,source_holdout,0.9208333333333333,0.9206132624377489,0.06947920694947242,0.1424224666289132,0.022680614996087645,,,,,,,K004+KI03+KA06
xgboost,raw,target_real,0.7040358744394619,0.6943669941241867,0.25126657761265875,0.5351304168102279,0.13607529757184475,0.14708520179372198,0.04878048780487805,0.10134529147982063,0.809865470852018,0.23145071982281284,0.26188340807174887,K004+KI03+KA06
xgboost,temperature,target_real,0.7040358744394619,0.6943669941241867,0.17763322798361203,0.46863793295925366,0.13303728934310288,0.17130044843049327,0.041884816753926704,0.10403587443946188,0.810762331838565,0.23119469026548672,0.30493273542600896,K004+KI03+KA06
xgboost,isotonic,target_real,0.7103139013452915,0.6986555812626576,0.1924645561366554,0.4760868064075077,0.1135628314316101,0.47713004484304933,0.06015037593984962,0.0,0.8887892376681614,0.25630676084762866,0.42780269058295967,K004+KI03+KA06
random_forest,raw,source_holdout,0.9083333333333333,0.9077786980638972,0.040251459277025184,0.1274298439451252,0.019171523176970788,,,,,,,K004+KI03+KA07
random_forest,raw,target_real,0.6959641255605381,0.6867958678087186,0.1934345009590268,0.49364749657332224,0.13927655645574627,0.29775784753363227,0.06325301204819277,0.0,0.8322869955156951,0.26185344827586204,0.2645739910313901,K004+KI03+KA07
random_forest,temperature,target_real,0.6959641255605381,0.6867958678087186,0.15867892547783566,0.4670061567430614,0.13807054538681904,0.2914798206278027,0.06461538461538462,0.0,0.8116591928251121,0.24972375690607734,0.27085201793721975,K004+KI03+KA07
random_forest,isotonic,target_real,0.7031390134529149,0.6907700474476789,0.17791909976976933,0.4844435716824137,0.13799097358078333,0.4224215246636771,0.05307855626326964,0.0,0.8789237668161435,0.2693877551020408,0.0,K004+KI03+KA07
svm,raw,source_holdout,0.9125,0.9122497786141425,0.052195868693772976,0.1359072791111627,0.019486268635023,,,,,,,K004+KI03+KA07
svm,raw,target_real,0.7076233183856502,0.6953593181172878,0.18935245754716418,0.46267656099261995,0.12572376553066208,0.21614349775784752,0.03734439834024896,0.16322869955156952,0.747085201793722,0.19687875150060025,0.23408071748878923,K004+KI03+KA07
svm,temperature,target_real,0.7076233183856502,0.6953593181172878,0.14197469039487262,0.43434035143502975,0.12597946163307647,0.21704035874439462,0.03305785123966942,0.16860986547085202,0.7300448430493274,0.19656019656019655,0.2430493273542601,K004+KI03+KA07
svm,isotonic,target_real,0.7076233183856502,0.6982449196107886,0.19847508389649865,0.4647266456891293,0.10900916370334439,0.5121076233183857,0.05779334500875657,0.0,0.8977578475336323,0.24475524475524477,0.48161434977578477,K004+KI03+KA07
xgboost,raw,source_holdout,0.9041666666666667,0.9043524044381211,0.06550631721814473,0.15265712369950696,0.023683530203629902,,,,,,,K004+KI03+KA07
xgboost,raw,target_real,0.6995515695067265,0.689544474178208,0.25792583692234206,0.545006650097227,0.14091417190205596,0.12825112107623318,0.055944055944055944,0.06367713004484304,0.8053811659192825,0.23273942093541203,0.20538116591928252,K004+KI03+KA07
xgboost,temperature,target_real,0.6995515695067265,0.689544474178208,0.18010938836769708,0.4727663179015528,0.13722622690008124,0.1336322869955157,0.053691275167785234,0.07174887892376682,0.7964125560538117,0.2286036036036036,0.2556053811659193,K004+KI03+KA07
xgboost,isotonic,target_real,0.6986547085201794,0.687555793994511,0.19504478856152177,0.4849313987588485,0.12365263738748156,0.44573991031390137,0.05835010060362173,0.0,0.8475336322869955,0.2529100529100529,0.3901345291479821,K004+KI03+KA07
random_forest,raw,source_holdout,0.9037656903765691,0.9035572966128521,0.04667485645282839,0.12570289714668248,0.018685289557942075,,,,,,,K004+KI03+KA08
random_forest,raw,target_real,0.6977578475336322,0.6887868446213101,0.19028255263408675,0.4903264728433613,0.13782647004831391,0.20896860986547086,0.030042918454935622,0.16412556053811658,0.8260089686098655,0.251900108577633,0.25650224215246636,K004+KI03+KA08
random_forest,temperature,target_real,0.6977578475336322,0.6887868446213101,0.15681684005405228,0.4632429532977037,0.14062719642267527,0.20807174887892377,0.03017241379310345,0.16412556053811658,0.8053811659192825,0.24276169265033407,0.25739910313901343,K004+KI03+KA08
random_forest,isotonic,target_real,0.7139013452914799,0.7008428637260119,0.18518284847675126,0.48587583942185936,0.13763788938290383,0.43946188340807174,0.06938775510204082,0.0,0.9103139013452914,0.2650246305418719,0.0,K004+KI03+KA08
svm,raw,source_holdout,0.9079497907949791,0.9080500869682192,0.05205356871826346,0.13663848574843293,0.019570268884903666,,,,,,,K004+KI03+KA08
svm,raw,target_real,0.704932735426009,0.6925617302280949,0.18954275888760475,0.4625615510878332,0.1249975203605617,0.21704035874439462,0.0371900826446281,0.16502242152466368,0.7443946188340808,0.19879518072289157,0.23318385650224216,K004+KI03+KA08
svm,temperature,target_real,0.704932735426009,0.6925617302280949,0.1434683065416935,0.4341658538292292,0.1251459647668149,0.22690582959641256,0.03557312252964427,0.17130044843049327,0.7354260089686099,0.1951219512195122,0.24753363228699551,K004+KI03+KA08
svm,isotonic,target_real,0.7076233183856502,0.6981845704194843,0.1996578502987437,0.4634792769604344,0.11046204213150476,0.5130044843049327,0.06118881118881119,0.0,0.8986547085201794,0.24550898203592814,0.0,K004+KI03+KA08
xgboost,raw,source_holdout,0.9163179916317992,0.9163929423834712,0.07107811742247899,0.14567544804399046,0.022951269223476727,,,,,,,K004+KI03+KA08
xgboost,raw,target_real,0.7022421524663677,0.6928254789847887,0.2535967098223254,0.5401384400973765,0.1374667572004999,0.13183856502242153,0.047619047619047616,0.07802690582959641,0.7955156950672646,0.2277339346110485,0.262780269058296,K004+KI03+KA08
xgboost,temperature,target_real,0.7022421524663677,0.6928254789847887,0.17686773671026623,0.4704088264960159,0.13390142164154317,0.15605381165919283,0.040229885057471264,0.08968609865470852,0.7892376681614349,0.22386363636363638,0.29955156950672646,K004+KI03+KA08
xgboost,isotonic,target_real,0.7085201793721974,0.6966026600798356,0.21098241360744818,0.49691096364121906,0.12326995161779014,0.4349775784753363,0.05154639175257732,0.0,0.8197309417040358,0.24288840262582057,0.3811659192825112,K004+KI03+KA08
random_forest,raw,source_holdout,0.9037656903765691,0.9037573595392786,0.04747429488095959,0.1297588323105439,0.02732748614168991,,,,,,,K004+KI03+KA09
random_forest,raw,target_real,0.6977578475336322,0.6885465233869154,0.1903890218810257,0.4899647424113755,0.1402419809956252,0.20448430493273542,0.043859649122807015,0.0,0.8008968609865471,0.24636058230683092,0.22242152466367712,K004+KI03+KA09
random_forest,temperature,target_real,0.6977578475336322,0.6885465233869154,0.1694955407816088,0.46875424884715094,0.13849326278242519,0.20448430493273542,0.043859649122807015,0.10672645739910314,0.7982062780269058,0.24382022471910111,0.22242152466367712,K004+KI03+KA09
random_forest,isotonic,target_real,0.695067264573991,0.6816387390538955,0.18169505377435569,0.4836198703327595,0.13251709354866745,0.42780269058295967,0.05241090146750524,0.0,0.8556053811659193,0.2631027253668763,0.0,K004+KI03+KA09
svm,raw,source_holdout,0.9163179916317992,0.9164115978067292,0.04941830043371165,0.13631238768005438,0.019798666293197646,,,,,,,K004+KI03+KA09
svm,raw,target_real,0.704932735426009,0.6925669350000699,0.1891140713465719,0.4605876089284973,0.12389093512154443,0.2242152466367713,0.032,0.16412556053811658,0.7426008968609865,0.19806763285024154,0.23766816143497757,K004+KI03+KA09
svm,temperature,target_real,0.704932735426009,0.6925669350000699,0.144050561835189,0.4329143616378148,0.12405612093023341,0.23139013452914797,0.03875968992248062,0.16950672645739912,0.7183856502242153,0.19350811485642946,0.25112107623318386,K004+KI03+KA09
svm,isotonic,target_real,0.7094170403587444,0.6997698808843859,0.19835053567585503,0.4646925840867121,0.11040788637358351,0.5219730941704036,0.06357388316151202,0.0,0.9076233183856502,0.2509881422924901,0.0,K004+KI03+KA09
xgboost,raw,source_holdout,0.9205020920502092,0.92058721975379,0.054637255778372536,0.13419699187527453,0.029716565572600263,,,,,,,K004+KI03+KA09
xgboost,raw,target_real,0.7022421524663677,0.6929301424986516,0.2523324138113201,0.5406758218221975,0.13990136993641275,0.11031390134529148,0.04878048780487805,0.0484304932735426,0.8600896860986547,0.2575599582898853,0.2645739910313901,K004+KI03+KA09
xgboost,temperature,target_real,0.7022421524663677,0.6929301424986516,0.18335398513605877,0.4763375901957428,0.1365954688303972,0.11659192825112108,0.046153846153846156,0.06367713004484304,0.8430493273542601,0.2521276595744681,0.28699551569506726,K004+KI03+KA09
xgboost,isotonic,target_real,0.7022421524663677,0.6918228157850369,0.22857260549881642,0.5093512254482933,0.11512264082834489,0.4412556053811659,0.054878048780487805,0.0,0.9273542600896861,0.2765957446808511,0.4044843049327354,K004+KI03+KA09
random_forest,raw,source_holdout,0.9208333333333333,0.9205528668281368,0.024287953059966047,0.12470543652763816,0.03701321972673816,,,,,,,K004+KI05+KA01
random_forest,raw,target_real,0.6753363228699552,0.6688157056498164,0.20386247540805003,0.503662116296875,0.1371293830414338,0.4834080717488789,0.11688311688311688,0.14708520179372198,0.7937219730941704,0.2497175141242938,0.34977578475336324,K004+KI05+KA01
random_forest,temperature,target_real,0.6753363228699552,0.6688157056498164,0.15929254621303612,0.47157429945983576,0.13657394840445694,0.4914798206278027,0.12043795620437957,0.15784753363228698,0.7766816143497758,0.24018475750577367,0.34618834080717487,K004+KI05+KA01
random_forest,isotonic,target_real,0.6860986547085202,0.6751754030461639,0.21939683175965774,0.5384323208847545,0.2036115073717987,0.5928251121076233,0.1588502269288956,0.0,0.9255605381165919,0.3013565891472868,0.0,K004+KI05+KA01
svm,raw,source_holdout,0.8875,0.8876571592997786,0.1601099457262464,0.2550686477862991,0.06351719168006564,,,,,,,K004+KI05+KA01
svm,raw,target_real,0.6860986547085202,0.6741367038155653,0.19974123655100523,0.49684805038198465,0.1423349257253023,0.24663677130044842,0.06545454545454546,0.13542600896860987,0.7183856502242153,0.21722846441947566,0.20358744394618833,K004+KI05+KA01
svm,temperature,target_real,0.6860986547085202,0.6741367038155653,0.22274805302100284,0.5146215376101285,0.14150491707343202,0.2502242152466368,0.07168458781362007,0.13632286995515694,0.7255605381165919,0.2200247218788628,0.20269058295964126,K004+KI05+KA01
svm,isotonic,target_real,0.6717488789237668,0.6647953593008539,0.2313113292906831,0.5540218006856417,0.18334294444815533,0.6565022421524663,0.2226775956284153,0.0,0.8260089686098655,0.26492942453854507,0.0,K004+KI05+KA01
xgboost,raw,source_holdout,0.9,0.8997115772751539,0.07610899408658342,0.17333200150446762,0.024943388670026094,,,,,,,K004+KI05+KA01
xgboost,raw,target_real,0.6771300448430493,0.6697754474065246,0.2680231798924673,0.5703119119757523,0.15330600133431949,0.3524663677130045,0.09669211195928754,0.06726457399103139,0.7641255605381166,0.24647887323943662,0.18923766816143497,K004+KI05+KA01
xgboost,temperature,target_real,0.6771300448430493,0.6697754474065246,0.187159351869319,0.49912622798831774,0.1507631955630805,0.3417040358744395,0.08661417322834646,0.07174887892376682,0.7426008968609865,0.2318840579710145,0.19820627802690582,K004+KI05+KA01
xgboost,isotonic,target_real,0.6852017937219731,0.6759988851224037,0.20820487181776415,0.5339468170297273,0.15410823393787293,0.4905829596412556,0.10786106032906764,0.0,0.8941704035874439,0.2888665997993982,0.0,K004+KI05+KA01
random_forest,raw,source_holdout,0.9125,0.9127205825597494,0.029177263177289497,0.13914880254872314,0.039737418536594994,,,,,,,K004+KI05+KA03
random_forest,raw,target_real,0.6708520179372197,0.6630134365983423,0.2064571813206038,0.5044759674633873,0.1381826979719155,0.47623318385650226,0.1167608286252354,0.13721973094170403,0.7309417040358744,0.2233128834355828,0.3273542600896861,K004+KI05+KA03
random_forest,temperature,target_real,0.6708520179372197,0.6630134365983423,0.17090798515995304,0.4777936322746064,0.13781136103720812,0.4726457399103139,0.1157495256166983,0.13721973094170403,0.737219730941704,0.22749391727493917,0.33004484304932735,K004+KI05+KA03
random_forest,isotonic,target_real,0.6618834080717488,0.6502551835223515,0.21611338606255853,0.528849473483143,0.2122649258074212,0.5174887892376682,0.12131715771230503,0.0,0.7937219730941704,0.25875706214689265,0.0,K004+KI05+KA03
svm,raw,source_holdout,0.8958333333333334,0.8961606646387335,0.044621874280562565,0.15401316365702986,0.021289083934067195,,,,,,,K004+KI05+KA03
svm,raw,target_real,0.6995515695067265,0.688471103217647,0.18719607252747872,0.488142209138371,0.13192712089341171,0.5399103139013453,0.12790697674418605,0.19641255605381167,0.7668161434977578,0.22573099415204678,0.2358744394618834,K004+KI05+KA03
svm,temperature,target_real,0.6995515695067265,0.688471103217647,0.1785665194731339,0.4807150571274011,0.1322654054721476,0.5282511210762332,0.12224108658743633,0.19910313901345292,0.7677130044843049,0.22546728971962618,0.2367713004484305,K004+KI05+KA03
svm,isotonic,target_real,0.6538116591928251,0.6435956830274523,0.20895029435643114,0.5157392489981892,0.17803818438480273,0.6816143497757847,0.2026315789473684,0.0,0.7614349775784753,0.232037691401649,0.0,K004+KI05+KA03
xgboost,raw,source_holdout,0.8875,0.8880632390477677,0.08090414454539613,0.18930065343858835,0.03454857429550427,,,,,,,K004+KI05+KA03
xgboost,raw,target_real,0.6789237668161435,0.6713167580135583,0.2638873140908143,0.568853512434979,0.1600438946597024,0.3811659192825112,0.12,0.05650224215246637,0.715695067264574,0.21929824561403508,0.09327354260089686,K004+KI05+KA03
xgboost,temperature,target_real,0.6789237668161435,0.6713167580135583,0.19136988260830928,0.5061128052240396,0.15761380396135918,0.3721973094170404,0.1108433734939759,0.05829596412556054,0.7210762331838565,0.22263681592039802,0.09865470852017937,K004+KI05+KA03
xgboost,isotonic,target_real,0.6672645739910313,0.6588722051515473,0.20346425190239784,0.5230758771649223,0.1600363393939791,0.5426008968609866,0.1371900826446281,0.0,0.7865470852017937,0.2633979475484607,0.0,K004+KI05+KA03
random_forest,raw,source_holdout,0.8702928870292888,0.8722419197420116,0.0396945789023327,0.18060504733519017,0.03308797381336342,,,,,,,K004+KI05+KA05
random_forest,raw,target_real,0.683408071748879,0.6768841470536904,0.2132346868663697,0.5170390291413313,0.14060019016767186,0.48789237668161434,0.12867647058823528,0.0,0.7443946188340808,0.2325301204819277,0.25650224215246636,K004+KI05+KA05
random_forest,temperature,target_real,0.683408071748879,0.6768841470536904,0.1894088942457109,0.4985893361312599,0.14037594820960878,0.4798206278026906,0.1233644859813084,0.10852017937219731,0.7497757847533633,0.2332535885167464,0.2556053811659193,K004+KI05+KA05
random_forest,isotonic,target_real,0.6565022421524663,0.648227060263077,0.22860922329804106,0.5317746594976479,0.17328512244819524,0.5174887892376682,0.13344887348353554,0.0,0.7928251121076233,0.2680995475113122,0.0,K004+KI05+KA05
svm,raw,source_holdout,0.895397489539749,0.8955666421729771,0.02974239696582927,0.15934599222261403,0.024611769139938577,,,,,,,K004+KI05+KA05
svm,raw,target_real,0.7031390134529149,0.6934200437783016,0.19077541676293736,0.48767704571051373,0.1391111483837294,0.5560538116591929,0.14516129032258066,0.17130044843049327,0.7784753363228699,0.22350230414746544,0.2116591928251121,K004+KI05+KA05
svm,temperature,target_real,0.7031390134529149,0.6934200437783016,0.18129989524040102,0.4818515883959258,0.1393057144186495,0.5497757847533632,0.14518760195758565,0.17309417040358743,0.7757847533632287,0.22427745664739884,0.20986547085201793,K004+KI05+KA05
svm,isotonic,target_real,0.6914798206278027,0.6810812919492165,0.17802138307018142,0.5002259832340687,0.17459181146168898,0.536322869955157,0.21237458193979933,0.0,0.8179372197309417,0.23684210526315788,0.0,K004+KI05+KA05
xgboost,raw,source_holdout,0.8577405857740585,0.8606677542510065,0.10437847530492676,0.23771351304521388,0.046178498217303146,,,,,,,K004+KI05+KA05
xgboost,raw,target_real,0.6798206278026906,0.6734032236779072,0.2792001203036629,0.5826927866041097,0.16415958020216004,0.2681614349775785,0.10033444816053512,0.016143497757847534,0.6349775784753363,0.19491525423728814,0.026905829596412557,K004+KI05+KA05
xgboost,temperature,target_real,0.6798206278026906,0.6734032236779072,0.19276917070755925,0.5054032847680915,0.1595784714852461,0.27085201793721975,0.09271523178807947,0.01883408071748879,0.6376681614349776,0.189873417721519,0.12376681614349776,K004+KI05+KA05
xgboost,isotonic,target_real,0.6699551569506726,0.6634800559272404,0.20466568076260105,0.5147941351160801,0.15565025191683332,0.48878923766816146,0.10458715596330276,0.0,0.7677130044843049,0.2488317757009346,0.0,K004+KI05+KA05
random_forest,raw,source_holdout,0.9166666666666666,0.9163397581642446,0.01691285521492343,0.1272025623018086,0.03718862701554076,,,,,,,K004+KI05+KA06
random_forest,raw,target_real,0.6771300448430493,0.6704626351040038,0.2036434671147355,0.5062664225063815,0.1435797889439077,0.4834080717488789,0.12244897959183673,0.14080717488789238,0.7713004484304933,0.24069767441860465,0.18834080717488788,K004+KI05+KA06
random_forest,temperature,target_real,0.6771300448430493,0.6704626351040038,0.14800673050241195,0.46899111897858353,0.14524413767550845,0.5085201793721973,0.13051146384479717,0.14080717488789238,0.7569506726457399,0.2334123222748815,0.19820627802690582,K004+KI05+KA06
random_forest,isotonic,target_real,0.6780269058295965,0.6703078702831896,0.20188117784631168,0.5160224240731723,0.2119149113853117,0.525560538116592,0.13651877133105803,0.0,0.7901345291479821,0.24971623155505107,0.0,K004+KI05+KA06
svm,raw,source_holdout,0.9083333333333333,0.9076205993931747,0.04522695318883291,0.13861437009991695,0.015725959926943162,,,,,,,K004+KI05+KA06
svm,raw,target_real,0.6932735426008969,0.6828486359230025,0.19655054228374647,0.49539426815146403,0.13550872758041957,0.5524663677130045,0.1331168831168831,0.18923766816143497,0.7748878923766817,0.22800925925925927,0.23408071748878923,K004+KI05+KA06
svm,temperature,target_real,0.6932735426008969,0.6828486359230025,0.17492472133031245,0.4815817095448248,0.13606887418010138,0.5345291479820627,0.13087248322147652,0.19013452914798207,0.7713004484304933,0.22790697674418606,0.2358744394618834,K004+KI05+KA06
svm,isotonic,target_real,0.6825112107623318,0.6747538941490886,0.2336535992478633,0.5567883393264726,0.1765326351548423,0.7739910313901345,0.24333719582850522,0.0,0.8789237668161435,0.2673469387755102,0.0,K004+KI05+KA06
xgboost,raw,source_holdout,0.9041666666666667,0.9038970568965065,0.06873512814442312,0.16025369853845609,0.023073901368619764,,,,,,,K004+KI05+KA06
xgboost,raw,target_real,0.673542600896861,0.6667027046483863,0.2716620225810149,0.573231291366533,0.15843236675969577,0.42511210762331836,0.1350210970464135,0.08161434977578476,0.7533632286995515,0.2369047619047619,0.09955156950672646,K004+KI05+KA06
xgboost,temperature,target_real,0.673542600896861,0.6667027046483863,0.19155155424489342,0.5022105247396043,0.15619552777819215,0.4170403587443946,0.12688172043010754,0.08430493273542601,0.7452914798206278,0.23345367027677497,0.13273542600896862,K004+KI05+KA06
xgboost,isotonic,target_real,0.6771300448430493,0.6719092387946043,0.19788981360557872,0.5168334244019892,0.1533691598599962,0.5390134529147982,0.129783693843594,0.0,0.7982062780269058,0.26179775280898876,0.0,K004+KI05+KA06
random_forest,raw,source_holdout,0.9166666666666666,0.9163397581642446,0.015823448110003552,0.12966906125681038,0.03772267681305368,,,,,,,K004+KI05+KA07
random_forest,raw,target_real,0.6744394618834081,0.6675654367108912,0.20524513708329323,0.5097313247020746,0.14145843363087737,0.4959641255605381,0.12839059674502712,0.14260089686098654,0.7713004484304933,0.2441860465116279,0.21524663677130046,K004+KI05+KA07
random_forest,temperature,target_real,0.6744394618834081,0.6675654367108912,0.15160625803101183,0.4716448641568877,0.14085133693584748,0.5147982062780269,0.13414634146341464,0.14170403587443947,0.7641255605381166,0.24061032863849766,0.22152466367713006,K004+KI05+KA07
random_forest,isotonic,target_real,0.6708520179372197,0.6644407510445438,0.2076003467147572,0.5192564259548297,0.21521341144767814,0.5300448430493273,0.13705583756345177,0.0,0.7713004484304933,0.25,0.0,K004+KI05+KA07
svm,raw,source_holdout,0.9083333333333333,0.9076205993931747,0.045401270603556663,0.13788365371415046,0.01556345604471628,,,,,,,K004+KI05+KA07
svm,raw,target_real,0.6932735426008969,0.6829419345161475,0.19694517571352615,0.49589016477464104,0.13544445541206857,0.5533632286995516,0.13290113452188007,0.18923766816143497,0.7748878923766817,0.22916666666666666,0.23497757847533632,K004+KI05+KA07
svm,temperature,target_real,0.6932735426008969,0.6829419345161475,0.17692018679236293,0.4823908330363813,0.13603950408194093,0.5479820627802691,0.132569558101473,0.19103139013452916,0.7784753363228699,0.22926267281105991,0.23408071748878923,K004+KI05+KA07
svm,isotonic,target_real,0.684304932735426,0.6764666647912154,0.2322956186928663,0.5565294541123164,0.17724796134995183,0.7748878923766817,0.24537037037037038,0.0,0.9237668161434978,0.2922330097087379,0.0,K004+KI05+KA07
xgboost,raw,source_holdout,0.8916666666666667,0.8919508574553694,0.08564438223838804,0.18543746561537802,0.02427925518787475,,,,,,,K004+KI05+KA07
xgboost,raw,target_real,0.6699551569506726,0.6620429825577732,0.27794795592269556,0.5841637560347377,0.16317442499445522,0.42780269058295967,0.13836477987421383,0.04304932735426009,0.7354260089686099,0.23414634146341465,0.06636771300448431,K004+KI05+KA07
xgboost,temperature,target_real,0.6699551569506726,0.6620429825577732,0.1927009379261268,0.5064121258742397,0.160480716034435,0.42511210762331836,0.12869198312236288,0.04663677130044843,0.7426008968609865,0.23429951690821257,0.07802690582959641,K004+KI05+KA07
xgboost,isotonic,target_real,0.662780269058296,0.6550535946149504,0.19130952049519834,0.5119461543644394,0.15067123311147057,0.5479820627802691,0.1309328968903437,0.0,0.7443946188340808,0.2433734939759036,0.0,K004+KI05+KA07
random_forest,raw,source_holdout,0.9163179916317992,0.9163137154802857,0.016833499544669932,0.12499491089301984,0.0160321438123499,,,,,,,K004+KI05+KA08
random_forest,raw,target_real,0.6744394618834081,0.6679970526245692,0.20423517619504825,0.5083032721140309,0.14249920382407902,0.47085201793721976,0.12571428571428572,0.15336322869955157,0.7713004484304933,0.23837209302325582,0.23497757847533632,K004+KI05+KA08
random_forest,temperature,target_real,0.6744394618834081,0.6679970526245692,0.18488475267358528,0.49332132038792975,0.1419479360654552,0.4717488789237668,0.12357414448669202,0.15605381165919283,0.7713004484304933,0.23837209302325582,0.23766816143497757,K004+KI05+KA08
random_forest,isotonic,target_real,0.6860986547085202,0.6754598916385165,0.22407095010159883,0.5413298789322365,0.17123840036187243,0.5937219730941704,0.1555891238670695,0.0,0.9192825112107623,0.2995121951219512,0.0,K004+KI05+KA08
svm,raw,source_holdout,0.9079497907949791,0.9075945567092157,0.045266300149125444,0.1386463478539157,0.015786230497238447,,,,,,,K004+KI05+KA08
svm,raw,target_real,0.6914798206278027,0.6810553722419771,0.19507621988507556,0.49577278187617846,0.1360411351943094,0.5506726457399103,0.13517915309446255,0.19013452914798207,0.7730941704035874,0.228538283062645,0.23408071748878923,K004+KI05+KA08
svm,temperature,target_real,0.6914798206278027,0.6810553722419771,0.17578599552201224,0.4825171365587603,0.1365486365630869,0.5399103139013453,0.1345514950166113,0.19103139013452916,0.7784753363228699,0.22926267281105991,0.2367713004484305,K004+KI05+KA08
svm,isotonic,target_real,0.683408071748879,0.6754373045652761,0.23358586366532816,0.5570227175691489,0.1769227945622664,0.7757847533632287,0.24508670520231213,0.0,0.8762331838565023,0.26816786079836236,0.0,K004+KI05+KA08
xgboost,raw,source_holdout,0.895397489539749,0.8955108181803647,0.07809056148369446,0.1708931914870675,0.024044884139753614,,,,,,,K004+KI05+KA08
xgboost,raw,target_real,0.6771300448430493,0.6699298326018527,0.2667745999423912,0.5742538005754092,0.1567213801947476,0.3757847533632287,0.11455847255369929,0.07713004484304933,0.7497757847533633,0.23923444976076555,0.1147982062780269,K004+KI05+KA08
xgboost,temperature,target_real,0.6771300448430493,0.6699298326018527,0.18364652248190827,0.5010329985228574,0.15340838613557017,0.3865470852017937,0.1136890951276102,0.08340807174887892,0.7506726457399103,0.23894862604540024,0.18295964125560538,K004+KI05+KA08
xgboost,isotonic,target_real,0.6780269058295965,0.6707252101040173,0.21452777146083005,0.5339841321122694,0.15580942612212184,0.5004484304932736,0.11290322580645161,0.0,0.8565022421524664,0.27853403141361255,0.0,K004+KI05+KA08
random_forest,raw,source_holdout,0.9205020920502092,0.9205268241441779,0.019954695103055357,0.1282258934797966,0.01930301999479339,,,,,,,K004+KI05+KA09
random_forest,raw,target_real,0.6780269058295965,0.6713683074985024,0.2010445712019983,0.5083474981861408,0.14314586898679876,0.4860986547085202,0.12730627306273062,0.13094170403587443,0.7650224215246637,0.2391559202813599,0.23318385650224216,K004+KI05+KA09
random_forest,temperature,target_real,0.6780269058295965,0.6713683074985024,0.19011851241457006,0.4995250185450045,0.1428174362961939,0.4896860986547085,0.1282051282051282,0.13721973094170403,0.7677130044843049,0.2383177570093458,0.2242152466367713,K004+KI05+KA09
random_forest,isotonic,target_real,0.6717488789237668,0.6625212581489238,0.20553750907498713,0.5184157371103408,0.17128900665466396,0.5596412556053811,0.14743589743589744,0.0,0.8645739910313901,0.2883817427385892,0.0,K004+KI05+KA09
svm,raw,source_holdout,0.9079497907949791,0.9075945567092157,0.04503250373652779,0.13939009308907918,0.016017546097980773,,,,,,,K004+KI05+KA09
svm,raw,target_real,0.6905829596412556,0.6800344948358387,0.19328497873875278,0.49531874668913894,0.13617682549665394,0.5336322869955157,0.12941176470588237,0.18834080717488788,0.7713004484304933,0.22790697674418606,0.2304932735426009,K004+KI05+KA09
svm,temperature,target_real,0.6905829596412556,0.6800344948358387,0.17597308217878038,0.4822412821989729,0.13669917359646375,0.5309417040358745,0.13006756756756757,0.19192825112107623,0.7695067264573991,0.22843822843822845,0.23318385650224216,K004+KI05+KA09
svm,isotonic,target_real,0.6816143497757847,0.6740254278054704,0.23494395938263885,0.5575026943314382,0.17673313206239155,0.7766816143497758,0.24480369515011546,0.0,0.8771300448430494,0.2668711656441718,0.0,K004+KI05+KA09
xgboost,raw,source_holdout,0.9037656903765691,0.903860252106577,0.07092596796267202,0.16661583460033985,0.02832148292078878,,,,,,,K004+KI05+KA09
xgboost,raw,target_real,0.6708520179372197,0.6634740349348395,0.27323236208860113,0.5746768143897084,0.15944654794642038,0.3632286995515695,0.11358024691358025,0.06367713004484304,0.7497757847533633,0.23684210526315788,0.09237668161434978,K004+KI05+KA09
xgboost,temperature,target_real,0.6708520179372197,0.6634740349348395,0.19450945098148903,0.5043758693331578,0.15636370307018554,0.3721973094170404,0.11325301204819277,0.06905829596412556,0.7551569506726458,0.23515439429928742,0.19013452914798207,K004+KI05+KA09
xgboost,isotonic,target_real,0.6852017937219731,0.6760944142991817,0.20997456704514691,0.535408944136828,0.15610862617492657,0.5219730941704036,0.1254295532646048,0.0,0.8672645739910314,0.2823164426059979,0.0,K004+KI05+KA09
random_forest,raw,source_holdout,0.9497907949790795,0.9493068521342409,0.01286187527601627,0.08423966376825408,0.009431865130146622,,,,,,,K004+KI07+KA01
random_forest,raw,target_real,0.6977578475336322,0.6878325148925567,0.179190385249059,0.4711739154366781,0.12756654767519146,0.48071748878923765,0.1044776119402985,0.0,0.9730941704035875,0.29400921658986173,0.3237668161434978,K004+KI07+KA01
random_forest,temperature,target_real,0.6977578475336322,0.6878325148925567,0.18181586935466418,0.47310042491791543,0.1276232471243934,0.48071748878923765,0.1044776119402985,0.0,0.9739910313901345,0.2946593001841621,0.32466367713004485,K004+KI07+KA01
random_forest,isotonic,target_real,0.6547085201793722,0.6549623582023849,0.2711020804371167,0.5786198261488895,0.19239650424233223,0.810762331838565,0.26327433628318586,0.0,0.9623318385650225,0.33271202236719477,0.0,K004+KI07+KA01
svm,raw,source_holdout,0.9205020920502092,0.9199927431059507,0.1633973640456094,0.2164005004949407,0.04030861566470606,,,,,,,K004+KI07+KA01
svm,raw,target_real,0.7085201793721974,0.6927888187527146,0.17678409602666453,0.4551011551188017,0.11674459235081093,0.6125560538116592,0.13616398243045388,0.19641255605381167,0.7659192825112108,0.1955503512880562,0.30852017937219733,K004+KI07+KA01
svm,temperature,target_real,0.7085201793721974,0.6927888187527146,0.19796344816257652,0.4702145240115752,0.11624053526232841,0.6197309417040359,0.13603473227206947,0.19282511210762332,0.7596412556053812,0.1959858323494687,0.32466367713004485,K004+KI07+KA01
svm,isotonic,target_real,0.6699551569506726,0.6671317792306657,0.26281667961555705,0.5834095074844841,0.20022385274953663,0.8161434977578476,0.25054945054945055,0.0,0.9659192825112107,0.32404828226555243,0.0,K004+KI07+KA01
xgboost,raw,source_holdout,0.9539748953974896,0.9535667246337165,0.038558221636456905,0.08244688370497556,0.007516661753069036,,,,,,,K004+KI07+KA01
xgboost,raw,target_real,0.7040358744394619,0.6933051297036901,0.24421616474609198,0.5301162617425681,0.12129738306258088,0.5237668161434977,0.11472602739726027,0.09058295964125561,0.9964125560538116,0.2952295229522952,0.37668161434977576,K004+KI07+KA01
xgboost,temperature,target_real,0.7040358744394619,0.6933051297036901,0.2036931756199303,0.48660095895536853,0.12053424189039759,0.5327354260089686,0.11616161616161616,0.18295964125560538,0.9937219730941704,0.2951263537906137,0.3820627802690583,K004+KI07+KA01
xgboost,isotonic,target_real,0.6636771300448431,0.6620714095529493,0.29048566640867735,0.6075669947252836,0.1874590414156009,0.8493273542600897,0.28511087645195354,0.0,0.9730941704035875,0.3271889400921659,0.0,K004+KI07+KA01
random_forest,raw,source_holdout,0.9414225941422594,0.9414029995162071,0.02199936783110801,0.09599659942507026,0.010479741664143026,,,,,,,K004+KI07+KA03
random_forest,raw,target_real,0.6968609865470852,0.6844742871966343,0.1839129620466068,0.4708328307669871,0.1259464012551265,0.4385650224215247,0.08997955010224949,0.19551569506726457,0.863677130044843,0.25960539979231567,0.30672645739910315,K004+KI07+KA03
random_forest,temperature,target_real,0.6968609865470852,0.6844742871966343,0.18460624787109936,0.4713705494189895,0.12994568842914161,0.4385650224215247,0.08997955010224949,0.19551569506726457,0.8645739910313901,0.25933609958506226,0.30672645739910315,K004+KI07+KA03
random_forest,isotonic,target_real,0.6421524663677131,0.6410994022547036,0.270990757772261,0.5789786542338332,0.193245641438874,0.7883408071748879,0.2502844141069397,0.0,1.0,0.357847533632287,0.0,K004+KI07+KA03
svm,raw,source_holdout,0.9205020920502092,0.9199927431059507,0.03179516353607604,0.11937960881788376,0.014799009103986927,,,,,,,K004+KI07+KA03
svm,raw,target_real,0.7228699551569506,0.7071212616899268,0.15847108259398768,0.43968714922884994,0.10786264196890148,0.5838565022421525,0.12442396313364056,0.2726457399103139,0.7964125560538117,0.20270270270270271,0.33363228699551567,K004+KI07+KA03
svm,temperature,target_real,0.7228699551569506,0.7071212616899268,0.1396180366108953,0.42912360885870315,0.10839260680883829,0.5757847533632287,0.11838006230529595,0.2726457399103139,0.7874439461883408,0.19931662870159453,0.3309417040358744,K004+KI07+KA03
svm,isotonic,target_real,0.6663677130044843,0.6630957218172583,0.24403568323463645,0.5607000692155449,0.19026055961379837,0.7802690582959642,0.23908045977011494,0.0,0.9847533632286996,0.32604735883424407,0.0,K004+KI07+KA03
xgboost,raw,source_holdout,0.9456066945606695,0.9455727789406252,0.04282912948640319,0.10094875999276942,0.010266171644041786,,,,,,,K004+KI07+KA03
xgboost,raw,target_real,0.7013452914798206,0.6908613397239814,0.24256607072235753,0.5290663942914078,0.12840603077068885,0.5434977578475336,0.13366336633663367,0.08968609865470852,0.9112107623318386,0.27460629921259844,0.33721973094170404,K004+KI07+KA03
xgboost,temperature,target_real,0.7013452914798206,0.6908613397239814,0.20010367343179053,0.48836524251709684,0.12716777964042628,0.5461883408071749,0.1297208538587849,0.09775784753363229,0.9103139013452914,0.2729064039408867,0.3506726457399103,K004+KI07+KA03
xgboost,isotonic,target_real,0.683408071748879,0.678435644933622,0.23754696332594835,0.5559295797709968,0.18499056737833278,0.8125560538116592,0.25496688741721857,0.0,0.9919282511210762,0.31193490054249545,0.0,K004+KI07+KA03
random_forest,raw,source_holdout,0.8991596638655462,0.8991634491634491,0.036434566055132234,0.13875602529763306,0.014523828857756594,,,,,,,K004+KI07+KA05
random_forest,raw,target_real,0.7022421524663677,0.6927949622877364,0.1915880810784211,0.4852355123037937,0.1268526796391038,0.5040358744394619,0.11743772241992882,0.15246636771300448,0.7659192825112108,0.2259953161592506,0.35874439461883406,K004+KI07+KA05
random_forest,temperature,target_real,0.7022421524663677,0.6927949622877364,0.17254528838787386,0.47094782333367025,0.1268245029786323,0.5085201793721973,0.11992945326278659,0.15246636771300448,0.7991031390134529,0.24017957351290684,0.31928251121076234,K004+KI07+KA05
random_forest,isotonic,target_real,0.6286995515695067,0.6261997821562296,0.2555431372784686,0.5611946988494574,0.19731119524488724,0.7443946188340808,0.2493975903614458,0.0,0.9883408071748879,0.36569872958257715,0.0,K004+KI07+KA05
svm,raw,source_holdout,0.9201680672268907,0.9193010713326988,0.027148642811042407,0.12351204157543917,0.01600579573189584,,,,,,,K004+KI07+KA05
svm,raw,target_real,0.7291479820627803,0.7136308722683977,0.16152116718351844,0.4344415229991668,0.10955165188681748,0.6161434977578475,0.12954876273653565,0.21076233183856502,0.8188340807174888,0.20372398685651696,0.3112107623318386,K004+KI07+KA05
svm,temperature,target_real,0.7291479820627803,0.7136308722683977,0.14467280356722567,0.4255540397640986,0.10995378507468831,0.6089686098654709,0.12812960235640647,0.2116591928251121,0.8170403587443946,0.2052689352360044,0.31031390134529147,K004+KI07+KA05
svm,isotonic,target_real,0.6690582959641256,0.666289630188047,0.22548792211504787,0.5413231955375647,0.19104755852944755,0.6762331838565022,0.2546419098143236,0.0,0.9641255605381166,0.31906976744186044,0.0,K004+KI07+KA05
xgboost,raw,source_holdout,0.9033613445378151,0.903397837529574,0.07357063789327607,0.16832832131909833,0.01790228995071993,,,,,,,K004+KI07+KA05
xgboost,raw,target_real,0.704932735426009,0.6944107673487864,0.25783194036227164,0.5402680817400187,0.12474102233963445,0.611659192825112,0.15689149560117302,0.04125560538116592,0.7103139013452915,0.1919191919191919,0.3488789237668161,K004+KI07+KA05
xgboost,temperature,target_real,0.704932735426009,0.6944107673487864,0.18944670926683665,0.47846576455695733,0.12220431763484058,0.6,0.14947683109118087,0.051121076233183856,0.7004484304932735,0.18693982074263765,0.368609865470852,K004+KI07+KA05
xgboost,isotonic,target_real,0.6708520179372197,0.6681733889661566,0.22616055758337886,0.5436113612974542,0.1792891726760793,0.7641255605381166,0.23943661971830985,0.0,0.9246636771300448,0.30164888457807953,0.0,K004+KI07+KA05
random_forest,raw,source_holdout,0.9456066945606695,0.9450373087665179,0.024846189463835044,0.08481454954725592,0.006853720095097291,,,,,,,K004+KI07+KA06
random_forest,raw,target_real,0.6986547085201794,0.6885663297477785,0.17797447764734026,0.4721635681530033,0.12721378681002177,0.49955156950672647,0.12028725314183124,0.17040358744394618,0.9130044843049328,0.275049115913556,0.31390134529147984,K004+KI07+KA06
random_forest,temperature,target_real,0.6986547085201794,0.6885663297477785,0.1680181288635047,0.46511097643566884,0.12706028233181157,0.5013452914798207,0.11985688729874776,0.17040358744394618,0.9094170403587444,0.27317554240631164,0.31210762331838565,K004+KI07+KA06
random_forest,isotonic,target_real,0.6511210762331838,0.652027327827892,0.27094111593274905,0.5839609527062645,0.19110359039286473,0.8717488789237668,0.301440329218107,0.0,0.9820627802690582,0.3424657534246575,0.0,K004+KI07+KA06
svm,raw,source_holdout,0.9288702928870293,0.9276512260020505,0.03403438262034902,0.10447942828234622,0.0095189644352799,,,,,,,K004+KI07+KA06
svm,raw,target_real,0.7076233183856502,0.693560847796609,0.1749961604971937,0.44980745653016757,0.11140022093379702,0.579372197309417,0.12074303405572756,0.24484304932735426,0.8170403587443946,0.21624588364434688,0.32825112107623317,K004+KI07+KA06
svm,temperature,target_real,0.7076233183856502,0.693560847796609,0.13856456374244053,0.4288277239831316,0.11208506697915653,0.5730941704035875,0.11737089201877934,0.25112107623318386,0.8080717488789237,0.2142064372918979,0.3237668161434978,K004+KI07+KA06
svm,isotonic,target_real,0.6582959641255606,0.6580318495814939,0.30223445017531125,0.6353460831403683,0.19731155963397995,0.8807174887892377,0.2973523421588595,0.0,0.9336322869955157,0.3314121037463977,0.0,K004+KI07+KA06
xgboost,raw,source_holdout,0.9539748953974896,0.9535667246337165,0.03923039568517995,0.08320561852803506,0.006780409729895551,,,,,,,K004+KI07+KA06
xgboost,raw,target_real,0.6986547085201794,0.6884467969861898,0.24781341207936214,0.5360005257475519,0.1251155938876148,0.5103139013452915,0.11599297012302284,0.11210762331838565,0.9964125560538116,0.29972997299729975,0.3596412556053812,K004+KI07+KA06
xgboost,temperature,target_real,0.6986547085201794,0.6884467969861898,0.20045705864659785,0.4892318722096457,0.12446113173512141,0.5417040358744395,0.1291390728476821,0.12017937219730941,0.9955156950672646,0.2990990990990991,0.35874439461883406,K004+KI07+KA06
xgboost,isotonic,target_real,0.6699551569506726,0.6686817585885875,0.2591550873649548,0.5769170107565607,0.18656124760927859,0.8331838565022421,0.2658772874058127,0.0,0.9757847533632287,0.31985294117647056,0.0,K004+KI07+KA06
random_forest,raw,source_holdout,0.9456066945606695,0.9450373087665179,0.029507585006068954,0.0864375959699325,0.007193432096660107,,,,,,,K004+KI07+KA07
random_forest,raw,target_real,0.6986547085201794,0.6881349914919671,0.1774722813406929,0.4758534195095997,0.1283316100507946,0.48699551569506727,0.1141804788213628,0.1515695067264574,0.9363228699551569,0.2835249042145594,0.3112107623318386,K004+KI07+KA07
random_forest,temperature,target_real,0.6986547085201794,0.6881349914919671,0.16656375380739463,0.46797139148885986,0.12821629032001852,0.4852017937219731,0.10905730129390019,0.1515695067264574,0.9318385650224216,0.28200192492781523,0.31031390134529147,K004+KI07+KA07
random_forest,isotonic,target_real,0.6493273542600897,0.6498001132848807,0.26857565355764,0.5849461852327497,0.1936388991509192,0.8475336322869955,0.29735449735449737,0.0,0.97847533632287,0.3437213565536205,0.0,K004+KI07+KA07
svm,raw,source_holdout,0.9288702928870293,0.9276512260020505,0.037841053953222514,0.10418327157244205,0.00956433068270644,,,,,,,K004+KI07+KA07
svm,raw,target_real,0.7094170403587444,0.695065743631857,0.1738741395441714,0.450847955351599,0.11221031921264937,0.5838565022421525,0.11981566820276497,0.2295964125560538,0.8224215246636771,0.2202835332606325,0.3237668161434978,K004+KI07+KA07
svm,temperature,target_real,0.7094170403587444,0.695065743631857,0.13764126249830982,0.4300805884303894,0.11284999074108065,0.5829596412556054,0.12,0.23766816143497757,0.809865470852018,0.2115171650055371,0.31569506726457397,K004+KI07+KA07
svm,isotonic,target_real,0.6582959641255606,0.6579105708273626,0.30258302400042364,0.6345452630177553,0.19726874079850992,0.8789237668161435,0.29591836734693877,0.0,0.9309417040358744,0.32947976878612717,0.0,K004+KI07+KA07
xgboost,raw,source_holdout,0.9497907949790795,0.9497922171361939,0.04307904290853682,0.08815020039238565,0.006707277298647315,,,,,,,K004+KI07+KA07
xgboost,raw,target_real,0.6887892376681615,0.6785941299340187,0.25836812418137967,0.5468308145505155,0.12890787892130204,0.5434977578475336,0.12871287128712872,0.06816143497757847,0.9390134529147982,0.2913085004775549,0.36233183856502243,K004+KI07+KA07
xgboost,temperature,target_real,0.6887892376681615,0.6785941299340187,0.2104520892467545,0.49879698219318114,0.12810253275514896,0.5318385650224215,0.12310286677908938,0.07174887892376682,0.9291479820627803,0.2876447876447876,0.36053811659192825,K004+KI07+KA07
xgboost,isotonic,target_real,0.6618834080717488,0.6608130273508349,0.26624247525211286,0.5926088780531172,0.19138255622287423,0.8116591928251121,0.2662983425414365,0.0,0.9865470852017937,0.3327272727272727,0.0,K004+KI07+KA07
random_forest,raw,source_holdout,0.9495798319327731,0.9492808094502818,0.019218958648627566,0.08187190209927264,0.00705243950195212,,,,,,,K004+KI07+KA08
random_forest,raw,target_real,0.6932735426008969,0.6842361630309327,0.18423046775946222,0.47652101296630156,0.13050682229618876,0.45112107623318387,0.09145129224652088,0.0,0.9730941704035875,0.2967741935483871,0.3434977578475336,K004+KI07+KA08
random_forest,temperature,target_real,0.6932735426008969,0.6842361630309327,0.1719592669632265,0.4676131423171131,0.13033287192963866,0.4475336322869955,0.09018036072144289,0.0,0.9721973094170404,0.29704797047970477,0.34618834080717487,K004+KI07+KA08
random_forest,isotonic,target_real,0.6511210762331838,0.6525176845931563,0.28149015928150023,0.5932915926373336,0.19242971985855722,0.8260089686098655,0.2703583061889251,0.0,0.9775784753363229,0.3394495412844037,0.0,K004+KI07+KA08
svm,raw,source_holdout,0.9285714285714286,0.9276251833180916,0.0378813711402374,0.10487193689328426,0.00965637448888922,,,,,,,K004+KI07+KA08
svm,raw,target_real,0.7085201793721974,0.6937458709540909,0.1742117432351439,0.450019596048518,0.11125319274695247,0.5820627802690583,0.12018489984591679,0.23318385650224216,0.8179372197309417,0.21600877192982457,0.3273542600896861,K004+KI07+KA08
svm,temperature,target_real,0.7085201793721974,0.6937458709540909,0.1379837103101918,0.4291142489634772,0.11190701530727688,0.5748878923766816,0.11700468018720749,0.24484304932735426,0.8062780269058296,0.21134593993325917,0.32466367713004485,K004+KI07+KA08
svm,isotonic,target_real,0.6591928251121076,0.6586527425265206,0.3017610392784566,0.634005133981853,0.19698951397717301,0.8816143497757848,0.2970498474059003,0.0,0.9309417040358744,0.3285163776493256,0.0,K004+KI07+KA08
xgboost,raw,source_holdout,0.957983193277311,0.9577172698627902,0.04591934658399148,0.08304098972837894,0.006340941410195726,,,,,,,K004+KI07+KA08
xgboost,raw,target_real,0.6968609865470852,0.6864123934710387,0.24870232669761905,0.5355349106035334,0.1254419093293511,0.5497757847533632,0.1370309951060359,0.07982062780269059,0.9955156950672646,0.3009009009009009,0.3650224215246637,K004+KI07+KA08
xgboost,temperature,target_real,0.6968609865470852,0.6864123934710387,0.20046009690002695,0.48769327490660314,0.12434161693144626,0.5721973094170404,0.14576802507836992,0.09147982062780269,0.9946188340807175,0.3011722272317403,0.3632286995515695,K004+KI07+KA08
xgboost,isotonic,target_real,0.6511210762331838,0.6528857411130092,0.29629470928316554,0.6123395094012025,0.191597562867199,0.8699551569506726,0.2907216494845361,0.0,0.9910313901345291,0.3429864253393665,0.0,K004+KI07+KA08
random_forest,raw,source_holdout,0.9453781512605042,0.9453044002411092,0.019860896680108507,0.08654183984611265,0.007639346022530169,,,,,,,K004+KI07+KA09
random_forest,raw,target_real,0.694170403587444,0.6844850875039779,0.1843029477708808,0.4760067707754341,0.1277516740246367,0.4663677130044843,0.1,0.20807174887892377,0.9013452914798207,0.272636815920398,0.2932735426008969,K004+KI07+KA09
random_forest,temperature,target_real,0.694170403587444,0.6844850875039779,0.17890828477658813,0.47194864290199057,0.1276692559190743,0.4663677130044843,0.1,0.20986547085201793,0.9040358744394619,0.2728174603174603,0.29596412556053814,K004+KI07+KA09
random_forest,isotonic,target_real,0.6538116591928251,0.6530965151295909,0.2761417504854484,0.5936033190339302,0.19129499092708746,0.7955156950672646,0.2807215332581736,0.0,0.9973094170403587,0.3444244604316547,0.0,K004+KI07+KA09
svm,raw,source_holdout,0.9285714285714286,0.9276251833180916,0.03388197455790731,0.10507778656061792,0.009774813981501117,,,,,,,K004+KI07+KA09
svm,raw,target_real,0.7067264573991031,0.6924169321435129,0.17482457658599337,0.44948954223757365,0.11123562222496529,0.57847533632287,0.11937984496124031,0.24484304932735426,0.8143497757847533,0.21475770925110133,0.32645739910313903,K004+KI07+KA09
svm,temperature,target_real,0.7067264573991031,0.6924169321435129,0.1401770776709041,0.4293227982408832,0.11180219614215797,0.5730941704035875,0.11580594679186229,0.25112107623318386,0.8053811659192825,0.21380846325167038,0.32645739910313903,K004+KI07+KA09
svm,isotonic,target_real,0.6573991031390135,0.6569389534066304,0.3036028799490549,0.6362139836876988,0.19724746015578012,0.8807174887892377,0.2973523421588595,0.0,0.9336322869955157,0.3314121037463977,0.0,K004+KI07+KA09
xgboost,raw,source_holdout,0.9495798319327731,0.9492808094502818,0.036640025487467004,0.08469760957376518,0.006850408277788225,,,,,,,K004+KI07+KA09
xgboost,raw,target_real,0.6986547085201794,0.6877291143714245,0.2487811768803361,0.5337901668738304,0.12647835285914238,0.5533632286995516,0.13776337115072934,0.07174887892376682,0.9515695067264573,0.28934967012252594,0.368609865470852,K004+KI07+KA09
xgboost,temperature,target_real,0.6986547085201794,0.6877291143714245,0.20555942125687493,0.4891480264281201,0.1255965930391898,0.5488789237668161,0.13398692810457516,0.07982062780269059,0.9461883408071748,0.2862559241706161,0.37309417040358744,K004+KI07+KA09
xgboost,isotonic,target_real,0.662780269058296,0.660950615575078,0.2875789396214344,0.6078551244518279,0.19238078536507972,0.8959641255605382,0.3003003003003003,0.0,0.9901345291479821,0.33152173913043476,0.0,K004+KI07+KA09
random_forest,raw,source_holdout,0.9369747899159664,0.9363183779985947,0.020262659643100013,0.09588162081911512,0.01273983338127469,,,,,,,K004+KI08+KA01
random_forest,raw,target_real,0.6968609865470852,0.687499724473447,0.17971821083826167,0.4700941068873552,0.126969109444008,0.5524663677130045,0.13474025974025974,0.0,0.8511210762331839,0.2528977871443625,0.3632286995515695,K004+KI08+KA01
random_forest,temperature,target_real,0.6968609865470852,0.687499724473447,0.18452067281410045,0.4747680253695742,0.1270622173301963,0.5488789237668161,0.13398692810457516,0.0,0.852017937219731,0.2536842105263158,0.3614349775784753,K004+KI08+KA01
random_forest,isotonic,target_real,0.6681614349775785,0.6671371313024398,0.27811580132888847,0.5882087793164105,0.1858646523866582,0.8672645739910314,0.2854188210961737,0.0,0.989237668161435,0.329102447869447,0.0,K004+KI08+KA01
svm,raw,source_holdout,0.9285714285714286,0.9276090615512228,0.13091681160965582,0.19104535910041556,0.046937836107376826,,,,,,,K004+KI08+KA01
svm,raw,target_real,0.7022421524663677,0.6875287252672818,0.17818621845350946,0.4581786369898115,0.12146992004486258,0.5937219730941704,0.13746223564954682,0.17040358744394618,0.715695067264574,0.18546365914786966,0.2896860986547085,K004+KI08+KA01
svm,temperature,target_real,0.7022421524663677,0.6875287252672818,0.2110336229206933,0.4819440927878454,0.12059126303829895,0.6098654708520179,0.1411764705882353,0.16860986547085202,0.7426008968609865,0.18840579710144928,0.2896860986547085,K004+KI08+KA01
svm,isotonic,target_real,0.6681614349775785,0.664560926848111,0.27048225369179824,0.57309678390689,0.17152229270484465,0.726457399103139,0.18395061728395062,0.0,0.979372197309417,0.3241758241758242,0.0,K004+KI08+KA01
xgboost,raw,source_holdout,0.9411764705882353,0.9404582118202497,0.03911884241745253,0.10015218988588849,0.012576541163860462,,,,,,,K004+KI08+KA01
xgboost,raw,target_real,0.7094170403587444,0.6987589616316573,0.23776814194538132,0.5226663974557121,0.12251244748336755,0.5049327354260089,0.11012433392539965,0.10852017937219731,0.9139013452914798,0.267909715407262,0.3811659192825112,K004+KI08+KA01
xgboost,temperature,target_real,0.7094170403587444,0.6987589616316573,0.19637506199878993,0.479643398349249,0.12162325158057993,0.5004484304932736,0.10752688172043011,0.11031390134529148,0.9004484304932735,0.26693227091633465,0.3775784753363229,K004+KI08+KA01
xgboost,isotonic,target_real,0.6860986547085202,0.6808357181432299,0.26507186132170923,0.5750218800961056,0.157209940759304,0.8591928251121076,0.2828810020876827,0.0,0.9838565022421525,0.309024612579763,0.0,K004+KI08+KA01
random_forest,raw,source_holdout,0.9285714285714286,0.9284270414993306,0.011923275011961235,0.10151175248766214,0.017616619360405487,,,,,,,K004+KI08+KA03
random_forest,raw,target_real,0.7013452914798206,0.6887698690788309,0.1743561629831639,0.46858641401030765,0.12787380239761714,0.5219730941704036,0.12714776632302405,0.0,0.8394618834080717,0.24572649572649571,0.31390134529147984,K004+KI08+KA03
random_forest,temperature,target_real,0.7013452914798206,0.6887698690788309,0.17820397514477151,0.47134989349985185,0.12793946900639555,0.5219730941704036,0.12714776632302405,0.0,0.8403587443946189,0.24546424759871932,0.31210762331838565,K004+KI08+KA03
random_forest,isotonic,target_real,0.662780269058296,0.6596315810122758,0.2513484254165197,0.5614665683687289,0.19738682222028692,0.7883408071748879,0.2514220705346985,0.0,0.9865470852017937,0.3327272727272727,0.0,K004+KI08+KA03
svm,raw,source_holdout,0.9243697478991597,0.9240426098991484,0.056522689815303645,0.12326280556396459,0.016018188451131333,,,,,,,K004+KI08+KA03
svm,raw,target_real,0.7237668161434978,0.7086736092731366,0.15920066193918755,0.4415847089792937,0.11024808106435521,0.5730941704035875,0.11580594679186229,0.23408071748878923,0.7910313901345292,0.20068027210884354,0.3434977578475336,K004+KI08+KA03
svm,temperature,target_real,0.7237668161434978,0.7086736092731366,0.14577875280311003,0.4348176506519407,0.11055179612637343,0.567713004484305,0.11216429699842022,0.23497757847533632,0.7793721973094171,0.19792865362485615,0.3434977578475336,K004+KI08+KA03
svm,isotonic,target_real,0.6690582959641256,0.6663137293004064,0.23389668131570687,0.5328981196645753,0.17603385069207256,0.915695067264574,0.2820763956904995,0.0,0.9928251121076234,0.3288166214995483,0.0,K004+KI08+KA03
xgboost,raw,source_holdout,0.9327731092436975,0.932904993862904,0.04190959324355886,0.11239618026689817,0.01121601105546776,,,,,,,K004+KI08+KA03
xgboost,raw,target_real,0.6986547085201794,0.6873553599436938,0.24430477474837026,0.5267632387252983,0.12947643889979316,0.4860986547085202,0.1033210332103321,0.04394618834080718,0.8690582959641255,0.2528379772961816,0.3345291479820628,K004+KI08+KA03
xgboost,temperature,target_real,0.6986547085201794,0.6873553599436938,0.2021365877211176,0.4872590889830993,0.12861796047353474,0.484304932735426,0.1037037037037037,0.05022421524663677,0.8556053811659193,0.25052410901467503,0.3381165919282511,K004+KI08+KA03
xgboost,isotonic,target_real,0.6869955156950672,0.6813874543828556,0.2266954138455815,0.5429165204008687,0.17533438170101914,0.7704035874439462,0.23864959254947612,0.0,0.9973094170403587,0.3120503597122302,0.0,K004+KI08+KA03
random_forest,raw,source_holdout,0.890295358649789,0.8907021070294076,0.03332651330522549,0.15449056296741545,0.04081744643099416,,,,,,,K004+KI08+KA05
random_forest,raw,target_real,0.7031390134529149,0.693497768930787,0.1905355399597094,0.4865478548029143,0.1296153565508272,0.5443946188340807,0.14827018121911037,0.0,0.7748878923766817,0.22916666666666666,0.3632286995515695,K004+KI08+KA05
random_forest,temperature,target_real,0.7031390134529149,0.693497768930787,0.14791818168686385,0.45868977840901326,0.129468162929427,0.5614349775784754,0.15654952076677317,0.0,0.7775784753363228,0.2306805074971165,0.3560538116591928,K004+KI08+KA05
random_forest,isotonic,target_real,0.6609865470852018,0.6573773283754738,0.23238590786451271,0.5493064557046039,0.2623830861085092,0.6672645739910313,0.22849462365591397,0.0,0.8941704035874439,0.29087261785356067,0.0,K004+KI08+KA05
svm,raw,source_holdout,0.919831223628692,0.9192746091480268,0.051354481236399366,0.13269706002801743,0.019757358944395204,,,,,,,K004+KI08+KA05
svm,raw,target_real,0.7300448430493274,0.7150474950170529,0.15903846700043117,0.43552187955019733,0.11075281560716184,0.6053811659192825,0.1259259259259259,0.20358744394618833,0.809865470852018,0.20044296788482835,0.3130044843049327,K004+KI08+KA05
svm,temperature,target_real,0.7300448430493274,0.7150474950170529,0.1497157268610655,0.4296952759991777,0.11103569566727256,0.6098654708520179,0.13088235294117648,0.20538116591928252,0.810762331838565,0.19911504424778761,0.31210762331838565,K004+KI08+KA05
svm,isotonic,target_real,0.695067264573991,0.6879241544577209,0.21697150252642627,0.5128607761947354,0.16832972651951422,0.5982062780269058,0.2158920539730135,0.0,1.0,0.30493273542600896,0.0,K004+KI08+KA05
xgboost,raw,source_holdout,0.8987341772151899,0.8986028110585096,0.08659287356626134,0.17730275818299404,0.02346324541030855,,,,,,,K004+KI08+KA05
xgboost,raw,target_real,0.7076233183856502,0.6970846900670145,0.251220255635779,0.5334849705837993,0.1270305809647078,0.5623318385650224,0.1371610845295056,0.06278026905829596,0.7067264573991031,0.1967005076142132,0.347085201793722,K004+KI08+KA05
xgboost,temperature,target_real,0.7076233183856502,0.6970846900670145,0.18458051438423145,0.47344683040951696,0.12485781272920762,0.5542600896860986,0.13268608414239483,0.06547085201793722,0.7067264573991031,0.1967005076142132,0.35336322869955156,K004+KI08+KA05
xgboost,isotonic,target_real,0.684304932735426,0.6788047570203194,0.20945709193800455,0.5357190204951287,0.1726076882625608,0.7165919282511211,0.23153942428035043,0.0,0.874439461883408,0.27487179487179486,0.0,K004+KI08+KA05
random_forest,raw,source_holdout,0.9369747899159664,0.9363183779985947,0.010163890878667453,0.09445429815359078,0.03224946343978441,,,,,,,K004+KI08+KA06
random_forest,raw,target_real,0.6977578475336322,0.6877904298167768,0.17941049799919428,0.47164488265682813,0.12622741661188708,0.5452914798206278,0.13815789473684212,0.18026905829596412,0.8403587443946189,0.2508004268943437,0.36771300448430494,K004+KI08+KA06
random_forest,temperature,target_real,0.6977578475336322,0.6877904298167768,0.1306089202852124,0.44212855237590226,0.12543656665265582,0.5650224215246636,0.14761904761904762,0.18026905829596412,0.8349775784753363,0.24812030075187969,0.36591928251121075,K004+KI08+KA06
random_forest,isotonic,target_real,0.6672645739910313,0.6651981140273365,0.27123446539356766,0.5807041644816324,0.2555709776327079,0.852914798206278,0.28180862250262884,0.0,0.9991031390134529,0.33213644524236985,0.0,K004+KI08+KA06
svm,raw,source_holdout,0.9285714285714286,0.9276090615512228,0.049003992631214924,0.11243387128887537,0.011454355838011914,,,,,,,K004+KI08+KA06
svm,raw,target_real,0.7094170403587444,0.6960884848618081,0.17126612618446893,0.4509706057796653,0.11313248692913071,0.5829596412556054,0.12,0.22869955156950672,0.810762331838565,0.21349557522123894,0.31390134529147984,K004+KI08+KA06
svm,temperature,target_real,0.7094170403587444,0.6960884848618081,0.14541282663074956,0.43574808446445934,0.1136938152535677,0.5730941704035875,0.11580594679186229,0.23139013452914797,0.8152466367713005,0.21672167216721672,0.30852017937219733,K004+KI08+KA06
svm,isotonic,target_real,0.6672645739910313,0.6654552216611848,0.2847769091024409,0.5822205933683051,0.17582394968362788,0.9506726457399103,0.30283018867924527,0.0,0.9919282511210762,0.33001808318264014,0.0,K004+KI08+KA06
xgboost,raw,source_holdout,0.9495798319327731,0.9490540503217609,0.03849479731391456,0.09222140265623643,0.009134035238858822,,,,,,,K004+KI08+KA06
xgboost,raw,target_real,0.7067264573991031,0.6958989910241818,0.24261390347651843,0.5262216135491908,0.12554837177133318,0.4860986547085202,0.1088560885608856,0.09417040358744394,0.9856502242152466,0.2911737943585077,0.3515695067264574,K004+KI08+KA06
xgboost,temperature,target_real,0.7067264573991031,0.6958989910241818,0.194829997270167,0.4828077240385087,0.12488262536880605,0.4834080717488789,0.10204081632653061,0.09775784753363229,0.9766816143497757,0.28833792470156105,0.3614349775784753,K004+KI08+KA06
xgboost,isotonic,target_real,0.6807174887892377,0.6759409337624863,0.24716965424356366,0.5528928166258574,0.15980086198294463,0.7820627802690583,0.26146788990825687,0.0,0.9802690582959641,0.3110704483074108,0.0,K004+KI08+KA06
random_forest,raw,source_holdout,0.9369747899159664,0.9363183779985947,0.008908486617003589,0.09609494411855872,0.03210516362033517,,,,,,,K004+KI08+KA07
random_forest,raw,target_real,0.695067264573991,0.6855177842751271,0.18033209264813718,0.47492878433134406,0.1270246320454318,0.5721973094170404,0.15047021943573669,0.21076233183856502,0.8457399103139014,0.25556733828207845,0.35336322869955156,K004+KI08+KA07
random_forest,temperature,target_real,0.695067264573991,0.6855177842751271,0.13395493901777092,0.4456356861196765,0.12626244536022802,0.5757847533632287,0.1542056074766355,0.20986547085201793,0.8340807174887892,0.25053763440860216,0.35874439461883406,K004+KI08+KA07
random_forest,isotonic,target_real,0.6654708520179372,0.6633971156850026,0.2508445099784242,0.5676235501538062,0.2629178679240214,0.7955156950672646,0.2570462232243517,0.0,0.9928251121076234,0.3297199638663053,0.0,K004+KI08+KA07
svm,raw,source_holdout,0.9285714285714286,0.9276090615512228,0.04572963737481563,0.11258970951870609,0.011465048055240757,,,,,,,K004+KI08+KA07
svm,raw,target_real,0.7094170403587444,0.6960884848618081,0.17182874305258866,0.4517836462858521,0.113703185059239,0.5838565022421525,0.12135176651305683,0.22242152466367712,0.8125560538116592,0.2141280353200883,0.30852017937219733,K004+KI08+KA07
svm,temperature,target_real,0.7094170403587444,0.6960884848618081,0.14593767229555532,0.4365940864984783,0.11414736263449363,0.5748878923766816,0.11700468018720749,0.22600896860986547,0.8188340807174888,0.21905805038335158,0.30493273542600896,K004+KI08+KA07
svm,isotonic,target_real,0.6681614349775785,0.666194360126256,0.2837260663134711,0.5812893359952465,0.174837040128457,0.9497757847533632,0.3031161473087819,0.0,0.9919282511210762,0.33001808318264014,0.0,K004+KI08+KA07
xgboost,raw,source_holdout,0.9369747899159664,0.9368618618618618,0.04812777067432886,0.10386473424403395,0.010105194642050331,,,,,,,K004+KI08+KA07
xgboost,raw,target_real,0.695067264573991,0.683918024613955,0.24988375102992547,0.5350687745299997,0.12885416294448618,0.5076233183856502,0.11130742049469965,0.06816143497757847,0.9147982062780269,0.27647058823529413,0.3488789237668161,K004+KI08+KA07
xgboost,temperature,target_real,0.695067264573991,0.683918024613955,0.1992622027757675,0.48603357773443884,0.1278637722833188,0.5165919282511211,0.11458333333333333,0.07443946188340807,0.8932735426008969,0.2710843373493976,0.35874439461883406,K004+KI08+KA07
xgboost,isotonic,target_real,0.6860986547085202,0.6808739827637488,0.23353584334746966,0.5554266061236798,0.15726509943222183,0.7695067264573991,0.25524475524475526,0.0,0.989237668161435,0.30915684496826834,0.0,K004+KI08+KA07
random_forest,raw,source_holdout,0.9367088607594937,0.9362669376693766,0.013074063934998728,0.09243168082038954,0.03194761999755934,,,,,,,K004+KI08+KA08
random_forest,raw,target_real,0.695067264573991,0.685998097719798,0.18025103895281824,0.4740749703134834,0.13117963794021115,0.5246636771300448,0.13333333333333333,0.0,0.862780269058296,0.2577962577962578,0.34439461883408073,K004+KI08+KA08
random_forest,temperature,target_real,0.695067264573991,0.685998097719798,0.13538821485491884,0.44643287954445626,0.13077682108668884,0.5345291479820627,0.1342281879194631,0.0,0.8457399103139014,0.25344644750795337,0.32466367713004485,K004+KI08+KA08
random_forest,isotonic,target_real,0.6663677130044843,0.6650924112689516,0.2753284877533538,0.5853345193184506,0.25851351710249265,0.8582959641255605,0.2800417972831766,0.0,0.97847533632287,0.32630614115490375,0.0,K004+KI08+KA08
svm,raw,source_holdout,0.9282700421940928,0.9275576212220047,0.049227761523456204,0.1135440784863225,0.01165491477817027,,,,,,,K004+KI08+KA08
svm,raw,target_real,0.7076233183856502,0.6940444853809883,0.17250481657519628,0.45209497343945193,0.11416999172748492,0.57847533632287,0.11937984496124031,0.21973094170403587,0.8116591928251121,0.2143646408839779,0.3076233183856502,K004+KI08+KA08
svm,temperature,target_real,0.7076233183856502,0.6940444853809883,0.14594409593090463,0.4368818499092712,0.11465565179793416,0.5704035874439461,0.1179245283018868,0.22331838565022422,0.7856502242152467,0.2054794520547945,0.305829596412556,K004+KI08+KA08
svm,isotonic,target_real,0.6690582959641256,0.6669688125352407,0.2829573662592422,0.5812765195573819,0.17447768116597404,0.9497757847533632,0.3031161473087819,0.0,0.9928251121076234,0.3297199638663053,0.0,K004+KI08+KA08
xgboost,raw,source_holdout,0.9535864978902954,0.9532859078590786,0.04590102162542221,0.0917831823419867,0.00831880094921095,,,,,,,K004+KI08+KA08
xgboost,raw,target_real,0.7067264573991031,0.6959097221370211,0.23985671066917105,0.5233705873357778,0.12444600689976816,0.5748878923766816,0.13884555382215288,0.10224215246636771,0.9910313901345291,0.2914027149321267,0.3524663677130045,K004+KI08+KA08
xgboost,temperature,target_real,0.7067264573991031,0.6959097221370211,0.1945091441564365,0.48006519121709,0.12334182949496775,0.5766816143497758,0.13841368584758942,0.12645739910313902,0.97847533632287,0.2887259395050413,0.36233183856502243,K004+KI08+KA08
xgboost,isotonic,target_real,0.6609865470852018,0.6580581412651173,0.28795364270876495,0.5940307208776441,0.17351870612715087,0.9040358744394619,0.29563492063492064,0.0,1.0,0.33901345291479823,0.0,K004+KI08+KA08
random_forest,raw,source_holdout,0.9367088607594937,0.9362669376693766,0.011535659558576102,0.09393928820600173,0.015568114315555671,,,,,,,K004+KI08+KA09
random_forest,raw,target_real,0.695067264573991,0.6854565279957706,0.1809790118076528,0.4752098185422064,0.12928501455885183,0.5013452914798207,0.1252236135957066,0.0,0.9094170403587444,0.27613412228796846,0.33183856502242154,K004+KI08+KA09
random_forest,temperature,target_real,0.695067264573991,0.6854565279957706,0.18077504683217696,0.47505477206174535,0.1347748031364316,0.5022421524663677,0.12678571428571428,0.0,0.9094170403587444,0.27613412228796846,0.33183856502242154,K004+KI08+KA09
random_forest,isotonic,target_real,0.6699551569506726,0.6674526469209209,0.2599074984047537,0.5699561633120406,0.1939924240293909,0.8071748878923767,0.24888888888888888,0.0,0.9829596412556054,0.3239051094890511,0.0,K004+KI08+KA09
svm,raw,source_holdout,0.9282700421940928,0.9275576212220047,0.048983526806479896,0.11318943363315113,0.011768976377302294,,,,,,,K004+KI08+KA09
svm,raw,target_real,0.7076233183856502,0.6940631782737046,0.17085144456487042,0.45125920717073614,0.11368698414352665,0.5820627802690583,0.12326656394453005,0.2242152466367713,0.8071748878923767,0.21222222222222223,0.3112107623318386,K004+KI08+KA09
svm,temperature,target_real,0.7076233183856502,0.6940631782737046,0.14682588262931587,0.43650687214186146,0.11415366653414541,0.5730941704035875,0.1189358372456964,0.22780269058295965,0.8179372197309417,0.21929824561403508,0.30852017937219733,K004+KI08+KA09
svm,isotonic,target_real,0.6672645739910313,0.6654552216611848,0.2856206801125187,0.5829942084865695,0.17570203622060096,0.9524663677130045,0.3041431261770245,0.0,0.9919282511210762,0.33001808318264014,0.0,K004+KI08+KA09
xgboost,raw,source_holdout,0.9451476793248945,0.9447099207641377,0.04082207061067409,0.09818413060471572,0.009808300382824762,,,,,,,K004+KI08+KA09
xgboost,raw,target_real,0.7031390134529149,0.692593270229308,0.24256012645537547,0.5265015099694732,0.126389963695204,0.5461883408071749,0.1330049261083744,0.1031390134529148,0.9201793721973094,0.27387914230019494,0.3614349775784753,K004+KI08+KA09
xgboost,temperature,target_real,0.7031390134529149,0.692593270229308,0.19449514701760046,0.48298659839051755,0.12564004398531944,0.5560538116591929,0.13548387096774195,0.11300448430493273,0.9022421524663677,0.268389662027833,0.3614349775784753,K004+KI08+KA09
xgboost,isotonic,target_real,0.6807174887892377,0.6763138595955933,0.2680285220644324,0.5797706420171486,0.1618899992909761,0.8789237668161435,0.29081632653061223,0.0,0.9856502242152466,0.3130118289353958,0.0,K004+KI08+KA09
