model,calibration,domain,accuracy,macro_f1,ece,brier,aurc,auto_rate@1%,auto_error@1%,oracle_auto_rate@1%,auto_rate@5%,auto_error@5%,oracle_auto_rate@5%,calib_set
random_forest,raw,source_holdout,0.9033613445378151,0.8994551607186896,0.10612317500877286,0.18775513661145432,0.03949555130582694,,,,,,,K001+KI01+KA01
random_forest,raw,target_real,0.6463195691202872,0.5863375669220455,0.17594044251783564,0.527342708967157,0.1857388705922592,0.2872531418312388,0.084375,0.0,0.4506283662477558,0.17131474103585656,0.20377019748653502,K001+KI01+KA01
random_forest,temperature,target_real,0.6463195691202872,0.5863375669220455,0.15367836338283017,0.5111579874554456,0.18121184032226,0.28276481149012567,0.07936507936507936,0.019748653500897665,0.4605026929982047,0.17348927875243664,0.20646319569120286,K001+KI01+KA01
random_forest,isotonic,target_real,0.6122082585278277,0.565967029385606,0.28939698078573817,0.6800755379422031,0.253134534443327,0.8833034111310593,0.3363821138211382,0.0,0.8833034111310593,0.3363821138211382,0.0,K001+KI01+KA01
svm,raw,source_holdout,0.5630252100840336,0.47606019151846785,0.364081682070224,0.6269927299299876,0.30634419088286324,,,,,,,K001+KI01+KA01
svm,raw,target_real,0.5511669658886894,0.5111926063278419,0.22757928744476036,0.6170176470444927,0.3028054494183569,0.0,,0.0008976660682226212,0.0,,0.0008976660682226212,K001+KI01+KA01
svm,temperature,target_real,0.5511669658886894,0.5111926063278419,0.11626178613678462,0.5544122312212815,0.30055341292528553,0.0,,0.0008976660682226212,0.0,,0.0008976660682226212,K001+KI01+KA01
svm,isotonic,target_real,0.6867145421903053,0.650279386900224,0.20457778021779302,0.552722323980812,0.31797194519138955,0.992818671454219,0.30831826401446655,0.0,0.992818671454219,0.30831826401446655,0.0,K001+KI01+KA01
xgboost,raw,source_holdout,0.9033613445378151,0.8994551607186896,0.049848075298702055,0.1487270812681736,0.018723068288328582,,,,,,,K001+KI01+KA01
xgboost,raw,target_real,0.6490125673249552,0.5884852185135472,0.26171899283274713,0.5826095946959489,0.15825436572790497,0.39587073608617596,0.08843537414965986,0.019748653500897665,0.770197486535009,0.2762237762237762,0.3114901256732496,K001+KI01+KA01
xgboost,temperature,target_real,0.6490125673249552,0.5884852185135472,0.20224498714952957,0.519389029865041,0.15705887945477093,0.39228007181328545,0.08695652173913043,0.02244165170556553,0.7755834829443446,0.2777777777777778,0.3141831238779174,K001+KI01+KA01
xgboost,isotonic,target_real,0.6211849192100538,0.5961179060215261,0.3363587684872632,0.6888307487657679,0.2617056686101954,0.881508078994614,0.34725050916496947,0.0,0.881508078994614,0.34725050916496947,0.0,K001+KI01+KA01
random_forest,raw,source_holdout,0.9041666666666667,0.9002300541708399,0.11530298343319811,0.19009200168242696,0.04162136720671801,,,,,,,K001+KI01+KA03
random_forest,raw,target_real,0.644524236983842,0.5854331947715422,0.17619541883715023,0.5255149428467221,0.1856953251447818,0.15529622980251345,0.05202312138728324,0.0,0.44703770197486536,0.1686746987951807,0.21813285457809695,K001+KI01+KA03
random_forest,temperature,target_real,0.644524236983842,0.5854331947715422,0.15303271728581128,0.5090313909061824,0.18427531419653012,0.1570915619389587,0.05142857142857143,0.0,0.45691202872531417,0.17288801571709234,0.2163375224416517,K001+KI01+KA03
random_forest,isotonic,target_real,0.6373429084380611,0.6092328907594338,0.25800404642345326,0.6197782479687761,0.25536908816036663,0.9066427289048474,0.3198019801980198,0.0,0.9066427289048474,0.3198019801980198,0.0,K001+KI01+KA03
svm,raw,source_holdout,0.5583333333333333,0.4706769184381125,0.323398955075251,0.6373328755054547,0.23498789195652967,,,,,,,K001+KI01+KA03
svm,raw,target_real,0.552064631956912,0.5063363947718771,0.23147912188325837,0.6112342220896266,0.2776758653296871,0.10412926391382406,0.06896551724137931,0.0008976660682226212,0.4703770197486535,0.2881679389312977,0.04488330341113106,K001+KI01+KA03
svm,temperature,target_real,0.552064631956912,0.5063363947718771,0.07622996929777061,0.528471698389273,0.2719972431374837,0.11041292639138241,0.07317073170731707,0.0008976660682226212,0.4605026929982047,0.27680311890838205,0.07809694793536805,K001+KI01+KA03
svm,isotonic,target_real,0.7028725314183124,0.6669356540511586,0.18029404984755856,0.526726768040989,0.21539610287734773,0.9685816876122083,0.28266913809082483,0.0,0.9685816876122083,0.28266913809082483,0.0,K001+KI01+KA03
xgboost,raw,source_holdout,0.9083333333333333,0.9047438273672613,0.044406774019201574,0.1399015002141019,0.019467975842160378,,,,,,,K001+KI01+KA03
xgboost,raw,target_real,0.6427289048473968,0.5837830633293529,0.2666330586590501,0.5831256348073668,0.16152023357729314,0.36983842010771995,0.09223300970873786,0.013464991023339317,0.781867145421903,0.28128587830080365,0.29533213644524237,K001+KI01+KA03
xgboost,temperature,target_real,0.6427289048473968,0.5837830633293529,0.2128814592407437,0.5251409620011852,0.1605054138362801,0.362657091561939,0.08415841584158416,0.01526032315978456,0.7737881508078994,0.2737819025522042,0.2926391382405745,K001+KI01+KA03
xgboost,isotonic,target_real,0.6355475763016158,0.6183260646589348,0.30577941271776043,0.643551148863691,0.2690851114893417,0.9371633752244165,0.33045977011494254,0.0,0.9371633752244165,0.33045977011494254,0.0,K001+KI01+KA03
random_forest,raw,source_holdout,0.8958333333333334,0.8933048441511037,0.16706454243816063,0.21300679909698497,0.02631553888730375,,,,,,,K001+KI01+KA05
random_forest,raw,target_real,0.6373429084380611,0.5833093758361948,0.1724554225570561,0.5023944681430932,0.16805067346567462,0.5403949730700179,0.18438538205980065,0.09874326750448834,0.8626570915619389,0.31633714880332986,0.25673249551166966,K001+KI01+KA05
random_forest,temperature,target_real,0.6373429084380611,0.5833093758361948,0.27837509137048944,0.608247974632854,0.17198760084709222,0.5152603231597845,0.18292682926829268,0.09874326750448834,0.8231597845601436,0.3064340239912759,0.25224416517055653,K001+KI01+KA05
random_forest,isotonic,target_real,0.651705565529623,0.6109664734134325,0.2948539728560909,0.634767818001902,0.3018122183399247,0.7684021543985637,0.3119158878504673,0.0,0.9551166965888689,0.337406015037594,0.0,K001+KI01+KA05
svm,raw,source_holdout,0.5916666666666667,0.503733507322024,0.3284629069731063,0.5899323307775934,0.3215570356479915,,,,,,,K001+KI01+KA05
svm,raw,target_real,0.5745062836624776,0.544525287038362,0.2004241604076045,0.5832019153951955,0.2621345965436517,0.34380610412926393,0.21409921671018275,0.04757630161579892,0.5170556552962298,0.2795138888888889,0.12567324955116696,K001+KI01+KA05
svm,temperature,target_real,0.5745062836624776,0.544525287038362,0.11998641309715317,0.5338005530863262,0.2588707207330523,0.35457809694793535,0.20759493670886076,0.05385996409335727,0.5269299820466786,0.282793867120954,0.12567324955116696,K001+KI01+KA05
svm,isotonic,target_real,0.6840215439856373,0.6297843353494863,0.21333839357864734,0.5565378715663516,0.32613207176040826,0.49012567324955114,0.2564102564102564,0.0,0.7944344703770198,0.26101694915254237,0.0,K001+KI01+KA05
xgboost,raw,source_holdout,0.8708333333333333,0.8683334968763288,0.04133067975441612,0.19790026106104078,0.03758469896632245,,,,,,,K001+KI01+KA05
xgboost,raw,target_real,0.6552962298025135,0.6057389014482369,0.2573638914731504,0.5777358421704373,0.15788765021146506,0.5673249551166966,0.1819620253164557,0.009874326750448833,0.770197486535009,0.2703962703962704,0.3007181328545781,K001+KI01+KA05
xgboost,temperature,target_real,0.6552962298025135,0.6057389014482369,0.23532111022493674,0.5520161943993286,0.1572438563168559,0.5646319569120287,0.18124006359300476,0.009874326750448833,0.7378815080789947,0.25547445255474455,0.30789946140035906,K001+KI01+KA05
xgboost,isotonic,target_real,0.6633752244165171,0.6245147733042139,0.25455302479555053,0.5717573696777151,0.22765282430167993,0.7468581687612208,0.2860576923076923,0.0,0.8186714542190305,0.29605263157894735,0.0,K001+KI01+KA05
random_forest,raw,source_holdout,0.9041666666666667,0.9002300541708399,0.09172649275975663,0.18405713040747101,0.038032865877495645,,,,,,,K001+KI01+KA06
random_forest,raw,target_real,0.644524236983842,0.5854331947715422,0.17706638762448057,0.5247123721667961,0.1842950131570265,0.21454219030520646,0.0502092050209205,0.0,0.4793536804308797,0.18164794007490637,0.24416517055655296,K001+KI01+KA06
random_forest,temperature,target_real,0.644524236983842,0.5854331947715422,0.16014936786580533,0.5122317791090726,0.18327482992890937,0.2127468581687612,0.05063291139240506,0.0,0.46858168761220825,0.1743295019157088,0.24506283662477557,K001+KI01+KA06
random_forest,isotonic,target_real,0.6229802513464991,0.5930397799371497,0.27389200914114187,0.6403541781936489,0.24719706928419102,0.8922800718132855,0.32293762575452717,0.0,0.8922800718132855,0.32293762575452717,0.0,K001+KI01+KA06
svm,raw,source_holdout,0.5583333333333333,0.4706769184381125,0.3260344308842894,0.6389936774410948,0.23494820634497138,,,,,,,K001+KI01+KA06
svm,raw,target_real,0.5484739676840216,0.50351206141703,0.23511616948458047,0.6103614889929803,0.27601934664268657,0.10323159784560143,0.06956521739130435,0.0026929982046678637,0.45870736086175945,0.28180039138943247,0.07271095152603231,K001+KI01+KA06
svm,temperature,target_real,0.5484739676840216,0.50351206141703,0.0702294652404577,0.5258839149171968,0.26918236943202145,0.10951526032315978,0.05737704918032787,0.0026929982046678637,0.4605026929982047,0.27680311890838205,0.09605026929982047,K001+KI01+KA06
svm,isotonic,target_real,0.7001795332136446,0.6588843467354455,0.18265509035350597,0.5246764193420009,0.21074004327114398,0.9542190305206463,0.27845719661335844,0.0,0.9542190305206463,0.27845719661335844,0.0,K001+KI01+KA06
xgboost,raw,source_holdout,0.9041666666666667,0.9002300541708399,0.06338043759266533,0.1465622483929672,0.019776901615169453,,,,,,,K001+KI01+KA06
xgboost,raw,target_real,0.6481149012567325,0.5902007105569923,0.2673846326193219,0.58722790025891,0.1590445212942423,0.3644524236983842,0.0812807881773399,0.02423698384201077,0.8043087971274686,0.28794642857142855,0.31867145421903054,K001+KI01+KA06
xgboost,temperature,target_real,0.6481149012567325,0.5902007105569923,0.20887369679890772,0.5248225546633998,0.15789817245353785,0.37881508078994613,0.08530805687203792,0.026032315978456014,0.7908438061041293,0.282633371169126,0.32944344703770195,K001+KI01+KA06
xgboost,isotonic,target_real,0.6122082585278277,0.5852685143896709,0.34241534459668865,0.6941209570681576,0.2672230628441507,0.8833034111310593,0.34552845528455284,0.0,0.8833034111310593,0.34552845528455284,0.0,K001+KI01+KA06
random_forest,raw,source_holdout,0.8786610878661087,0.875537610784272,0.09157939673452177,0.22110907841048166,0.057907580526615314,,,,,,,K001+KI01+KA07
random_forest,raw,target_real,0.6472172351885098,0.5883608901082564,0.16949187096261056,0.5139323692569878,0.17343493137301716,0.18491921005385997,0.043689320388349516,0.11759425493716337,0.44703770197486536,0.15863453815261044,0.23608617594254938,K001+KI01+KA07
random_forest,temperature,target_real,0.6472172351885098,0.5883608901082564,0.16583969902465923,0.5112983038215111,0.17326211374378814,0.18491921005385997,0.043689320388349516,0.11759425493716337,0.44703770197486536,0.15863453815261044,0.23518850987432674,K001+KI01+KA07
random_forest,isotonic,target_real,0.6409335727109515,0.6020594275758121,0.22814506809119828,0.5696292188222559,0.25673243406210877,0.5412926391382405,0.2504145936981758,0.0,0.8357271095152603,0.31686358754027927,0.0,K001+KI01+KA07
svm,raw,source_holdout,0.5313807531380753,0.4549339549339549,0.312087372897717,0.644059337352021,0.271227837427578,,,,,,,K001+KI01+KA07
svm,raw,target_real,0.5547576301615799,0.5096717797700652,0.2204907134612935,0.5954732665865683,0.2670697673397189,0.09964093357271095,0.06306306306306306,0.009874326750448833,0.4281867145421903,0.2431865828092243,0.08168761220825853,K001+KI01+KA07
svm,temperature,target_real,0.5547576301615799,0.5096717797700652,0.07448537305872871,0.5236326308368682,0.2615365385435263,0.11490125673249552,0.0703125,0.010771992818671455,0.4362657091561939,0.23868312757201646,0.09066427289048475,K001+KI01+KA07
svm,isotonic,target_real,0.7010771992818672,0.6620508180682316,0.17067872432023065,0.5287391960589689,0.23230979865445814,0.3141831238779174,0.17714285714285713,0.0,0.952423698384201,0.27898209236569277,0.0,K001+KI01+KA07
xgboost,raw,source_holdout,0.8786610878661087,0.8753399662327556,0.05857179005275712,0.18239195351424348,0.034798166756063446,,,,,,,K001+KI01+KA07
xgboost,raw,target_real,0.651705565529623,0.5921629285929085,0.2597657111699106,0.5767431113076296,0.15524134684346158,0.3590664272890485,0.06,0.003590664272890485,0.6956912028725314,0.2361290322580645,0.3384201077199282,K001+KI01+KA07
xgboost,temperature,target_real,0.651705565529623,0.5921629285929085,0.20277193244892688,0.5153808975942654,0.15427977968635462,0.37163375224416517,0.057971014492753624,0.004488330341113106,0.6795332136445242,0.22457067371202113,0.3303411131059246,K001+KI01+KA07
xgboost,isotonic,target_real,0.6535008976660682,0.6273963151610745,0.25409747272725447,0.5549599710011339,0.22411853330068485,0.7953321364452424,0.27765237020316025,0.0,0.9865350089766607,0.3403093721565059,0.0,K001+KI01+KA07
random_forest,raw,source_holdout,0.6166666666666667,0.5373723827731752,0.1920253763429933,0.6290026890641144,0.2623610259012405,,,,,,,K001+KI01+KA08
random_forest,raw,target_real,0.6364452423698385,0.5903893033628091,0.20690258718821064,0.5750176502922564,0.19932937154081895,0.15439856373429084,0.05813953488372093,0.0,0.2333931777378815,0.09230769230769231,0.10771992818671454,K001+KI01+KA08
random_forest,temperature,target_real,0.6364452423698385,0.5903893033628091,0.14836884336174389,0.5401466187126146,0.18220337662663674,0.24685816876122083,0.10181818181818182,0.0,0.24775583482944344,0.10507246376811594,0.10771992818671454,K001+KI01+KA08
random_forest,isotonic,target_real,0.6337522441651705,0.5977688615249145,0.06769769281428134,0.49355997393823264,0.2661786623132503,0.29443447037701975,0.16158536585365854,0.0,0.30430879712746856,0.16519174041297935,0.0,K001+KI01+KA08
svm,raw,source_holdout,0.32916666666666666,0.2769538606403013,0.45489942104375064,1.0486721805632655,0.7109260013123848,,,,,,,K001+KI01+KA08
svm,raw,target_real,0.5691202872531418,0.5468041966891383,0.2593848669237878,0.6391884003245132,0.23254585759119856,0.0,,0.05026929982046679,0.0,,0.13734290843806105,K001+KI01+KA08
svm,temperature,target_real,0.5691202872531418,0.5468041966891383,0.1805691954582546,0.6132845420415391,0.25444018917424144,0.0,,0.05026929982046679,0.0,,0.13285457809694792,K001+KI01+KA08
svm,isotonic,target_real,0.6840215439856373,0.6307609776974449,0.20665706804953857,0.5330313804277379,0.27912076643195943,0.15529622980251345,0.08670520231213873,0.0,0.15529622980251345,0.08670520231213873,0.0,K001+KI01+KA08
xgboost,raw,source_holdout,0.5958333333333333,0.5087122568325576,0.32460983023047446,0.6839623024758793,0.2371517220555094,,,,,,,K001+KI01+KA08
xgboost,raw,target_real,0.6346499102333932,0.5860827785498878,0.29493135516155555,0.6385316347000912,0.18910557098925482,0.03500897666068223,0.02564102564102564,0.03231597845601436,0.03500897666068223,0.02564102564102564,0.04757630161579892,K001+KI01+KA08
xgboost,temperature,target_real,0.6346499102333932,0.5860827785498878,0.0823507759639532,0.49703083937221215,0.18480367098234532,0.05385996409335727,0.06666666666666667,0.026929982046678635,0.05385996409335727,0.06666666666666667,0.12567324955116696,K001+KI01+KA08
xgboost,isotonic,target_real,0.6481149012567325,0.6217920523666222,0.09771296509044405,0.47873939539191024,0.24872152174191006,0.20915619389587073,0.1630901287553648,0.0,0.362657091561939,0.14603960396039603,0.0,K001+KI01+KA08
random_forest,raw,source_holdout,0.907563025210084,0.90400359462938,0.12047149243224399,0.18484737060355114,0.04699421934813971,,,,,,,K001+KI01+KA09
random_forest,raw,target_real,0.6454219030520646,0.5861826130394596,0.17539856937198334,0.5238554747956702,0.18578747786984032,0.16427289048473967,0.04371584699453552,0.0,0.43357271095152605,0.16977225672877846,0.22172351885098743,K001+KI01+KA09
random_forest,temperature,target_real,0.6454219030520646,0.5861826130394596,0.15887897023067682,0.5121229970891495,0.18472592849954517,0.16606822262118492,0.043243243243243246,0.0,0.43895870736086173,0.16973415132924335,0.2244165170556553,K001+KI01+KA09
random_forest,isotonic,target_real,0.6561938958707361,0.6197712841942584,0.2080473444183436,0.584145642241224,0.2503491615334623,0.7549371633752244,0.28894173602853745,0.0,0.9703770197486535,0.333950046253469,0.0,K001+KI01+KA09
svm,raw,source_holdout,0.5588235294117647,0.4723771390438057,0.31907927534762753,0.6399781632300986,0.24197915683829027,,,,,,,K001+KI01+KA09
svm,raw,target_real,0.5529622980251346,0.509068729161754,0.22863911912275525,0.6051290310009356,0.2753716266183745,0.1059245960502693,0.0847457627118644,0.0017953321364452424,0.4703770197486535,0.2786259541984733,0.07271095152603231,K001+KI01+KA09
svm,temperature,target_real,0.5529622980251346,0.509068729161754,0.059547448891819225,0.525377720899973,0.2694904632408435,0.11490125673249552,0.078125,0.0017953321364452424,0.4856373429084381,0.28650646950092423,0.08168761220825853,K001+KI01+KA09
svm,isotonic,target_real,0.6929982046678635,0.6562827440687561,0.19434179873689286,0.5400327822298299,0.22210400988132697,0.3761220825852783,0.22673031026252982,0.0,0.9721723518850988,0.29362880886426596,0.0,K001+KI01+KA09
xgboost,raw,source_holdout,0.8991596638655462,0.8944491160487593,0.057690679275688966,0.15147736032579034,0.02297963383895336,,,,,,,K001+KI01+KA09
xgboost,raw,target_real,0.6490125673249552,0.5913267251573715,0.2614074614253464,0.5812626514804922,0.15617354495034033,0.42190305206463197,0.09787234042553192,0.017055655296229804,0.7648114901256733,0.2664319248826291,0.3016157989228007,K001+KI01+KA09
xgboost,temperature,target_real,0.6490125673249552,0.5913267251573715,0.20693026334183282,0.5202100134504722,0.15466714141964014,0.41741472172351884,0.09247311827956989,0.02064631956912029,0.751346499102334,0.2616487455197133,0.3087971274685817,K001+KI01+KA09
xgboost,isotonic,target_real,0.6570915619389587,0.6313206846077102,0.28613050187905337,0.6247519253297983,0.28057943134265406,0.8877917414721723,0.320525783619818,0.0,0.9820466786355476,0.3372943327239488,0.0,K001+KI01+KA09
random_forest,raw,source_holdout,0.8865546218487395,0.8847889894181816,0.1071085404455569,0.2146899879611529,0.04666056593574792,,,,,,,K001+KI03+KA01
random_forest,raw,target_real,0.6561938958707361,0.5984126984126984,0.17242707923227502,0.5080141225654289,0.1636622707770462,0.13644524236983843,0.019736842105263157,0.10053859964093358,0.4703770197486535,0.1316793893129771,0.25583482944344704,K001+KI03+KA01
random_forest,temperature,target_real,0.6561938958707361,0.5984126984126984,0.15170115921810398,0.4915636106796161,0.15908446343778315,0.13644524236983843,0.019736842105263157,0.10053859964093358,0.48204667863554757,0.1378026070763501,0.2585278276481149,K001+KI03+KA01
random_forest,isotonic,target_real,0.6481149012567325,0.5856263249647505,0.24746336221797963,0.6078279460449659,0.23606216931275395,0.8249551166965888,0.28726877040261156,0.0,0.981149012567325,0.3421774931381519,0.0,K001+KI03+KA01
svm,raw,source_holdout,0.8823529411764706,0.8804027023042785,0.09954087579471908,0.21066854562403725,0.06448952834747562,,,,,,,K001+KI03+KA01
svm,raw,target_real,0.6481149012567325,0.5818654512622553,0.17940140731502685,0.5178942705578108,0.21310306618605462,0.08707360861759425,0.13402061855670103,0.0017953321364452424,0.7010771992818672,0.25480153649167736,0.0017953321364452424,K001+KI03+KA01
svm,temperature,target_real,0.6481149012567325,0.5818654512622553,0.23781593409461016,0.5611038962510232,0.2146945741938774,0.06822262118491922,0.13157894736842105,0.0017953321364452424,0.6849192100538599,0.2503276539973788,0.0017953321364452424,K001+KI03+KA01
svm,isotonic,target_real,0.6597845601436265,0.6091368227083659,0.2737757693466007,0.600561624168207,0.2744671963278033,0.829443447037702,0.2792207792207792,0.0,0.9622980251346499,0.3208955223880597,0.0,K001+KI03+KA01
xgboost,raw,source_holdout,0.8823529411764706,0.8790371092956143,0.04457103016496708,0.1833690274918905,0.03104216597821793,,,,,,,K001+KI03+KA01
xgboost,raw,target_real,0.651705565529623,0.594522193426303,0.2613074217707293,0.5742709750335576,0.14618189715816118,0.4371633752244165,0.07802874743326489,0.03052064631956912,0.6912028725314183,0.23506493506493506,0.37163375224416517,K001+KI03+KA01
xgboost,temperature,target_real,0.651705565529623,0.594522193426303,0.21463830714243887,0.5208343006158676,0.14598365133569785,0.43357271095152605,0.07660455486542443,0.0296229802513465,0.7055655296229802,0.23918575063613232,0.37073608617594256,K001+KI03+KA01
xgboost,isotonic,target_real,0.6427289048473968,0.5809775182112756,0.2732341702653641,0.6187323334160151,0.23663165400298028,0.8527827648114902,0.29473684210526313,0.0,0.9820466786355476,0.34552102376599636,0.0,K001+KI03+KA01
random_forest,raw,source_holdout,0.8833333333333333,0.881181762649688,0.1021922471659161,0.2165610897963727,0.04743781184977984,,,,,,,K001+KI03+KA03
random_forest,raw,target_real,0.6552962298025135,0.5981566820276498,0.17422399894945018,0.5086187321818019,0.1652276633019236,0.19838420107719928,0.04072398190045249,0.0,0.4883303411131059,0.14338235294117646,0.2719928186714542,K001+KI03+KA03
random_forest,temperature,target_real,0.6552962298025135,0.5981566820276498,0.1201400894507425,0.4691567630520721,0.1632732595353225,0.18312387791741472,0.029411764705882353,0.0,0.49730700179533216,0.14620938628158844,0.2710951526032316,K001+KI03+KA03
random_forest,isotonic,target_real,0.6651705565529623,0.6235878464793146,0.2039513173184561,0.5439682757341673,0.23097264798918865,0.4730700179533214,0.14231499051233396,0.0,0.9560143626570916,0.3192488262910798,0.0,K001+KI03+KA03
svm,raw,source_holdout,0.875,0.8724601089596936,0.03806776016738041,0.18709947037022906,0.0311894910213353,,,,,,,K001+KI03+KA03
svm,raw,target_real,0.6499102333931778,0.5808859903138615,0.18219195292971885,0.5138057232383597,0.18698210640086926,0.31687612208258525,0.1274787535410765,0.005385996409335727,0.6804308797127468,0.24802110817941952,0.05385996409335727,K001+KI03+KA03
svm,temperature,target_real,0.6499102333931778,0.5808859903138615,0.19885527791763447,0.5256394017548361,0.18772435253834266,0.31597845601436264,0.1278409090909091,0.005385996409335727,0.6723518850987432,0.24699599465954605,0.05026929982046679,K001+KI03+KA03
svm,isotonic,target_real,0.6938958707360862,0.6542871876883142,0.2262995476236491,0.5252035620375761,0.19816106332107866,0.86983842010772,0.25077399380804954,0.0,0.9775583482944344,0.2956841138659321,0.0,K001+KI03+KA03
xgboost,raw,source_holdout,0.8791666666666667,0.8758297533582319,0.05891654652853803,0.19092421876244461,0.03284944062563046,,,,,,,K001+KI03+KA03
xgboost,raw,target_real,0.651705565529623,0.5941931489500858,0.2610880447086783,0.5755729350069335,0.1476551743656437,0.06014362657091562,0.029850746268656716,0.017953321364452424,0.7324955116696589,0.25245098039215685,0.3635547576301616,K001+KI03+KA03
xgboost,temperature,target_real,0.651705565529623,0.5941931489500858,0.2137211512075115,0.5210044940147855,0.14718256543222855,0.06014362657091562,0.029850746268656716,0.018850987432675045,0.7315978456014363,0.24662576687116564,0.362657091561939,K001+KI03+KA03
xgboost,isotonic,target_real,0.6660682226211849,0.6261062282245998,0.22303503709471303,0.5443504353787678,0.19956258738637137,0.6606822262118492,0.21195652173913043,0.0,0.9631956912028725,0.31873252562907733,0.0,K001+KI03+KA03
random_forest,raw,source_holdout,0.875,0.8728997009431793,0.14368825402675064,0.22633064903524752,0.03585392515128989,,,,,,,K001+KI03+KA05
random_forest,raw,target_real,0.6490125673249552,0.5928471759747026,0.16834142316463932,0.48584511754621895,0.15798770439289309,0.5807899461400359,0.1777434312210201,0.0,0.8168761220825853,0.2868131868131868,0.3276481149012567,K001+KI03+KA05
random_forest,temperature,target_real,0.6490125673249552,0.5928471759747026,0.25538395359248023,0.5702583934414656,0.16066541118206953,0.5798922800718133,0.18111455108359134,0.0,0.8025134649910234,0.2897091722595078,0.3141831238779174,K001+KI03+KA05
random_forest,isotonic,target_real,0.6543985637342908,0.6066642592024925,0.2570098298114328,0.5758596708403956,0.27726058207526083,0.6166965888689407,0.20087336244541484,0.0,0.8420107719928187,0.29637526652452023,0.0,K001+KI03+KA05
svm,raw,source_holdout,0.9041666666666667,0.9038774634980596,0.11816913869804835,0.17260513490010168,0.02265424870959799,,,,,,,K001+KI03+KA05
svm,raw,target_real,0.6570915619389587,0.5992243013290935,0.1657274883155304,0.5010802159021409,0.178390688195352,0.4578096947935368,0.17450980392156862,0.05296229802513465,0.9012567324955116,0.3107569721115538,0.144524236983842,K001+KI03+KA05
svm,temperature,target_real,0.6570915619389587,0.5992243013290935,0.2616562544718941,0.5792695007009312,0.1826835392728601,0.5017953321364452,0.19320214669051877,0.04578096947935368,0.9030520646319569,0.3061630218687873,0.118491921005386,K001+KI03+KA05
svm,isotonic,target_real,0.6687612208258528,0.6222790364255147,0.2695528810125422,0.5853847169187076,0.290038472290749,0.670556552962298,0.214190093708166,0.0,0.9596050269299821,0.3274087932647334,0.0,K001+KI03+KA05
xgboost,raw,source_holdout,0.8666666666666667,0.8663395986086577,0.049305799106756885,0.2202535972318449,0.04768713222344322,,,,,,,K001+KI03+KA05
xgboost,raw,target_real,0.6597845601436265,0.6111125154832023,0.25232566962657327,0.5609087150814371,0.1422074653412597,0.6247755834829444,0.1853448275862069,0.008976660682226212,0.7100538599640933,0.23261694058154236,0.38240574506283664,K001+KI03+KA05
xgboost,temperature,target_real,0.6597845601436265,0.6111125154832023,0.2391610941547374,0.5451646191482629,0.14210466018044451,0.6193895870736086,0.18115942028985507,0.008976660682226212,0.7136445242369839,0.2339622641509434,0.38061041292639136,K001+KI03+KA05
xgboost,isotonic,target_real,0.6588868940754039,0.6106032349407079,0.24767541104638102,0.5549118810767184,0.24425890899718766,0.6795332136445242,0.2192866578599736,0.0,0.7836624775583483,0.26918671248568155,0.0,K001+KI03+KA05
random_forest,raw,source_holdout,0.8833333333333333,0.881181762649688,0.10115673413357315,0.21447482281561114,0.04744563904296449,,,,,,,K001+KI03+KA06
random_forest,raw,target_real,0.6535008976660682,0.5956262251114938,0.17549766758601262,0.5086036490497904,0.16928398267220485,0.08348294434470377,0.03225806451612903,0.0,0.4838420107719928,0.14285714285714285,0.25493716337522443,K001+KI03+KA06
random_forest,temperature,target_real,0.6535008976660682,0.5956262251114938,0.11933176870086704,0.47021763738458405,0.16690400867160535,0.08348294434470377,0.03225806451612903,0.0,0.4955116696588869,0.1431159420289855,0.26481149012567323,K001+KI03+KA06
random_forest,isotonic,target_real,0.6642728904847397,0.6219586101329496,0.23396347423303443,0.5765612716906902,0.23763969975119068,0.5843806104129264,0.18433179723502305,0.0,0.9703770197486535,0.32469935245143383,0.0,K001+KI03+KA06
svm,raw,source_holdout,0.8833333333333333,0.8813388889717594,0.044953573602880444,0.1852363172667667,0.030378058889307245,,,,,,,K001+KI03+KA06
svm,raw,target_real,0.6499102333931778,0.5815421823558725,0.18228413825266343,0.5131054599028765,0.1837641922772757,0.30610412926391384,0.11436950146627566,0.009874326750448833,0.6947935368043088,0.24935400516795866,0.07271095152603231,K001+KI03+KA06
svm,temperature,target_real,0.6499102333931778,0.5815421823558725,0.19750563743905522,0.5239006187111438,0.1844413581698889,0.30700179533213645,0.11695906432748537,0.009874326750448833,0.6912028725314183,0.24675324675324675,0.06822262118491922,K001+KI03+KA06
svm,isotonic,target_real,0.6813285457809695,0.6346893500724509,0.22778349087221755,0.529485982429569,0.19967992024280937,0.8563734290843806,0.24947589098532494,0.0,0.9569120287253142,0.2945590994371482,0.0,K001+KI03+KA06
xgboost,raw,source_holdout,0.875,0.8720093306080567,0.06287784812351069,0.19608440016742756,0.033072518903198775,,,,,,,K001+KI03+KA06
xgboost,raw,target_real,0.651705565529623,0.5956312774558965,0.2602355382547344,0.570572341952944,0.14661434616154717,0.43447037701974867,0.07851239669421488,0.02244165170556553,0.7145421903052065,0.24371859296482412,0.36714542190305205,K001+KI03+KA06
xgboost,temperature,target_real,0.651705565529623,0.5956312774558965,0.21105406181691222,0.5151387371904832,0.14606899327890302,0.44165170556552963,0.08536585365853659,0.02333931777378815,0.6983842010771992,0.2352185089974293,0.3590664272890485,K001+KI03+KA06
xgboost,isotonic,target_real,0.6579892280071813,0.6129449282472571,0.26097298576739203,0.5876666507762515,0.21110080774411966,0.7863554757630161,0.2511415525114155,0.0,0.9910233393177738,0.33605072463768115,0.0,K001+KI03+KA06
random_forest,raw,source_holdout,0.8619246861924686,0.8606586351773924,0.07281530993882115,0.2402265313752287,0.06852725534837907,,,,,,,K001+KI03+KA07
random_forest,raw,target_real,0.6535008976660682,0.5959220897688264,0.17095579341552455,0.4984139006071024,0.1527390739175067,0.2253141831238779,0.0199203187250996,0.13375224416517056,0.43087971274685816,0.10416666666666667,0.2998204667863555,K001+KI03+KA07
random_forest,temperature,target_real,0.6535008976660682,0.5959220897688264,0.1669158794776262,0.49530116723561773,0.15268959389671993,0.2244165170556553,0.02,0.13375224416517056,0.43177737881508077,0.10395010395010396,0.3052064631956912,K001+KI03+KA07
random_forest,isotonic,target_real,0.6526032315978456,0.6037466142351139,0.19592415762859222,0.5263836747504232,0.20109456045164056,0.43087971274685816,0.125,0.0,0.7019748653500898,0.24680306905370844,0.0,K001+KI03+KA07
svm,raw,source_holdout,0.8661087866108786,0.8634542797768447,0.05208170005645484,0.21202401412937044,0.04171975994597855,,,,,,,K001+KI03+KA07
svm,raw,target_real,0.6535008976660682,0.5840874063368074,0.17202177278129965,0.5043386708895504,0.175361992721624,0.1822262118491921,0.06403940886699508,0.010771992818671455,0.6274685816876122,0.23319027181688126,0.15350089766606823,K001+KI03+KA07
svm,temperature,target_real,0.6535008976660682,0.5840874063368074,0.19765324466875933,0.5209585341257167,0.1764774912088116,0.17684021543985637,0.06598984771573604,0.009874326750448833,0.6157989228007181,0.2303206997084548,0.16696588868940754,K001+KI03+KA07
svm,isotonic,target_real,0.6903052064631957,0.6500810217625584,0.2112298259377321,0.5354342032337825,0.21083921085614,0.6355475763016158,0.1850282485875706,0.0,0.9712746858168761,0.300369685767098,0.0,K001+KI03+KA07
xgboost,raw,source_holdout,0.8535564853556485,0.8519771987942818,0.07276373004314789,0.2234036164867829,0.05102176159220611,,,,,,,K001+KI03+KA07
xgboost,raw,target_real,0.6570915619389587,0.6015600172521259,0.2511802981850061,0.5649854547383214,0.1470047633469314,0.05206463195691203,0.06896551724137931,0.00718132854578097,0.729802513464991,0.24723247232472326,0.4021543985637343,K001+KI03+KA07
xgboost,temperature,target_real,0.6570915619389587,0.6015600172521259,0.2060553210623936,0.5146358887747916,0.14651618280563858,0.05475763016157989,0.06557377049180328,0.00807899461400359,0.7342908438061041,0.24572127139364303,0.3985637342908438,K001+KI03+KA07
xgboost,isotonic,target_real,0.6615798922800719,0.6203857040632523,0.22970651503114622,0.5367312586448991,0.18530849198880203,0.5888689407540395,0.17530487804878048,0.0,0.803411131059246,0.2636871508379888,0.0,K001+KI03+KA07
random_forest,raw,source_holdout,0.5875,0.5118389441386572,0.21553581672817612,0.6375653038268155,0.24282844142547338,,,,,,,K001+KI03+KA08
random_forest,raw,target_real,0.6427289048473968,0.5958637985325929,0.2063096898112275,0.5576047959095128,0.17990056854189979,0.15978456014362658,0.0449438202247191,0.0,0.2764811490125673,0.08441558441558442,0.18581687612208259,K001+KI03+KA08
random_forest,temperature,target_real,0.6427289048473968,0.5958637985325929,0.10343603229022642,0.4984984517699884,0.16478590635914553,0.15529622980251345,0.04046242774566474,0.0,0.4120287253141831,0.10021786492374728,0.2513464991023339,K001+KI03+KA08
random_forest,isotonic,target_real,0.6310592459605027,0.5775908125990179,0.10899044663268907,0.48470292191447856,0.2428893617242176,0.22800718132854578,0.05511811023622047,0.0,0.31867145421903054,0.10704225352112676,0.0,K001+KI03+KA08
svm,raw,source_holdout,0.6416666666666667,0.5588229833843869,0.17030967700113267,0.5730650061272325,0.19083931149472816,,,,,,,K001+KI03+KA08
svm,raw,target_real,0.6436265709156194,0.591662999702541,0.22557163082685286,0.5542102544801596,0.15612166258321805,0.3052064631956912,0.07647058823529412,0.08168761220825853,0.37971274685816875,0.09692671394799054,0.25673249551166966,K001+KI03+KA08
svm,temperature,target_real,0.6436265709156194,0.591662999702541,0.08258473842668508,0.48953473225916877,0.16682616840941106,0.2872531418312388,0.065625,0.08168761220825853,0.40754039497307004,0.11894273127753303,0.24775583482944344,K001+KI03+KA08
svm,isotonic,target_real,0.6427289048473968,0.5817963034035736,0.13679387959116143,0.5290159750344119,0.29757253919293747,0.17773788150807898,0.1414141414141414,0.0,0.17773788150807898,0.1414141414141414,0.0,K001+KI03+KA08
xgboost,raw,source_holdout,0.5875,0.5059191436649636,0.31619546910127005,0.6866458330826585,0.2657493464402875,,,,,,,K001+KI03+KA08
xgboost,raw,target_real,0.6364452423698385,0.5878401849868857,0.2913230948912605,0.6256670155464065,0.1688538771854312,0.05296229802513465,0.01694915254237288,0.03411131059245961,0.05296229802513465,0.01694915254237288,0.17235188509874327,K001+KI03+KA08
xgboost,temperature,target_real,0.6364452423698385,0.5878401849868857,0.12455792806551644,0.48532553518069493,0.16321613609710406,0.0763016157989228,0.011764705882352941,0.05026929982046679,0.0763016157989228,0.011764705882352941,0.21095152603231598,K001+KI03+KA08
xgboost,isotonic,target_real,0.6391382405745063,0.5893316466669414,0.13620626354106746,0.46823942911876937,0.24645899384683323,0.23877917414721722,0.10902255639097744,0.0,0.348294434470377,0.1134020618556701,0.0,K001+KI03+KA08
random_forest,raw,source_holdout,0.8907563025210085,0.8894730602660048,0.12153578934832382,0.2191972650834453,0.05843750400761455,,,,,,,K001+KI03+KA09
random_forest,raw,target_real,0.6561938958707361,0.5957455813113834,0.17167990405076247,0.5051367485078244,0.16259979343323527,0.19389587073608616,0.018518518518518517,0.13464991023339318,0.43177737881508077,0.11642411642411643,0.2585278276481149,K001+KI03+KA09
random_forest,temperature,target_real,0.6561938958707361,0.5957455813113834,0.15353327381765708,0.4917168992991902,0.1581348053014326,0.19120287253141832,0.018779342723004695,0.13464991023339318,0.4488330341113106,0.116,0.26929982046678635,K001+KI03+KA09
random_forest,isotonic,target_real,0.6490125673249552,0.6002063705367428,0.22677347125864322,0.5594564698226564,0.22381567028276464,0.5403949730700179,0.20431893687707642,0.0,0.7675044883303411,0.27251461988304093,0.0,K001+KI03+KA09
svm,raw,source_holdout,0.8823529411764706,0.8804027023042785,0.0472628815047082,0.188581741087476,0.03272074405173947,,,,,,,K001+KI03+KA09
svm,raw,target_real,0.651705565529623,0.5827204761713748,0.17668109598999737,0.5079381049985902,0.18353430542237054,0.31687612208258525,0.12181303116147309,0.0062836624775583485,0.6929982046678635,0.24481865284974094,0.06283662477558348,K001+KI03+KA09
svm,temperature,target_real,0.651705565529623,0.5827204761713748,0.1988676623712606,0.5235674768496152,0.1846148817410494,0.3087971274685817,0.11627906976744186,0.0062836624775583485,0.6929982046678635,0.24611398963730569,0.059245960502693,K001+KI03+KA09
svm,isotonic,target_real,0.6759425493716338,0.6306987344902971,0.25369655773849314,0.5679438378779293,0.22274135699249176,0.8608617594254937,0.2721584984358707,0.0,0.9991023339317774,0.32345013477088946,0.0,K001+KI03+KA09
xgboost,raw,source_holdout,0.8781512605042017,0.8748699915428074,0.06644487856816847,0.1946651412132645,0.038406273997203796,,,,,,,K001+KI03+KA09
xgboost,raw,target_real,0.6552962298025135,0.5993887701311117,0.25438090607764696,0.5695146122357178,0.15013912993555828,0.05565529622980251,0.03225806451612903,0.019748653500897665,0.7073608617594255,0.23477157360406092,0.3608617594254937,K001+KI03+KA09
xgboost,temperature,target_real,0.6552962298025135,0.5993887701311117,0.20916545910413997,0.5190769457471401,0.14951995814595628,0.06193895870736086,0.043478260869565216,0.02154398563734291,0.7163375224416517,0.24060150375939848,0.35368043087971274,K001+KI03+KA09
xgboost,isotonic,target_real,0.6723518850987432,0.6344755609870942,0.22928561639427775,0.5525230854063626,0.20901763609639867,0.6508078994614004,0.20413793103448277,0.0,0.9937163375224417,0.3252032520325203,0.0,K001+KI03+KA09
random_forest,raw,source_holdout,0.8487394957983193,0.8483757749194791,0.08518499927361586,0.2309455165906342,0.04760580336378509,,,,,,,K001+KI05+KA01
random_forest,raw,target_real,0.6400359066427289,0.5838922332612902,0.1868561790408279,0.523428760542688,0.17952942100149819,0.19030520646319568,0.05188679245283019,0.0,0.43177737881508077,0.13305613305613306,0.18940754039497307,K001+KI05+KA01
random_forest,temperature,target_real,0.6400359066427289,0.5838922332612902,0.15008325977993597,0.4955227197520841,0.1787485972506737,0.13375224416517056,0.026845637583892617,0.0,0.43357271095152605,0.13043478260869565,0.20287253141831238,K001+KI05+KA01
random_forest,isotonic,target_real,0.6499102333931778,0.593315103282085,0.23739507919257383,0.6029235334959123,0.24250081710439694,0.90754039497307,0.3155291790306627,0.0,0.9802513464991023,0.34065934065934067,0.0,K001+KI05+KA01
svm,raw,source_holdout,0.8781512605042017,0.8758759860576042,0.10218864362008218,0.21559636887819938,0.07378684639560161,,,,,,,K001+KI05+KA01
svm,raw,target_real,0.6391382405745063,0.5742928201754376,0.1773207124060467,0.5458905932839938,0.2503308855928968,0.07989228007181329,0.16853932584269662,0.0017953321364452424,0.5053859964093357,0.261101243339254,0.0017953321364452424,K001+KI05+KA01
svm,temperature,target_real,0.6391382405745063,0.5742928201754376,0.2392262120719656,0.5890804489546596,0.2533300284052383,0.0,,0.0017953321364452424,0.6104129263913824,0.2852941176470588,0.0017953321364452424,K001+KI05+KA01
svm,isotonic,target_real,0.6508078994614004,0.6040367087036963,0.28115288246720904,0.6240173257670469,0.29125134865166163,0.6858168761220825,0.2670157068062827,0.0,0.9964093357271095,0.34774774774774775,0.0,K001+KI05+KA01
xgboost,raw,source_holdout,0.8613445378151261,0.8602468819343679,0.07407390845923865,0.21301042650341284,0.034854321349248533,,,,,,,K001+KI05+KA01
xgboost,raw,target_real,0.6508078994614004,0.5943438914027149,0.26243987979109884,0.5888054902121359,0.15697664456299357,0.40574506283662476,0.08185840707964602,0.003590664272890485,0.6759425493716338,0.23638778220451528,0.34290843806104127,K001+KI05+KA01
xgboost,temperature,target_real,0.6508078994614004,0.5943438914027149,0.19035238178910274,0.5119191126921029,0.1558134109632438,0.4066427289048474,0.0772626931567329,0.003590664272890485,0.6714542190305206,0.23128342245989306,0.3473967684021544,K001+KI05+KA01
xgboost,isotonic,target_real,0.670556552962298,0.6279277867478462,0.2221059298832415,0.5675316128565053,0.20515053323765098,0.7495511669658886,0.23952095808383234,0.0,0.9964093357271095,0.327027027027027,0.0,K001+KI05+KA01
random_forest,raw,source_holdout,0.8458333333333333,0.8457004830917875,0.06892326212142881,0.22990433071033614,0.06985620132871184,,,,,,,K001+KI05+KA03
random_forest,raw,target_real,0.6472172351885098,0.5912474510854541,0.18346873086452464,0.5226784675742764,0.18093038557614996,0.0,,0.0,0.44703770197486536,0.14457831325301204,0.2163375224416517,K001+KI05+KA03
random_forest,temperature,target_real,0.6472172351885098,0.5912474510854541,0.10882183615904224,0.4754877597476255,0.17934715121778785,0.0,,0.0,0.4524236983842011,0.14285714285714285,0.21543985637342908,K001+KI05+KA03
random_forest,isotonic,target_real,0.6696588868940754,0.630649238691038,0.2134558426222952,0.5513025317849835,0.26445789760772637,0.5673249551166966,0.19936708860759494,0.0,0.9991023339317774,0.3297394429469901,0.0,K001+KI05+KA03
svm,raw,source_holdout,0.8708333333333333,0.8671250272386405,0.0447130467999766,0.19211183881773142,0.033700151405522835,,,,,,,K001+KI05+KA03
svm,raw,target_real,0.6364452423698385,0.5706531186362156,0.17792116770961314,0.5421132575773814,0.22072141763702446,0.17055655296229802,0.08421052631578947,0.004488330341113106,0.6535008976660682,0.2815934065934066,0.05655296229802514,K001+KI05+KA03
svm,temperature,target_real,0.6364452423698385,0.5706531186362156,0.20196220457837483,0.5580461647468516,0.22214957674443161,0.14991023339317774,0.0658682634730539,0.004488330341113106,0.644524236983842,0.2827298050139276,0.05565529622980251,K001+KI05+KA03
svm,isotonic,target_real,0.6822262118491921,0.6461572156154736,0.2305311733099444,0.5420914165260963,0.20702761596201752,0.8662477558348295,0.2601036269430052,0.0,0.9685816876122083,0.303985171455051,0.0,K001+KI05+KA03
xgboost,raw,source_holdout,0.8625,0.8611972257133548,0.07738075988988083,0.2068437016842576,0.03184387814065523,,,,,,,K001+KI05+KA03
xgboost,raw,target_real,0.6526032315978456,0.5941590222471036,0.25954676490390755,0.5841762113859236,0.158247450228513,0.3644524236983842,0.07389162561576355,0.00807899461400359,0.6921005385996409,0.24643320363164722,0.3096947935368043,K001+KI05+KA03
xgboost,temperature,target_real,0.6526032315978456,0.5941590222471036,0.19195249057049818,0.5127545352088851,0.1575395564717367,0.3357271095152603,0.06149732620320856,0.00718132854578097,0.6687612208258528,0.23087248322147652,0.30251346499102333,K001+KI05+KA03
xgboost,isotonic,target_real,0.6642728904847397,0.624339516788278,0.23455821867965693,0.5774605570197074,0.20776407014747972,0.7585278276481149,0.24260355029585798,0.0,0.9596050269299821,0.32179607109448083,0.0,K001+KI05+KA03
random_forest,raw,source_holdout,0.875,0.8753203554993837,0.14584071848879498,0.20832424390629944,0.027617562603420062,,,,,,,K001+KI05+KA05
random_forest,raw,target_real,0.6454219030520646,0.5912738552289744,0.1674657541861304,0.48968190355372504,0.1655310577179201,0.6481149012567325,0.22022160664819945,0.0,0.8375224416517055,0.3033226152197213,0.2612208258527828,K001+KI05+KA05
random_forest,temperature,target_real,0.6454219030520646,0.5912738552289744,0.2654428873083722,0.5864079252046913,0.16783668775454033,0.6283662477558348,0.21571428571428572,0.0,0.8339317773788151,0.30462863293864373,0.2719928186714542,K001+KI05+KA05
random_forest,isotonic,target_real,0.6526032315978456,0.6059929183772824,0.27839256276999663,0.6026198254985251,0.2836626762289248,0.7594254937163375,0.2695035460992908,0.0,0.940754039497307,0.32729007633587787,0.0,K001+KI05+KA05
svm,raw,source_holdout,0.925,0.9241814122266714,0.13869719864045793,0.15855046815306828,0.017600130036714616,,,,,,,K001+KI05+KA05
svm,raw,target_real,0.6454219030520646,0.5913078330387197,0.15678356227159088,0.5312247280255523,0.21468350301308023,0.552064631956912,0.2731707317073171,0.04578096947935368,0.9192100538599641,0.330078125,0.11669658886894076,K001+KI05+KA05
svm,temperature,target_real,0.6454219030520646,0.5913078330387197,0.270441137345097,0.6117541388201924,0.22164448626861222,0.5727109515260324,0.2852664576802508,0.03770197486535009,0.9443447037701975,0.33745247148288976,0.11041292639138241,K001+KI05+KA05
svm,isotonic,target_real,0.6499102333931778,0.6027931776544745,0.29337851870695514,0.6224212561615511,0.29885985567846435,0.5960502692998204,0.26656626506024095,0.0,0.981149012567325,0.3458371454711802,0.0,K001+KI05+KA05
xgboost,raw,source_holdout,0.85,0.850264407583386,0.07775257316728433,0.2213945181211844,0.04025286972278297,,,,,,,K001+KI05+KA05
xgboost,raw,target_real,0.6660682226211849,0.6165365904181394,0.24689296725301382,0.5608463656198492,0.15065625911536198,0.6508078994614004,0.21517241379310345,0.00718132854578097,0.748653500897666,0.25539568345323743,0.3267504488330341,K001+KI05+KA05
xgboost,temperature,target_real,0.6660682226211849,0.6165365904181394,0.22735563878035972,0.5387598947680733,0.15031023349827236,0.6454219030520646,0.2114047287899861,0.00718132854578097,0.7594254937163375,0.25886524822695034,0.3267504488330341,K001+KI05+KA05
xgboost,isotonic,target_real,0.6687612208258528,0.6229485930993884,0.2235323833381706,0.5388925094961357,0.2385069430590528,0.703770197486535,0.2385204081632653,0.0,0.7504488330341114,0.25717703349282295,0.0,K001+KI05+KA05
random_forest,raw,source_holdout,0.8541666666666666,0.8543525480367585,0.07299456452557304,0.2308898212194371,0.04862984910697485,,,,,,,K001+KI05+KA06
random_forest,raw,target_real,0.6472172351885098,0.5915223665223664,0.18286949993287602,0.5226974843453149,0.18228275513493966,0.09605026929982047,0.028037383177570093,0.0,0.46409335727109513,0.1470019342359768,0.24057450628366248,K001+KI05+KA06
random_forest,temperature,target_real,0.6472172351885098,0.5915223665223664,0.14374876753307878,0.49614740833001253,0.1796972285667886,0.09605026929982047,0.028037383177570093,0.0,0.4658886894075404,0.15028901734104047,0.2513464991023339,K001+KI05+KA06
random_forest,isotonic,target_real,0.6490125673249552,0.6023454741372981,0.24522247864526675,0.5911401640997,0.2279755901601868,0.6606822262118492,0.22282608695652173,0.0,0.9937163375224417,0.34688346883468835,0.0,K001+KI05+KA06
svm,raw,source_holdout,0.875,0.8716524515636613,0.0416067243239033,0.18958577877321517,0.03265864247032271,,,,,,,K001+KI05+KA06
svm,raw,target_real,0.6364452423698385,0.571274239711578,0.17822597577414767,0.5409714089689902,0.2174888849891569,0.29533213644524237,0.14893617021276595,0.00718132854578097,0.651705565529623,0.28236914600550966,0.08348294434470377,K001+KI05+KA06
svm,temperature,target_real,0.6364452423698385,0.571274239711578,0.20110773370472979,0.5561120170779988,0.21888034555585686,0.2881508078994614,0.14953271028037382,0.00718132854578097,0.6391382405745063,0.2808988764044944,0.07989228007181329,K001+KI05+KA06
svm,isotonic,target_real,0.6759425493716338,0.6351034414742623,0.22790419859232797,0.546056938965337,0.2071467860747247,0.8626570915619389,0.26742976066597296,0.0,0.9551166965888689,0.30451127819548873,0.0,K001+KI05+KA06
xgboost,raw,source_holdout,0.8625,0.8612423525430982,0.0783338977644841,0.21588834535784382,0.034621747521992756,,,,,,,K001+KI05+KA06
xgboost,raw,target_real,0.6499102333931778,0.5915163605781455,0.26238966496457317,0.5837933938878711,0.15639224000050106,0.3527827648114901,0.06361323155216285,0.008976660682226212,0.7118491921005387,0.25346784363177804,0.3249551166965889,K001+KI05+KA06
xgboost,temperature,target_real,0.6499102333931778,0.5915163605781455,0.18999088326457175,0.5082172082627912,0.1558257783164537,0.35547576301615796,0.06313131313131314,0.005385996409335727,0.6741472172351886,0.22902796271637815,0.3258527827648115,K001+KI05+KA06
xgboost,isotonic,target_real,0.6508078994614004,0.6050604900911147,0.25088029681901985,0.5950130828347479,0.21661579667900083,0.7791741472172352,0.25806451612903225,0.0,0.9874326750448833,0.34363636363636363,0.0,K001+KI05+KA06
random_forest,raw,source_holdout,0.8410041841004184,0.84147114764288,0.07279871708996906,0.2524348650539213,0.07110312098957591,,,,,,,K001+KI05+KA07
random_forest,raw,target_real,0.6436265709156194,0.5879454427955878,0.17678062072864117,0.5099382987031188,0.16609475237533572,0.1319569120287253,0.02040816326530612,0.09605026929982047,0.41651705565529623,0.12284482758620689,0.2719928186714542,K001+KI05+KA07
random_forest,temperature,target_real,0.6436265709156194,0.5879454427955878,0.16237267978217576,0.499234994551464,0.16584339821887223,0.13285457809694792,0.02027027027027027,0.09605026929982047,0.41741472172351884,0.12258064516129032,0.26750448833034113,K001+KI05+KA07
random_forest,isotonic,target_real,0.6382405745062837,0.5916641148556554,0.20930136606633448,0.5312237549564865,0.20286765304161966,0.47666068222621183,0.14689265536723164,0.0,0.7199281867145422,0.2581047381546135,0.0,K001+KI05+KA07
svm,raw,source_holdout,0.8577405857740585,0.8539162788372904,0.05432821402185685,0.2194488779922855,0.045934147304111266,,,,,,,K001+KI05+KA07
svm,raw,target_real,0.6427289048473968,0.5749715674421557,0.16734844629843432,0.5282789020514229,0.20754183259626602,0.1651705565529623,0.08152173913043478,0.011669658886894075,0.5789946140035906,0.26356589147286824,0.13016157989228008,K001+KI05+KA07
svm,temperature,target_real,0.6427289048473968,0.5749715674421557,0.19336531584729696,0.544708675131581,0.2089074021502433,0.15439856373429084,0.0755813953488372,0.010771992818671455,0.585278276481149,0.26533742331288346,0.12567324955116696,K001+KI05+KA07
svm,isotonic,target_real,0.670556552962298,0.632518214824453,0.226120040955906,0.5588133427658006,0.22729178291166302,0.5574506283662477,0.18518518518518517,0.0,0.9991023339317774,0.3288409703504043,0.0,K001+KI05+KA07
xgboost,raw,source_holdout,0.8451882845188284,0.8441750260324542,0.10350206107774038,0.23964042842376074,0.049938470311722376,,,,,,,K001+KI05+KA07
xgboost,raw,target_real,0.6535008976660682,0.594221428500148,0.25784755413900373,0.5783363080525981,0.15626113348366732,0.025134649910233394,0.07142857142857142,0.003590664272890485,0.6714542190305206,0.232620320855615,0.33213644524236985,K001+KI05+KA07
xgboost,temperature,target_real,0.6535008976660682,0.594221428500148,0.1923428862628419,0.5113545114643699,0.15525016083579646,0.026929982046678635,0.06666666666666667,0.005385996409335727,0.6885098743267505,0.23598435462842243,0.32854578096947934,K001+KI05+KA07
xgboost,isotonic,target_real,0.6597845601436265,0.6221874724375781,0.21030368295520796,0.5300143016222622,0.1982281133889412,0.5565529622980251,0.16129032258064516,0.0,0.8761220825852782,0.3043032786885246,0.0,K001+KI05+KA07
random_forest,raw,source_holdout,0.5916666666666667,0.523850223850224,0.21323202855938406,0.650370479278681,0.25682696303903746,,,,,,,K001+KI05+KA08
random_forest,raw,target_real,0.6391382405745063,0.5965852056896305,0.21038993942644807,0.5649206776639343,0.1854929207926551,0.1436265709156194,0.0375,0.0,0.17504488330341114,0.041025641025641026,0.19030520646319568,K001+KI05+KA08
random_forest,temperature,target_real,0.6391382405745063,0.5965852056896305,0.11542973554596515,0.521109183100885,0.1840028025931157,0.14093357271095153,0.03821656050955414,0.0,0.25583482944344704,0.08771929824561403,0.18491921005385997,K001+KI05+KA08
random_forest,isotonic,target_real,0.6247755834829444,0.5738938633238156,0.08040251297020302,0.47295222936593234,0.2287645321248671,0.1606822262118492,0.03910614525139665,0.0,0.17684021543985637,0.08629441624365482,0.16247755834829444,K001+KI05+KA08
svm,raw,source_holdout,0.6416666666666667,0.5633270587071121,0.19096534523813707,0.578630376428689,0.19526215509869804,,,,,,,K001+KI05+KA08
svm,raw,target_real,0.6364452423698385,0.5877226358465876,0.22604264749441408,0.5731989132051216,0.17836197490100622,0.2585278276481149,0.0798611111111111,0.07809694793536805,0.3402154398563734,0.13984168865435356,0.21723518850987433,K001+KI05+KA08
svm,temperature,target_real,0.6364452423698385,0.5877226358465876,0.05332778360908375,0.5074518526084784,0.1915027613146213,0.2504488330341113,0.06451612903225806,0.07809694793536805,0.2845601436265709,0.11041009463722397,0.20197486535008977,K001+KI05+KA08
svm,isotonic,target_real,0.6373429084380611,0.5987936336585259,0.08540696763682337,0.5168901686828089,0.3069913030293352,0.1687612208258528,0.13297872340425532,0.0,0.1687612208258528,0.13297872340425532,0.0,K001+KI05+KA08
xgboost,raw,source_holdout,0.5833333333333334,0.5086234726413817,0.33153965733945373,0.7168252317217505,0.23314649182098154,,,,,,,K001+KI05+KA08
xgboost,raw,target_real,0.6328545780969479,0.5827968948324798,0.29409911300271374,0.6266489665713612,0.17551536273147547,0.02244165170556553,0.0,0.04488330341113106,0.02244165170556553,0.0,0.10053859964093358,K001+KI05+KA08
xgboost,temperature,target_real,0.6328545780969479,0.5827968948324798,0.11439559855847455,0.4888922090974112,0.1708574244824063,0.02872531418312388,0.0,0.05206463195691203,0.02872531418312388,0.0,0.13285457809694792,K001+KI05+KA08
xgboost,isotonic,target_real,0.6283662477558348,0.5873435106806514,0.09776606098546144,0.45723908344322955,0.2395499431214766,0.29353680430879714,0.10397553516819572,0.0,0.31956912028725315,0.11235955056179775,0.0,K001+KI05+KA08
random_forest,raw,source_holdout,0.865546218487395,0.8654022278111276,0.11792515125435468,0.22870201991422523,0.05805923624763426,,,,,,,K001+KI05+KA09
random_forest,raw,target_real,0.6472172351885098,0.5919996057610737,0.18052557846429484,0.5167677841141245,0.16866391160041086,0.118491921005386,0.015151515151515152,0.11759425493716337,0.4254937163375224,0.1371308016877637,0.25583482944344704,K001+KI05+KA09
random_forest,temperature,target_real,0.6472172351885098,0.5919996057610737,0.15372057084547608,0.4944106663775578,0.16815972048495254,0.11938958707360861,0.015037593984962405,0.11669658886894076,0.4281867145421903,0.13836477987421383,0.24057450628366248,K001+KI05+KA09
random_forest,isotonic,target_real,0.6463195691202872,0.5973520441899484,0.21458622543841413,0.5590821943293293,0.22494053782817344,0.5152603231597845,0.1794425087108014,0.0,0.8087971274685817,0.3052164261931188,0.0,K001+KI05+KA09
svm,raw,source_holdout,0.8739495798319328,0.870656980954931,0.052714689318974536,0.19454297159601575,0.03571286695148895,,,,,,,K001+KI05+KA09
svm,raw,target_real,0.6400359066427289,0.573674027664638,0.1708805403625111,0.5354988978061839,0.21879394189278825,0.1570915619389587,0.07428571428571429,0.003590664272890485,0.6346499102333932,0.28005657708628007,0.06193895870736086,K001+KI05+KA09
svm,temperature,target_real,0.6400359066427289,0.573674027664638,0.19911944170042106,0.5536042158665073,0.22051573105999442,0.14631956912028726,0.0736196319018405,0.003590664272890485,0.6113105924596051,0.28487518355359764,0.06014362657091562,K001+KI05+KA09
svm,isotonic,target_real,0.6651705565529623,0.6235740072472225,0.25067713052545987,0.5771531426064022,0.22728794962643978,0.7603231597845601,0.24557260920897284,0.0,0.9910233393177738,0.33061594202898553,0.0,K001+KI05+KA09
xgboost,raw,source_holdout,0.8571428571428571,0.8558714265848183,0.06612777947878634,0.2128068637467697,0.036467501253099194,,,,,,,K001+KI05+KA09
xgboost,raw,target_real,0.6561938958707361,0.5978216041457154,0.25538500568276035,0.5742320286284213,0.15549506694249782,0.37073608617594256,0.06779661016949153,0.009874326750448833,0.7495511669658886,0.2622754491017964,0.3105924596050269,K001+KI05+KA09
xgboost,temperature,target_real,0.6561938958707361,0.5978216041457154,0.19691984689576492,0.5133260999799664,0.1545062578026089,0.36894075403949733,0.06082725060827251,0.009874326750448833,0.7387791741472173,0.25394896719319565,0.3132854578096948,K001+KI05+KA09
xgboost,isotonic,target_real,0.6642728904847397,0.6272853713798595,0.22715168094672694,0.5525486021572522,0.1853803428699847,0.5870736086175943,0.18807339449541285,0.0,0.9533213644524237,0.3192090395480226,0.0,K001+KI05+KA09
random_forest,raw,source_holdout,0.7563025210084033,0.7449452444338478,0.11717853025506249,0.4144273096880601,0.11124577553580302,,,,,,,K001+KI07+KA01
random_forest,raw,target_real,0.6579892280071813,0.6045275042374089,0.18978763156005615,0.5060549902932443,0.15922152300463324,0.18850987432675045,0.02857142857142857,0.10053859964093358,0.4138240574506284,0.11496746203904555,0.2926391382405745,K001+KI07+KA01
random_forest,temperature,target_real,0.6579892280071813,0.6045275042374089,0.05042492152179048,0.42665752006375973,0.15211933524082752,0.22262118491921004,0.024193548387096774,0.10053859964093358,0.44703770197486536,0.11044176706827309,0.3240574506283663,K001+KI07+KA01
random_forest,isotonic,target_real,0.5897666068222621,0.508573899463146,0.20096327337030717,0.6371955158389007,0.2940006003823674,0.3518850987432675,0.16581632653061223,0.0,0.6633752244165171,0.28010825439783493,0.0,K001+KI07+KA01
svm,raw,source_holdout,0.7310924369747899,0.7188849895466886,0.15796218330738923,0.44453296502237,0.26186198766251323,,,,,,,K001+KI07+KA01
svm,raw,target_real,0.6741472172351886,0.6139248245905913,0.18599397235927823,0.48658424049898436,0.17392192815236734,0.16337522441651706,0.07692307692307693,0.0008976660682226212,0.16337522441651706,0.07692307692307693,0.10143626570915619,K001+KI07+KA01
svm,temperature,target_real,0.6741472172351886,0.6139248245905913,0.09362389287552635,0.43729526170591426,0.17228428692883735,0.17504488330341114,0.07692307692307693,0.0008976660682226212,0.17504488330341114,0.07692307692307693,0.12926391382405744,K001+KI07+KA01
svm,isotonic,target_real,0.6840215439856373,0.629141588500667,0.18692567291136442,0.5502732478637593,0.2522088049150033,0.518850987432675,0.18166089965397925,0.0,0.7387791741472173,0.2332928311057108,0.0,K001+KI07+KA01
xgboost,raw,source_holdout,0.7521008403361344,0.7396568570306786,0.17406798423338335,0.4374109481930235,0.09960691746420149,,,,,,,K001+KI07+KA01
xgboost,raw,target_real,0.6678635547576302,0.6124403050220807,0.26351098716259,0.5721078968958051,0.14481127301199276,0.05565529622980251,0.03225806451612903,0.012567324955116697,0.4991023339317774,0.1223021582733813,0.3527827648114901,K001+KI07+KA01
xgboost,temperature,target_real,0.6678635547576302,0.6124403050220807,0.0965241972106699,0.42656570980971925,0.14285621942538193,0.03231597845601436,0.05555555555555555,0.012567324955116697,0.4757630161579892,0.10943396226415095,0.3608617594254937,K001+KI07+KA01
xgboost,isotonic,target_real,0.6032315978456014,0.5408688138875271,0.22254601303155677,0.6030257052401223,0.20720369395508667,0.6077199281867145,0.20974889217134415,0.0,0.6741472172351886,0.25432756324900135,0.0,K001+KI07+KA01
random_forest,raw,source_holdout,0.7583333333333333,0.7458814311013287,0.12253690426709732,0.41615887284038866,0.11435032355250098,,,,,,,K001+KI07+KA03
random_forest,raw,target_real,0.6561938958707361,0.6015763298652145,0.19103871498018427,0.5067549461981001,0.1591875265033915,0.17055655296229802,0.03684210526315789,0.11938958707360861,0.40484739676840215,0.10421286031042129,0.23877917414721722,K001+KI07+KA03
random_forest,temperature,target_real,0.6561938958707361,0.6015763298652145,0.05088678637317236,0.426272472534695,0.15372026141377537,0.15439856373429084,0.03488372093023256,0.11579892280071813,0.43177737881508077,0.10187110187110188,0.2621184919210054,K001+KI07+KA03
random_forest,isotonic,target_real,0.6113105924596051,0.5485732050085014,0.17787060371943822,0.5494072221269031,0.21606054833285807,0.3500897666068223,0.08461538461538462,0.0,0.4910233393177738,0.14625228519195613,0.0,K001+KI07+KA03
svm,raw,source_holdout,0.725,0.7119350780475814,0.11334887009980513,0.420178752925843,0.11221992189155006,,,,,,,K001+KI07+KA03
svm,raw,target_real,0.6732495511669659,0.6118082539700895,0.1908965390376161,0.4855172935067427,0.15986497481941211,0.28994614003590663,0.07739938080495357,0.004488330341113106,0.5287253141831239,0.1799660441426146,0.19838420107719928,K001+KI07+KA03
svm,temperature,target_real,0.6732495511669659,0.6118082539700895,0.061704229203050576,0.41984759562545715,0.15794271557561732,0.2989228007181329,0.07807807807807808,0.004488330341113106,0.5556552962298025,0.1890145395799677,0.19838420107719928,K001+KI07+KA03
svm,isotonic,target_real,0.6642728904847397,0.6128471119579407,0.1987465129661229,0.5730589890883907,0.2839596843706947,0.6481149012567325,0.20914127423822715,0.0,0.755834829443447,0.2660332541567696,0.0,K001+KI07+KA03
xgboost,raw,source_holdout,0.7333333333333333,0.7198228459364127,0.17913811070223645,0.43542926919338687,0.10035601026624538,,,,,,,K001+KI07+KA03
xgboost,raw,target_real,0.6597845601436265,0.6037018993102635,0.2644346007271343,0.5720158066984851,0.14318170941868413,0.06373429084380611,0.028169014084507043,0.012567324955116697,0.5044883303411131,0.11743772241992882,0.3850987432675045,K001+KI07+KA03
xgboost,temperature,target_real,0.6597845601436265,0.6037018993102635,0.10283402021699048,0.4285957808153904,0.1418923852840604,0.03411131059245961,0.02631578947368421,0.011669658886894075,0.5026929982046678,0.11428571428571428,0.37163375224416517,K001+KI07+KA03
xgboost,isotonic,target_real,0.6059245960502693,0.5416246090130167,0.20867414043705296,0.5684979850449259,0.1920598050144995,0.4353680430879713,0.10927835051546392,0.0,0.6220825852782765,0.21212121212121213,0.25314183123877915,K001+KI07+KA03
random_forest,raw,source_holdout,0.7458333333333333,0.7342549954633211,0.052286687969718644,0.41557792315051784,0.20116912426922387,,,,,,,K001+KI07+KA05
random_forest,raw,target_real,0.6597845601436265,0.6069494979193976,0.18040492481029102,0.48375633858989425,0.15383671611225594,0.3635547576301616,0.07654320987654321,0.0,0.3635547576301616,0.07654320987654321,0.3096947935368043,K001+KI07+KA05
random_forest,temperature,target_real,0.6597845601436265,0.6069494979193976,0.12998518481446963,0.4467559163921722,0.1519127372848836,0.3725314183123878,0.0746987951807229,0.0,0.3725314183123878,0.0746987951807229,0.3258527827648115,K001+KI07+KA05
random_forest,isotonic,target_real,0.6543985637342908,0.6019459129141177,0.2089323433393142,0.5462185800483482,0.23563098546427025,0.4622980251346499,0.1203883495145631,0.0,0.6624775583482945,0.22493224932249323,0.0,K001+KI07+KA05
svm,raw,source_holdout,0.7708333333333334,0.758631844507092,0.05169248293277105,0.37804318397012093,0.12285032665793283,,,,,,,K001+KI07+KA05
svm,raw,target_real,0.6912028725314183,0.6427145591982627,0.16468351375444534,0.46490280295627384,0.14892496857563195,0.4578096947935368,0.13529411764705881,0.0466786355475763,0.5610412926391383,0.1728,0.2199281867145422,K001+KI07+KA05
svm,temperature,target_real,0.6912028725314183,0.6427145591982627,0.09495144467055014,0.4252991007334398,0.14680792072658472,0.447935368043088,0.1282565130260521,0.04937163375224417,0.5646319569120287,0.17011128775834658,0.24326750448833034,K001+KI07+KA05
svm,isotonic,target_real,0.677737881508079,0.616742439538397,0.20818446039030875,0.5333745765022715,0.2538500695261439,0.39587073608617596,0.14058956916099774,0.0,0.6858168761220825,0.2107329842931937,0.0,K001+KI07+KA05
xgboost,raw,source_holdout,0.7125,0.7039818274851534,0.1676492360730966,0.479005219756208,0.21171864284114067,,,,,,,K001+KI07+KA05
xgboost,raw,target_real,0.670556552962298,0.6234066229231418,0.25552618760394885,0.559475093271493,0.1395696206258778,0.2746858168761221,0.029411764705882353,0.005385996409335727,0.2746858168761221,0.029411764705882353,0.37073608617594256,K001+KI07+KA05
xgboost,temperature,target_real,0.670556552962298,0.6234066229231418,0.1182247056384719,0.430933169528856,0.13816288325114992,0.2414721723518851,0.03345724907063197,0.00718132854578097,0.2414721723518851,0.03345724907063197,0.36714542190305205,K001+KI07+KA05
xgboost,isotonic,target_real,0.6678635547576302,0.6223636304994772,0.17544408591409694,0.5161262074365287,0.22220883914955306,0.4748653500897666,0.12098298676748583,0.0,0.5323159784560144,0.14839797639123103,0.0,K001+KI07+KA05
random_forest,raw,source_holdout,0.7583333333333333,0.7458814311013287,0.11849339474781823,0.41442009462490415,0.1113790305343609,,,,,,,K001+KI07+KA06
random_forest,raw,target_real,0.6597845601436265,0.6062072600884693,0.18836466263412294,0.5055799380679032,0.15976233685336672,0.1992818671454219,0.036036036036036036,0.08258527827648116,0.4021543985637343,0.109375,0.27019748653500897,K001+KI07+KA06
random_forest,temperature,target_real,0.6597845601436265,0.6062072600884693,0.043637210309364446,0.42585515446945527,0.1540739138301683,0.1732495511669659,0.04145077720207254,0.08258527827648116,0.42100538599640935,0.09808102345415778,0.3016157989228007,K001+KI07+KA06
random_forest,isotonic,target_real,0.6157989228007181,0.5510661336491057,0.18079190454289193,0.5841215945293136,0.25286246029714304,0.388689407540395,0.11778290993071594,0.0,0.63016157989228,0.2492877492877493,0.0,K001+KI07+KA06
svm,raw,source_holdout,0.725,0.7119350780475814,0.11346755996612565,0.41769738378326976,0.11139858529023937,,,,,,,K001+KI07+KA06
svm,raw,target_real,0.6768402154398564,0.6152966585241083,0.1871558850375521,0.4837349035475141,0.1578890046658335,0.23877917414721722,0.06390977443609022,0.004488330341113106,0.5197486535008977,0.17616580310880828,0.22172351885098743,K001+KI07+KA06
svm,temperature,target_real,0.6768402154398564,0.6152966585241083,0.050030332818070136,0.4145827937942219,0.15538190621966297,0.24865350089766608,0.05776173285198556,0.004488330341113106,0.5601436265709157,0.1891025641025641,0.22351885098743268,K001+KI07+KA06
svm,isotonic,target_real,0.6364452423698385,0.5768209708827702,0.23130468746891567,0.6223649205178131,0.3323077778348575,0.7010771992818672,0.2727272727272727,0.0,0.8473967684021544,0.3347457627118644,0.0,K001+KI07+KA06
xgboost,raw,source_holdout,0.7416666666666667,0.7281949338875334,0.17652073552211123,0.4350214809568132,0.096781105684053,,,,,,,K001+KI07+KA06
xgboost,raw,target_real,0.6615798922800719,0.6059928070540248,0.26280749708253565,0.5694152426789623,0.14277958754622236,0.12746858168761221,0.02112676056338028,0.01436265709156194,0.48922800718132853,0.11376146788990826,0.3868940754039497,K001+KI07+KA06
xgboost,temperature,target_real,0.6615798922800719,0.6059928070540248,0.1000233366391963,0.4288085569147759,0.1412036699012491,0.07271095152603231,0.024691358024691357,0.01526032315978456,0.47666068222621183,0.10357815442561205,0.3850987432675045,K001+KI07+KA06
xgboost,isotonic,target_real,0.6113105924596051,0.5526092376199442,0.21981011813291212,0.5972265346429794,0.20435766198074623,0.625673249551167,0.22094691535150646,0.0,0.7100538599640933,0.2831858407079646,0.0,K001+KI07+KA06
random_forest,raw,source_holdout,0.7322175732217573,0.7220502942750132,0.10238473990313648,0.44458562557147835,0.16034453341617394,,,,,,,K001+KI07+KA07
random_forest,raw,target_real,0.6615798922800719,0.6064521292565029,0.1811479934668867,0.49502386221163674,0.15386718120198814,0.2333931777378815,0.023076923076923078,0.15439856373429084,0.3653500897666068,0.08845208845208845,0.2989228007181329,K001+KI07+KA07
random_forest,temperature,target_real,0.6615798922800719,0.6064521292565029,0.06704425999149508,0.4306390618841294,0.15035614038691814,0.25493716337522443,0.02112676056338028,0.14631956912028726,0.388689407540395,0.08775981524249422,0.3096947935368043,K001+KI07+KA07
random_forest,isotonic,target_real,0.6490125673249552,0.577390352374303,0.14782402584767768,0.5191552376426664,0.18136987518449926,0.43087971274685816,0.10625,0.0,0.507181328545781,0.1433628318584071,0.0,K001+KI07+KA07
svm,raw,source_holdout,0.7071129707112971,0.6977311750551048,0.10691630969943458,0.44646312956076556,0.13971305686186228,,,,,,,K001+KI07+KA07
svm,raw,target_real,0.6750448833034112,0.6127898388814832,0.1844117658727274,0.4775180034512883,0.14668050385375078,0.31867145421903054,0.07887323943661972,0.09156193895870736,0.507181328545781,0.15575221238938053,0.24775583482944344,K001+KI07+KA07
svm,temperature,target_real,0.6750448833034112,0.6127898388814832,0.06568298205893244,0.41376149648693933,0.14545600311928836,0.3240574506283663,0.06925207756232687,0.09156193895870736,0.5457809694793537,0.1611842105263158,0.27019748653500897,K001+KI07+KA07
svm,isotonic,target_real,0.6678635547576302,0.6170055274536234,0.1612471587854607,0.5146002121501088,0.22261380602196287,0.4497307001795332,0.10778443113772455,0.0,0.5619389587073609,0.17412140575079874,0.0,K001+KI07+KA07
xgboost,raw,source_holdout,0.7196652719665272,0.7084777179929459,0.19224990636235,0.4762969471868694,0.1378792146757222,,,,,,,K001+KI07+KA07
xgboost,raw,target_real,0.6687612208258528,0.6148253078410771,0.25784077245200343,0.5676247201829787,0.14250286707515356,0.12028725314183124,0.029850746268656716,0.017953321364452424,0.45152603231597843,0.08349900596421471,0.36894075403949733,K001+KI07+KA07
xgboost,temperature,target_real,0.6687612208258528,0.6148253078410771,0.10052328401293792,0.4283208796898917,0.14091157325541517,0.03770197486535009,0.023809523809523808,0.019748653500897665,0.4066427289048474,0.06622516556291391,0.36894075403949733,K001+KI07+KA07
xgboost,isotonic,target_real,0.6355475763016158,0.5811899504550964,0.18073367732488155,0.5335361604528807,0.17655992216479058,0.3868940754039497,0.0765661252900232,0.0,0.45691202872531417,0.12573673870333987,0.2639138240574506,K001+KI07+KA07
random_forest,raw,source_holdout,0.4625,0.40934030177727654,0.3918018668693532,0.8835383773891389,0.4462650343689337,,,,,,,K001+KI07+KA08
random_forest,raw,target_real,0.6526032315978456,0.6083687442750612,0.2252003142383977,0.5616421892268086,0.1865995370883102,0.1867145421903052,0.07692307692307693,0.0,0.1867145421903052,0.07692307692307693,0.0,K001+KI07+KA08
random_forest,temperature,target_real,0.6526032315978456,0.6083687442750612,0.1524956392922904,0.5173799959454942,0.1810086750980371,0.18043087971274685,0.07462686567164178,0.0,0.18043087971274685,0.07462686567164178,0.0,K001+KI07+KA08
random_forest,isotonic,target_real,0.6391382405745063,0.5682892985586044,0.06312650114967062,0.4665256571193621,0.2036945175533468,0.3267504488330341,0.1043956043956044,0.0,0.3267504488330341,0.1043956043956044,0.0,K001+KI07+KA08
svm,raw,source_holdout,0.5125,0.4608443519959659,0.3427362618842049,0.8166010022444008,0.40329822437035545,,,,,,,K001+KI07+KA08
svm,raw,target_real,0.670556552962298,0.625355767313312,0.23313250163546811,0.538934649841588,0.14996042365869908,0.2917414721723519,0.052307692307692305,0.0718132854578097,0.2917414721723519,0.052307692307692305,0.28994614003590663,K001+KI07+KA08
svm,temperature,target_real,0.670556552962298,0.625355767313312,0.08195510133142407,0.4559509523043302,0.15033955119787765,0.3375224416517056,0.07180851063829788,0.0718132854578097,0.3375224416517056,0.07180851063829788,0.30789946140035906,K001+KI07+KA08
svm,isotonic,target_real,0.6427289048473968,0.5511588826440844,0.08053878459998531,0.4849333425816154,0.2106247952125578,0.23518850987432674,0.0916030534351145,0.0,0.23518850987432674,0.0916030534351145,0.0,K001+KI07+KA08
xgboost,raw,source_holdout,0.4583333333333333,0.40277447903118246,0.4761575532456239,0.9919022821887266,0.43985809531742726,,,,,,,K001+KI07+KA08
xgboost,raw,target_real,0.6543985637342908,0.6093783167002637,0.2910348805105665,0.6227897443843831,0.17144088010080233,0.07271095152603231,0.037037037037037035,0.01436265709156194,0.07271095152603231,0.037037037037037035,0.14542190305206462,K001+KI07+KA08
xgboost,temperature,target_real,0.6543985637342908,0.6093783167002637,0.15639372558695874,0.5168704734396392,0.16179525586499044,0.11310592459605028,0.023809523809523808,0.10053859964093358,0.11310592459605028,0.023809523809523808,0.19838420107719928,K001+KI07+KA08
xgboost,isotonic,target_real,0.6373429084380611,0.5544600778245637,0.05905181199620034,0.455684437861156,0.185733722560229,0.14272890484739678,0.03773584905660377,0.0,0.14272890484739678,0.03773584905660377,0.1813285457809695,K001+KI07+KA08
random_forest,raw,source_holdout,0.7521008403361344,0.740628697486026,0.10212785169295191,0.41763372888798544,0.13014996576668997,,,,,,,K001+KI07+KA09
random_forest,raw,target_real,0.6660682226211849,0.6119954057306883,0.1824095452705239,0.5024547405156875,0.1555363500779507,0.20377019748653502,0.030837004405286344,0.17235188509874327,0.37073608617594256,0.08232445520581114,0.2998204667863555,K001+KI07+KA09
random_forest,temperature,target_real,0.6660682226211849,0.6119954057306883,0.05510698753589864,0.4301418089095928,0.1518825383209676,0.19299820466786355,0.023255813953488372,0.17055655296229802,0.4030520646319569,0.0957683741648107,0.30700179533213645,K001+KI07+KA09
random_forest,isotonic,target_real,0.644524236983842,0.5733638230944919,0.15569343466485708,0.5504776880059421,0.20490521659948302,0.3114901256732496,0.07780979827089338,0.0,0.6095152603231598,0.21796759941089838,0.0,K001+KI07+KA09
svm,raw,source_holdout,0.7226890756302521,0.710728838499373,0.11039054970055895,0.4247490117793064,0.11897824671595517,,,,,,,K001+KI07+KA09
svm,raw,target_real,0.6768402154398564,0.6151536961346461,0.1865753842806466,0.4785576084704215,0.15304816148539513,0.30430879712746856,0.07669616519174041,0.05026929982046679,0.4982046678635548,0.15675675675675677,0.20825852782764812,K001+KI07+KA09
svm,temperature,target_real,0.6768402154398564,0.6151536961346461,0.054545375154871636,0.41362527113721376,0.15077143162208992,0.3240574506283663,0.07202216066481995,0.05026929982046679,0.5044883303411131,0.16548042704626334,0.22800718132854578,K001+KI07+KA09
svm,isotonic,target_real,0.6732495511669659,0.6209461884547581,0.1777950084839938,0.5492653146727225,0.2470010013702338,0.566427289048474,0.18541996830427893,0.0,0.6876122082585279,0.2349869451697128,0.0,K001+KI07+KA09
xgboost,raw,source_holdout,0.7394957983193278,0.7258144397974906,0.17583597207269747,0.44189952014481676,0.11228843887115178,,,,,,,K001+KI07+KA09
xgboost,raw,target_real,0.6633752244165171,0.6070964229040349,0.25978953430104723,0.5708925084506775,0.14587133355972645,0.11938958707360861,0.022556390977443608,0.01526032315978456,0.43895870736086173,0.081799591002045,0.36714542190305205,K001+KI07+KA09
xgboost,temperature,target_real,0.6633752244165171,0.6070964229040349,0.09904131553038933,0.43093338238398016,0.14408735060168165,0.05655296229802514,0.031746031746031744,0.017055655296229804,0.4658886894075404,0.09826589595375723,0.37881508078994613,K001+KI07+KA09
xgboost,isotonic,target_real,0.644524236983842,0.593446913372656,0.18640974331783747,0.5605601038002118,0.19004412900023834,0.44703770197486536,0.11646586345381527,0.0,0.6454219030520646,0.21974965229485396,0.0,K001+KI07+KA09
random_forest,raw,source_holdout,0.8438818565400844,0.8440510040666919,0.10420413748988927,0.26539123586484736,0.06399480965813233,,,,,,,K001+KI08+KA01
random_forest,raw,target_real,0.6508078994614004,0.5930163971860042,0.16601152685927636,0.5068676824549647,0.17594419552242824,0.1867145421903052,0.028846153846153848,0.09245960502692999,0.4380610412926391,0.13524590163934427,0.21813285457809695,K001+KI08+KA01
random_forest,temperature,target_real,0.6508078994614004,0.5930163971860042,0.1216456992011423,0.478986493665787,0.17428986241775082,0.19210053859964094,0.03271028037383177,0.09245960502692999,0.44165170556552963,0.13617886178861788,0.2199281867145422,K001+KI08+KA01
random_forest,isotonic,target_real,0.6409335727109515,0.580780137948922,0.21936043197552726,0.600560682269584,0.23741044768540256,0.7998204667863554,0.28619528619528617,0.0,0.9865350089766607,0.3548680618744313,0.0,K001+KI08+KA01
svm,raw,source_holdout,0.8185654008438819,0.8189412238325282,0.07424057599981893,0.27795408390937654,0.1199692475281895,,,,,,,K001+KI08+KA01
svm,raw,target_real,0.6409335727109515,0.5780637846645574,0.18241398531762665,0.5329252181781,0.22339783993603488,0.08617594254937164,0.09375,0.004488330341113106,0.08617594254937164,0.09375,0.03590664272890485,K001+KI08+KA01
svm,temperature,target_real,0.6409335727109515,0.5780637846645574,0.20471799207610036,0.5480669337553868,0.22386825112810432,0.08707360861759425,0.09278350515463918,0.004488330341113106,0.08707360861759425,0.09278350515463918,0.03770197486535009,K001+KI08+KA01
svm,isotonic,target_real,0.6606822262118492,0.6162959138202987,0.24833148978153213,0.584654824281853,0.24393396619182725,0.5179533213644524,0.1733102253032929,0.0,0.9712746858168761,0.32532347504621073,0.0,K001+KI08+KA01
xgboost,raw,source_holdout,0.8270042194092827,0.8270432286389733,0.09096616405977985,0.27801614829402643,0.06128729572411012,,,,,,,K001+KI08+KA01
xgboost,raw,target_real,0.6499102333931778,0.5919105543033719,0.2657911677174338,0.5816582216922906,0.15508722008446055,0.06193895870736086,0.028985507246376812,0.008976660682226212,0.42100538599640935,0.09594882729211088,0.3016157989228007,K001+KI08+KA01
xgboost,temperature,target_real,0.6499102333931778,0.5919105543033719,0.16294371405442346,0.47870562068780953,0.1548252748153523,0.05385996409335727,0.03333333333333333,0.00807899461400359,0.4371633752244165,0.11088295687885011,0.3249551166965889,K001+KI08+KA01
xgboost,isotonic,target_real,0.6436265709156194,0.5976064936750028,0.2218350708639793,0.5770397972536867,0.17700554867117596,0.43447037701974867,0.11570247933884298,0.0,0.8931777378815081,0.3035175879396985,0.18581687612208259,K001+KI08+KA01
random_forest,raw,source_holdout,0.8493723849372385,0.8492114201334059,0.1112116718801561,0.26252266181311873,0.063688691808367,,,,,,,K001+KI08+KA03
random_forest,raw,target_real,0.6490125673249552,0.5894844410939398,0.1666878226877394,0.5060614873149316,0.18099191716274604,0.15978456014362658,0.028089887640449437,0.0,0.39497307001795334,0.12272727272727273,0.22082585278276481,K001+KI08+KA03
random_forest,temperature,target_real,0.6490125673249552,0.5894844410939398,0.12245817854185306,0.4790288920712884,0.172152178444551,0.1651705565529623,0.02717391304347826,0.03949730700179533,0.4030520646319569,0.12026726057906459,0.21813285457809695,K001+KI08+KA03
random_forest,isotonic,target_real,0.6526032315978456,0.6071345659617388,0.19289110626718048,0.5484812742040472,0.18979776187628425,0.4012567324955117,0.10738255033557047,0.0,0.9919210053859964,0.34570135746606334,0.0,K001+KI08+KA03
svm,raw,source_holdout,0.8117154811715481,0.8115715983363042,0.053766876558096664,0.2576186616577439,0.05846744051169535,,,,,,,K001+KI08+KA03
svm,raw,target_real,0.6454219030520646,0.5799213724571156,0.18307162096848895,0.5252394928031866,0.1964590498886937,0.27289048473967686,0.10855263157894737,0.026929982046678635,0.5134649910233393,0.23776223776223776,0.1822262118491921,K001+KI08+KA03
svm,temperature,target_real,0.6454219030520646,0.5799213724571156,0.16126092741792142,0.5120645181205317,0.19592733038759347,0.2791741472172352,0.11254019292604502,0.026929982046678635,0.5098743267504489,0.23591549295774647,0.1813285457809695,K001+KI08+KA03
svm,isotonic,target_real,0.6912028725314183,0.6540155918777785,0.20840194925735633,0.5177216908941238,0.18940325183124504,0.8922800718132855,0.26961770623742454,0.0,0.9766606822262118,0.2977941176470588,0.0,K001+KI08+KA03
xgboost,raw,source_holdout,0.8284518828451883,0.8282494681871818,0.1139863946447811,0.28365573005312333,0.06169710274429293,,,,,,,K001+KI08+KA03
xgboost,raw,target_real,0.6463195691202872,0.5906735072491001,0.2647120613384075,0.578801181150343,0.15457463339632924,0.07809694793536805,0.022988505747126436,0.00807899461400359,0.44254937163375224,0.11764705882352941,0.34201077199281865,K001+KI08+KA03
xgboost,temperature,target_real,0.6463195691202872,0.5906735072491001,0.16017050502074787,0.47608388809388147,0.15464712626827398,0.07271095152603231,0.024691358024691357,0.00718132854578097,0.43895870736086173,0.11247443762781185,0.3141831238779174,K001+KI08+KA03
xgboost,isotonic,target_real,0.6463195691202872,0.6015953482842412,0.21383603160010833,0.5572520767303418,0.17425733429859017,0.44254937163375224,0.10953346855983773,0.0,0.8105924596050269,0.27353266888150607,0.18402154398563733,K001+KI08+KA03
random_forest,raw,source_holdout,0.8368200836820083,0.8374453433031447,0.1442035305613951,0.28810165686882205,0.0759212877653389,,,,,,,K001+KI08+KA05
random_forest,raw,target_real,0.644524236983842,0.5863584454603287,0.1588709887188285,0.48506893389640476,0.1626604892208654,0.37971274685816875,0.08983451536643026,0.11131059245960502,0.440754039497307,0.12016293279022404,0.26750448833034113,K001+KI08+KA05
random_forest,temperature,target_real,0.644524236983842,0.5863584454603287,0.2291489296977049,0.5466866302020147,0.16522026465250728,0.36894075403949733,0.0851581508515815,0.11220825852782765,0.4245960502692998,0.11627906976744186,0.2621184919210054,K001+KI08+KA05
random_forest,isotonic,target_real,0.6481149012567325,0.6044984544159446,0.2529952895410629,0.5657935402786133,0.23792385973651442,0.4730700179533214,0.13092979127134724,0.0,0.7127468581687613,0.23299748110831234,0.0,K001+KI08+KA05
svm,raw,source_holdout,0.8158995815899581,0.8168754233438257,0.07827625870276918,0.2651805850831995,0.08057632324506318,,,,,,,K001+KI08+KA05
svm,raw,target_real,0.6382405745062837,0.5856439968076174,0.16868657417593413,0.5238285371770623,0.20773205101993303,0.2989228007181329,0.16216216216216217,0.0933572710951526,0.4111310592459605,0.20087336244541484,0.1436265709156194,K001+KI08+KA05
svm,temperature,target_real,0.6382405745062837,0.5856439968076174,0.21791668309645512,0.5571509607218477,0.20960888177020442,0.296229802513465,0.1606060606060606,0.0933572710951526,0.4102333931777379,0.19912472647702406,0.1436265709156194,K001+KI08+KA05
svm,isotonic,target_real,0.6561938958707361,0.6115189258820669,0.24191491843093488,0.5813765179098186,0.30375095252171175,0.40484739676840215,0.1729490022172949,0.0,0.6795332136445242,0.2747688243064729,0.0,K001+KI08+KA05
xgboost,raw,source_holdout,0.7824267782426778,0.7830920311998425,0.10384999583455806,0.3306340128435155,0.12151722347194317,,,,,,,K001+KI08+KA05
xgboost,raw,target_real,0.6561938958707361,0.6082755482185003,0.2558903918339063,0.5656350511705247,0.15405053137035107,0.23159784560143626,0.04263565891472868,0.02064631956912029,0.23159784560143626,0.04263565891472868,0.27019748653500897,K001+KI08+KA05
xgboost,temperature,target_real,0.6561938958707361,0.6082755482185003,0.19227042850909767,0.4986573661760905,0.15421753151016301,0.18491921005385997,0.043689320388349516,0.017055655296229804,0.18491921005385997,0.043689320388349516,0.27289048473967686,K001+KI08+KA05
xgboost,isotonic,target_real,0.6552962298025135,0.6137555956004218,0.21279547923429787,0.5230907190345666,0.21469575090677628,0.4578096947935368,0.09411764705882353,0.0,0.5493716337522442,0.16176470588235295,0.0,K001+KI08+KA05
random_forest,raw,source_holdout,0.8535564853556485,0.8534760412195234,0.11750821371553327,0.26070775611645314,0.06297432944698832,,,,,,,K001+KI08+KA06
random_forest,raw,target_real,0.6499102333931778,0.5893757518325639,0.16532456311167035,0.5045299184191387,0.17123311377873734,0.1059245960502693,0.00847457627118644,0.10951526032315978,0.3904847396768402,0.12183908045977011,0.23608617594254938,K001+KI08+KA06
random_forest,temperature,target_real,0.6499102333931778,0.5893757518325639,0.12141524004025207,0.4772484005291055,0.1695916482204856,0.1059245960502693,0.00847457627118644,0.1059245960502693,0.40843806104129265,0.12087912087912088,0.23608617594254938,K001+KI08+KA06
random_forest,isotonic,target_real,0.6561938958707361,0.6136064174773852,0.19896447224976976,0.5589865426357388,0.1956991466055825,0.42010771992818674,0.11965811965811966,0.0,0.914721723518851,0.310107948969578,0.0,K001+KI08+KA06
svm,raw,source_holdout,0.8158995815899581,0.8159087104073951,0.036792750763628895,0.25214858163580656,0.05575426119704158,,,,,,,K001+KI08+KA06
svm,raw,target_real,0.6454219030520646,0.5805934662982731,0.1843199545689635,0.5231555364745862,0.19354146325498908,0.296229802513465,0.12424242424242424,0.02872531418312388,0.5233393177737882,0.23499142367066894,0.18761220825852784,K001+KI08+KA06
svm,temperature,target_real,0.6454219030520646,0.5805934662982731,0.16226379984816006,0.5082634356607677,0.19292453848967095,0.2800718132854578,0.11217948717948718,0.02872531418312388,0.5215439856373429,0.23235800344234078,0.18761220825852784,K001+KI08+KA06
svm,isotonic,target_real,0.6938958707360862,0.6567806891936233,0.20277750873711975,0.5098673560787687,0.17846655225958144,0.8904847396768402,0.2661290322580645,0.0,0.9685816876122083,0.293790546802595,0.0,K001+KI08+KA06
xgboost,raw,source_holdout,0.8242677824267782,0.8236198385575522,0.10641801544313156,0.2903357117310786,0.06158257365297993,,,,,,,K001+KI08+KA06
xgboost,raw,target_real,0.6436265709156194,0.5872038374416156,0.2681094845974253,0.580137578277113,0.15486693208203134,0.07989228007181329,0.02247191011235955,0.00718132854578097,0.5143626570915619,0.14136125654450263,0.3105924596050269,K001+KI08+KA06
xgboost,temperature,target_real,0.6436265709156194,0.5872038374416156,0.16059332596621576,0.47425863171983507,0.15492624066487937,0.08527827648114901,0.021052631578947368,0.0062836624775583485,0.4380610412926391,0.10245901639344263,0.3276481149012567,K001+KI08+KA06
xgboost,isotonic,target_real,0.6472172351885098,0.602793641344998,0.21837479694475526,0.5820416571453146,0.19089288309012242,0.4111310592459605,0.1091703056768559,0.0,0.8868940754039497,0.3107287449392713,0.0,K001+KI08+KA06
random_forest,raw,source_holdout,0.8613445378151261,0.8613514545717935,0.11619897244543233,0.255975038788426,0.07529361802049113,,,,,,,K001+KI08+KA07
random_forest,raw,target_real,0.6579892280071813,0.5967719409118045,0.15543183726682433,0.4884648833848828,0.15788745799374973,0.11669658886894076,0.0,0.15798922800718132,0.4120287253141831,0.11546840958605664,0.2414721723518851,K001+KI08+KA07
random_forest,temperature,target_real,0.6579892280071813,0.5967719409118045,0.11689540166405274,0.4658667334069644,0.15713297746643126,0.11131059245960502,0.0,0.15798922800718132,0.414721723518851,0.11255411255411256,0.24506283662477557,K001+KI08+KA07
random_forest,isotonic,target_real,0.6499102333931778,0.6006291598370558,0.20001538200669028,0.5357138265362931,0.24459647059789147,0.013464991023339317,0.5333333333333333,0.0,0.7082585278276481,0.2522179974651457,0.0,K001+KI08+KA07
svm,raw,source_holdout,0.8361344537815126,0.8342038564648068,0.0376069663701373,0.2375092693742238,0.053926379856539176,,,,,,,K001+KI08+KA07
svm,raw,target_real,0.6454219030520646,0.5777464124278012,0.17651736005661167,0.5066882340805267,0.18113873724219667,0.15350089766606823,0.04678362573099415,0.0062836624775583485,0.5888689407540395,0.22560975609756098,0.1651705565529623,K001+KI08+KA07
svm,temperature,target_real,0.6454219030520646,0.5777464124278012,0.18869977668307875,0.5151130962830659,0.1816248002624522,0.1526032315978456,0.047058823529411764,0.0062836624775583485,0.5870736086175943,0.22477064220183487,0.1651705565529623,K001+KI08+KA07
svm,isotonic,target_real,0.677737881508079,0.634778838366412,0.22137717414805694,0.5454843049448294,0.19895879618861634,0.6238779174147218,0.1712230215827338,0.0,0.9829443447037702,0.3150684931506849,0.0,K001+KI08+KA07
xgboost,raw,source_holdout,0.8277310924369747,0.8274342145309888,0.11345352532983832,0.2798231624717437,0.06741481772390805,,,,,,,K001+KI08+KA07
xgboost,raw,target_real,0.6508078994614004,0.5936385442298412,0.2590269627487639,0.5697413242542557,0.15034372181315528,0.05116696588868941,0.03508771929824561,0.005385996409335727,0.5843806104129264,0.16589861751152074,0.33303411131059246,K001+KI08+KA07
xgboost,temperature,target_real,0.6508078994614004,0.5936385442298412,0.17743668377366656,0.48623859811609477,0.15092667450394198,0.05026929982046679,0.03571428571428571,0.004488330341113106,0.5771992818671454,0.16174183514774496,0.31956912028725315,K001+KI08+KA07
xgboost,isotonic,target_real,0.6561938958707361,0.6145613545236307,0.21794679360627647,0.5433043769421162,0.1782513654994299,0.3770197486535009,0.08571428571428572,0.0,0.7836624775583483,0.2623138602520046,0.11400359066427289,K001+KI08+KA07
random_forest,raw,source_holdout,0.5774058577405857,0.5071082633309052,0.2307610561772886,0.6715869079630049,0.2924207529473047,,,,,,,K001+KI08+KA08
random_forest,raw,target_real,0.6400359066427289,0.5954791964316496,0.1970056162998391,0.5603527947725405,0.1886768751902224,0.15080789946140036,0.041666666666666664,0.0,0.15080789946140036,0.041666666666666664,0.15888689407540396,K001+KI08+KA08
random_forest,temperature,target_real,0.6400359066427289,0.5954791964316496,0.1624642558067656,0.5372380373374941,0.17281433011674727,0.14991023339317774,0.03592814371257485,0.0,0.14991023339317774,0.03592814371257485,0.18581687612208259,K001+KI08+KA08
random_forest,isotonic,target_real,0.6373429084380611,0.5908370202099575,0.06796412290571596,0.46639132028032054,0.23234293537320858,0.0,,0.0,0.0,,0.0,K001+KI08+KA08
svm,raw,source_holdout,0.602510460251046,0.532175862679198,0.19931317262139522,0.6138101948911974,0.23078651748821108,,,,,,,K001+KI08+KA08
svm,raw,target_real,0.6364452423698385,0.5874367721262795,0.2333569173258646,0.5706631998670149,0.16540449221715187,0.23877917414721722,0.04887218045112782,0.11669658886894076,0.23877917414721722,0.04887218045112782,0.2513464991023339,K001+KI08+KA08
svm,temperature,target_real,0.6364452423698385,0.5874367721262795,0.07606893065586928,0.49836608272891664,0.17789737858595395,0.23518850987432674,0.05343511450381679,0.11669658886894076,0.23518850987432674,0.05343511450381679,0.2253141831238779,K001+KI08+KA08
svm,isotonic,target_real,0.6373429084380611,0.597432947489171,0.11932515411217201,0.506820399771118,0.27691087374232487,0.16337522441651706,0.08791208791208792,0.0,0.16337522441651706,0.08791208791208792,0.0,K001+KI08+KA08
xgboost,raw,source_holdout,0.5774058577405857,0.5064676173499704,0.3226287024539884,0.7404742169227603,0.293934248343277,,,,,,,K001+KI08+KA08
xgboost,raw,target_real,0.6310592459605027,0.5830989202330348,0.3008301929040699,0.6345583715961596,0.1732000369640877,0.0466786355475763,0.019230769230769232,0.02333931777378815,0.0466786355475763,0.019230769230769232,0.11490125673249552,K001+KI08+KA08
xgboost,temperature,target_real,0.6310592459605027,0.5830989202330348,0.12179059153496646,0.4876256326587614,0.17093710553337796,0.05475763016157989,0.01639344262295082,0.01436265709156194,0.05475763016157989,0.01639344262295082,0.12926391382405744,K001+KI08+KA08
xgboost,isotonic,target_real,0.6508078994614004,0.6053129438092317,0.08476209268545096,0.4477448927644838,0.19604189460409469,0.17145421903052063,0.05235602094240838,0.0,0.17145421903052063,0.05235602094240838,0.0,K001+KI08+KA08
random_forest,raw,source_holdout,0.8523206751054853,0.8523967936092859,0.09950810147578504,0.2595859125484293,0.07153352823800355,,,,,,,K001+KI08+KA09
random_forest,raw,target_real,0.6535008976660682,0.594549099758132,0.16247343876552217,0.4973732699387478,0.17614303384530508,0.1059245960502693,0.01694915254237288,0.0,0.41741472172351884,0.12473118279569892,0.20825852782764812,K001+KI08+KA09
random_forest,temperature,target_real,0.6535008976660682,0.594549099758132,0.13130957160853318,0.47832150642687743,0.1751380074192738,0.11400359066427289,0.015748031496062992,0.0,0.42190305206463197,0.125531914893617,0.20377019748653502,K001+KI08+KA09
random_forest,isotonic,target_real,0.644524236983842,0.5961600307958504,0.21694932519802712,0.5625373060817253,0.21218684083770736,0.34560143626570916,0.1012987012987013,0.0,0.8195691202872532,0.29791894852135814,0.0,K001+KI08+KA09
svm,raw,source_holdout,0.8227848101265823,0.8226962644049731,0.03564427997108889,0.2474970629845052,0.05484653668763624,,,,,,,K001+KI08+KA09
svm,raw,target_real,0.6472172351885098,0.5813013730886255,0.18214991281229476,0.5179107215670316,0.18509295775541518,0.3123877917414722,0.11494252873563218,0.04039497307001795,0.5637342908438061,0.2356687898089172,0.1867145421903052,K001+KI08+KA09
svm,temperature,target_real,0.6472172351885098,0.5813013730886255,0.17024897999157163,0.5098202777671929,0.18472214393944902,0.3177737881508079,0.11581920903954802,0.04129263913824058,0.5457809694793537,0.23190789473684212,0.1867145421903052,K001+KI08+KA09
svm,isotonic,target_real,0.6840215439856373,0.6445616087031335,0.22008499246851598,0.5366646303448128,0.194098460680632,0.6606822262118492,0.18206521739130435,0.0,0.9829443447037702,0.308675799086758,0.0,K001+KI08+KA09
xgboost,raw,source_holdout,0.8270042194092827,0.8270432286389733,0.11444641391939252,0.28413434605797977,0.06570448089207889,,,,,,,K001+KI08+KA09
xgboost,raw,target_real,0.6543985637342908,0.5985754701117445,0.25599877779744895,0.5744848876624858,0.15375143614440515,0.04488330341113106,0.02,0.013464991023339317,0.45601436265709155,0.10826771653543307,0.25314183123877915,K001+KI08+KA09
xgboost,temperature,target_real,0.6543985637342908,0.5985754701117445,0.16214510287057876,0.4808011832349788,0.15350512575455705,0.04578096947935368,0.0196078431372549,0.011669658886894075,0.46858168761220825,0.11494252873563218,0.2755834829443447,K001+KI08+KA09
xgboost,isotonic,target_real,0.6535008976660682,0.6131793566854483,0.22321628959155126,0.556294232599637,0.17423746362398876,0.38061041292639136,0.09198113207547169,0.0,0.8599640933572711,0.2881002087682672,0.1481149012567325,K001+KI08+KA09
random_forest,raw,source_holdout,0.9409282700421941,0.9396514161220044,0.0802328708023166,0.12547081104921443,0.010845761993299487,,,,,,,K002+KI01+KA01
random_forest,raw,target_real,0.6678635547576302,0.623360310681075,0.15284662069838234,0.4906442392789093,0.16435327835725436,0.552064631956912,0.2048780487804878,0.10861759425493717,0.9757630161579892,0.3201471941122355,0.2594254937163375,K002+KI01+KA01
random_forest,temperature,target_real,0.6678635547576302,0.623360310681075,0.2156635407095872,0.5387405019626299,0.16661723659550357,0.5448833034111311,0.20593080724876442,0.10861759425493717,0.9533213644524237,0.3173258003766478,0.263016157989228,K002+KI01+KA01
random_forest,isotonic,target_real,0.670556552962298,0.6477699879085004,0.26040629648314484,0.5824722630924422,0.233549801399168,0.9631956912028725,0.3140726933830382,0.0,0.9631956912028725,0.3140726933830382,0.0,K002+KI01+KA01
svm,raw,source_holdout,0.5864978902953587,0.5027210884353742,0.35135655280339817,0.5814299415794892,0.22482437066047065,,,,,,,K002+KI01+KA01
svm,raw,target_real,0.5745062836624776,0.5506667113142042,0.20566573597505933,0.5946225284777896,0.29163245320554987,0.0,,0.003590664272890485,0.533213644524237,0.30976430976430974,0.003590664272890485,K002+KI01+KA01
svm,temperature,target_real,0.5745062836624776,0.5506667113142042,0.12214953084952784,0.5463045822213857,0.28991950765523267,0.0,,0.003590664272890485,0.5484739676840216,0.3060556464811784,0.003590664272890485,K002+KI01+KA01
svm,isotonic,target_real,0.6983842010771992,0.6651046641475052,0.20369269444273208,0.5336322001182818,0.29071607691275114,1.0,0.3016157989228007,0.0,1.0,0.3016157989228007,0.0,K002+KI01+KA01
xgboost,raw,source_holdout,0.919831223628692,0.9167337931109968,0.043301656653609494,0.13644488897491935,0.012466501102398459,,,,,,,K002+KI01+KA01
xgboost,raw,target_real,0.6786355475763016,0.6322117392510082,0.23448044347912875,0.5396403502831323,0.14370939129750526,0.6077199281867145,0.17872968980797638,0.02154398563734291,0.8016157989228008,0.2631578947368421,0.3105924596050269,K002+KI01+KA01
xgboost,temperature,target_real,0.6786355475763016,0.6322117392510082,0.1903174437295373,0.4964450087594019,0.14256384461327215,0.6193895870736086,0.18695652173913044,0.02244165170556553,0.8087971274685817,0.2685904550499445,0.3123877917414722,K002+KI01+KA01
xgboost,isotonic,target_real,0.6535008976660682,0.6320672506646515,0.29041179091390795,0.6232105398441143,0.2373782969962468,0.9461400359066428,0.3216318785578748,0.0,0.9461400359066428,0.3216318785578748,0.0,K002+KI01+KA01
random_forest,raw,source_holdout,0.9372384937238494,0.9354623886074463,0.08801137836086256,0.12493378084786835,0.010545335704047719,,,,,,,K002+KI01+KA03
random_forest,raw,target_real,0.670556552962298,0.6262661184009498,0.15086402569254995,0.49061398259466915,0.16390979991688304,0.5251346499102334,0.18803418803418803,0.07540394973070018,0.9614003590664273,0.3165266106442577,0.23518850987432674,K002+KI01+KA03
random_forest,temperature,target_real,0.670556552962298,0.6262661184009498,0.21655187313191043,0.5403544190849551,0.1667982537106968,0.5098743267504489,0.18485915492957747,0.07540394973070018,0.9721723518850988,0.3185595567867036,0.22082585278276481,K002+KI01+KA03
random_forest,isotonic,target_real,0.6669658886894075,0.6439936427522105,0.25811838973465406,0.5917928112424563,0.2479555373139058,0.9245960502692998,0.31650485436893205,0.0,0.9245960502692998,0.31650485436893205,0.0,K002+KI01+KA03
svm,raw,source_holdout,0.5899581589958159,0.5046662841843564,0.2865294068630376,0.58071796154658,0.18623587548919404,,,,,,,K002+KI01+KA03
svm,raw,target_real,0.5763016157989228,0.5504932908529994,0.21813530211530524,0.5916298509205924,0.26709869264192165,0.3940754039497307,0.24829157175398633,0.005385996409335727,0.5080789946140036,0.2862190812720848,0.09425493716337523,K002+KI01+KA03
svm,temperature,target_real,0.5763016157989228,0.5504932908529994,0.07247783647461618,0.5202330135814371,0.26184267977077724,0.296229802513465,0.19696969696969696,0.005385996409335727,0.518850987432675,0.28719723183391005,0.09874326750448834,K002+KI01+KA03
svm,isotonic,target_real,0.696588868940754,0.6658230135631266,0.22304736577472722,0.541953441716446,0.2620497239252226,0.981149012567325,0.2982616651418115,0.0,0.981149012567325,0.2982616651418115,0.0,K002+KI01+KA03
xgboost,raw,source_holdout,0.9205020920502092,0.9172085809976166,0.033890941028315656,0.12953835937733685,0.011576624859339678,,,,,,,K002+KI01+KA03
xgboost,raw,target_real,0.6804308797127468,0.6387495745778834,0.2316479768530471,0.5422098305005625,0.1482432544082941,0.6032315978456014,0.1800595238095238,0.03141831238779174,0.8052064631956912,0.2697881828316611,0.29084380610412924,K002+KI01+KA03
xgboost,temperature,target_real,0.6804308797127468,0.6387495745778834,0.19348536746288097,0.5056540785736457,0.14745096608480918,0.6113105924596051,0.18208516886930984,0.03411131059245961,0.8132854578096947,0.2737306843267108,0.2971274685816876,K002+KI01+KA03
xgboost,isotonic,target_real,0.6499102333931778,0.6288111174858163,0.29181326793407,0.6211314510201619,0.2415440707983745,0.9389587073608617,0.3202676864244742,0.0,0.9389587073608617,0.3202676864244742,0.0,K002+KI01+KA03
random_forest,raw,source_holdout,0.7447698744769874,0.7257710031903581,0.032661170189601574,0.35601958073701223,0.12214964090440186,,,,,,,K002+KI01+KA05
random_forest,raw,target_real,0.6723518850987432,0.6350953898334745,0.1471323717449068,0.48447284759799514,0.15957604358250918,0.4497307001795332,0.1437125748502994,0.1059245960502693,0.5754039497307002,0.2059282371294852,0.24416517055655296,K002+KI01+KA05
random_forest,temperature,target_real,0.6723518850987432,0.6350953898334745,0.1713607060495304,0.5008612366105666,0.16036640341664085,0.4452423698384201,0.1431451612903226,0.10682226211849193,0.5637342908438061,0.2054140127388535,0.2513464991023339,K002+KI01+KA05
random_forest,isotonic,target_real,0.6588868940754039,0.619888012484294,0.22745598525305943,0.5422429590664921,0.264567402579891,0.566427289048474,0.21711568938193343,0.0,0.755834829443447,0.2850356294536817,0.0,K002+KI01+KA05
svm,raw,source_holdout,0.5271966527196653,0.4535764375876578,0.29992556929404635,0.6552810658486492,0.34298161453994397,,,,,,,K002+KI01+KA05
svm,raw,target_real,0.5870736086175943,0.5650185812750591,0.19835478900125902,0.5694918333972806,0.2534950142177427,0.36983842010771995,0.24757281553398058,0.08258527827648116,0.4757630161579892,0.27547169811320754,0.12657091561938957,K002+KI01+KA05
svm,temperature,target_real,0.5870736086175943,0.5650185812750591,0.0829555927057418,0.5132896848438949,0.24799820365614691,0.39228007181328545,0.2311212814645309,0.08707360861759425,0.4964093357271095,0.27486437613019893,0.13016157989228008,K002+KI01+KA05
svm,isotonic,target_real,0.6750448833034112,0.619250597802681,0.1967725442102604,0.5359639379924106,0.3047649530089326,0.4982046678635548,0.26126126126126126,0.0,0.5233393177737882,0.2847341337907376,0.0,K002+KI01+KA05
xgboost,raw,source_holdout,0.7322175732217573,0.7186845962436513,0.15251762759735393,0.40746305011827744,0.12616786459244547,,,,,,,K002+KI01+KA05
xgboost,raw,target_real,0.6804308797127468,0.6428114812348339,0.2329607319146983,0.5398216723012095,0.14862048615423304,0.3850987432675045,0.08391608391608392,0.01526032315978456,0.447935368043088,0.11623246492985972,0.28096947935368044,K002+KI01+KA05
xgboost,temperature,target_real,0.6804308797127468,0.6428114812348339,0.12153861486439473,0.4540400212459184,0.1472752829998626,0.3779174147217235,0.0855106888361045,0.017953321364452424,0.45691202872531417,0.11394891944990176,0.29533213644524237,K002+KI01+KA05
xgboost,isotonic,target_real,0.6651705565529623,0.6278229723126868,0.19287631297562022,0.48805517691478556,0.26804112457117457,0.5206463195691203,0.18275862068965518,0.0,0.6687612208258528,0.22818791946308725,0.0,K002+KI01+KA05
random_forest,raw,source_holdout,0.9414225941422594,0.9398546681545247,0.08441092602492888,0.12621670664359466,0.010920393094336305,,,,,,,K002+KI01+KA06
random_forest,raw,target_real,0.6678635547576302,0.6232712184270056,0.15366798582591634,0.4924310654872635,0.16664299558453388,0.5215439856373429,0.1927710843373494,0.0,0.9614003590664273,0.31746031746031744,0.23608617594254938,K002+KI01+KA06
random_forest,temperature,target_real,0.6678635547576302,0.6232712184270056,0.21671571453367558,0.54054843809856,0.16943701656785276,0.507181328545781,0.18938053097345134,0.0,0.9766606822262118,0.3235294117647059,0.22800718132854578,K002+KI01+KA06
random_forest,isotonic,target_real,0.6633752244165171,0.6427312184649806,0.2680982391674856,0.5958690934512975,0.2535618515950745,0.9596050269299821,0.31805425631431244,0.0,0.9596050269299821,0.31805425631431244,0.0,K002+KI01+KA06
svm,raw,source_holdout,0.5899581589958159,0.5046662841843564,0.28561081271394445,0.5819247078259644,0.18400525354562033,,,,,,,K002+KI01+KA06
svm,raw,target_real,0.5727109515260324,0.547120627257072,0.21441870305006502,0.5908240142669615,0.26562939150958664,0.12567324955116696,0.07857142857142857,0.010771992818671455,0.5089766606822262,0.2821869488536155,0.09874326750448834,K002+KI01+KA06
svm,temperature,target_real,0.5727109515260324,0.547120627257072,0.0507124071218517,0.5142463639994534,0.25858182487778986,0.13644524236983843,0.09210526315789473,0.01615798922800718,0.5215439856373429,0.2857142857142857,0.10951526032315978,K002+KI01+KA06
svm,isotonic,target_real,0.7001795332136446,0.6674062599853713,0.2193647902380627,0.5366154621226604,0.2594933153139236,0.9847396768402155,0.29717411121239745,0.0,0.9847396768402155,0.29717411121239745,0.0,K002+KI01+KA06
xgboost,raw,source_holdout,0.9163179916317992,0.912496846839392,0.04816255958509249,0.13660160880096928,0.012446548719419318,,,,,,,K002+KI01+KA06
xgboost,raw,target_real,0.6723518850987432,0.6286102172030176,0.24018540504911856,0.5429725069745407,0.14552460020612698,0.618491921005386,0.19158200290275762,0.04129263913824058,0.8016157989228008,0.2698768197088466,0.3141831238779174,K002+KI01+KA06
xgboost,temperature,target_real,0.6723518850987432,0.6286102172030176,0.19705846094033447,0.5015379290620942,0.14464438667835117,0.6292639138240574,0.19686162624821682,0.04578096947935368,0.8070017953321365,0.26918798665183535,0.3132854578096948,K002+KI01+KA06
xgboost,isotonic,target_real,0.6508078994614004,0.6299070488522821,0.28704306186076534,0.622781009778449,0.23388995598455123,0.8931777378815081,0.3155778894472362,0.0,0.8931777378815081,0.3155778894472362,0.0,K002+KI01+KA06
random_forest,raw,source_holdout,0.9159663865546218,0.9156665992653253,0.09454907762944134,0.15975496485282303,0.01916450032021883,,,,,,,K002+KI01+KA07
random_forest,raw,target_real,0.6732495511669659,0.6295758443857273,0.14099047543151086,0.4727792436153035,0.15540413242642742,0.5224416517055656,0.17010309278350516,0.10143626570915619,0.8105924596050269,0.2691029900332226,0.24865350089766608,K002+KI01+KA07
random_forest,temperature,target_real,0.6732495511669659,0.6295758443857273,0.2059994543271053,0.5202122382893041,0.1576664521249523,0.5116696588868941,0.1649122807017544,0.10053859964093358,0.8043087971274686,0.26674107142857145,0.23608617594254938,K002+KI01+KA07
random_forest,isotonic,target_real,0.6831238779174147,0.6540982441763795,0.24623769439576382,0.5542228236801532,0.2407615868412552,0.7935368043087971,0.2647058823529412,0.0,0.9883303411131059,0.3151680290644868,0.0,K002+KI01+KA07
svm,raw,source_holdout,0.5714285714285714,0.4962375073486185,0.29520175777837043,0.5863012296477964,0.20758143095089482,,,,,,,K002+KI01+KA07
svm,raw,target_real,0.5727109515260324,0.5424913824149818,0.2056280068727903,0.5767260138998518,0.2576566313121415,0.3617594254937163,0.22084367245657568,0.02872531418312388,0.5170556552962298,0.2743055555555556,0.08976660682226212,K002+KI01+KA07
svm,temperature,target_real,0.5727109515260324,0.5424913824149818,0.09006278241606354,0.5159492983436031,0.2522313074410039,0.34290843806104127,0.19633507853403143,0.02872531418312388,0.5296229802513465,0.2745762711864407,0.09515260323159784,K002+KI01+KA07
svm,isotonic,target_real,0.7190305206463196,0.6797636182200764,0.1520105223385117,0.5016190493687744,0.2661314562537949,0.5709156193895871,0.23113207547169812,0.0,0.9272890484739676,0.26427879961277834,0.0,K002+KI01+KA07
xgboost,raw,source_holdout,0.8907563025210085,0.8892820447902862,0.05127082376920876,0.1766071180097086,0.020214381571347646,,,,,,,K002+KI01+KA07
xgboost,raw,target_real,0.6858168761220825,0.6427799775501104,0.22632033689552836,0.5258776083326472,0.135389354436198,0.6166965888689407,0.1804949053857351,0.03680430879712747,0.6849192100538599,0.2214941022280472,0.36983842010771995,K002+KI01+KA07
xgboost,temperature,target_real,0.6858168761220825,0.6427799775501104,0.18195436251211405,0.48486532815436323,0.13464897250415095,0.6283662477558348,0.18714285714285714,0.0296229802513465,0.7064631956912029,0.22617534942820838,0.3617594254937163,K002+KI01+KA07
xgboost,isotonic,target_real,0.6867145421903053,0.6642035677172284,0.2556850120950833,0.5417711808828396,0.269131173044881,0.9416517055655296,0.29551954242135364,0.0,1.0,0.3132854578096948,0.0,K002+KI01+KA07
random_forest,raw,source_holdout,0.6192468619246861,0.512410384789337,0.19797105544144705,0.6004203458847033,0.2359611307143694,,,,,,,K002+KI01+KA08
random_forest,raw,target_real,0.6570915619389587,0.6220057505808163,0.1904562136133571,0.5505517528385397,0.19053891728507633,0.20287253141831238,0.07964601769911504,0.0,0.21005385996409337,0.07692307692307693,0.0,K002+KI01+KA08
random_forest,temperature,target_real,0.6570915619389587,0.6220057505808163,0.12426220187744526,0.5102842628424814,0.1753053984107408,0.2253141831238779,0.0796812749003984,0.0,0.23429084380610413,0.0842911877394636,0.0,K002+KI01+KA08
random_forest,isotonic,target_real,0.6364452423698385,0.6049149886885906,0.14640405066752324,0.5215963642698673,0.28339139444458816,0.3123877917414722,0.1752873563218391,0.0,0.3123877917414722,0.1752873563218391,0.0,K002+KI01+KA08
svm,raw,source_holdout,0.30962343096234307,0.26666666666666666,0.4883039279143334,1.0584727317919733,0.6586158912654165,,,,,,,K002+KI01+KA08
svm,raw,target_real,0.5763016157989228,0.5572505195278418,0.2618949709296586,0.6288001661151407,0.22598914386389893,0.0,,0.05565529622980251,0.0,,0.14542190305206462,K002+KI01+KA08
svm,temperature,target_real,0.5763016157989228,0.5572505195278418,0.18734036260144682,0.6100349876794472,0.24361713134097024,0.0,,0.05565529622980251,0.0,,0.12657091561938957,K002+KI01+KA08
svm,isotonic,target_real,0.6490125673249552,0.5796784933783589,0.20299989994325787,0.5253449615743975,0.31400636306253943,0.17953321364452424,0.18,0.0,0.17953321364452424,0.18,0.0,K002+KI01+KA08
xgboost,raw,source_holdout,0.6192468619246861,0.5177453437515357,0.31216650465542306,0.673054904504318,0.22835667584793382,,,,,,,K002+KI01+KA08
xgboost,raw,target_real,0.6606822262118492,0.6215724552530402,0.2758333658936636,0.6074442582770375,0.17719951488730112,0.02872531418312388,0.0,0.02872531418312388,0.02872531418312388,0.0,0.14631956912028726,K002+KI01+KA08
xgboost,temperature,target_real,0.6606822262118492,0.6215724552530402,0.07931513302865276,0.48261688410832654,0.17315397535817814,0.0,,0.018850987432675045,0.0,,0.13734290843806105,K002+KI01+KA08
xgboost,isotonic,target_real,0.6400359066427289,0.6154873155082555,0.13854671267913543,0.5115167550758939,0.29037034865551853,0.19569120287253142,0.23853211009174313,0.0,0.19569120287253142,0.23853211009174313,0.0,K002+KI01+KA08
random_forest,raw,source_holdout,0.9367088607594937,0.935259136574926,0.10141612334102384,0.12834195515779628,0.012027486802419142,,,,,,,K002+KI01+KA09
random_forest,raw,target_real,0.6678635547576302,0.6244859210411934,0.15182285986702737,0.48847601613328223,0.16444579508078877,0.5350089766606823,0.1912751677852349,0.09784560143626571,0.9425493716337523,0.3142857142857143,0.23429084380610413,K002+KI01+KA09
random_forest,temperature,target_real,0.6678635547576302,0.6244859210411934,0.21863802594274687,0.5392158416839629,0.16689784738408586,0.5080789946140036,0.1872791519434629,0.09964093357271095,0.9551166965888689,0.3223684210526316,0.22351885098743268,K002+KI01+KA09
random_forest,isotonic,target_real,0.6606822262118492,0.6330921861814773,0.2704817159465909,0.5910038096877437,0.25934651211858084,0.9165170556552962,0.30852105778648387,0.0,0.933572710951526,0.3173076923076923,0.0,K002+KI01+KA09
svm,raw,source_holdout,0.5864978902953587,0.5027210884353742,0.2949770018582134,0.592390042699484,0.1925354534181124,,,,,,,K002+KI01+KA09
svm,raw,target_real,0.5745062836624776,0.548878833584716,0.21366592885077496,0.5868919610635192,0.26582915521357686,0.36894075403949733,0.2384428223844282,0.010771992818671455,0.5062836624775583,0.28191489361702127,0.09245960502692999,K002+KI01+KA09
svm,temperature,target_real,0.5745062836624776,0.548878833584716,0.06616445008746144,0.5158116524575759,0.2591559219186501,0.37073608617594256,0.2106537530266344,0.013464991023339317,0.5161579892280072,0.2817391304347826,0.10143626570915619,K002+KI01+KA09
svm,isotonic,target_real,0.7145421903052065,0.6765152582363826,0.20182382162247633,0.5348626826395994,0.2659011770879678,0.9901256732495511,0.28558476881233,0.0,0.9901256732495511,0.28558476881233,0.0,K002+KI01+KA09
xgboost,raw,source_holdout,0.9156118143459916,0.9120665079475149,0.034778237720079055,0.13366711285964264,0.01242288392501228,,,,,,,K002+KI01+KA09
xgboost,raw,target_real,0.6831238779174147,0.6406014852095823,0.23211350266552488,0.539116639845137,0.14593387551163362,0.6427289048473968,0.2053072625698324,0.1059245960502693,0.8680430879712747,0.2823164426059979,0.2764811490125673,K002+KI01+KA09
xgboost,temperature,target_real,0.6831238779174147,0.6406014852095823,0.1964018020757011,0.5049340748784711,0.14529536359006376,0.651705565529623,0.21074380165289255,0.10053859964093358,0.855475763016158,0.27911857292759706,0.26929982046678635,K002+KI01+KA09
xgboost,isotonic,target_real,0.6669658886894075,0.6439507772868597,0.2658954721024964,0.578897045460789,0.2575845395529625,0.926391382405745,0.30426356589147285,0.0,0.926391382405745,0.30426356589147285,0.0,K002+KI01+KA09
random_forest,raw,source_holdout,0.919831223628692,0.9188471673019878,0.07198301942521006,0.14571513113411372,0.01397114331311026,,,,,,,K002+KI03+KA01
random_forest,raw,target_real,0.6813285457809695,0.638020415731757,0.14924224906140424,0.4683547947330469,0.1391857633521383,0.6175942549371634,0.19622093023255813,0.19838420107719928,0.8788150807899462,0.28907048008171604,0.3339317773788151,K002+KI03+KA01
random_forest,temperature,target_real,0.6813285457809695,0.638020415731757,0.20620539328105836,0.5150555396623,0.1404520131042557,0.6068222621184919,0.19674556213017752,0.20556552962298025,0.8635547576301615,0.28482328482328484,0.3231597845601436,K002+KI03+KA01
random_forest,isotonic,target_real,0.6678635547576302,0.6295439969682394,0.2720482669283124,0.593413922091868,0.29691777021263155,0.8886894075403949,0.2828282828282828,0.0,0.9712746858168761,0.3170055452865065,0.0,K002+KI03+KA01
svm,raw,source_holdout,0.9071729957805907,0.9048329291055106,0.1189665918657093,0.16033448664291391,0.023120090295869276,,,,,,,K002+KI03+KA01
svm,raw,target_real,0.6660682226211849,0.6115408141322669,0.16412117564496065,0.49230342493755613,0.19983128914729573,0.5125673249551167,0.19964973730297722,0.0062836624775583485,0.7414721723518851,0.24818401937046006,0.0062836624775583485,K002+KI03+KA01
svm,temperature,target_real,0.6660682226211849,0.6115408141322669,0.23756110616836584,0.5442551043619135,0.20213003761826323,0.5233393177737882,0.2109777015437393,0.0062836624775583485,0.7369838420107719,0.24847746650426308,0.0062836624775583485,K002+KI03+KA01
svm,isotonic,target_real,0.6759425493716338,0.6413115366919715,0.2598113974439294,0.5695480681126075,0.250403984838666,0.8886894075403949,0.2818181818181818,0.0,1.0,0.3240574506283663,0.0,K002+KI03+KA01
xgboost,raw,source_holdout,0.8860759493670886,0.8826676139824491,0.04212715681092142,0.16473165452571706,0.021880496424966332,,,,,,,K002+KI03+KA01
xgboost,raw,target_real,0.6858168761220825,0.6413507090412929,0.2269638893955272,0.5244618571252044,0.13251076935325184,0.6023339317773788,0.17287630402384502,0.04847396768402154,0.7917414721723519,0.25170068027210885,0.3734290843806104,K002+KI03+KA01
xgboost,temperature,target_real,0.6858168761220825,0.6413507090412929,0.19946700508365028,0.4958468475356551,0.13216525446236332,0.6175942549371634,0.17877906976744187,0.05026929982046679,0.7953321364452424,0.2516930022573363,0.37163375224416517,K002+KI03+KA01
xgboost,isotonic,target_real,0.6750448833034112,0.6383357570591065,0.26028229725221963,0.5804714487446151,0.2743299164472293,0.7289048473967684,0.22783251231527094,0.0,0.9622980251346499,0.314365671641791,0.0,K002+KI03+KA01
random_forest,raw,source_holdout,0.9121338912133892,0.9105244726587239,0.06698454845075201,0.14658168242334219,0.014022887786383213,,,,,,,K002+KI03+KA03
random_forest,raw,target_real,0.6813285457809695,0.6378475945088603,0.1474432978631619,0.4710658911191543,0.14256591888942985,0.6373429084380611,0.20140845070422536,0.13285457809694792,0.895870736086176,0.29458917835671344,0.3527827648114901,K002+KI03+KA03
random_forest,temperature,target_real,0.6813285457809695,0.6378475945088603,0.20800896277954312,0.5202322055773827,0.1438151610043936,0.63016157989228,0.2022792022792023,0.13285457809694792,0.8824057450628366,0.29399796541200407,0.348294434470377,K002+KI03+KA03
random_forest,isotonic,target_real,0.6723518850987432,0.6370935882633687,0.24639040755731334,0.5574898041331074,0.28756919944853215,0.8231597845601436,0.2639040348964013,0.0,0.9802513464991023,0.31868131868131866,0.0,K002+KI03+KA03
svm,raw,source_holdout,0.9163179916317992,0.9143352462936395,0.06699451766229257,0.12997310320416172,0.014388197520907036,,,,,,,K002+KI03+KA03
svm,raw,target_real,0.6669658886894075,0.6087387902375,0.17124546559279893,0.49402705514749246,0.17929317292700847,0.5242369838420108,0.1969178082191781,0.012567324955116697,0.751346499102334,0.24970131421744324,0.05385996409335727,K002+KI03+KA03
svm,temperature,target_real,0.6669658886894075,0.6087387902375,0.21050909876392745,0.5198565983798377,0.18109956108683775,0.5251346499102334,0.2,0.011669658886894075,0.7450628366247756,0.25180722891566265,0.14991023339317774,K002+KI03+KA03
svm,isotonic,target_real,0.699281867145422,0.661177393155212,0.22929730224177644,0.5291851307911087,0.2316848573144558,0.8842010771992819,0.2548223350253807,0.0,0.9847396768402155,0.29535095715587967,0.0,K002+KI03+KA03
xgboost,raw,source_holdout,0.895397489539749,0.892435668906257,0.04714427420783744,0.16978288074047268,0.022472107857819317,,,,,,,K002+KI03+KA03
xgboost,raw,target_real,0.6867145421903053,0.6453770874920882,0.22705089556357594,0.5266623312606017,0.13543517171754593,0.6175942549371634,0.18459302325581395,0.04488330341113106,0.744165170556553,0.23039806996381182,0.36804308797127466,K002+KI03+KA03
xgboost,temperature,target_real,0.6867145421903053,0.6453770874920882,0.1975441078432394,0.49369041543040354,0.13514912661002446,0.6211849192100538,0.18063583815028902,0.04578096947935368,0.7450628366247756,0.2289156626506024,0.3779174147217235,K002+KI03+KA03
xgboost,isotonic,target_real,0.6768402154398564,0.6410873363090465,0.24575717088648993,0.559435422297076,0.2684009982957259,0.7001795332136446,0.21666666666666667,0.0,0.9506283662477558,0.3087818696883853,0.0,K002+KI03+KA03
random_forest,raw,source_holdout,0.7447698744769874,0.7350043745526026,0.043943446097768665,0.34154124279351594,0.10820237961408118,,,,,,,K002+KI03+KA05
random_forest,raw,target_real,0.6885098743267505,0.64950048962941,0.14211364116700329,0.45827690989308134,0.13654448741591174,0.5601436265709157,0.16185897435897437,0.16247755834829444,0.6409335727109515,0.20168067226890757,0.35637342908438063,K002+KI03+KA05
random_forest,temperature,target_real,0.6885098743267505,0.64950048962941,0.18016423136992898,0.48780691867364867,0.13753369840833,0.5565529622980251,0.16129032258064516,0.1570915619389587,0.6364452423698385,0.20310296191819463,0.3599640933572711,K002+KI03+KA05
random_forest,isotonic,target_real,0.6786355475763016,0.6336466734133898,0.21657317205479004,0.5116264541115931,0.2597495814052925,0.5807899461400359,0.16846986089644514,0.0,0.7845601436265709,0.2505720823798627,0.0,K002+KI03+KA05
svm,raw,source_holdout,0.8451882845188284,0.8433448499530068,0.06305864263279845,0.22545246430633992,0.04558810294819801,,,,,,,K002+KI03+KA05
svm,raw,target_real,0.670556552962298,0.6211714395545953,0.15730027236539834,0.488849388384989,0.17389288374542292,0.47755834829443444,0.18421052631578946,0.07450628366247755,0.7100538599640933,0.23893805309734514,0.17055655296229802,K002+KI03+KA05
svm,temperature,target_real,0.670556552962298,0.6211714395545953,0.20932489505137813,0.5238744949597329,0.1763179016321195,0.4919210053859964,0.1897810218978102,0.07091561938958707,0.703770197486535,0.24107142857142858,0.17055655296229802,K002+KI03+KA05
svm,isotonic,target_real,0.6642728904847397,0.6058201497771197,0.2065320733583712,0.5357411463451964,0.31356818447825346,0.6499102333931778,0.2430939226519337,0.0,0.7405745062836625,0.27515151515151515,0.0,K002+KI03+KA05
xgboost,raw,source_holdout,0.7071129707112971,0.6988133394383395,0.15607889638785039,0.44908708219821347,0.18653642963081166,,,,,,,K002+KI03+KA05
xgboost,raw,target_real,0.6876122082585279,0.6480408576992988,0.22635472286325378,0.5239255285440995,0.13198978140561965,0.3384201077199282,0.04509283819628647,0.017055655296229804,0.3384201077199282,0.04509283819628647,0.37971274685816875,K002+KI03+KA05
xgboost,temperature,target_real,0.6876122082585279,0.6480408576992988,0.11846969408992788,0.43744311802364394,0.13154645517698907,0.34201077199281865,0.047244094488188976,0.017055655296229804,0.34201077199281865,0.047244094488188976,0.3608617594254937,K002+KI03+KA05
xgboost,isotonic,target_real,0.6840215439856373,0.6404973571811484,0.15993911356839785,0.44501091145126925,0.23257225999352207,0.45691202872531417,0.10805500982318271,0.0,0.6023339317773788,0.16244411326378538,0.0,K002+KI03+KA05
random_forest,raw,source_holdout,0.9079497907949791,0.9064703257474341,0.06564329948362245,0.14945137721186433,0.014789757180349005,,,,,,,K002+KI03+KA06
random_forest,raw,target_real,0.6822262118491921,0.639270963586071,0.1464219151343596,0.4699867446888644,0.14140314539685808,0.6068222621184919,0.19230769230769232,0.19389587073608616,0.8788150807899462,0.2900919305413687,0.34560143626570916,K002+KI03+KA06
random_forest,temperature,target_real,0.6822262118491921,0.639270963586071,0.20262125059013436,0.5151405723350013,0.14276019574339083,0.5978456014362658,0.1921921921921922,0.20107719928186715,0.8788150807899462,0.29111338100102147,0.32854578096947934,K002+KI03+KA06
random_forest,isotonic,target_real,0.6633752244165171,0.6249653242341329,0.27832884905096045,0.5993350135878801,0.30880457420634155,0.8734290843806104,0.28263103802672146,0.0,0.9910233393177738,0.3333333333333333,0.0,K002+KI03+KA06
svm,raw,source_holdout,0.9163179916317992,0.9143352462936395,0.06042168067048837,0.12993879937609368,0.014498837525256398,,,,,,,K002+KI03+KA06
svm,raw,target_real,0.6678635547576302,0.6095484638712686,0.17095505892112914,0.49285815476259337,0.1761054688586722,0.5323159784560144,0.20067453625632378,0.018850987432675045,0.7531418312387792,0.24910607866507747,0.1570915619389587,K002+KI03+KA06
svm,temperature,target_real,0.6678635547576302,0.6095484638712686,0.20728057001081884,0.5182282635905748,0.17769863510330078,0.5403949730700179,0.2159468438538206,0.018850987432675045,0.7387791741472173,0.24908869987849333,0.1526032315978456,K002+KI03+KA06
svm,isotonic,target_real,0.699281867145422,0.6611949989863776,0.23000790796792503,0.5300547075954706,0.2514812539295179,0.8671454219030521,0.2484472049689441,0.0,0.9892280071813285,0.2967332123411978,0.0,K002+KI03+KA06
xgboost,raw,source_holdout,0.8870292887029289,0.8831812066800948,0.05881363427788646,0.17475681206301627,0.022651892827071512,,,,,,,K002+KI03+KA06
xgboost,raw,target_real,0.6840215439856373,0.6423139667132781,0.2295635784014765,0.5259117386070475,0.13313350132905674,0.6265709156193896,0.18624641833810887,0.04937163375224417,0.7549371633752244,0.23305588585017836,0.37971274685816875,K002+KI03+KA06
xgboost,temperature,target_real,0.6840215439856373,0.6423139667132781,0.19277455080016126,0.4885278472725976,0.13265763993410984,0.6400359066427289,0.18513323983169705,0.04578096947935368,0.751346499102334,0.23178016726403824,0.37971274685816875,K002+KI03+KA06
xgboost,isotonic,target_real,0.6687612208258528,0.632469396282639,0.2614301902442855,0.5808483601961338,0.27082746855561013,0.7764811490125674,0.24739884393063583,0.0,0.9712746858168761,0.32255083179297594,0.0,K002+KI03+KA06
random_forest,raw,source_holdout,0.8907563025210085,0.8904959814300474,0.09236460129516216,0.17363788541553102,0.02026261231988534,,,,,,,K002+KI03+KA07
random_forest,raw,target_real,0.6786355475763016,0.6348753238287954,0.14377254985690194,0.4537535295286611,0.13541315808976992,0.6472172351885098,0.1914008321775312,0.13464991023339318,0.7666068222621185,0.24707259953161592,0.35368043087971274,K002+KI03+KA07
random_forest,temperature,target_real,0.6786355475763016,0.6348753238287954,0.20545418028254459,0.5034430792215479,0.136158423657302,0.6472172351885098,0.19833564493758668,0.13824057450628366,0.7540394973070018,0.24285714285714285,0.3464991023339318,K002+KI03+KA07
random_forest,isotonic,target_real,0.6831238779174147,0.6479577181887964,0.21191187146103843,0.5053125169052326,0.24170956738494154,0.6382405745062837,0.17440225035161744,0.0,0.8716337522441652,0.2760041194644696,0.0,K002+KI03+KA07
svm,raw,source_holdout,0.907563025210084,0.9061653116531164,0.046726639060544875,0.1479224612312897,0.017722456826604137,,,,,,,K002+KI03+KA07
svm,raw,target_real,0.6732495511669659,0.6137449841085705,0.158794502917248,0.48551769901385167,0.16959753966268187,0.552064631956912,0.208130081300813,0.026032315978456014,0.7531418312387792,0.24791418355184744,0.15170556552962297,K002+KI03+KA07
svm,temperature,target_real,0.6732495511669659,0.6137449841085705,0.20639229021459826,0.5174324578547672,0.1719970740659982,0.5601436265709157,0.21153846153846154,0.026032315978456014,0.751346499102334,0.24850657108721624,0.15170556552962297,K002+KI03+KA07
svm,isotonic,target_real,0.6786355475763016,0.6380191878943996,0.21173597634364347,0.5122867892263768,0.259938833486915,0.7926391382405745,0.2480181200453001,0.0,0.9030520646319569,0.2803180914512923,0.0,K002+KI03+KA07
xgboost,raw,source_holdout,0.8613445378151261,0.8588742133268509,0.040620168217090004,0.20933903056239725,0.0352695403396062,,,,,,,K002+KI03+KA07
xgboost,raw,target_real,0.6867145421903053,0.6430831914006517,0.22725043377606619,0.5213201002724226,0.12798980573218738,0.6059245960502693,0.1674074074074074,0.05116696588868941,0.72262118491921,0.21987577639751552,0.3985637342908438,K002+KI03+KA07
xgboost,temperature,target_real,0.6867145421903053,0.6430831914006517,0.19577301785847584,0.4881630867882678,0.12768623996821205,0.6005385996409336,0.16292974588938713,0.04937163375224417,0.7333931777378815,0.2252141982864137,0.3976660682226212,K002+KI03+KA07
xgboost,isotonic,target_real,0.6929982046678635,0.658594111098041,0.2084629167564762,0.5022364782660301,0.19826903206810118,0.6543985637342908,0.18655692729766804,0.0,0.8626570915619389,0.2663891779396462,0.0,K002+KI03+KA07
random_forest,raw,source_holdout,0.6108786610878661,0.507486992644116,0.20927639454299798,0.590118594832831,0.1937960431592211,,,,,,,K002+KI03+KA08
random_forest,raw,target_real,0.6714542190305206,0.6353543934594675,0.18079100542637105,0.5246555793459505,0.15833391082905518,0.1867145421903052,0.03365384615384615,0.0,0.35637342908438063,0.0906801007556675,0.22262118491921004,K002+KI03+KA08
random_forest,temperature,target_real,0.6714542190305206,0.6353543934594675,0.06539000442667921,0.4668596975615405,0.16153415659384718,0.26032315978456017,0.05517241379310345,0.0,0.388689407540395,0.08314087759815242,0.23429084380610413,K002+KI03+KA08
random_forest,isotonic,target_real,0.6238779174147218,0.5735322405794371,0.1808947934204862,0.5250181298878536,0.2668732968896932,0.38061041292639136,0.12735849056603774,0.0,0.45152603231597843,0.15109343936381708,0.0,K002+KI03+KA08
svm,raw,source_holdout,0.6359832635983264,0.5480683403568976,0.19876067996486796,0.5710338386084937,0.17484699939799517,,,,,,,K002+KI03+KA08
svm,raw,target_real,0.6561938958707361,0.6098289808925735,0.21756490896722314,0.5401824636109236,0.1535976932771152,0.3007181328545781,0.07761194029850746,0.10233393177737882,0.41831238779174146,0.12017167381974249,0.22262118491921004,K002+KI03+KA08
svm,temperature,target_real,0.6561938958707361,0.6098289808925735,0.06564102196274482,0.46993769926074913,0.15925932487839783,0.28276481149012567,0.06984126984126984,0.10233393177737882,0.400359066427289,0.10986547085201794,0.22082585278276481,K002+KI03+KA08
svm,isotonic,target_real,0.5385996409335727,0.5033846050716485,0.22578308199728775,0.5677591995175325,0.3435068611301772,0.26840215439856374,0.21070234113712374,0.0,0.3644524236983842,0.20689655172413793,0.0,K002+KI03+KA08
xgboost,raw,source_holdout,0.6192468619246861,0.5295048251858884,0.3045305110919425,0.6820612451005822,0.24848275789091087,,,,,,,K002+KI03+KA08
xgboost,raw,target_real,0.6588868940754039,0.6177752890775898,0.27539540393883283,0.5966932670305131,0.15979913308488738,0.06642728904847396,0.0,0.06912028725314183,0.06642728904847396,0.0,0.15439856373429084,K002+KI03+KA08
xgboost,temperature,target_real,0.6588868940754039,0.6177752890775898,0.11561334706290587,0.4740059641918932,0.15529692386535968,0.09784560143626571,0.01834862385321101,0.04129263913824058,0.09784560143626571,0.01834862385321101,0.1732495511669659,K002+KI03+KA08
xgboost,isotonic,target_real,0.6382405745062837,0.5774233347587034,0.14918695586874706,0.4856133594080026,0.246732580616021,0.25583482944344704,0.11578947368421053,0.0,0.42010771992818674,0.14102564102564102,0.0,K002+KI03+KA08
random_forest,raw,source_holdout,0.9113924050632911,0.9106232714928367,0.08031738379723707,0.15245917919056828,0.015313122362551137,,,,,,,K002+KI03+KA09
random_forest,raw,target_real,0.6795332136445242,0.634747006720063,0.15041031129682392,0.4654693134863803,0.137223244315773,0.6292639138240574,0.19686162624821682,0.17953321364452424,0.8940754039497307,0.2901606425702811,0.34290843806104127,K002+KI03+KA09
random_forest,temperature,target_real,0.6795332136445242,0.634747006720063,0.21226200922548977,0.5160784193783462,0.1380950432788684,0.6202872531418312,0.19536903039073805,0.18312387791741472,0.8967684021543986,0.2912912912912913,0.34201077199281865,K002+KI03+KA09
random_forest,isotonic,target_real,0.6813285457809695,0.6461046615467048,0.23614343852602832,0.5356474973660501,0.2607020256031119,0.7899461400359067,0.2431818181818182,0.0,0.9093357271095153,0.29417571569595263,0.0,K002+KI03+KA09
svm,raw,source_holdout,0.9156118143459916,0.9138627681457537,0.06496411484464018,0.13234052578565003,0.014999422614248727,,,,,,,K002+KI03+KA09
svm,raw,target_real,0.6714542190305206,0.6121361206077104,0.16370593759214078,0.48825138351071534,0.1762407873377358,0.5314183123877917,0.19594594594594594,0.01615798922800718,0.7477558348294434,0.2460984393757503,0.1481149012567325,K002+KI03+KA09
svm,temperature,target_real,0.6714542190305206,0.6121361206077104,0.20510599171117774,0.5161057932215731,0.1784533876629726,0.5368043087971275,0.205685618729097,0.01615798922800718,0.7387791741472173,0.244228432563791,0.06642728904847396,K002+KI03+KA09
svm,isotonic,target_real,0.6929982046678635,0.6527688344952819,0.23204646107937743,0.5356340212949949,0.26036426633882104,0.881508078994614,0.26171079429735233,0.0,0.9937163375224417,0.3053297199638663,0.0,K002+KI03+KA09
xgboost,raw,source_holdout,0.8818565400843882,0.8787261722948131,0.0636486891452773,0.1769324619071416,0.02506866645730705,,,,,,,K002+KI03+KA09
xgboost,raw,target_real,0.6885098743267505,0.6469154049635611,0.22275334834731464,0.5199286457238192,0.1322735031746416,0.5718132854578097,0.14599686028257458,0.06732495511669659,0.7845601436265709,0.2459954233409611,0.34560143626570916,K002+KI03+KA09
xgboost,temperature,target_real,0.6885098743267505,0.6469154049635611,0.1937569881814396,0.49072051241998405,0.1318795918458945,0.5834829443447038,0.15692307692307692,0.06552962298025135,0.7908438061041293,0.24858115777525538,0.3464991023339318,K002+KI03+KA09
xgboost,isotonic,target_real,0.6894075403949731,0.6558982099482481,0.22701649172695532,0.5264521375401129,0.2541504657203718,0.7010771992818672,0.20486555697823303,0.0,0.8985637342908438,0.2857142857142857,0.0,K002+KI03+KA09
random_forest,raw,source_holdout,0.9071729957805907,0.906174238509792,0.06150787360201321,0.1517823177995046,0.016116129228947434,,,,,,,K002+KI05+KA01
random_forest,raw,target_real,0.6696588868940754,0.6267240873366792,0.16026878285009855,0.4838458522224532,0.15173632721062105,0.5861759425493717,0.19295558958652373,0.17504488330341114,0.8734290843806104,0.302158273381295,0.27827648114901254,K002+KI05+KA01
random_forest,temperature,target_real,0.6696588868940754,0.6267240873366792,0.20734581121116305,0.5230724724964383,0.15255166092520345,0.5745062836624776,0.184375,0.17684021543985637,0.8671454219030521,0.2991718426501035,0.289048473967684,K002+KI05+KA01
random_forest,isotonic,target_real,0.6786355475763016,0.6444140147945877,0.23568227369394712,0.5506873688626686,0.24819716251296314,0.8536804308797128,0.26498422712933756,0.0,0.9775583482944344,0.310376492194674,0.0,K002+KI05+KA01
svm,raw,source_holdout,0.9071729957805907,0.9048329291055106,0.11477174794552589,0.1728984426352232,0.02927064956898308,,,,,,,K002+KI05+KA01
svm,raw,target_real,0.6597845601436265,0.6063711372301775,0.1564588570818614,0.5179827546076129,0.23389223740072412,0.4506283662477558,0.24302788844621515,0.0062836624775583485,0.6885098743267505,0.2685788787483703,0.0062836624775583485,K002+KI05+KA01
svm,temperature,target_real,0.6597845601436265,0.6063711372301775,0.2315325115921409,0.5657910763967303,0.23667380296081156,0.4524236983842011,0.24801587301587302,0.0062836624775583485,0.6723518850987432,0.2630173564753004,0.017953321364452424,K002+KI05+KA01
svm,isotonic,target_real,0.6768402154398564,0.6387520287643239,0.2539439405492648,0.5795593104789534,0.2476006204048218,0.8258527827648114,0.26413043478260867,0.0,0.9587073608617595,0.3099250936329588,0.0,K002+KI05+KA01
xgboost,raw,source_holdout,0.8776371308016878,0.8754805136384084,0.0568658206533279,0.18139431916752197,0.022636519200473285,,,,,,,K002+KI05+KA01
xgboost,raw,target_real,0.6831238779174147,0.6388756262842957,0.2303686052346787,0.5323280218725875,0.13668363963704408,0.6059245960502693,0.1748148148148148,0.09784560143626571,0.755834829443447,0.24465558194774348,0.3617594254937163,K002+KI05+KA01
xgboost,temperature,target_real,0.6831238779174147,0.6388756262842957,0.18538359174263497,0.4883441528893961,0.13596663830755995,0.6283662477558348,0.18857142857142858,0.10053859964093358,0.7737881508078994,0.2529002320185615,0.36714542190305205,K002+KI05+KA01
xgboost,isotonic,target_real,0.6840215439856373,0.6492440987846568,0.22999845885502843,0.5638806740553081,0.2642528526206703,0.7872531418312387,0.24971493728620298,0.0,0.9362657091561939,0.2962607861936721,0.0,K002+KI05+KA01
random_forest,raw,source_holdout,0.899581589958159,0.8979707825159049,0.05700258097835639,0.15387919173913425,0.016514991618897013,,,,,,,K002+KI05+KA03
random_forest,raw,target_real,0.6678635547576302,0.6246579098215325,0.1619237835742486,0.4838905969359343,0.15220049235548663,0.6104129263913824,0.20441176470588235,0.19389587073608616,0.8824057450628366,0.30010172939979657,0.2746858168761221,K002+KI05+KA03
random_forest,temperature,target_real,0.6678635547576302,0.6246579098215325,0.2098296890943538,0.5242091970775435,0.1535232363262148,0.6104129263913824,0.2073529411764706,0.19030520646319568,0.8653500897666068,0.2966804979253112,0.26032315978456017,K002+KI05+KA03
random_forest,isotonic,target_real,0.6669658886894075,0.6305894528635807,0.2510383038704197,0.5665090057486729,0.2588660989760421,0.8339317773788151,0.263724434876211,0.0,0.9784560143626571,0.3211009174311927,0.0,K002+KI05+KA03
svm,raw,source_holdout,0.9163179916317992,0.9143352462936395,0.04524696380066609,0.14049500782276275,0.01579246243037595,,,,,,,K002+KI05+KA03
svm,raw,target_real,0.6561938958707361,0.6010765291083636,0.16403058213822283,0.5173471320103193,0.2100342058778898,0.45511669658886894,0.2406311637080868,0.011669658886894075,0.6983842010771992,0.2686375321336761,0.07360861759425494,K002+KI05+KA03
svm,temperature,target_real,0.6561938958707361,0.6010765291083636,0.20720701816371329,0.5445128042398331,0.2123455858819524,0.46409335727109513,0.25338491295938104,0.010771992818671455,0.699281867145422,0.27214377406931967,0.03052064631956912,K002+KI05+KA03
svm,isotonic,target_real,0.6921005385996409,0.6565929807012937,0.2319602699371249,0.5485559885495285,0.23816018106110584,0.8913824057450629,0.2719033232628399,0.0,0.9919210053859964,0.302262443438914,0.0,K002+KI05+KA03
xgboost,raw,source_holdout,0.8786610878661087,0.875689785084853,0.04651038791345252,0.17134045832794645,0.0199902351161887,,,,,,,K002+KI05+KA03
xgboost,raw,target_real,0.6894075403949731,0.6474410856201981,0.22791536773021606,0.5358284549536151,0.14201528032583854,0.6328545780969479,0.1971631205673759,0.05116696588868941,0.7585278276481149,0.24733727810650888,0.3231597845601436,K002+KI05+KA03
xgboost,temperature,target_real,0.6894075403949731,0.6474410856201981,0.18737526422338574,0.4972058133096223,0.14126738178513762,0.6355475763016158,0.1977401129943503,0.05565529622980251,0.7692998204667864,0.24970828471411902,0.3276481149012567,K002+KI05+KA03
xgboost,isotonic,target_real,0.6804308797127468,0.6456220205833688,0.24957329077655055,0.5740726928452,0.2696891967282835,0.8491921005385996,0.2727272727272727,0.0,0.9605026929982047,0.30654205607476637,0.0,K002+KI05+KA03
random_forest,raw,source_holdout,0.7280334728033473,0.7187460094496233,0.043752909862437975,0.34016471493167955,0.11368797587270135,,,,,,,K002+KI05+KA05
random_forest,raw,target_real,0.6795332136445242,0.6406391060075531,0.14694718849801638,0.46798400415804675,0.1455457388334953,0.5224416517055656,0.15463917525773196,0.18043087971274685,0.604129263913824,0.19167904903417535,0.2719928186714542,K002+KI05+KA05
random_forest,temperature,target_real,0.6795332136445242,0.6406391060075531,0.18410649654622407,0.49326554408564444,0.14635219471924754,0.5161579892280072,0.15130434782608695,0.15978456014362658,0.599640933572711,0.19461077844311378,0.26929982046678635,K002+KI05+KA05
random_forest,isotonic,target_real,0.6669658886894075,0.6175408839819002,0.22313816373628523,0.5287615239558114,0.25342633786674573,0.5125673249551167,0.15586690017513136,0.0,0.7980251346499102,0.26996625421822273,0.0,K002+KI05+KA05
svm,raw,source_holdout,0.8577405857740585,0.8561904761904762,0.07318835385462842,0.2198776393002847,0.042360360263865963,,,,,,,K002+KI05+KA05
svm,raw,target_real,0.6633752244165171,0.6174443966793293,0.1425922324112538,0.5136502549396327,0.2069863942199276,0.5008976660682226,0.26881720430107525,0.0718132854578097,0.6382405745062837,0.26863572433192684,0.1355475763016158,K002+KI05+KA05
svm,temperature,target_real,0.6633752244165171,0.6174443966793293,0.20483696067459928,0.5501706010574116,0.2108105004518884,0.4111310592459605,0.2423580786026201,0.06193895870736086,0.6346499102333932,0.2743988684582744,0.118491921005386,K002+KI05+KA05
svm,isotonic,target_real,0.6552962298025135,0.6068363744251594,0.2139999432556886,0.5726528826443471,0.30077951487857824,0.5700179533213644,0.27716535433070866,0.0,0.6588868940754039,0.31471389645776565,0.0,K002+KI05+KA05
xgboost,raw,source_holdout,0.6903765690376569,0.6785714285714285,0.17222478923438483,0.4635126796679645,0.16086935447211323,,,,,,,K002+KI05+KA05
xgboost,raw,target_real,0.6849192100538599,0.6429746696546076,0.23107551361970885,0.5296343538207003,0.13995373459065574,0.388689407540395,0.07159353348729793,0.03052064631956912,0.4533213644524237,0.09504950495049505,0.2917414721723519,K002+KI05+KA05
xgboost,temperature,target_real,0.6849192100538599,0.6429746696546076,0.11175288733876607,0.4396568422852778,0.13889239640018883,0.36624775583482944,0.061274509803921566,0.03590664272890485,0.4605026929982047,0.09746588693957114,0.30610412926391384,K002+KI05+KA05
xgboost,isotonic,target_real,0.670556552962298,0.622732358559379,0.15327680410056121,0.4411403968685163,0.2266025069091726,0.4865350089766607,0.14206642066420663,0.0,0.6157989228007181,0.17346938775510204,0.0,K002+KI05+KA05
random_forest,raw,source_holdout,0.899581589958159,0.8979707825159049,0.06346374410980775,0.1554828557953292,0.016900089375049134,,,,,,,K002+KI05+KA06
random_forest,raw,target_real,0.6651705565529623,0.6213842982824863,0.1655638576438106,0.48466616237049104,0.15209002526749218,0.6068222621184919,0.20266272189349113,0.18402154398563733,0.8464991023339318,0.2916224814422057,0.27289048473967686,K002+KI05+KA06
random_forest,temperature,target_real,0.6651705565529623,0.6213842982824863,0.2094510764944915,0.5217126391080941,0.15330836141536158,0.599640933572711,0.20059880239520958,0.11310592459605028,0.8447037701974865,0.29011689691817216,0.2746858168761221,K002+KI05+KA06
random_forest,isotonic,target_real,0.6768402154398564,0.6423254375034176,0.24013090350131472,0.5578016242184458,0.24966495739555486,0.8429084380610413,0.26517571884984026,0.0,0.9829443447037702,0.31689497716894977,0.0,K002+KI05+KA06
svm,raw,source_holdout,0.9163179916317992,0.9143352462936395,0.04326462012898639,0.13962679747464385,0.015734336435325944,,,,,,,K002+KI05+KA06
svm,raw,target_real,0.6561938958707361,0.6010765291083636,0.1634199842318777,0.5155260363952013,0.20680285164339343,0.47666068222621183,0.24858757062146894,0.017953321364452424,0.7028725314183124,0.26947637292464877,0.08617594254937164,K002+KI05+KA06
svm,temperature,target_real,0.6561938958707361,0.6010765291083636,0.20632101906943978,0.5426301443790758,0.2090683835727446,0.48473967684021546,0.2537037037037037,0.017953321364452424,0.699281867145422,0.27086007702182285,0.08348294434470377,K002+KI05+KA06
svm,isotonic,target_real,0.6983842010771992,0.6629909723237312,0.22543908298730014,0.5427240530417827,0.23661228381891944,0.8877917414721723,0.2699696663296259,0.0,0.9964093357271095,0.3009009009009009,0.0,K002+KI05+KA06
xgboost,raw,source_holdout,0.8786610878661087,0.8752236160560454,0.04871915686080643,0.17703005630837942,0.02052118950786206,,,,,,,K002+KI05+KA06
xgboost,raw,target_real,0.6804308797127468,0.6367829649990387,0.2316411525225083,0.5328211229990406,0.13961712829525055,0.6229802513464991,0.18587896253602307,0.0421903052064632,0.7585278276481149,0.24733727810650888,0.3518850987432675,K002+KI05+KA06
xgboost,temperature,target_real,0.6804308797127468,0.6367829649990387,0.18825417815797124,0.4905437428098862,0.1390853156335796,0.6238779174147218,0.1884892086330935,0.09245960502692999,0.770197486535009,0.2517482517482518,0.3608617594254937,K002+KI05+KA06
xgboost,isotonic,target_real,0.6840215439856373,0.6498267287956443,0.23858280074362193,0.5633262907997933,0.25614745691822705,0.8186714542190305,0.25548245614035087,0.0,0.9614003590664273,0.3034547152194211,0.0,K002+KI05+KA06
random_forest,raw,source_holdout,0.8823529411764706,0.8825822229252506,0.06916183227488734,0.17653881176520253,0.023560228119388908,,,,,,,K002+KI05+KA07
random_forest,raw,target_real,0.6732495511669659,0.6304304493987337,0.15332308675177447,0.46536043130830873,0.14225831932063704,0.5646319569120287,0.16216216216216217,0.2001795332136445,0.7531418312387792,0.2526817640047676,0.29353680430879714,K002+KI05+KA07
random_forest,temperature,target_real,0.6732495511669659,0.6304304493987337,0.20363277703353738,0.5084477332123672,0.1427991822403334,0.5574506283662477,0.1610305958132045,0.2001795332136445,0.7387791741472173,0.24787363304981774,0.289048473967684,K002+KI05+KA07
random_forest,isotonic,target_real,0.6741472172351886,0.6406159579367634,0.21847022629005147,0.5184326475709725,0.23230336278494954,0.6274685816876122,0.18311874105865522,0.0,0.9120287253141831,0.2952755905511811,0.0,K002+KI05+KA07
svm,raw,source_holdout,0.9033613445378151,0.9021305873102281,0.05384029435244933,0.1594410288490147,0.02029226765351585,,,,,,,K002+KI05+KA07
svm,raw,target_real,0.6642728904847397,0.6078853620419745,0.15339102612673464,0.5026994960033255,0.19859967022033392,0.5,0.23518850987432674,0.027827648114901255,0.7073608617594255,0.25888324873096447,0.12836624775583483,K002+KI05+KA07
svm,temperature,target_real,0.6642728904847397,0.6078853620419745,0.20283848931587758,0.5323170651122733,0.2013004128009679,0.5044883303411131,0.23843416370106763,0.026929982046678635,0.7055655296229802,0.2608142493638677,0.10951526032315978,K002+KI05+KA07
svm,isotonic,target_real,0.6813285457809695,0.6432439381380071,0.20691772411280873,0.5256166658198405,0.25203884565660245,0.6454219030520646,0.21557719054242003,0.0,0.8976660682226212,0.299,0.0,K002+KI05+KA07
xgboost,raw,source_holdout,0.8697478991596639,0.8685017296649566,0.04548473818963314,0.2014521999689901,0.02895864956584622,,,,,,,K002+KI05+KA07
xgboost,raw,target_real,0.6867145421903053,0.6424482393795924,0.2269555804331384,0.522421467336237,0.1319371319106273,0.6050269299820467,0.17062314540059348,0.04488330341113106,0.7271095152603232,0.22592592592592592,0.3877917414721723,K002+KI05+KA07
xgboost,temperature,target_real,0.6867145421903053,0.6424482393795924,0.18973633906801934,0.4863752201885343,0.13147434184701312,0.5906642728904847,0.1656534954407295,0.04398563734290844,0.7289048473967684,0.22536945812807882,0.3895870736086176,K002+KI05+KA07
xgboost,isotonic,target_real,0.6938958707360862,0.6611744702507633,0.19975191130604295,0.49941848646543646,0.22223554208034718,0.7289048473967684,0.20935960591133004,0.0,0.86983842010772,0.26418988648090813,0.0,K002+KI05+KA07
random_forest,raw,source_holdout,0.5983263598326359,0.5002773380954314,0.219756347144849,0.6023944778644003,0.20263708258226168,,,,,,,K002+KI05+KA08
random_forest,raw,target_real,0.6561938958707361,0.6207835113687291,0.19565721842044337,0.5333852085028764,0.16664740412443044,0.19748653500897667,0.06363636363636363,0.10053859964093358,0.39228007181328545,0.11670480549199085,0.16696588868940754,K002+KI05+KA08
random_forest,temperature,target_real,0.6561938958707361,0.6207835113687291,0.08058697297345213,0.4805985447935506,0.16128376184641607,0.17594254937163376,0.05102040816326531,0.10053859964093358,0.40574506283662476,0.1084070796460177,0.17504488330341114,K002+KI05+KA08
random_forest,isotonic,target_real,0.6292639138240574,0.5936919655502177,0.14179499099995904,0.5045980686466117,0.2644818582393259,0.2504488330341113,0.1039426523297491,0.0,0.4236983842010772,0.15889830508474576,0.0,K002+KI05+KA08
svm,raw,source_holdout,0.6317991631799164,0.5454326932604086,0.21013942000007152,0.5886731431346012,0.19102523418793205,,,,,,,K002+KI05+KA08
svm,raw,target_real,0.6561938958707361,0.612615957410948,0.21259866143294395,0.5527926425679507,0.1742719974388886,0.2459605026929982,0.08029197080291971,0.08976660682226212,0.3348294434470377,0.13941018766756033,0.1867145421903052,K002+KI05+KA08
svm,temperature,target_real,0.6561938958707361,0.612615957410948,0.0641732685251669,0.4883464206231526,0.18240498553231013,0.25673249551166966,0.07342657342657342,0.08976660682226212,0.3249551166965889,0.13535911602209943,0.19299820466786355,K002+KI05+KA08
svm,isotonic,target_real,0.578096947935368,0.5493425309359458,0.16696047610261766,0.5563518265751122,0.3428437182452777,0.17594254937163376,0.1683673469387755,0.0,0.3348294434470377,0.22788203753351208,0.0,K002+KI05+KA08
xgboost,raw,source_holdout,0.606694560669456,0.5103190084323885,0.3202324462236221,0.7005268197220048,0.22332132349344025,,,,,,,K002+KI05+KA08
xgboost,raw,target_real,0.6588868940754039,0.6202162981209899,0.2755304982139991,0.599373742287213,0.16432150376640478,0.04129263913824058,0.021739130434782608,0.09245960502692999,0.25224416517055653,0.08185053380782918,0.144524236983842,K002+KI05+KA08
xgboost,temperature,target_real,0.6588868940754039,0.6202162981209899,0.11106307089361199,0.47502822538885847,0.16187860719447147,0.05834829443447038,0.015384615384615385,0.09874326750448834,0.18850987432675045,0.05714285714285714,0.1651705565529623,K002+KI05+KA08
xgboost,isotonic,target_real,0.6274685816876122,0.5872093304384614,0.1384993456716111,0.4812637541987383,0.25035915762949057,0.2594254937163375,0.10726643598615918,0.0,0.2845601436265709,0.11041009463722397,0.0,K002+KI05+KA08
random_forest,raw,source_holdout,0.9029535864978903,0.9018791381743189,0.09295908926841026,0.15444920407974083,0.016844971079974982,,,,,,,K002+KI05+KA09
random_forest,raw,target_real,0.6687612208258528,0.6249965634071595,0.16219991535379344,0.4761398887661584,0.1464264986574895,0.5870736086175943,0.1926605504587156,0.16786355475763015,0.90754039497307,0.2997032640949555,0.3141831238779174,K002+KI05+KA09
random_forest,temperature,target_real,0.6687612208258528,0.6249965634071595,0.21704306476298418,0.5214798431053748,0.14727311401140056,0.5861759425493717,0.19142419601837674,0.17504488330341114,0.8913824057450629,0.2940584088620342,0.3141831238779174,K002+KI05+KA09
random_forest,isotonic,target_real,0.6741472172351886,0.6385532536774018,0.23119454873826595,0.544964135272533,0.23534344824462874,0.7585278276481149,0.23550295857988165,0.0,0.9326750448833034,0.3041385948026949,0.0,K002+KI05+KA09
svm,raw,source_holdout,0.9156118143459916,0.9138627681457537,0.050524521234570796,0.14322579053831086,0.0164405852983002,,,,,,,K002+KI05+KA09
svm,raw,target_real,0.6597845601436265,0.6036624051329934,0.15603989479708114,0.5094099424398381,0.20794346626572574,0.4649910233393178,0.2413127413127413,0.01526032315978456,0.6894075403949731,0.26171875,0.0933572710951526,K002+KI05+KA09
svm,temperature,target_real,0.6597845601436265,0.6036624051329934,0.2036108515736652,0.5376856862625784,0.21067314654199848,0.4757630161579892,0.2528301886792453,0.012567324955116697,0.6876122082585279,0.26762402088772846,0.06193895870736086,K002+KI05+KA09
svm,isotonic,target_real,0.6876122082585279,0.6503810843310269,0.22709326940174607,0.5518747389666712,0.2426385297485391,0.8716337522441652,0.2749742533470649,0.0,0.9865350089766607,0.3057324840764331,0.0,K002+KI05+KA09
xgboost,raw,source_holdout,0.8860759493670886,0.883739278624189,0.04878063103820706,0.17126965241970668,0.02135145994447739,,,,,,,K002+KI05+KA09
xgboost,raw,target_real,0.6804308797127468,0.6370077409145218,0.23460663266520101,0.5304303078292288,0.13739360684443697,0.599640933572711,0.17365269461077845,0.08976660682226212,0.8105924596050269,0.2646733111849391,0.348294434470377,K002+KI05+KA09
xgboost,temperature,target_real,0.6804308797127468,0.6370077409145218,0.1995768664822657,0.49396388542187697,0.13695586794558973,0.6122082585278277,0.17595307917888564,0.09425493716337523,0.8213644524236984,0.2677595628415301,0.3599640933572711,K002+KI05+KA09
xgboost,isotonic,target_real,0.6813285457809695,0.6467096385384323,0.22332574216968654,0.5310113006469648,0.2628672388895449,0.6947935368043088,0.2054263565891473,0.0,0.9533213644524237,0.3069679849340866,0.0,K002+KI05+KA09
random_forest,raw,source_holdout,0.7848101265822784,0.7734778623057315,0.06700329219649485,0.35067702753833707,0.07514891352246171,,,,,,,K002+KI07+KA01
random_forest,raw,target_real,0.6867145421903053,0.6442583617602897,0.1668787219498353,0.4646476866314511,0.14054826328346104,0.34470377019748655,0.078125,0.1813285457809695,0.5053859964093357,0.1349911190053286,0.30251346499102333,K002+KI07+KA01
random_forest,temperature,target_real,0.6867145421903053,0.6442583617602897,0.0357519297675613,0.40403365362772115,0.1370171712780941,0.3635547576301616,0.07160493827160494,0.15170556552962297,0.5251346499102334,0.13162393162393163,0.2881508078994614,K002+KI07+KA01
random_forest,isotonic,target_real,0.6355475763016158,0.5733411995528238,0.20857514156206186,0.594893639045549,0.30190933705522066,0.5296229802513465,0.16610169491525423,0.0,0.6956912028725314,0.2696774193548387,0.0,K002+KI07+KA01
svm,raw,source_holdout,0.7721518987341772,0.7591940119861426,0.1220562740788908,0.3709942065457651,0.17099303266223873,,,,,,,K002+KI07+KA01
svm,raw,target_real,0.6929982046678635,0.644238963738792,0.16559145371584866,0.4582127325028111,0.16270923643310584,0.4982046678635548,0.15495495495495495,0.03052064631956912,0.5170556552962298,0.16145833333333334,0.09605026929982047,K002+KI07+KA01
svm,temperature,target_real,0.6929982046678635,0.644238963738792,0.10878866632993689,0.427948432611794,0.16142883093403484,0.5026929982046678,0.15892857142857142,0.03141831238779174,0.5161579892280072,0.16695652173913045,0.09425493716337523,K002+KI07+KA01
svm,isotonic,target_real,0.6938958707360862,0.65229600967639,0.17905885412631237,0.5327385578403308,0.2768362270283657,0.5314183123877917,0.20608108108108109,0.0,0.7477558348294434,0.22569027611044418,0.0,K002+KI07+KA01
xgboost,raw,source_holdout,0.7637130801687764,0.7496337266119593,0.16614880126739856,0.4108282453498544,0.0915946986613623,,,,,,,K002+KI07+KA01
xgboost,raw,target_real,0.6947935368043088,0.6534685001023757,0.23480264821108196,0.526245211130996,0.12911579375343846,0.28276481149012567,0.025396825396825397,0.0933572710951526,0.5457809694793537,0.13322368421052633,0.400359066427289,K002+KI07+KA01
xgboost,temperature,target_real,0.6947935368043088,0.6534685001023757,0.08855787657703712,0.4066940533319878,0.12715539877418125,0.27827648114901254,0.02258064516129032,0.07989228007181329,0.5538599640933572,0.13776337115072934,0.39138240574506283,K002+KI07+KA01
xgboost,isotonic,target_real,0.6328545780969479,0.5817033094243552,0.21758286706654767,0.6083123446963693,0.3278061903810188,0.6193895870736086,0.23768115942028986,0.0,0.7172351885098743,0.27033792240300375,0.0,K002+KI07+KA01
random_forest,raw,source_holdout,0.7782426778242678,0.7630466442018481,0.07147844835706023,0.34902195667335556,0.07502897828322781,,,,,,,K002+KI07+KA03
random_forest,raw,target_real,0.6849192100538599,0.6431430883056084,0.1711224333469379,0.4673625724328641,0.1416347160099252,0.33303411131059246,0.07547169811320754,0.14631956912028726,0.5816876122082585,0.16512345679012347,0.2998204667863555,K002+KI07+KA03
random_forest,temperature,target_real,0.6849192100538599,0.6431430883056084,0.06261978684410266,0.4077769471046137,0.13800407408787896,0.3518850987432675,0.07397959183673469,0.18850987432675045,0.5754039497307002,0.1544461778471139,0.3087971274685817,K002+KI07+KA03
random_forest,isotonic,target_real,0.6463195691202872,0.5874534069572778,0.19292953855390965,0.5659546251370324,0.24868057224156645,0.5466786355475763,0.15763546798029557,0.0,0.6382405745062837,0.21659634317862167,0.0,K002+KI07+KA03
svm,raw,source_holdout,0.7740585774058577,0.7598913924770557,0.08885088297120272,0.34091037039264677,0.0717254143786128,,,,,,,K002+KI07+KA03
svm,raw,target_real,0.6956912028725314,0.6454163275444241,0.16787593142337948,0.4609337188379362,0.1505716130587489,0.518850987432675,0.1695501730103806,0.03770197486535009,0.5421903052064632,0.17549668874172186,0.18312387791741472,K002+KI07+KA03
svm,temperature,target_real,0.6956912028725314,0.6454163275444241,0.06718482951601598,0.41151681799337425,0.14841429902836722,0.5098743267504489,0.16725352112676056,0.03859964093357271,0.5556552962298025,0.1841680129240711,0.21723518850987433,K002+KI07+KA03
svm,isotonic,target_real,0.6579892280071813,0.6015163225962413,0.21203440520840813,0.5556715656053997,0.2820293712069459,0.6310592459605027,0.20625889046941678,0.0,0.7576301615798923,0.24170616113744076,0.0,K002+KI07+KA03
xgboost,raw,source_holdout,0.7615062761506276,0.7449885658635677,0.16207994601716552,0.41155517041139084,0.08995660121017711,,,,,,,K002+KI07+KA03
xgboost,raw,target_real,0.6938958707360862,0.6537254871827439,0.23308033663344765,0.5269138376300188,0.13062755552732208,0.2872531418312388,0.025,0.0763016157989228,0.573608617594255,0.15492957746478872,0.39497307001795334,K002+KI07+KA03
xgboost,temperature,target_real,0.6938958707360862,0.6537254871827439,0.0822419849912084,0.4077383120510712,0.12888000693482005,0.30251346499102333,0.02967359050445104,0.09156193895870736,0.566427289048474,0.14896988906497624,0.39676840215439857,K002+KI07+KA03
xgboost,isotonic,target_real,0.6202872531418312,0.5551426387269925,0.2283231202315268,0.5785577542422254,0.26421676537093286,0.5574506283662477,0.18840579710144928,0.0,0.718132854578097,0.2625,0.0,K002+KI07+KA03
random_forest,raw,source_holdout,0.6192468619246861,0.6175481546608457,0.09812322264144233,0.5339014034416868,0.27406814817388214,,,,,,,K002+KI07+KA05
random_forest,raw,target_real,0.6912028725314183,0.6544867035656795,0.1624972354677524,0.4545921354423858,0.13852902910955853,0.2998204667863555,0.04491017964071856,0.0,0.2998204667863555,0.04491017964071856,0.3114901256732496,K002+KI07+KA05
random_forest,temperature,target_real,0.6912028725314183,0.6544867035656795,0.056552865126662286,0.40198996769683903,0.13515362907919715,0.3096947935368043,0.05217391304347826,0.0,0.3096947935368043,0.05217391304347826,0.30700179533213645,K002+KI07+KA05
random_forest,isotonic,target_real,0.6831238779174147,0.6263960396687148,0.15257730650058965,0.4886071935285413,0.20759391269920885,0.5179533213644524,0.13344887348353554,0.0,0.5251346499102334,0.14017094017094017,0.0,K002+KI07+KA05
svm,raw,source_holdout,0.7112970711297071,0.7074786324786325,0.06926646769533584,0.42547693266025494,0.15457597671326245,,,,,,,K002+KI07+KA05
svm,raw,target_real,0.7046678635547576,0.6620912120275199,0.16022420567583323,0.44914560204485987,0.14380094535574162,0.45511669658886894,0.13214990138067062,0.04847396768402154,0.4919210053859964,0.1551094890510949,0.21005385996409337,K002+KI07+KA05
svm,temperature,target_real,0.7046678635547576,0.6620912120275199,0.08582494852064812,0.4100443796545942,0.141753025201618,0.44434470377019747,0.1191919191919192,0.04847396768402154,0.5197486535008977,0.16580310880829016,0.23967684021543986,K002+KI07+KA05
svm,isotonic,target_real,0.6831238779174147,0.6134629542930439,0.17788595899301635,0.4936839446010518,0.2402471609326756,0.400359066427289,0.13228699551569506,0.0,0.6840215439856373,0.1968503937007874,0.0,K002+KI07+KA05
xgboost,raw,source_holdout,0.5857740585774058,0.5831305445248094,0.28573333244443444,0.6868378501513754,0.36629567189694384,,,,,,,K002+KI07+KA05
xgboost,raw,target_real,0.6921005385996409,0.6526943904722158,0.23904016651413815,0.5276560900580766,0.1292485022604948,0.06642728904847396,0.013513513513513514,0.13913824057450627,0.06642728904847396,0.013513513513513514,0.4021543985637343,K002+KI07+KA05
xgboost,temperature,target_real,0.6921005385996409,0.6526943904722158,0.08215361419246778,0.4030250251857694,0.12746923786088485,0.06014362657091562,0.014925373134328358,0.1229802513464991,0.06014362657091562,0.014925373134328358,0.39497307001795334,K002+KI07+KA05
xgboost,isotonic,target_real,0.6831238779174147,0.6338167939494722,0.09373947018243374,0.43909008021462054,0.18516217624930187,0.23967684021543986,0.0599250936329588,0.0,0.4955116696588869,0.1213768115942029,0.0,K002+KI07+KA05
random_forest,raw,source_holdout,0.7782426778242678,0.7630466442018481,0.06785161392124257,0.34703224963760265,0.0737034330569554,,,,,,,K002+KI07+KA06
random_forest,raw,target_real,0.6822262118491921,0.6391214481636617,0.1680867393661875,0.4646734113436693,0.14021216261503194,0.3339317773788151,0.06451612903225806,0.15170556552962297,0.5197486535008977,0.13471502590673576,0.3087971274685817,K002+KI07+KA06
random_forest,temperature,target_real,0.6822262118491921,0.6391214481636617,0.05136811776299511,0.4046252522295868,0.1363269076824482,0.37163375224416517,0.07004830917874397,0.1561938958707361,0.5682226211849192,0.15323854660347552,0.31956912028725315,K002+KI07+KA06
random_forest,isotonic,target_real,0.6472172351885098,0.5872492168434689,0.20234020349529164,0.5831218575510008,0.2969604917233492,0.5619389587073609,0.17252396166134185,0.0,0.6382405745062837,0.21378340365682139,0.0,K002+KI07+KA06
svm,raw,source_holdout,0.7740585774058577,0.7598913924770557,0.09579206757233222,0.3408624945259461,0.07116786674793193,,,,,,,K002+KI07+KA06
svm,raw,target_real,0.6947935368043088,0.6432090830138645,0.1681446167531519,0.4581624989324049,0.14840698564019972,0.5170556552962298,0.1684027777777778,0.03859964093357271,0.5448833034111311,0.17298187808896212,0.20287253141831238,K002+KI07+KA06
svm,temperature,target_real,0.6947935368043088,0.6432090830138645,0.04180476339012629,0.404042625748949,0.1461883446881087,0.5017953321364452,0.15742397137745975,0.03949730700179533,0.5619389587073609,0.17731629392971246,0.21005385996409337,K002+KI07+KA06
svm,isotonic,target_real,0.6543985637342908,0.5963670894810883,0.20969394484297332,0.5638259150087659,0.2949521581235,0.6337522441651705,0.2096317280453258,0.0,0.774685816876122,0.2526071842410197,0.0,K002+KI07+KA06
xgboost,raw,source_holdout,0.7531380753138075,0.7368383017163506,0.18214069026284638,0.41713378479436275,0.09083056205571871,,,,,,,K002+KI07+KA06
xgboost,raw,target_real,0.696588868940754,0.6558949846757974,0.23959402255780812,0.5275879496239118,0.12935304150851518,0.28186714542190305,0.025477707006369428,0.10502692998204669,0.5394973070017953,0.13311148086522462,0.40484739676840215,K002+KI07+KA06
xgboost,temperature,target_real,0.696588868940754,0.6558949846757974,0.08344228345153883,0.40750250176091035,0.12752823986933431,0.28186714542190305,0.022292993630573247,0.11669658886894076,0.5359066427289049,0.1306532663316583,0.3985637342908438,K002+KI07+KA06
xgboost,isotonic,target_real,0.6059245960502693,0.5404135801125576,0.2530386961574822,0.6105707992926022,0.27640519675390246,0.5933572710951526,0.19667170953101362,0.0,0.7315978456014363,0.2822085889570552,0.0,K002+KI07+KA06
random_forest,raw,source_holdout,0.7605042016806722,0.7498972572143304,0.05235960023746947,0.37670718265856606,0.1063576784642638,,,,,,,K002+KI07+KA07
random_forest,raw,target_real,0.6885098743267505,0.6458838660549161,0.15702131837230004,0.4499549819254049,0.1331068815407864,0.2980251346499102,0.03313253012048193,0.18581687612208259,0.4865350089766607,0.11254612546125461,0.3177737881508079,K002+KI07+KA07
random_forest,temperature,target_real,0.6885098743267505,0.6458838660549161,0.07725871771560125,0.40761139973983596,0.13137477608776696,0.30789946140035906,0.03498542274052478,0.18402154398563733,0.4955116696588869,0.11231884057971014,0.3240574506283663,K002+KI07+KA07
random_forest,isotonic,target_real,0.6804308797127468,0.6427664533152863,0.14453776039909932,0.4950435868720188,0.23203052856373835,0.47755834829443444,0.12218045112781954,0.0,0.5026929982046678,0.1357142857142857,0.0,K002+KI07+KA07
svm,raw,source_holdout,0.7689075630252101,0.7587718935888962,0.07128360244331083,0.3584593133664572,0.08407280139429878,,,,,,,K002+KI07+KA07
svm,raw,target_real,0.696588868940754,0.6426363076474121,0.16564116908201235,0.45132748766787645,0.1401317795905713,0.47127468581687615,0.13333333333333333,0.09066427289048475,0.5547576301615799,0.15857605177993528,0.2459605026929982,K002+KI07+KA07
svm,temperature,target_real,0.696588868940754,0.6426363076474121,0.0695709744711232,0.40621358998300744,0.13877389060377832,0.4865350089766607,0.13837638376383765,0.08976660682226212,0.5754039497307002,0.1622464898595944,0.25314183123877915,K002+KI07+KA07
svm,isotonic,target_real,0.6669658886894075,0.6138843317513095,0.16561158114977192,0.5044029165692404,0.25371324193542655,0.5556552962298025,0.1680129240710824,0.0,0.6669658886894075,0.19784656796769853,0.0,K002+KI07+KA07
xgboost,raw,source_holdout,0.7352941176470589,0.7204610592481661,0.18004686842445566,0.44335558460867613,0.1248021990155347,,,,,,,K002+KI07+KA07
xgboost,raw,target_real,0.7001795332136446,0.6580840951681198,0.22549437195116143,0.5147002398559485,0.12548032134910794,0.33213644524236985,0.02972972972972973,0.03949730700179533,0.5035906642728905,0.0962566844919786,0.4156193895870736,K002+KI07+KA07
xgboost,temperature,target_real,0.7001795332136446,0.6580840951681198,0.08732014423176049,0.405153115114868,0.12383716743968264,0.36804308797127466,0.036585365853658534,0.18312387791741472,0.5035906642728905,0.0944741532976827,0.3994614003590664,K002+KI07+KA07
xgboost,isotonic,target_real,0.6615798922800719,0.6191807277794356,0.17014211990728934,0.5105207963496272,0.22065338544444188,0.44254937163375224,0.09939148073022312,0.0,0.5466786355475763,0.1625615763546798,0.0,K002+KI07+KA07
random_forest,raw,source_holdout,0.48535564853556484,0.40748391124330974,0.3909200047503798,0.8288625546087343,0.3501285170371257,,,,,,,K002+KI07+KA08
random_forest,raw,target_real,0.670556552962298,0.6328870017980557,0.21290633741846893,0.5355390943839842,0.16936068938313328,0.1481149012567325,0.04242424242424243,0.0,0.1481149012567325,0.04242424242424243,0.1651705565529623,K002+KI07+KA08
random_forest,temperature,target_real,0.670556552962298,0.6328870017980557,0.1349693505148852,0.48698199381699014,0.15781052198021286,0.15798922800718132,0.03977272727272727,0.0,0.15798922800718132,0.03977272727272727,0.1651705565529623,K002+KI07+KA08
random_forest,isotonic,target_real,0.6418312387791741,0.5620141089324883,0.10494966020995844,0.505615306092591,0.2211291695432483,0.3007181328545781,0.08358208955223881,0.0,0.3007181328545781,0.08358208955223881,0.09156193895870736,K002+KI07+KA08
svm,raw,source_holdout,0.5104602510460251,0.44752766928499144,0.35886067655322024,0.7826517181502158,0.32647277347789905,,,,,,,K002+KI07+KA08
svm,raw,target_real,0.6831238779174147,0.639614406237062,0.22381624586525226,0.5208924131085227,0.14655385941412827,0.263016157989228,0.05460750853242321,0.07719928186714542,0.263016157989228,0.05460750853242321,0.2540394973070018,K002+KI07+KA08
svm,temperature,target_real,0.6831238779174147,0.639614406237062,0.06989935095058981,0.43612596282224464,0.14501490483533877,0.2917414721723519,0.05846153846153846,0.07719928186714542,0.2917414721723519,0.05846153846153846,0.27289048473967686,K002+KI07+KA08
svm,isotonic,target_real,0.6454219030520646,0.5520351223741974,0.11833233597806239,0.5068769013384787,0.2257908183477335,0.35637342908438063,0.12846347607052896,0.0,0.38240574506283664,0.13380281690140844,0.0,K002+KI07+KA08
xgboost,raw,source_holdout,0.49372384937238495,0.41641900616538446,0.45916320115452525,0.9384980644602201,0.3605426916837622,,,,,,,K002+KI07+KA08
xgboost,raw,target_real,0.6750448833034112,0.635930813152861,0.28124813861221987,0.5941332026151852,0.16008499312719635,0.12477558348294435,0.02877697841726619,0.07450628366247755,0.12477558348294435,0.02877697841726619,0.21903052064631956,K002+KI07+KA08
xgboost,temperature,target_real,0.6750448833034112,0.635930813152861,0.14053844513310282,0.49028562171430157,0.1507086310433023,0.16247755834829444,0.027624309392265192,0.09156193895870736,0.16247755834829444,0.027624309392265192,0.26929982046678635,K002+KI07+KA08
xgboost,isotonic,target_real,0.6481149012567325,0.5596400104851315,0.08886750450885894,0.48286031346210295,0.19030787730218002,0.2253141831238779,0.055776892430278883,0.0,0.2253141831238779,0.055776892430278883,0.1947935368043088,K002+KI07+KA08
random_forest,raw,source_holdout,0.7763713080168776,0.7646704032246201,0.051792570909267206,0.3538630852132216,0.08630079242823173,,,,,,,K002+KI07+KA09
random_forest,raw,target_real,0.6867145421903053,0.6436104513538456,0.16558124743294317,0.46192688352511474,0.1378909762073648,0.29533213644524237,0.030395136778115502,0.12477558348294435,0.5314183123877917,0.13344594594594594,0.3213644524236984,K002+KI07+KA09
random_forest,temperature,target_real,0.6867145421903053,0.6436104513538456,0.07830895452451136,0.41190672410637824,0.13696324142884284,0.30700179533213645,0.04093567251461988,0.12477558348294435,0.5341113105924596,0.13277310924369748,0.3276481149012567,K002+KI07+KA09
random_forest,isotonic,target_real,0.6552962298025135,0.6145208331267211,0.17855756156171276,0.5293156057320493,0.26304294819973173,0.4910233393177738,0.13528336380255943,0.0,0.6292639138240574,0.20542082738944364,0.0,K002+KI07+KA09
svm,raw,source_holdout,0.7721518987341772,0.7591511597391744,0.08472171672230672,0.34660987162634055,0.07438187177920637,,,,,,,K002+KI07+KA09
svm,raw,target_real,0.696588868940754,0.6444737331542876,0.1672760600285339,0.4525805087699186,0.14592201931736487,0.5053859964093357,0.15985790408525755,0.04757630161579892,0.5305206463195691,0.16751269035532995,0.1947935368043088,K002+KI07+KA09
svm,temperature,target_real,0.696588868940754,0.6444737331542876,0.0647340684187746,0.4048681876625504,0.1439882449217571,0.4991023339317774,0.1528776978417266,0.04757630161579892,0.5637342908438061,0.17038216560509553,0.21723518850987433,K002+KI07+KA09
svm,isotonic,target_real,0.6561938958707361,0.5971659142404455,0.20267800034013522,0.5374295982983922,0.27493479889472033,0.6274685816876122,0.1888412017167382,0.0,0.7091561938958707,0.21265822784810126,0.0,K002+KI07+KA09
xgboost,raw,source_holdout,0.7552742616033755,0.7400645802285147,0.1708783497287251,0.41466882000574334,0.09727690410129747,,,,,,,K002+KI07+KA09
xgboost,raw,target_real,0.6929982046678635,0.6515993433250588,0.2377035494499189,0.5251643677824928,0.12969054270908228,0.19299820466786355,0.018604651162790697,0.09156193895870736,0.5601436265709157,0.14743589743589744,0.38330341113105926,K002+KI07+KA09
xgboost,temperature,target_real,0.6929982046678635,0.6515993433250588,0.09312603532431775,0.4087361327276364,0.12791486682468436,0.22351885098743268,0.020080321285140562,0.10143626570915619,0.5583482944344704,0.14630225080385853,0.38330341113105926,K002+KI07+KA09
xgboost,isotonic,target_real,0.6454219030520646,0.599061194173301,0.18884170243464404,0.5447082966487244,0.25815545346436,0.5888689407540395,0.17378048780487804,0.0,0.6687612208258528,0.21610738255033557,0.0,K002+KI07+KA09
random_forest,raw,source_holdout,0.8728813559322034,0.8715506462822602,0.061640658269196534,0.20086049452750862,0.03181764052622347,,,,,,,K002+KI08+KA01
random_forest,raw,target_real,0.6696588868940754,0.6275788330676267,0.1504481727496635,0.4751347959615778,0.15299773425113475,0.4856373429084381,0.15157116451016636,0.18581687612208259,0.6840215439856373,0.2335958005249344,0.2872531418312388,K002+KI08+KA01
random_forest,temperature,target_real,0.6696588868940754,0.6275788330676267,0.1760537888243857,0.4936400876573883,0.1536209574920605,0.4784560143626571,0.14821763602251406,0.1867145421903052,0.6795332136445242,0.23381770145310435,0.29084380610412924,K002+KI08+KA01
random_forest,isotonic,target_real,0.6696588868940754,0.6325883881982968,0.24361503915768645,0.5771013855543515,0.2992198494068098,0.7630161579892281,0.24588235294117647,0.0,0.9865350089766607,0.3321201091901729,0.0,K002+KI08+KA01
svm,raw,source_holdout,0.8516949152542372,0.8508294209702661,0.07064786703648486,0.23227337369092782,0.07501143631666181,,,,,,,K002+KI08+KA01
svm,raw,target_real,0.6597845601436265,0.6091985760965315,0.16213213611834534,0.5029100451114374,0.20736019904826283,0.2118491921005386,0.1483050847457627,0.026929982046678635,0.59245960502693,0.24393939393939393,0.03949730700179533,K002+KI08+KA01
svm,temperature,target_real,0.6597845601436265,0.6091985760965315,0.19776559503025182,0.5253284029654627,0.20805624638759054,0.24236983842010773,0.14074074074074075,0.027827648114901255,0.4111310592459605,0.18340611353711792,0.04039497307001795,K002+KI08+KA01
svm,isotonic,target_real,0.6795332136445242,0.644138138608009,0.23110879485475502,0.5552406505042841,0.24390978408056357,0.6912028725314183,0.2077922077922078,0.0,0.9093357271095153,0.29318854886475815,0.0,K002+KI08+KA01
xgboost,raw,source_holdout,0.8347457627118644,0.8325508607198748,0.10437143808704313,0.26298881022450343,0.05256203780593024,,,,,,,K002+KI08+KA01
xgboost,raw,target_real,0.677737881508079,0.6355266357612235,0.23346220598935652,0.5337480295811142,0.13742171014181143,0.43447037701974867,0.08677685950413223,0.11669658886894076,0.5673249551166966,0.1550632911392405,0.3725314183123878,K002+KI08+KA01
xgboost,temperature,target_real,0.677737881508079,0.6355266357612235,0.14562456882807867,0.4551517380842517,0.13753965270197707,0.4398563734290844,0.08979591836734693,0.12118491921005387,0.585278276481149,0.15950920245398773,0.35547576301615796,K002+KI08+KA01
xgboost,isotonic,target_real,0.6418312387791741,0.5916316553098601,0.24770207960744928,0.6158295038520066,0.3416749010358459,0.6499102333931778,0.24585635359116023,0.0,0.895870736086176,0.3226452905811623,0.0,K002+KI08+KA01
random_forest,raw,source_holdout,0.8697478991596639,0.8681477429751013,0.06693422150408913,0.20355024824262796,0.03222979807725767,,,,,,,K002+KI08+KA03
random_forest,raw,target_real,0.6678635547576302,0.6239539099659218,0.14930802114365382,0.47434759698408463,0.15338451056186803,0.4748653500897666,0.15122873345935728,0.1947935368043088,0.6956912028725314,0.23870967741935484,0.2737881508078995,K002+KI08+KA03
random_forest,temperature,target_real,0.6678635547576302,0.6239539099659218,0.1725246356757425,0.49040071583149575,0.154066100836247,0.47217235188509876,0.15019011406844107,0.1947935368043088,0.6921005385996409,0.23735408560311283,0.2737881508078995,K002+KI08+KA03
random_forest,isotonic,target_real,0.6750448833034112,0.6391072625204283,0.20038785723409971,0.5312516715278796,0.2330735270749888,0.6418312387791741,0.1944055944055944,0.0,0.9039497307001796,0.3038728897715988,0.0,K002+KI08+KA03
svm,raw,source_holdout,0.8613445378151261,0.8602302774488205,0.051808636251325126,0.2044658174480254,0.038533855479308196,,,,,,,K002+KI08+KA03
svm,raw,target_real,0.6615798922800719,0.606789313322834,0.1676387208299183,0.5017834076779341,0.18669353736584718,0.4272890484739677,0.18067226890756302,0.04308797127468582,0.5771992818671454,0.2410575427682737,0.16427289048473967,K002+KI08+KA03
svm,temperature,target_real,0.6615798922800719,0.606789313322834,0.16568949984954146,0.5005983927808971,0.18661284458471009,0.4272890484739677,0.18067226890756302,0.04308797127468582,0.5763016157989228,0.24143302180685358,0.16427289048473967,K002+KI08+KA03
svm,isotonic,target_real,0.7046678635547576,0.6705857164797099,0.20508836253860824,0.5177634442845515,0.2531636799056331,0.874326750448833,0.25256673511293637,0.0,0.9802513464991023,0.2902930402930403,0.0,K002+KI08+KA03
xgboost,raw,source_holdout,0.8571428571428571,0.8552723270040854,0.10318913817906579,0.25878581939281114,0.04936042608866652,,,,,,,K002+KI08+KA03
xgboost,raw,target_real,0.6804308797127468,0.6382281376897274,0.23237577350927216,0.5313261151446573,0.14075474955113382,0.45152603231597843,0.10934393638170974,0.09784560143626571,0.6328545780969479,0.18723404255319148,0.348294434470377,K002+KI08+KA03
xgboost,temperature,target_real,0.6804308797127468,0.6382281376897274,0.1462493082137592,0.4560725580628599,0.14098923049365325,0.4703770197486535,0.1183206106870229,0.010771992818671455,0.6014362657091562,0.1701492537313433,0.3473967684021544,K002+KI08+KA03
xgboost,isotonic,target_real,0.6570915619389587,0.6169038334768088,0.21781966657268745,0.5468405209868382,0.24146059775950707,0.5843806104129264,0.16282642089093702,0.0,0.895870736086176,0.30360721442885774,0.0,K002+KI08+KA03
random_forest,raw,source_holdout,0.6554621848739496,0.6442195231668916,0.05451781035680472,0.4329314657065352,0.19054625292635136,,,,,,,K002+KI08+KA05
random_forest,raw,target_real,0.6732495511669659,0.6362503774239229,0.1429874009409572,0.4724271729115733,0.15650701255889626,0.3518850987432675,0.08673469387755102,0.11131059245960502,0.473967684021544,0.1571969696969697,0.2836624775583483,K002+KI08+KA05
random_forest,temperature,target_real,0.6732495511669659,0.6362503774239229,0.13811650426945501,0.46940744039323934,0.15640936636281985,0.3509874326750449,0.08439897698209718,0.11041292639138241,0.47755834829443444,0.15789473684210525,0.2836624775583483,K002+KI08+KA05
random_forest,isotonic,target_real,0.6543985637342908,0.6056233788745907,0.1869414478042416,0.49841420781528145,0.2151278574172936,0.37971274685816875,0.10401891252955082,0.0,0.5044883303411131,0.1494661921708185,0.0,K002+KI08+KA05
svm,raw,source_holdout,0.7647058823529411,0.765199996592519,0.07557196130776019,0.3216552903317567,0.11366120837288698,,,,,,,K002+KI08+KA05
svm,raw,target_real,0.6579892280071813,0.6134048005155589,0.15586429738489005,0.507612443214646,0.19970736882524878,0.3087971274685817,0.1511627906976744,0.10682226211849193,0.40574506283662476,0.19911504424778761,0.15439856373429084,K002+KI08+KA05
svm,temperature,target_real,0.6579892280071813,0.6134048005155589,0.17173646365275297,0.5167562890208238,0.20037452075048418,0.30341113105924594,0.15384615384615385,0.1059245960502693,0.40394973070017953,0.19777777777777777,0.15439856373429084,K002+KI08+KA05
svm,isotonic,target_real,0.6570915619389587,0.6016053669952818,0.17435151395886542,0.5390663723594263,0.30791187234549705,0.42998204667863554,0.18997912317327767,0.0,0.4919210053859964,0.2208029197080292,0.0,K002+KI08+KA05
xgboost,raw,source_holdout,0.6764705882352942,0.6722690057410133,0.21973186005063416,0.519341714952537,0.2336248340591045,,,,,,,K002+KI08+KA05
xgboost,raw,target_real,0.6741472172351886,0.6356627914853009,0.24369219892542918,0.5407153653984529,0.1458292262993588,0.4066427289048474,0.08830022075055188,0.04847396768402154,0.42010771992818674,0.09188034188034189,0.2585278276481149,K002+KI08+KA05
xgboost,temperature,target_real,0.6741472172351886,0.6356627914853009,0.0989316687905777,0.43361479675127274,0.1473852725638543,0.4228007181328546,0.10191082802547771,0.02872531418312388,0.4272890484739677,0.10084033613445378,0.2333931777378815,K002+KI08+KA05
xgboost,isotonic,target_real,0.677737881508079,0.6368276775409153,0.15206275031033653,0.4508246322365191,0.23081531982808343,0.4614003590664273,0.11673151750972763,0.0,0.4614003590664273,0.11673151750972763,0.0,K002+KI08+KA05
random_forest,raw,source_holdout,0.8739495798319328,0.872422812738851,0.05916336450466585,0.20490731280880495,0.0325007437089395,,,,,,,K002+KI08+KA06
random_forest,raw,target_real,0.6651705565529623,0.6222808682109756,0.15311872305252106,0.4758417087124849,0.15471371513450302,0.4919210053859964,0.16058394160583941,0.14631956912028726,0.699281867145422,0.23876765083440307,0.26032315978456017,K002+KI08+KA06
random_forest,temperature,target_real,0.6651705565529623,0.6222808682109756,0.1746093374559729,0.4908695550644155,0.1552791029008509,0.4865350089766607,0.15867158671586715,0.144524236983842,0.6894075403949731,0.23567708333333334,0.26929982046678635,K002+KI08+KA06
random_forest,isotonic,target_real,0.6633752244165171,0.6241633400282799,0.23919752213350037,0.5698393093353878,0.2627480275361249,0.6696588868940754,0.21045576407506703,0.0,0.9542190305206463,0.3179680150517404,0.0,K002+KI08+KA06
svm,raw,source_holdout,0.8697478991596639,0.868564986212045,0.04865899647704018,0.2012023423722467,0.036945767508225695,,,,,,,K002+KI08+KA06
svm,raw,target_real,0.6615798922800719,0.605903285067597,0.16809232105247077,0.4982589495710595,0.18202747360460256,0.4533213644524237,0.18811881188118812,0.05296229802513465,0.6050269299820467,0.2344213649851632,0.18043087971274685,K002+KI08+KA06
svm,temperature,target_real,0.6615798922800719,0.605903285067597,0.16606220703820784,0.4970147307155798,0.18196881331968578,0.4506283662477558,0.18725099601593626,0.05296229802513465,0.6050269299820467,0.2344213649851632,0.18043087971274685,K002+KI08+KA06
svm,isotonic,target_real,0.7046678635547576,0.6702995844390266,0.20431349784802474,0.5152679215655743,0.24907016154488346,0.8734290843806104,0.24871531346351491,0.0,0.9802513464991023,0.2902930402930403,0.0,K002+KI08+KA06
xgboost,raw,source_holdout,0.8487394957983193,0.8465588115588115,0.0943454514030649,0.2596080655789409,0.05034792168301679,,,,,,,K002+KI08+KA06
xgboost,raw,target_real,0.6831238779174147,0.6421511627906976,0.22891345111857192,0.5307724995614141,0.13856757223564298,0.3393177737881508,0.047619047619047616,0.1059245960502693,0.6157989228007181,0.1836734693877551,0.3635547576301616,K002+KI08+KA06
xgboost,temperature,target_real,0.6831238779174147,0.6421511627906976,0.14323602841118593,0.45494767205787223,0.13893691259222027,0.3384201077199282,0.04774535809018567,0.0421903052064632,0.6319569120287253,0.1846590909090909,0.3384201077199282,K002+KI08+KA06
xgboost,isotonic,target_real,0.6561938958707361,0.6120302884800367,0.2423285611518577,0.5987277362968826,0.3146449674752713,0.5843806104129264,0.2073732718894009,0.0,0.9048473967684022,0.31547619047619047,0.0,K002+KI08+KA06
random_forest,raw,source_holdout,0.8776371308016878,0.8764491616061832,0.08503348968546404,0.19722013520530804,0.029379296117266505,,,,,,,K002+KI08+KA07
random_forest,raw,target_real,0.6795332136445242,0.6334106718789817,0.1306660119387585,0.4471105678815341,0.13855913954585078,0.5017953321364452,0.1413237924865832,0.20107719928186715,0.7603231597845601,0.2396694214876033,0.2998204667863555,K002+KI08+KA07
random_forest,temperature,target_real,0.6795332136445242,0.6334106718789817,0.19070222160111894,0.4889799640046811,0.13884612299038446,0.4919210053859964,0.13138686131386862,0.20287253141831238,0.7540394973070018,0.2357142857142857,0.3052064631956912,K002+KI08+KA07
random_forest,isotonic,target_real,0.6795332136445242,0.6442703387147831,0.21949218445274646,0.5208879014566421,0.22901193096550596,0.6561938958707361,0.1997264021887825,0.0,0.9425493716337523,0.3019047619047619,0.0,K002+KI08+KA07
svm,raw,source_holdout,0.8860759493670886,0.8847199119547021,0.03261319266850723,0.1772295681856278,0.029192461378582633,,,,,,,K002+KI08+KA07
svm,raw,target_real,0.6651705565529623,0.6081157657701676,0.16257094743539663,0.48323765836904253,0.17156125955295903,0.47127468581687615,0.16952380952380952,0.03500897666068223,0.6588868940754039,0.22752043596730245,0.16337522441651706,K002+KI08+KA07
svm,temperature,target_real,0.6651705565529623,0.6081157657701676,0.19558471738955047,0.5052326145946994,0.17303172647095788,0.4784560143626571,0.17448405253283303,0.03411131059245961,0.6831238779174147,0.23127463863337713,0.1615798922800718,K002+KI08+KA07
svm,isotonic,target_real,0.6831238779174147,0.6423676626710904,0.20578691798727705,0.5140464252691348,0.24589747387879507,0.7854578096947935,0.2377142857142857,0.0,0.9129263913824057,0.28515240904621436,0.0,K002+KI08+KA07
xgboost,raw,source_holdout,0.8438818565400844,0.841857409352266,0.08933798949929733,0.2577151991931152,0.05322560108943106,,,,,,,K002+KI08+KA07
xgboost,raw,target_real,0.6813285457809695,0.6399757353505481,0.23043419147843305,0.5203268946857166,0.1308282198902626,0.3850987432675045,0.053613053613053616,0.09245960502692999,0.6050269299820467,0.16468842729970326,0.37163375224416517,K002+KI08+KA07
xgboost,temperature,target_real,0.6813285457809695,0.6399757353505481,0.1651557858196771,0.45833551149319757,0.13119658013207605,0.3868940754039497,0.060324825986078884,0.06642728904847396,0.6095152603231598,0.16789396170839468,0.36804308797127466,K002+KI08+KA07
xgboost,isotonic,target_real,0.6741472172351886,0.6372481244193102,0.21232543072236104,0.5141428420684891,0.23845794269894632,0.5466786355475763,0.13957307060755336,0.0,0.7289048473967684,0.21182266009852216,0.0,K002+KI08+KA07
random_forest,raw,source_holdout,0.5882352941176471,0.4937448464234178,0.2164683807500713,0.6292025320584755,0.24093575494411434,,,,,,,K002+KI08+KA08
random_forest,raw,target_real,0.6579892280071813,0.6226475760394471,0.1846679157067984,0.531694802204854,0.16971810041649238,0.2127468581687612,0.05485232067510549,0.0,0.2127468581687612,0.05485232067510549,0.1822262118491921,K002+KI08+KA08
random_forest,temperature,target_real,0.6579892280071813,0.6226475760394471,0.09615395293057685,0.48910010808562715,0.17106401746342903,0.19748653500897667,0.045454545454545456,0.0,0.26032315978456017,0.06206896551724138,0.20377019748653502,K002+KI08+KA08
random_forest,isotonic,target_real,0.6157989228007181,0.5862531845174371,0.1407958902866095,0.4938533624101148,0.2534620419801222,0.2594254937163375,0.09342560553633218,0.0,0.3177737881508079,0.0903954802259887,0.0,K002+KI08+KA08
svm,raw,source_holdout,0.6008403361344538,0.5249825953773323,0.22746886741880484,0.6165286873440471,0.21684936462722618,,,,,,,K002+KI08+KA08
svm,raw,target_real,0.651705565529623,0.6082973114616715,0.22583189845337587,0.5533096190646941,0.16004571961983696,0.2414721723518851,0.05204460966542751,0.12477558348294435,0.4156193895870736,0.13174946004319654,0.22710951526032316,K002+KI08+KA08
svm,temperature,target_real,0.651705565529623,0.6082973114616715,0.059150347298652595,0.47546261659011835,0.1672190095011984,0.2324955116696589,0.05791505791505792,0.12477558348294435,0.2324955116696589,0.05791505791505792,0.22262118491921004,K002+KI08+KA08
svm,isotonic,target_real,0.618491921005386,0.5733800009704829,0.12264083809373127,0.5189862339392787,0.2667187575358328,0.16606822262118492,0.08648648648648649,0.0,0.16606822262118492,0.08648648648648649,0.15798922800718132,K002+KI08+KA08
xgboost,raw,source_holdout,0.5756302521008403,0.4954550563829485,0.34257271134552836,0.7468335054080139,0.28722845004802444,,,,,,,K002+KI08+KA08
xgboost,raw,target_real,0.6579892280071813,0.6210008680971549,0.2770575602777984,0.6032848795946487,0.16255180656380389,0.0421903052064632,0.02127659574468085,0.008976660682226212,0.0421903052064632,0.02127659574468085,0.2199281867145422,K002+KI08+KA08
xgboost,temperature,target_real,0.6579892280071813,0.6210008680971549,0.1177724536798063,0.4781026726503435,0.15970264669178064,0.05475763016157989,0.01639344262295082,0.004488330341113106,0.05475763016157989,0.01639344262295082,0.23070017953321365,K002+KI08+KA08
xgboost,isotonic,target_real,0.6561938958707361,0.620020096523706,0.06910758431535205,0.44663083985145285,0.21582321502055496,0.24506283662477557,0.08058608058608059,0.0,0.30251346499102333,0.11275964391691394,0.0,K002+KI08+KA08
random_forest,raw,source_holdout,0.8686440677966102,0.8672495710134429,0.09059125627105627,0.20347837363198343,0.03279552184975617,,,,,,,K002+KI08+KA09
random_forest,raw,target_real,0.6696588868940754,0.625029187259116,0.14931802220430357,0.46617807778381637,0.14715026303820378,0.5134649910233393,0.16433566433566432,0.1867145421903052,0.7118491921005387,0.23581336696090793,0.3123877917414722,K002+KI08+KA09
random_forest,temperature,target_real,0.6696588868940754,0.625029187259116,0.18590829078367382,0.49282379496854073,0.1476775072164069,0.5053859964093357,0.15985790408525755,0.18312387791741472,0.6956912028725314,0.2296774193548387,0.2989228007181329,K002+KI08+KA09
random_forest,isotonic,target_real,0.6759425493716338,0.6407516341971827,0.22272252248419144,0.5380100490937132,0.2482626106115663,0.6741472172351886,0.20905459387483355,0.0,0.9290843806104129,0.30144927536231886,0.0,K002+KI08+KA09
svm,raw,source_holdout,0.8728813559322034,0.8719014319014319,0.052886741638645526,0.19619505865409012,0.03499476866777578,,,,,,,K002+KI08+KA09
svm,raw,target_real,0.6642728904847397,0.6077857260177262,0.1673871159039672,0.4938407215268646,0.1756240614981347,0.4793536804308797,0.19288389513108614,0.06193895870736086,0.6319569120287253,0.23295454545454544,0.18581687612208259,K002+KI08+KA09
svm,temperature,target_real,0.6642728904847397,0.6077857260177262,0.17418906078841095,0.49776445279419,0.17575660134886406,0.47755834829443444,0.19360902255639098,0.06193895870736086,0.63016157989228,0.2336182336182336,0.18581687612208259,K002+KI08+KA09
svm,isotonic,target_real,0.699281867145422,0.6636845668355051,0.20611450726619096,0.5202319047336789,0.23938291785089436,0.8626570915619389,0.2518210197710718,0.0,0.9964093357271095,0.2990990990990991,0.0,K002+KI08+KA09
xgboost,raw,source_holdout,0.8305084745762712,0.8284731141873999,0.10279354882442346,0.26290529501652327,0.053301617917936694,,,,,,,K002+KI08+KA09
xgboost,raw,target_real,0.6849192100538599,0.6436861542127392,0.22852395004066145,0.5276627739071789,0.13608356301600266,0.30789946140035906,0.04081632653061224,0.02872531418312388,0.6122082585278277,0.16862170087976538,0.38420107719928187,K002+KI08+KA09
xgboost,temperature,target_real,0.6849192100538599,0.6436861542127392,0.15071921144370404,0.4577926303182272,0.1366853957164302,0.30610412926391384,0.04105571847507331,0.02333931777378815,0.6292639138240574,0.1783166904422254,0.35637342908438063,K002+KI08+KA09
xgboost,isotonic,target_real,0.6642728904847397,0.6268513896310705,0.22497384957123173,0.5440446595129526,0.2572118247618851,0.6166965888689407,0.17758369723435224,0.0,0.8761220825852782,0.2827868852459016,0.0,K002+KI08+KA09
random_forest,raw,source_holdout,0.7689075630252101,0.7290624402930117,0.09179513315929944,0.3221639145455607,0.06110773884264342,,,,,,,K004+KI01+KA01
random_forest,raw,target_real,0.6535008976660682,0.5890078754071236,0.18690908228779207,0.5201147601615131,0.16965419230757917,0.4578096947935368,0.1627450980392157,0.06463195691202872,0.507181328545781,0.18938053097345134,0.25493716337522443,K004+KI01+KA01
random_forest,temperature,target_real,0.6535008976660682,0.5890078754071236,0.04470409124316496,0.447637979848888,0.16179087774619816,0.45601436265709155,0.1515748031496063,0.06463195691202872,0.6247755834829444,0.21839080459770116,0.2540394973070018,K004+KI01+KA01
random_forest,isotonic,target_real,0.6247755834829444,0.5965385618533363,0.27441581384731173,0.6065210344290545,0.23031610803279873,0.9290843806104129,0.34396135265700484,0.0,0.9425493716337523,0.3466666666666667,0.0,K004+KI01+KA01
svm,raw,source_holdout,0.42436974789915966,0.3560386286568935,0.3719136085744423,0.8018892403441291,0.43174902040454094,,,,,,,K004+KI01+KA01
svm,raw,target_real,0.5601436265709157,0.5196130937186284,0.24033619806665174,0.6387506593228088,0.32750628884705096,0.0,,0.011669658886894075,0.0,,0.017953321364452424,K004+KI01+KA01
svm,temperature,target_real,0.5601436265709157,0.5196130937186284,0.047415023866491664,0.5475432922291779,0.32226562413899823,0.0,,0.01526032315978456,0.0,,0.018850987432675045,K004+KI01+KA01
svm,isotonic,target_real,0.6938958707360862,0.6588964438822124,0.13709892984684105,0.5257938694807504,0.32276733621958614,0.09964093357271095,0.36936936936936937,0.0,0.30430879712746856,0.28023598820059,0.0,K004+KI01+KA01
xgboost,raw,source_holdout,0.7436974789915967,0.690434310967493,0.20185873989297562,0.4045175824125032,0.04912334677440958,,,,,,,K004+KI01+KA01
xgboost,raw,target_real,0.6588868940754039,0.5868202531033565,0.2686171396844477,0.5673574916788363,0.141319375301037,0.4614003590664273,0.11284046692607004,0.1310592459605027,0.5368043087971275,0.15384615384615385,0.3491921005385996,K004+KI01+KA01
xgboost,temperature,target_real,0.6588868940754039,0.5868202531033565,0.09909101408028051,0.43277737979029884,0.1398294174954292,0.44254937163375224,0.09939148073022312,0.1490125673249551,0.5763016157989228,0.16043613707165108,0.3518850987432675,K004+KI01+KA01
xgboost,isotonic,target_real,0.6535008976660682,0.6269483129358333,0.26960026087876254,0.6288277850056695,0.26921865365901604,0.7791741472172352,0.3122119815668203,0.0,0.9712746858168761,0.34011090573012936,0.0,K004+KI01+KA01
random_forest,raw,source_holdout,0.7708333333333334,0.7290832072672031,0.08361934488443251,0.3178305731106443,0.05882752470432425,,,,,,,K004+KI01+KA03
random_forest,raw,target_real,0.6552962298025135,0.5910336674689317,0.18483138902857407,0.5184520480923279,0.1709364705146342,0.4254937163375224,0.14556962025316456,0.04937163375224417,0.5529622980251346,0.2077922077922078,0.24236983842010773,K004+KI01+KA03
random_forest,temperature,target_real,0.6552962298025135,0.5910336674689317,0.04931575678552684,0.4495261925218625,0.16481664129276716,0.41921005385996407,0.13704496788008566,0.04937163375224417,0.5727109515260324,0.2006269592476489,0.23877917414721722,K004+KI01+KA03
random_forest,isotonic,target_real,0.6418312387791741,0.6140930518359221,0.2454061184377544,0.5875699249911873,0.24632068679194494,0.8267504488330341,0.2909880564603692,0.0,0.9353680430879713,0.33685220729366605,0.0,K004+KI01+KA03
svm,raw,source_holdout,0.43333333333333335,0.3638199071269937,0.41477394436275833,0.8015529914023837,0.2596839494227037,,,,,,,K004+KI01+KA03
svm,raw,target_real,0.566427289048474,0.5262073581873965,0.24563641391875202,0.6327993222603778,0.29771544465929695,0.15978456014362658,0.1853932584269663,0.0017953321364452424,0.23608617594254938,0.2509505703422053,0.0718132854578097,K004+KI01+KA03
svm,temperature,target_real,0.566427289048474,0.5262073581873965,0.04834100808986668,0.5314877734108874,0.2844299375147867,0.21364452423698385,0.19747899159663865,0.0017953321364452424,0.3052064631956912,0.24411764705882352,0.07271095152603231,K004+KI01+KA03
svm,isotonic,target_real,0.6086175942549371,0.5893881691991477,0.2386587459826941,0.5982331317224275,0.257375910432646,0.507181328545781,0.26194690265486725,0.0,0.9793536804308797,0.384051329055912,0.0,K004+KI01+KA03
xgboost,raw,source_holdout,0.7541666666666667,0.7043699443836009,0.19412554005781812,0.40251195799978723,0.0505515110633947,,,,,,,K004+KI01+KA03
xgboost,raw,target_real,0.6633752244165171,0.5938789118989658,0.26145886053302775,0.5669560385943678,0.14527832278106237,0.4326750448833034,0.1037344398340249,0.09784560143626571,0.49371633752244165,0.14363636363636365,0.34380610412926393,K004+KI01+KA03
xgboost,temperature,target_real,0.6633752244165171,0.5938789118989658,0.09163637513094385,0.4352987735437584,0.14354078801328554,0.4120287253141831,0.0915032679738562,0.11669658886894076,0.552064631956912,0.15447154471544716,0.3339317773788151,K004+KI01+KA03
xgboost,isotonic,target_real,0.6409335727109515,0.6143726988063251,0.2815475149256791,0.6393465756805827,0.2836820456885037,0.7378815080789947,0.3236009732360097,0.0,0.9111310592459605,0.35073891625615766,0.0,K004+KI01+KA03
random_forest,raw,source_holdout,0.5875,0.5599458828168222,0.1274069364917373,0.5475612296121903,0.26177161525290715,,,,,,,K004+KI01+KA05
random_forest,raw,target_real,0.6561938958707361,0.60013722307272,0.18193761002893258,0.5102767002827124,0.16700516827322867,0.35816876122082586,0.09273182957393483,0.0,0.43447037701974867,0.14256198347107438,0.22710951526032316,K004+KI01+KA05
random_forest,temperature,target_real,0.6561938958707361,0.60013722307272,0.036418428719748604,0.4418768092431339,0.16061619428901125,0.3734290843806104,0.10096153846153846,0.0,0.48025134649910234,0.15140186915887852,0.2073608617594255,K004+KI01+KA05
random_forest,isotonic,target_real,0.6535008976660682,0.6161277057157545,0.15094201385777622,0.5060085655088186,0.21329654901831546,0.36624775583482944,0.14460784313725492,0.0,0.5448833034111311,0.2257001647446458,0.0,K004+KI01+KA05
svm,raw,source_holdout,0.3,0.2631339031339031,0.44440659375147584,0.9554968102314945,0.6817563736984937,,,,,,,K004+KI01+KA05
svm,raw,target_real,0.5789946140035906,0.5459462888413653,0.22607160224861975,0.6068825528700208,0.27873250146640915,0.144524236983842,0.12422360248447205,0.06283662477558348,0.144524236983842,0.12422360248447205,0.10771992818671454,K004+KI01+KA05
svm,temperature,target_real,0.5789946140035906,0.5459462888413653,0.14019793674583636,0.5677180344013879,0.2611689860123586,0.1526032315978456,0.10588235294117647,0.06104129263913824,0.1526032315978456,0.10588235294117647,0.11220825852782765,K004+KI01+KA05
svm,isotonic,target_real,0.6535008976660682,0.5833906802634403,0.19315804008475956,0.510543948047295,0.32837900148121624,0.1687612208258528,0.18085106382978725,0.0,0.1687612208258528,0.18085106382978725,0.0,K004+KI01+KA05
xgboost,raw,source_holdout,0.6083333333333333,0.5753925650991417,0.303860588123401,0.6496020590632082,0.20674072581853264,,,,,,,K004+KI01+KA05
xgboost,raw,target_real,0.670556552962298,0.611380618659762,0.2571322208996093,0.5699764791313011,0.14548970049827967,0.34560143626570916,0.06493506493506493,0.06912028725314183,0.43087971274685816,0.09375,0.3231597845601436,K004+KI01+KA05
xgboost,temperature,target_real,0.670556552962298,0.611380618659762,0.07351775475870746,0.4307023190282731,0.14436860814650057,0.3644524236983842,0.07142857142857142,0.07719928186714542,0.39497307001795334,0.08181818181818182,0.2719928186714542,K004+KI01+KA05
xgboost,isotonic,target_real,0.6597845601436265,0.6271985779401934,0.08506987213383838,0.4433219397678035,0.17912425811352795,0.2127468581687612,0.08016877637130802,0.0,0.39138240574506283,0.10091743119266056,0.16427289048473967,K004+KI01+KA05
random_forest,raw,source_holdout,0.7708333333333334,0.7287905851353577,0.08307715620290551,0.31848951102023954,0.05990013404679232,,,,,,,K004+KI01+KA06
random_forest,raw,target_real,0.6543985637342908,0.5876764893965233,0.1844777665068805,0.5194920826413149,0.17124278838899207,0.43087971274685816,0.14583333333333334,0.0,0.547576301615799,0.20327868852459016,0.2333931777378815,K004+KI01+KA06
random_forest,temperature,target_real,0.6543985637342908,0.5876764893965233,0.046493329791716005,0.44801156576705575,0.168289252811467,0.44614003590664275,0.14285714285714285,0.0,0.5637342908438061,0.19904458598726116,0.22082585278276481,K004+KI01+KA06
random_forest,isotonic,target_real,0.63016157989228,0.5995357142675735,0.25849096836931507,0.6058934074920743,0.24681853098679155,0.7998204667863554,0.2850729517396184,0.0,0.926391382405745,0.34593023255813954,0.0,K004+KI01+KA06
svm,raw,source_holdout,0.42916666666666664,0.3588410671966975,0.4203106038833487,0.8015382690125904,0.2574455607671021,,,,,,,K004+KI01+KA06
svm,raw,target_real,0.5619389587073609,0.5219780091399513,0.24671524822917273,0.6311495929050259,0.2954670087439266,0.13913824057450627,0.14193548387096774,0.004488330341113106,0.2333931777378815,0.25,0.0763016157989228,K004+KI01+KA06
svm,temperature,target_real,0.5619389587073609,0.5219780091399513,0.06141390818036844,0.5345338763608529,0.2800150650562398,0.20646319569120286,0.1826086956521739,0.004488330341113106,0.3114901256732496,0.2420749279538905,0.08168761220825853,K004+KI01+KA06
svm,isotonic,target_real,0.6490125673249552,0.6214477822414941,0.16313461775827168,0.5650468024286744,0.24775067949768612,0.466786355475763,0.25769230769230766,0.0,0.9084380610412927,0.3290513833992095,0.0,K004+KI01+KA06
xgboost,raw,source_holdout,0.75,0.6987464196704236,0.1960552533467611,0.4008294989584692,0.049526662332658435,,,,,,,K004+KI01+KA06
xgboost,raw,target_real,0.6606822262118492,0.5919658472072041,0.2656683714214304,0.5731449191078479,0.1465227835423439,0.40843806104129265,0.08571428571428572,0.07899461400359066,0.5466786355475763,0.16091954022988506,0.33662477558348297,K004+KI01+KA06
xgboost,temperature,target_real,0.6606822262118492,0.5919658472072041,0.09825445126064927,0.43805829034653576,0.1448629524340089,0.41831238779174146,0.09656652360515021,0.09066427289048475,0.559245960502693,0.15409309791332262,0.34201077199281865,K004+KI01+KA06
xgboost,isotonic,target_real,0.6499102333931778,0.6229245317046193,0.2798925334620538,0.6384948714388773,0.28035128432430384,0.7594254937163375,0.33451536643026003,0.0,0.9542190305206463,0.3443085606773283,0.0,K004+KI01+KA06
random_forest,raw,source_holdout,0.7489539748953975,0.7142162343603712,0.07215016141335642,0.35135011611787476,0.08141333607967723,,,,,,,K004+KI01+KA07
random_forest,raw,target_real,0.6597845601436265,0.595066942735108,0.1760561172032587,0.5039793706502037,0.16123680129334142,0.4757630161579892,0.1509433962264151,0.11938958707360861,0.5206463195691203,0.16896551724137931,0.2163375224416517,K004+KI01+KA07
random_forest,temperature,target_real,0.6597845601436265,0.595066942735108,0.06704119547556142,0.4462013348424919,0.1568486522134154,0.4730700179533214,0.14990512333965844,0.11759425493716337,0.49371633752244165,0.16,0.21723518850987433,K004+KI01+KA07
random_forest,isotonic,target_real,0.6938958707360862,0.6668160681288852,0.18643484630038026,0.5140561846132178,0.2620229592505525,0.6409335727109515,0.24929971988795518,0.0,0.8330341113105925,0.25862068965517243,0.0,K004+KI01+KA07
svm,raw,source_holdout,0.41422594142259417,0.35709818636647905,0.40510465571904314,0.7913360161813663,0.30025409992716534,,,,,,,K004+KI01+KA07
svm,raw,target_real,0.5619389587073609,0.5185672340114581,0.23668913562306332,0.6153964944608541,0.28701248883314867,0.11938958707360861,0.12030075187969924,0.013464991023339317,0.16337522441651706,0.1813186813186813,0.09515260323159784,K004+KI01+KA07
svm,temperature,target_real,0.5619389587073609,0.5185672340114581,0.05491752066780375,0.5260593968450208,0.269923658521867,0.17055655296229802,0.1631578947368421,0.02244165170556553,0.24685816876122083,0.20363636363636364,0.07809694793536805,K004+KI01+KA07
svm,isotonic,target_real,0.6921005385996409,0.6548243335382861,0.14398977448869515,0.5313162559178118,0.2381798930803594,0.21095152603231598,0.17446808510638298,0.0,0.48473967684021546,0.2388888888888889,0.0,K004+KI01+KA07
xgboost,raw,source_holdout,0.7364016736401674,0.6977850628336065,0.20783991756299552,0.44401285917523475,0.07297954110818554,,,,,,,K004+KI01+KA07
xgboost,raw,target_real,0.6633752244165171,0.5934066750329322,0.25845126261937984,0.5564699119056371,0.13522824602889438,0.4102333931777379,0.0700218818380744,0.11938958707360861,0.5134649910233393,0.12762237762237763,0.3752244165170557,K004+KI01+KA07
xgboost,temperature,target_real,0.6633752244165171,0.5934066750329322,0.10366378542565524,0.42760504319909337,0.13403419846365844,0.37073608617594256,0.053268765133171914,0.1355475763016158,0.5385996409335727,0.135,0.3590664272890485,K004+KI01+KA07
xgboost,isotonic,target_real,0.6678635547576302,0.6447188060121162,0.1866511587549084,0.49498044659620766,0.1999392980158448,0.6265709156193896,0.2034383954154728,0.0,0.90754039497307,0.29772502472799206,0.0,K004+KI01+KA07
random_forest,raw,source_holdout,0.49583333333333335,0.41981365195650916,0.28903918345143165,0.7737189811677982,0.38958006811122675,,,,,,,K004+KI01+KA08
random_forest,raw,target_real,0.6310592459605027,0.5778807301300526,0.2183660198652157,0.5808201382355918,0.2127722509501492,0.1490125673249551,0.0783132530120482,0.0,0.1490125673249551,0.0783132530120482,0.0,K004+KI01+KA08
random_forest,temperature,target_real,0.6310592459605027,0.5778807301300526,0.12762395494764622,0.5163601041646176,0.1898003697744648,0.1490125673249551,0.0783132530120482,0.0,0.37881508078994613,0.10900473933649289,0.0,K004+KI01+KA08
random_forest,isotonic,target_real,0.6319569120287253,0.6023292619121547,0.09485432260397622,0.49834191828334434,0.24246760461038347,0.1687612208258528,0.13829787234042554,0.0,0.1687612208258528,0.13829787234042554,0.07450628366247755,K004+KI01+KA08
svm,raw,source_holdout,0.15833333333333333,0.16854448677420228,0.6516028029493686,1.311748704635688,0.8708826898285158,,,,,,,K004+KI01+KA08
svm,raw,target_real,0.5502692998204668,0.5208181259583214,0.3011973954775882,0.681034640537017,0.2522731520733056,0.0,,0.06822262118491922,0.0,,0.11759425493716337,K004+KI01+KA08
svm,temperature,target_real,0.5502692998204668,0.5208181259583214,0.15669377991528682,0.6061771115674427,0.25973453470170865,0.0,,0.06822262118491922,0.0,,0.12118491921005387,K004+KI01+KA08
svm,isotonic,target_real,0.7064631956912029,0.6681242476163073,0.21395356782801916,0.5336470654469719,0.29726404810175217,0.17773788150807898,0.17676767676767677,0.0,0.17773788150807898,0.17676767676767677,0.0,K004+KI01+KA08
xgboost,raw,source_holdout,0.475,0.39639580692212273,0.4521870955824852,0.9350626330793573,0.3673523277471974,,,,,,,K004+KI01+KA08
xgboost,raw,target_real,0.6418312387791741,0.5849356982405659,0.30105760121045894,0.6482186887326588,0.20265406431381003,0.15798922800718132,0.09090909090909091,0.0062836624775583485,0.15798922800718132,0.09090909090909091,0.03680430879712747,K004+KI01+KA08
xgboost,temperature,target_real,0.6418312387791741,0.5849356982405659,0.12096221754270892,0.5071744642803393,0.19413714445515143,0.16427289048473967,0.09289617486338798,0.0062836624775583485,0.16427289048473967,0.09289617486338798,0.03680430879712747,K004+KI01+KA08
xgboost,isotonic,target_real,0.6238779174147218,0.5931332422529009,0.06908018479136699,0.4792228751922075,0.22005324590447772,0.17594254937163376,0.07142857142857142,0.0,0.17594254937163376,0.07142857142857142,0.0,K004+KI01+KA08
random_forest,raw,source_holdout,0.7689075630252101,0.7286684627725091,0.07698712039141196,0.321175551463332,0.062092404829987576,,,,,,,K004+KI01+KA09
random_forest,raw,target_real,0.6588868940754039,0.5991973310966191,0.18300444221228038,0.5126220802939939,0.16854250593770062,0.42908438061041293,0.15271966527196654,0.13824057450628366,0.5314183123877917,0.19087837837837837,0.21903052064631956,K004+KI01+KA09
random_forest,temperature,target_real,0.6588868940754039,0.5991973310966191,0.08900172044546512,0.4595542396643256,0.1648200670091366,0.43357271095152605,0.14906832298136646,0.12836624775583483,0.5807899461400359,0.20401854714064915,0.2414721723518851,K004+KI01+KA09
random_forest,isotonic,target_real,0.6669658886894075,0.641397796310954,0.23567082576631387,0.5570508755291738,0.2329568088545334,0.77737881508079,0.26558891454965355,0.0,0.9622980251346499,0.3180970149253731,0.0,K004+KI01+KA09
svm,raw,source_holdout,0.42436974789915966,0.3560386286568935,0.41711101912082726,0.8021492662334923,0.2691465323631354,,,,,,,K004+KI01+KA09
svm,raw,target_real,0.5655296229802513,0.5263842476922646,0.2411365349001378,0.6229865734631108,0.29259738925984974,0.14272890484739678,0.1761006289308176,0.008976660682226212,0.2118491921005386,0.2542372881355932,0.08976660682226212,K004+KI01+KA09
svm,temperature,target_real,0.5655296229802513,0.5263842476922646,0.06237105942265525,0.5294600257521928,0.2764516987427246,0.18850987432675045,0.18095238095238095,0.008976660682226212,0.29084380610412924,0.23765432098765432,0.07989228007181329,K004+KI01+KA09
svm,isotonic,target_real,0.6947935368043088,0.6594081409602494,0.14985419836328612,0.5450777733005359,0.24552572439248307,0.28545780969479356,0.23270440251572327,0.0,0.5089766606822262,0.26102292768959434,0.0,K004+KI01+KA09
xgboost,raw,source_holdout,0.7478991596638656,0.6966371479825736,0.1964223182001034,0.40651389797021786,0.05157050273212769,,,,,,,K004+KI01+KA09
xgboost,raw,target_real,0.6642728904847397,0.5979810196664325,0.26008115331617243,0.5639925080183824,0.14214853774903513,0.4497307001795332,0.10379241516966067,0.06912028725314183,0.5385996409335727,0.15166666666666667,0.36983842010771995,K004+KI01+KA09
xgboost,temperature,target_real,0.6642728904847397,0.5979810196664325,0.0999014964986408,0.4353106627711157,0.14049552358168538,0.42190305206463197,0.0851063829787234,0.09425493716337523,0.5727109515260324,0.1614420062695925,0.3635547576301616,K004+KI01+KA09
xgboost,isotonic,target_real,0.6561938958707361,0.6349658108830738,0.2619890316311364,0.6164423713275068,0.2909582709991232,0.8375224416517055,0.31939978563772775,0.0,1.0,0.34380610412926393,0.0,K004+KI01+KA09
random_forest,raw,source_holdout,0.7647058823529411,0.7293530676378075,0.10707075643004599,0.3180229275825205,0.05562125789893161,,,,,,,K004+KI03+KA01
random_forest,raw,target_real,0.6696588868940754,0.6049358912431565,0.17714453722873874,0.4915646587671034,0.14197436969281452,0.585278276481149,0.18558282208588958,0.18043087971274685,0.6283662477558348,0.19714285714285715,0.34560143626570916,K004+KI03+KA01
random_forest,temperature,target_real,0.6696588868940754,0.6049358912431565,0.04762239260906599,0.4218778422660323,0.1389590486808629,0.5798922800718133,0.17492260061919504,0.20287253141831238,0.6265709156193896,0.19484240687679083,0.33123877917414724,K004+KI03+KA01
random_forest,isotonic,target_real,0.6696588868940754,0.6352461713027305,0.23455500478467473,0.5586025278270813,0.22537420507462774,0.729802513464991,0.22632226322263221,0.0,0.926391382405745,0.30523255813953487,0.0,K004+KI03+KA01
svm,raw,source_holdout,0.7394957983193278,0.6932226547191505,0.11517219297163812,0.38861663447830097,0.12553561145058534,,,,,,,K004+KI03+KA01
svm,raw,target_real,0.6714542190305206,0.5993524553841206,0.18420350560758686,0.5264702107521718,0.21881457733499002,0.3240574506283663,0.17174515235457063,0.019748653500897665,0.3725314183123878,0.17590361445783131,0.026032315978456014,K004+KI03+KA01
svm,temperature,target_real,0.6714542190305206,0.5993524553841206,0.09229195125554977,0.4781191690564642,0.21283455256159833,0.3500897666068223,0.18205128205128204,0.02333931777378815,0.4066427289048474,0.18101545253863136,0.02872531418312388,K004+KI03+KA01
svm,isotonic,target_real,0.6786355475763016,0.6388218588827508,0.20083602999170133,0.5550551301151617,0.24204898398677993,0.5161579892280072,0.24347826086956523,0.0,0.7495511669658886,0.28502994011976046,0.0,K004+KI03+KA01
xgboost,raw,source_holdout,0.7394957983193278,0.6904964181834611,0.18662312351355032,0.40539568789522373,0.06663633435085599,,,,,,,K004+KI03+KA01
xgboost,raw,target_real,0.670556552962298,0.6025833032545539,0.2529038405932045,0.5503649826629463,0.12812298642250275,0.5044883303411131,0.10498220640569395,0.22082585278276481,0.5673249551166966,0.13765822784810128,0.3985637342908438,K004+KI03+KA01
xgboost,temperature,target_real,0.670556552962298,0.6025833032545539,0.10890692666662484,0.42285044887648154,0.12742387829968324,0.4784560143626571,0.09193245778611632,0.19838420107719928,0.6166965888689407,0.17467248908296942,0.3904847396768402,K004+KI03+KA01
xgboost,isotonic,target_real,0.6885098743267505,0.6510194419245751,0.2096639824150645,0.5249421860558106,0.19748034855401894,0.5583482944344704,0.1639871382636656,0.0,0.9281867145421903,0.2862669245647969,0.0,K004+KI03+KA01
random_forest,raw,source_holdout,0.7625,0.7262555091301269,0.10859341541435662,0.31789182542376493,0.05593866974803527,,,,,,,K004+KI03+KA03
random_forest,raw,target_real,0.6633752244165171,0.5968121975150913,0.1822028753355051,0.4938111712621662,0.14462954032234418,0.5646319569120287,0.18441971383147854,0.1606822262118492,0.625673249551167,0.20373027259684362,0.34560143626570916,K004+KI03+KA03
random_forest,temperature,target_real,0.6633752244165171,0.5968121975150913,0.08620594655329471,0.436694646178714,0.14654153221818994,0.5547576301615799,0.17637540453074432,0.1570915619389587,0.63016157989228,0.2022792022792023,0.34111310592459604,K004+KI03+KA03
random_forest,isotonic,target_real,0.6615798922800719,0.6243138253035191,0.22778649252783761,0.5423015739340666,0.2107131134811261,0.6463195691202872,0.20416666666666666,0.0,0.9093357271095153,0.29417571569595263,0.0,K004+KI03+KA03
svm,raw,source_holdout,0.7541666666666667,0.7133677043224781,0.14441759730898882,0.35568773094654976,0.05811293007467803,,,,,,,K004+KI03+KA03
svm,raw,target_real,0.6696588868940754,0.5953170210484179,0.19343765205244268,0.530243489605057,0.2018646555294595,0.36894075403949733,0.17274939172749393,0.017055655296229804,0.4874326750448833,0.20257826887661143,0.03680430879712747,K004+KI03+KA03
svm,temperature,target_real,0.6696588868940754,0.5953170210484179,0.08078199303769845,0.46977212175556193,0.19398363442186844,0.3994614003590664,0.17752808988764046,0.02064631956912029,0.5152603231597845,0.1986062717770035,0.02872531418312388,K004+KI03+KA03
svm,isotonic,target_real,0.6840215439856373,0.6525978192416848,0.25527067968031514,0.5612781728654374,0.1992940217502637,0.670556552962298,0.21285140562248997,0.0,0.8608617594254937,0.3023983315954119,0.0,K004+KI03+KA03
xgboost,raw,source_holdout,0.7416666666666667,0.693162933739791,0.18448377872506777,0.40797521258813757,0.06738885780712972,,,,,,,K004+KI03+KA03
xgboost,raw,target_real,0.6732495511669659,0.6069736403069736,0.2494657233063152,0.5448389993388398,0.12885888003585594,0.5143626570915619,0.1012216404886562,0.11041292639138241,0.5511669658886894,0.1270358306188925,0.3976660682226212,K004+KI03+KA03
xgboost,temperature,target_real,0.6732495511669659,0.6069736403069736,0.09956136348143232,0.4199969283000008,0.12846655932762435,0.4838420107719928,0.08719851576994433,0.14093357271095153,0.5843806104129264,0.14746543778801843,0.38240574506283664,K004+KI03+KA03
xgboost,isotonic,target_real,0.6894075403949731,0.6525438686973261,0.19582133876244423,0.5090426432376918,0.1802544155809036,0.4991023339317774,0.11151079136690648,0.0,0.9057450628366248,0.27651139742319125,0.0,K004+KI03+KA03
random_forest,raw,source_holdout,0.5708333333333333,0.5465614726083411,0.16733727720405678,0.5384401290454512,0.23649008918129075,,,,,,,K004+KI03+KA05
random_forest,raw,target_real,0.6741472172351886,0.617944705653823,0.1745635062161961,0.48242894454662333,0.13812797514017364,0.4865350089766607,0.12730627306273062,0.12836624775583483,0.5906642728904847,0.1778115501519757,0.34290843806104127,K004+KI03+KA05
random_forest,temperature,target_real,0.6741472172351886,0.617944705653823,0.0738691759739037,0.42786519555372,0.13629222530084717,0.5125673249551167,0.138353765323993,0.1400359066427289,0.5816876122082585,0.1743827160493827,0.3608617594254937,K004+KI03+KA05
random_forest,isotonic,target_real,0.6669658886894075,0.6142224510555564,0.1609870543941564,0.45536355061129596,0.1808521105964029,0.3734290843806104,0.10576923076923077,0.0,0.573608617594255,0.15336463223787167,0.0,K004+KI03+KA05
svm,raw,source_holdout,0.6125,0.5833607006020799,0.1851395306061389,0.5561059074657363,0.20420289078346598,,,,,,,K004+KI03+KA05
svm,raw,target_real,0.6741472172351886,0.6106851404209813,0.18614606288917443,0.5224423589868884,0.1939338373789541,0.3276481149012567,0.16712328767123288,0.05565529622980251,0.3752244165170557,0.18660287081339713,0.11579892280071813,K004+KI03+KA05
svm,temperature,target_real,0.6741472172351886,0.6106851404209813,0.03764827769167046,0.45913563999080403,0.18517449035124808,0.3599640933572711,0.16458852867830423,0.06193895870736086,0.43447037701974867,0.1797520661157025,0.14631956912028726,K004+KI03+KA05
svm,isotonic,target_real,0.6149012567324955,0.5751353546165978,0.15989534192189347,0.5239359944919568,0.24314053705075592,0.43895870736086173,0.22699386503067484,0.0,0.5179533213644524,0.23570190641247835,0.0,K004+KI03+KA05
xgboost,raw,source_holdout,0.6125,0.5842918691215905,0.26637279192606605,0.6449541333959282,0.24098468006031554,,,,,,,K004+KI03+KA05
xgboost,raw,target_real,0.6813285457809695,0.6194967817836114,0.24630995175033749,0.5471732493187558,0.1275783716850111,0.3653500897666068,0.03931203931203931,0.18491921005385997,0.4748653500897666,0.08506616257088846,0.3859964093357271,K004+KI03+KA05
xgboost,temperature,target_real,0.6813285457809695,0.6194967817836114,0.08541967228684418,0.41369460786944323,0.12704732491488865,0.42010771992818674,0.07051282051282051,0.13375224416517056,0.4452423698384201,0.07258064516129033,0.3895870736086176,K004+KI03+KA05
xgboost,isotonic,target_real,0.6912028725314183,0.6445229882575906,0.08905451316045915,0.3992341592401903,0.1520192013715842,0.2163375224416517,0.058091286307053944,0.0,0.5242369838420108,0.11643835616438356,0.17235188509874327,K004+KI03+KA05
random_forest,raw,source_holdout,0.7625,0.7241512345679012,0.10969422736738983,0.3144199494331114,0.05443583980064403,,,,,,,K004+KI03+KA06
random_forest,raw,target_real,0.6669658886894075,0.6005853982801611,0.17955697106954865,0.49245323438263694,0.14161985177571995,0.5610412926391383,0.1808,0.1355475763016158,0.6310592459605027,0.20056899004267426,0.3617594254937163,K004+KI03+KA06
random_forest,temperature,target_real,0.6669658886894075,0.6005853982801611,0.08271583435717017,0.4352463784131684,0.14026484026202654,0.5493716337522442,0.17483660130718953,0.1355475763016158,0.6319569120287253,0.2002840909090909,0.35547576301615796,K004+KI03+KA06
random_forest,isotonic,target_real,0.6669658886894075,0.6295571106958399,0.24480581618144714,0.5719069894781956,0.23202208962654783,0.7360861759425493,0.23780487804878048,0.0,0.9497307001795332,0.3166351606805293,0.0,K004+KI03+KA06
svm,raw,source_holdout,0.7541666666666667,0.7133677043224781,0.1468120395590456,0.35624939376607917,0.0577173491374183,,,,,,,K004+KI03+KA06
svm,raw,target_real,0.6696588868940754,0.5954391000029945,0.1936120496297719,0.530452832252685,0.19906077524081975,0.36624775583482944,0.16911764705882354,0.017055655296229804,0.4874326750448833,0.2007366482504604,0.05475763016157989,K004+KI03+KA06
svm,temperature,target_real,0.6696588868940754,0.5954391000029945,0.0520285360832263,0.4629066495169962,0.19014035136560614,0.40933572710951527,0.17105263157894737,0.017055655296229804,0.5143626570915619,0.19895287958115182,0.09605026929982047,K004+KI03+KA06
svm,isotonic,target_real,0.6660682226211849,0.6393418380562506,0.22980049512206127,0.5612471059249617,0.19189028936280822,0.670556552962298,0.2101740294511379,0.0,0.8518850987432675,0.30242360379346683,0.0,K004+KI03+KA06
xgboost,raw,source_holdout,0.75,0.7037130894264348,0.17870822300513584,0.40249945549251476,0.06603373612233328,,,,,,,K004+KI03+KA06
xgboost,raw,target_real,0.6741472172351886,0.6073296045304991,0.25230593730560114,0.5471957652041581,0.12874467800829023,0.5152603231597845,0.10801393728222997,0.10053859964093358,0.5655296229802513,0.13174603174603175,0.4012567324955117,K004+KI03+KA06
xgboost,temperature,target_real,0.6741472172351886,0.6073296045304991,0.10426976334691088,0.42115218534103416,0.12784259083912827,0.5089766606822262,0.09876543209876543,0.13375224416517056,0.5906642728904847,0.15501519756838905,0.39228007181328545,K004+KI03+KA06
xgboost,isotonic,target_real,0.6894075403949731,0.6514041095029256,0.21509928907635084,0.5389264691934647,0.20653736740977213,0.6131059245960503,0.16544655929721816,0.0,0.9362657091561939,0.2914669223394056,0.0,K004+KI03+KA06
random_forest,raw,source_holdout,0.7364016736401674,0.7026988228538616,0.11300409956530355,0.3450536578147186,0.07032382681321765,,,,,,,K004+KI03+KA07
random_forest,raw,target_real,0.6642728904847397,0.5986640556513515,0.17469060299964062,0.48010340436496535,0.13834083739500755,0.5412926391382405,0.15091210613598674,0.18761220825852784,0.6068222621184919,0.1804733727810651,0.3276481149012567,K004+KI03+KA07
random_forest,temperature,target_real,0.6642728904847397,0.5986640556513515,0.11526585195004208,0.44134853454679773,0.13768011518275955,0.5511669658886894,0.1498371335504886,0.18402154398563733,0.6068222621184919,0.17751479289940827,0.3348294434470377,K004+KI03+KA07
random_forest,isotonic,target_real,0.6983842010771992,0.6690499899987565,0.17107530792201442,0.4736338744940954,0.18652460976862575,0.5789946140035906,0.16434108527131783,0.0,0.7450628366247756,0.21927710843373494,0.0,K004+KI03+KA07
svm,raw,source_holdout,0.7447698744769874,0.707085674506489,0.129457687297737,0.3676468959189512,0.07102467581703581,,,,,,,K004+KI03+KA07
svm,raw,target_real,0.6732495511669659,0.5973758913010025,0.1852753180155155,0.5245711874014733,0.19285604210922552,0.33662477558348297,0.15466666666666667,0.02244165170556553,0.49371633752244165,0.18545454545454546,0.12836624775583483,K004+KI03+KA07
svm,temperature,target_real,0.6732495511669659,0.5973758913010025,0.07142722410985058,0.46742942458652403,0.1845156764783745,0.37163375224416517,0.15217391304347827,0.03231597845601436,0.48473967684021546,0.17592592592592593,0.14542190305206462,K004+KI03+KA07
svm,isotonic,target_real,0.6355475763016158,0.6143666294408433,0.23134841304949172,0.5536187252453633,0.2027668565809747,0.5538599640933572,0.18314424635332252,0.0,0.9039497307001796,0.3455809334657398,0.0,K004+KI03+KA07
xgboost,raw,source_holdout,0.7238493723849372,0.68232786839576,0.19369140142676222,0.45119566435945707,0.1016210806151029,,,,,,,K004+KI03+KA07
xgboost,raw,target_real,0.6678635547576302,0.5998279286433893,0.2537487365666583,0.5470325989014445,0.12707403961600028,0.38240574506283664,0.03755868544600939,0.07450628366247755,0.5,0.09515260323159784,0.4263913824057451,K004+KI03+KA07
xgboost,temperature,target_real,0.6678635547576302,0.5998279286433893,0.11601939738997329,0.4209567852123303,0.12668497741308926,0.36983842010771995,0.03398058252427184,0.08258527827648116,0.5242369838420108,0.11815068493150685,0.4254937163375224,K004+KI03+KA07
xgboost,isotonic,target_real,0.6885098743267505,0.6494590888649264,0.16632069568376256,0.4601356084222639,0.17106127583834224,0.4856373429084381,0.11090573012939002,0.0,0.63016157989228,0.15669515669515668,0.0,K004+KI03+KA07
random_forest,raw,source_holdout,0.5,0.4405779202589068,0.3097266089425877,0.7314462788594526,0.29002892774516126,,,,,,,K004+KI03+KA08
random_forest,raw,target_real,0.6535008976660682,0.5947684467683252,0.20755741752089407,0.5559114756546135,0.16658263342394955,0.1310592459605027,0.0136986301369863,0.0,0.2639138240574506,0.061224489795918366,0.2540394973070018,K004+KI03+KA08
random_forest,temperature,target_real,0.6535008976660682,0.5947684467683252,0.06548420347655577,0.4682192405467334,0.15412826673683647,0.1310592459605027,0.0136986301369863,0.0,0.34560143626570916,0.06493506493506493,0.28994614003590663,K004+KI03+KA08
random_forest,isotonic,target_real,0.6032315978456014,0.5637840680878997,0.1737346936809502,0.4947165497418493,0.2121521110564314,0.48025134649910234,0.2130841121495327,0.0,0.5035906642728905,0.22103386809269163,0.0,K004+KI03+KA08
svm,raw,source_holdout,0.4708333333333333,0.3868079242032731,0.38273722993652604,0.8292370580641747,0.28712288125671964,,,,,,,K004+KI03+KA08
svm,raw,target_real,0.6418312387791741,0.5776792308778146,0.25626249864694156,0.5927559507718806,0.1723313554491189,0.29353680430879714,0.09480122324159021,0.10951526032315978,0.34290843806104127,0.1099476439790576,0.16696588868940754,K004+KI03+KA08
svm,temperature,target_real,0.6418312387791741,0.5776792308778146,0.05296667723530548,0.4798781796471818,0.17596456072107863,0.25763016157989227,0.08013937282229965,0.10951526032315978,0.2737881508078995,0.07868852459016394,0.19120287253141832,K004+KI03+KA08
svm,isotonic,target_real,0.5206463195691203,0.481651794075533,0.2430259853883816,0.592246477019085,0.2802615472721968,0.37163375224416517,0.21497584541062803,0.0,0.4326750448833034,0.24688796680497926,0.0,K004+KI03+KA08
xgboost,raw,source_holdout,0.475,0.3983514001806685,0.4484239652752876,0.9179860087159043,0.30878461299580173,,,,,,,K004+KI03+KA08
xgboost,raw,target_real,0.6481149012567325,0.5899567036053838,0.2984023831209546,0.6341678191716348,0.17876707752576196,0.18581687612208259,0.06763285024154589,0.009874326750448833,0.19120287253141832,0.07042253521126761,0.05745062836624776,K004+KI03+KA08
xgboost,temperature,target_real,0.6481149012567325,0.5899567036053838,0.11747312370362495,0.4894548827176193,0.17294472622520868,0.20915619389587073,0.06866952789699571,0.013464991023339317,0.21454219030520646,0.07531380753138076,0.06014362657091562,K004+KI03+KA08
xgboost,isotonic,target_real,0.6175942549371634,0.5553962691352403,0.11630568638730067,0.4643130130090324,0.19400981286113972,0.2504488330341113,0.06810035842293907,0.0,0.289048473967684,0.07453416149068323,0.10412926391382406,K004+KI03+KA08
random_forest,raw,source_holdout,0.7563025210084033,0.7220747874537682,0.10046141315037062,0.32694028195178854,0.06238508584402709,,,,,,,K004+KI03+KA09
random_forest,raw,target_real,0.6678635547576302,0.6042375863325548,0.17891652686178117,0.4883435402099662,0.14177840950255355,0.552064631956912,0.16097560975609757,0.19030520646319568,0.6247755834829444,0.1910919540229885,0.34380610412926393,K004+KI03+KA09
random_forest,temperature,target_real,0.6678635547576302,0.6042375863325548,0.10797103200336282,0.4432597052626236,0.14526465731074067,0.5430879712746858,0.16198347107438016,0.18402154398563733,0.6229802513464991,0.19020172910662825,0.34290843806104127,K004+KI03+KA09
random_forest,isotonic,target_real,0.6876122082585279,0.6564180231448199,0.19616595415893684,0.5030049810792568,0.1913326175751512,0.6247755834829444,0.1867816091954023,0.0,0.7585278276481149,0.24023668639053256,0.0,K004+KI03+KA09
svm,raw,source_holdout,0.7521008403361344,0.712662982687524,0.1389352003787229,0.3574203172661252,0.061004736964402895,,,,,,,K004+KI03+KA09
svm,raw,target_real,0.6723518850987432,0.5972860039112259,0.18901489031004615,0.5268895095819232,0.20114193597110322,0.3500897666068223,0.16153846153846155,0.012567324955116697,0.466786355475763,0.19423076923076923,0.02244165170556553,K004+KI03+KA09
svm,temperature,target_real,0.6723518850987432,0.5972860039112259,0.06785403756494729,0.46634120941840246,0.1912582384831331,0.37881508078994613,0.16350710900473933,0.01615798922800718,0.4991023339317774,0.19424460431654678,0.1059245960502693,K004+KI03+KA09
svm,isotonic,target_real,0.6427289048473968,0.6191033460917986,0.23644124900716001,0.5597300486182194,0.20222193373895894,0.6427289048473968,0.21787709497206703,0.0,0.8913824057450629,0.3202416918429003,0.0,K004+KI03+KA09
xgboost,raw,source_holdout,0.7394957983193278,0.6923542080148642,0.18408798708134338,0.4184756142025999,0.07456690744056935,,,,,,,K004+KI03+KA09
xgboost,raw,target_real,0.6723518850987432,0.6058620951277648,0.25033818792611945,0.5445192317841593,0.12889546084392695,0.4955116696588869,0.09963768115942029,0.12118491921005387,0.5529622980251346,0.13474025974025974,0.38240574506283664,K004+KI03+KA09
xgboost,temperature,target_real,0.6723518850987432,0.6058620951277648,0.11178325271241744,0.42240053262835975,0.12833551488168982,0.5080789946140036,0.10777385159010601,0.1867145421903052,0.5619389587073609,0.14217252396166133,0.3877917414721723,K004+KI03+KA09
xgboost,isotonic,target_real,0.6947935368043088,0.6583258208667089,0.19122606674634102,0.49835260141407967,0.18199252008955333,0.5691202872531418,0.13249211356466878,0.0,0.7692998204667864,0.22870478413068845,0.0,K004+KI03+KA09
random_forest,raw,source_holdout,0.7310924369747899,0.6953888401890227,0.1159039976061798,0.3453202713019944,0.06764565579413889,,,,,,,K004+KI05+KA01
random_forest,raw,target_real,0.6543985637342908,0.5920961847019014,0.19119049893494489,0.5064793732724158,0.15193477291712867,0.5026929982046678,0.15714285714285714,0.19748653500897667,0.599640933572711,0.19760479041916168,0.3114901256732496,K004+KI05+KA01
random_forest,temperature,target_real,0.6543985637342908,0.5920961847019014,0.07178437704782038,0.43802703479654215,0.1512749256552806,0.5116696588868941,0.1649122807017544,0.1310592459605027,0.5906642728904847,0.19300911854103345,0.29443447037701975,K004+KI05+KA01
random_forest,isotonic,target_real,0.6561938958707361,0.6243490921548476,0.2123666877255112,0.544079702411178,0.20860036695668002,0.6220825852782765,0.19336219336219337,0.0,0.8384201077199281,0.27944325481798715,0.0,K004+KI05+KA01
svm,raw,source_holdout,0.7310924369747899,0.6860291862167663,0.10428175356008534,0.4049813661175311,0.1582071660047051,,,,,,,K004+KI05+KA01
svm,raw,target_real,0.6606822262118492,0.5908857119870047,0.18142048452773402,0.551309283046917,0.2603720009264029,0.263016157989228,0.22525597269624573,0.02154398563734291,0.27737881508078993,0.22653721682847897,0.02423698384201077,K004+KI05+KA01
svm,temperature,target_real,0.6606822262118492,0.5908857119870047,0.10324881750995434,0.5046354897034752,0.2532055939202678,0.2755834829443447,0.2280130293159609,0.02333931777378815,0.2755834829443447,0.2280130293159609,0.025134649910233394,K004+KI05+KA01
svm,isotonic,target_real,0.6642728904847397,0.6254519739217516,0.2019447353458893,0.5643258903551379,0.26568746046602304,0.41741472172351884,0.2645161290322581,0.0,0.6086175942549371,0.25663716814159293,0.0,K004+KI05+KA01
xgboost,raw,source_holdout,0.7142857142857143,0.6707364703715913,0.2102358914723917,0.44720464582388103,0.07211784923641738,,,,,,,K004+KI05+KA01
xgboost,raw,target_real,0.6669658886894075,0.5995258641349246,0.2559896538458778,0.5597162149063835,0.13688946396499074,0.43087971274685816,0.0875,0.15170556552962297,0.5242369838420108,0.13184931506849315,0.3590664272890485,K004+KI05+KA01
xgboost,temperature,target_real,0.6669658886894075,0.5995258641349246,0.09056000421723735,0.42643883180230674,0.1369516886111688,0.3877917414721723,0.06712962962962964,0.1059245960502693,0.5610412926391383,0.1472,0.35727109515260325,K004+KI05+KA01
xgboost,isotonic,target_real,0.6759425493716338,0.645415207369345,0.18813809622103655,0.5227721232552205,0.18897660398015467,0.466786355475763,0.12307692307692308,0.0,0.7531418312387792,0.2300357568533969,0.0,K004+KI05+KA01
random_forest,raw,source_holdout,0.7375,0.7019015450387999,0.11154674235734752,0.34075258933164954,0.06588482230564582,,,,,,,K004+KI05+KA03
random_forest,raw,target_real,0.6552962298025135,0.5921244110713827,0.18954471504329895,0.5064623721615991,0.1522087313161791,0.49730700179533216,0.1588447653429603,0.21903052064631956,0.5897666068222621,0.1963470319634703,0.3087971274685817,K004+KI05+KA03
random_forest,temperature,target_real,0.6552962298025135,0.5921244110713827,0.07183325701742796,0.43891089952484497,0.15071400083697273,0.5143626570915619,0.16055846422338568,0.20646319569120286,0.5906642728904847,0.19148936170212766,0.2980251346499102,K004+KI05+KA03
random_forest,isotonic,target_real,0.6606822262118492,0.6312822141491873,0.20785315977196847,0.5451238802457441,0.21590651523189522,0.6499102333931778,0.2058011049723757,0.0,0.8141831238779175,0.27342888643880925,0.0,K004+KI05+KA03
svm,raw,source_holdout,0.7458333333333333,0.7036684142211781,0.13132678726599692,0.3739391884323588,0.07581836564626919,,,,,,,K004+KI05+KA03
svm,raw,target_real,0.6552962298025135,0.5844124913393866,0.18528972114741227,0.5526514287270279,0.2368226171583847,0.27019748653500897,0.16943521594684385,0.013464991023339317,0.3518850987432675,0.22193877551020408,0.04757630161579892,K004+KI05+KA03
svm,temperature,target_real,0.6552962298025135,0.5844124913393866,0.07192655654487237,0.4955457802507524,0.2281318124599652,0.31597845601436264,0.1846590909090909,0.018850987432675045,0.3779174147217235,0.2209026128266033,0.026032315978456014,K004+KI05+KA03
svm,isotonic,target_real,0.625673249551167,0.6072603719599429,0.2602476645864492,0.591064543008058,0.22952413676598188,0.6140035906642729,0.23538011695906433,0.0,0.8384201077199281,0.3158458244111349,0.0,K004+KI05+KA03
xgboost,raw,source_holdout,0.7083333333333334,0.6577217266031652,0.21709028581778206,0.444877499297649,0.07060583000259688,,,,,,,K004+KI05+KA03
xgboost,raw,target_real,0.6642728904847397,0.5945340795451637,0.258601843133649,0.5639889137141401,0.14160496791077218,0.44165170556552963,0.09959349593495935,0.11220825852782765,0.5628366247755835,0.16108452950558214,0.34470377019748655,K004+KI05+KA03
xgboost,temperature,target_real,0.6642728904847397,0.5945340795451637,0.08441537506309534,0.4321568148279384,0.14217200984958106,0.39497307001795334,0.075,0.10412926391382406,0.578096947935368,0.16304347826086957,0.3357271095152603,K004+KI05+KA03
xgboost,isotonic,target_real,0.6490125673249552,0.6197387565331357,0.2218787621197161,0.5638572591665926,0.23172908433085704,0.5511669658886894,0.18729641693811075,0.0,0.7657091561938959,0.26025791324736225,0.0,K004+KI05+KA03
random_forest,raw,source_holdout,0.5875,0.5671338923324841,0.13266939397652502,0.532484836781063,0.24307667271426805,,,,,,,K004+KI05+KA05
random_forest,raw,target_real,0.6642728904847397,0.6095606534186527,0.1792059272097778,0.4929068344771219,0.15030255787923733,0.466786355475763,0.13653846153846153,0.10412926391382406,0.5170556552962298,0.1579861111111111,0.29353680430879714,K004+KI05+KA05
random_forest,temperature,target_real,0.6642728904847397,0.6095606534186527,0.06408429858676529,0.43401009236963267,0.14862588814731043,0.48922800718132853,0.14311926605504588,0.10412926391382406,0.5368043087971275,0.1605351170568562,0.29443447037701975,K004+KI05+KA05
random_forest,isotonic,target_real,0.6508078994614004,0.5986166793506243,0.15296603179007273,0.48027454099299177,0.20305898831565347,0.3985637342908438,0.12162162162162163,0.0,0.5116696588868941,0.1543859649122807,0.0,K004+KI05+KA05
svm,raw,source_holdout,0.6083333333333333,0.578128805246937,0.1738085790088958,0.5642339362766623,0.26058309483589975,,,,,,,K004+KI05+KA05
svm,raw,target_real,0.6606822262118492,0.5999778735678959,0.17537541158336634,0.5471753232373907,0.2316797407038666,0.2755834829443447,0.16938110749185667,0.04757630161579892,0.2755834829443447,0.16938110749185667,0.10771992818671454,K004+KI05+KA05
svm,temperature,target_real,0.6606822262118492,0.5999778735678959,0.06573034320055068,0.4875035443330647,0.22259998670490602,0.29533213644524237,0.1702127659574468,0.05296229802513465,0.3123877917414722,0.1752873563218391,0.09784560143626571,K004+KI05+KA05
svm,isotonic,target_real,0.5574506283662477,0.5319411263232824,0.16812899163592976,0.5574847901339047,0.27442353253194607,0.3985637342908438,0.21621621621621623,0.0,0.4156193895870736,0.23758099352051837,0.0,K004+KI05+KA05
xgboost,raw,source_holdout,0.5791666666666667,0.5531734579353628,0.30218302793800833,0.6707765508135909,0.23527660758792368,,,,,,,K004+KI05+KA05
xgboost,raw,target_real,0.6687612208258528,0.607182210711096,0.26173488956272495,0.5626829295862075,0.13871062772913487,0.32046678635547576,0.0392156862745098,0.10771992818671454,0.43177737881508077,0.08523908523908524,0.34111310592459604,K004+KI05+KA05
xgboost,temperature,target_real,0.6687612208258528,0.607182210711096,0.08644616591323459,0.4255194319612682,0.14052357928777567,0.3384201077199282,0.05305039787798409,0.04129263913824058,0.36714542190305205,0.06356968215158924,0.3303411131059246,K004+KI05+KA05
xgboost,isotonic,target_real,0.6849192100538599,0.6427932924308594,0.04759245559754403,0.4115562090081397,0.165207024977421,0.09156193895870736,0.058823529411764705,0.0,0.39587073608617596,0.08390022675736962,0.0,K004+KI05+KA05
random_forest,raw,source_holdout,0.7375,0.7017124651533253,0.11189879094545435,0.34208105544563,0.06607451243891314,,,,,,,K004+KI05+KA06
random_forest,raw,target_real,0.6570915619389587,0.5930142958025378,0.1874508581509105,0.5051114604704142,0.15146979635448649,0.5026929982046678,0.15892857142857142,0.18850987432675045,0.585278276481149,0.18865030674846625,0.30700179533213645,K004+KI05+KA06
random_forest,temperature,target_real,0.6570915619389587,0.5930142958025378,0.061955098916060485,0.43669212915565137,0.14998098629646037,0.5359066427289049,0.16750418760469013,0.17953321364452424,0.59245960502693,0.19242424242424241,0.3007181328545781,K004+KI05+KA06
random_forest,isotonic,target_real,0.6615798922800719,0.6292009825523752,0.2050879562231282,0.5395940352464156,0.2094286398917426,0.651705565529623,0.20523415977961432,0.0,0.7998204667863554,0.2615039281705948,0.0,K004+KI05+KA06
svm,raw,source_holdout,0.7416666666666667,0.6973892773892775,0.13755598475133313,0.37344364137453623,0.07534929741734643,,,,,,,K004+KI05+KA06
svm,raw,target_real,0.6552962298025135,0.5832440001931527,0.186533239375262,0.5518924583764842,0.23368771449229728,0.26929982046678635,0.17,0.012567324955116697,0.35816876122082586,0.22556390977443608,0.05116696588868941,K004+KI05+KA06
svm,temperature,target_real,0.6552962298025135,0.5832440001931527,0.06419293627722156,0.4879886683723146,0.22394877641761599,0.31867145421903054,0.18591549295774648,0.012567324955116697,0.3904847396768402,0.22298850574712645,0.03141831238779174,K004+KI05+KA06
svm,isotonic,target_real,0.6095152603231598,0.5946567576211114,0.25714480472079065,0.5918319872605545,0.2160225639437717,0.5933572710951526,0.22844175491679275,0.0,0.8105924596050269,0.3133997785160576,0.0,K004+KI05+KA06
xgboost,raw,source_holdout,0.7125,0.664875072446805,0.22454036933680377,0.4517038990045059,0.07072691391846923,,,,,,,K004+KI05+KA06
xgboost,raw,target_real,0.6651705565529623,0.5976676986584107,0.25952593029829507,0.5680571646886919,0.14420818307140845,0.44614003590664275,0.09859154929577464,0.09694793536804308,0.5538599640933572,0.15883306320907617,0.35457809694793535,K004+KI05+KA06
xgboost,temperature,target_real,0.6651705565529623,0.5976676986584107,0.08955697283630651,0.4332728679395254,0.14328414139117376,0.41651705565529623,0.08836206896551724,0.027827648114901255,0.5816876122082585,0.16358024691358025,0.3473967684021544,K004+KI05+KA06
xgboost,isotonic,target_real,0.6624775583482945,0.6319253782581914,0.20275443209086075,0.5412585851297459,0.208931776525057,0.5152603231597845,0.15505226480836237,0.0,0.7109515260323159,0.22853535353535354,0.0,K004+KI05+KA06
random_forest,raw,source_holdout,0.7196652719665272,0.6884866334784233,0.10662154616186505,0.36667115389658717,0.08235904380206659,,,,,,,K004+KI05+KA07
random_forest,raw,target_real,0.6543985637342908,0.5881204722869084,0.187448896948693,0.4977191102904089,0.14647418674589419,0.47755834829443444,0.12969924812030076,0.17953321364452424,0.5484739676840216,0.1685761047463175,0.32854578096947934,K004+KI05+KA07
random_forest,temperature,target_real,0.6543985637342908,0.5881204722869084,0.08533241135957637,0.4373729311850564,0.14546190559873787,0.4910233393177738,0.1425959780621572,0.20377019748653502,0.5341113105924596,0.16134453781512606,0.3267504488330341,K004+KI05+KA07
random_forest,isotonic,target_real,0.6813285457809695,0.6518168684267454,0.16428010717719282,0.4874291708642778,0.21392460198932725,0.4362657091561939,0.12962962962962962,0.0,0.6364452423698385,0.2059238363892807,0.0,K004+KI05+KA07
svm,raw,source_holdout,0.7280334728033473,0.6874308697838111,0.1275094240180084,0.3860379052300007,0.09237647615508275,,,,,,,K004+KI05+KA07
svm,raw,target_real,0.6642728904847397,0.5893904278158278,0.17535448405963833,0.539725825725429,0.22616674197863082,0.2333931777378815,0.1576923076923077,0.02154398563734291,0.34470377019748655,0.2109375,0.0807899461400359,K004+KI05+KA07
svm,temperature,target_real,0.6642728904847397,0.5893904278158278,0.06518804955684036,0.48806113598663026,0.2175244539017175,0.2639138240574506,0.15306122448979592,0.03321364452423698,0.3527827648114901,0.2010178117048346,0.03859964093357271,K004+KI05+KA07
svm,isotonic,target_real,0.5969479353680431,0.5762242893095407,0.2336915607389537,0.5573487288377651,0.2188016127380559,0.49012567324955114,0.20146520146520147,0.0,0.7100538599640933,0.27560050568900124,0.0,K004+KI05+KA07
xgboost,raw,source_holdout,0.694560669456067,0.6586063618893218,0.22482236546452575,0.47460452832625666,0.09673134512679094,,,,,,,K004+KI05+KA07
xgboost,raw,target_real,0.6651705565529623,0.5928083775050247,0.26090614610022234,0.5584197788189628,0.13667861792808458,0.36983842010771995,0.05339805825242718,0.09964093357271095,0.5179533213644524,0.1265164644714038,0.362657091561939,K004+KI05+KA07
xgboost,temperature,target_real,0.6651705565529623,0.5928083775050247,0.09949753547609808,0.4288683015206686,0.1363490101345551,0.3384201077199282,0.034482758620689655,0.10053859964093358,0.5143626570915619,0.1256544502617801,0.3599640933572711,K004+KI05+KA07
xgboost,isotonic,target_real,0.6732495511669659,0.6400175047594691,0.1589251132572774,0.46554326814538816,0.18248349925665366,0.4362657091561939,0.11316872427983539,0.0,0.6813285457809695,0.2015810276679842,0.0,K004+KI05+KA07
random_forest,raw,source_holdout,0.4708333333333333,0.4021375028032907,0.32733575130091874,0.7655904094011805,0.34388373342280504,,,,,,,K004+KI05+KA08
random_forest,raw,target_real,0.6355475763016158,0.5804985678602231,0.22249353579991188,0.5662112251486919,0.17968510931207524,0.0,,0.0,0.0,,0.21723518850987433,K004+KI05+KA08
random_forest,temperature,target_real,0.6355475763016158,0.5804985678602231,0.10958753733143076,0.4950218135889388,0.16813803148107825,0.0,,0.0,0.0,,0.20915619389587073,K004+KI05+KA08
random_forest,isotonic,target_real,0.6337522441651705,0.61055365936197,0.11622593476455377,0.48164163697133827,0.20607753729980174,0.0,,0.08797127468581688,0.236983842010772,0.04924242424242424,0.236983842010772,K004+KI05+KA08
svm,raw,source_holdout,0.44583333333333336,0.36316127650460484,0.40865743318202996,0.8576990803761956,0.3398481460217905,,,,,,,K004+KI05+KA08
svm,raw,target_real,0.6373429084380611,0.5726705517984506,0.25033091917016304,0.6016027806040638,0.19664114296952612,0.27737881508078993,0.10355987055016182,0.09784560143626571,0.2800718132854578,0.10256410256410256,0.1229802513464991,K004+KI05+KA08
svm,temperature,target_real,0.6373429084380611,0.5726705517984506,0.0785228449035366,0.5044903126176238,0.20439297570093948,0.22980251346499103,0.0859375,0.09784560143626571,0.22980251346499103,0.0859375,0.1310592459605027,K004+KI05+KA08
svm,isotonic,target_real,0.5053859964093357,0.4970637975828589,0.19550176710388706,0.6009323151738506,0.31175944192764987,0.25493716337522443,0.16901408450704225,0.0,0.3527827648114901,0.22391857506361323,0.0,K004+KI05+KA08
xgboost,raw,source_holdout,0.4625,0.3893815615807317,0.45442705924312266,0.9447241729016027,0.3454691152657735,,,,,,,K004+KI05+KA08
xgboost,raw,target_real,0.6391382405745063,0.5851364484501881,0.30225628531492804,0.6417469221249156,0.19864000982965008,0.12028725314183124,0.07462686567164178,0.0,0.12028725314183124,0.07462686567164178,0.0,K004+KI05+KA08
xgboost,temperature,target_real,0.6391382405745063,0.5851364484501881,0.13345329215235655,0.5044088273624359,0.1949578970042028,0.1436265709156194,0.06875,0.0,0.1436265709156194,0.06875,0.0,K004+KI05+KA08
xgboost,isotonic,target_real,0.6005385996409336,0.5509168331688081,0.10434131230558569,0.4842206168061469,0.22966061645102576,0.2594254937163375,0.08650519031141868,0.0,0.30341113105924594,0.09171597633136094,0.0,K004+KI05+KA08
random_forest,raw,source_holdout,0.7478991596638656,0.7153914620531653,0.08906362240834126,0.3443587560089715,0.06998755769166035,,,,,,,K004+KI05+KA09
random_forest,raw,target_real,0.6588868940754039,0.5961378791062258,0.18558605003842746,0.5015717174646481,0.15137410418912095,0.5026929982046678,0.15892857142857142,0.15439856373429084,0.5619389587073609,0.17731629392971246,0.29533213644524237,K004+KI05+KA09
random_forest,temperature,target_real,0.6588868940754039,0.5961378791062258,0.09673336000328585,0.447806009662215,0.15096379546832298,0.5107719928186715,0.15641476274165203,0.15170556552962297,0.5466786355475763,0.17405582922824303,0.3087971274685817,K004+KI05+KA09
random_forest,isotonic,target_real,0.6759425493716338,0.645799076216912,0.18273217229683839,0.5096313119986134,0.19160530066609122,0.5403949730700179,0.16279069767441862,0.0,0.6840215439856373,0.22703412073490814,0.0,K004+KI05+KA09
svm,raw,source_holdout,0.7436974789915967,0.7029636925862238,0.1284389567258595,0.375148690039909,0.08050949331740008,,,,,,,K004+KI05+KA09
svm,raw,target_real,0.6588868940754039,0.5856827361941588,0.17932613807763736,0.5474056679744365,0.237547071859189,0.2459605026929982,0.18248175182481752,0.008976660682226212,0.3518850987432675,0.22193877551020408,0.03770197486535009,K004+KI05+KA09
svm,temperature,target_real,0.6588868940754039,0.5856827361941588,0.0663401577071571,0.4919394411365603,0.22683766752720408,0.2764811490125673,0.16233766233766234,0.01436265709156194,0.3868940754039497,0.2296983758700696,0.019748653500897665,K004+KI05+KA09
svm,isotonic,target_real,0.6023339317773788,0.5871619253461067,0.24335818695586836,0.5842047049967422,0.2245957820874681,0.5296229802513465,0.2135593220338983,0.0,0.7998204667863554,0.3265993265993266,0.0,K004+KI05+KA09
xgboost,raw,source_holdout,0.7100840336134454,0.666559829059829,0.21466922609745953,0.4590441837368257,0.07843069262563719,,,,,,,K004+KI05+KA09
xgboost,raw,target_real,0.6687612208258528,0.5998049378001649,0.25246375681467925,0.555869154512333,0.13944762672554945,0.43087971274685816,0.09375,0.14093357271095153,0.48922800718132853,0.12293577981651377,0.3473967684021544,K004+KI05+KA09
xgboost,temperature,target_real,0.6687612208258528,0.5998049378001649,0.08797022197099391,0.43017580082096785,0.14002904137812036,0.38330341113105926,0.07259953161592506,0.1059245960502693,0.5224416517055656,0.14432989690721648,0.34111310592459604,K004+KI05+KA09
xgboost,isotonic,target_real,0.6741472172351886,0.6431067077963476,0.18082367486625656,0.5076349997512849,0.1998402482741857,0.46409335727109513,0.1276595744680851,0.0,0.8096947935368043,0.2583148558758315,0.0,K004+KI05+KA09
random_forest,raw,source_holdout,0.6512605042016807,0.6329927069090023,0.16152819734792412,0.47952636015308353,0.1295491978970467,,,,,,,K004+KI07+KA01
random_forest,raw,target_real,0.670556552962298,0.6135068678514535,0.18645917379683863,0.4815660896744884,0.14229097129613522,0.26750448833034113,0.030201342281879196,0.15439856373429084,0.5107719928186715,0.14586994727592267,0.33303411131059246,K004+KI07+KA01
random_forest,temperature,target_real,0.670556552962298,0.6135068678514535,0.06660332683439496,0.42286764598659254,0.143411852191354,0.23967684021543986,0.0299625468164794,0.15439856373429084,0.5502692998204668,0.1533442088091354,0.29443447037701975,K004+KI07+KA01
random_forest,isotonic,target_real,0.6588868940754039,0.6152030109775325,0.1270278084152643,0.5611481931099211,0.3041730965542769,0.4138240574506284,0.13665943600867678,0.0,0.5242369838420108,0.1678082191780822,0.0,K004+KI07+KA01
svm,raw,source_holdout,0.6134453781512605,0.5862934690415607,0.22982477309033617,0.5589376890935345,0.29606335999291006,,,,,,,K004+KI07+KA01
svm,raw,target_real,0.6929982046678635,0.6249179883096935,0.18460515147924964,0.48763788731243535,0.1755762809275035,0.3007181328545781,0.13134328358208955,0.03590664272890485,0.3007181328545781,0.13134328358208955,0.11490125673249552,K004+KI07+KA01
svm,temperature,target_real,0.6929982046678635,0.6249179883096935,0.04385362655307183,0.42610440938427796,0.17229703722523368,0.289048473967684,0.13043478260869565,0.03590664272890485,0.289048473967684,0.13043478260869565,0.10143626570915619,K004+KI07+KA01
svm,isotonic,target_real,0.696588868940754,0.6507335232590102,0.11676750040004848,0.49423669931950387,0.22489285612771617,0.35457809694793535,0.1468354430379747,0.0,0.35457809694793535,0.1468354430379747,0.0,K004+KI07+KA01
xgboost,raw,source_holdout,0.6428571428571429,0.6223144109927947,0.25452880623961693,0.5835142783890792,0.13730615714913114,,,,,,,K004+KI07+KA01
xgboost,raw,target_real,0.6822262118491921,0.6203804696930705,0.24824649622560188,0.5357427590290724,0.1265974629048168,0.414721723518851,0.05844155844155844,0.14093357271095153,0.5251346499102334,0.11452991452991453,0.38061041292639136,K004+KI07+KA01
xgboost,temperature,target_real,0.6822262118491921,0.6203804696930705,0.08715968617111652,0.40241078670203834,0.12622827454470764,0.37971274685816875,0.05200945626477541,0.1813285457809695,0.507181328545781,0.09911504424778761,0.37881508078994613,K004+KI07+KA01
xgboost,isotonic,target_real,0.6687612208258528,0.6271397583633311,0.11639859611052311,0.5492925211331813,0.16625958996581539,0.2244165170556553,0.048,0.0,0.5745062836624776,0.1890625,0.28994614003590663,K004+KI07+KA01
random_forest,raw,source_holdout,0.6625,0.6436516613184595,0.15153697372606845,0.47606718017490873,0.129209650628336,,,,,,,K004+KI07+KA03
random_forest,raw,target_real,0.6723518850987432,0.6171615813133369,0.1853435890766855,0.48426117309404154,0.1413234045154391,0.26750448833034113,0.030201342281879196,0.19210053859964094,0.5143626570915619,0.15008726003490402,0.31597845601436264,K004+KI07+KA03
random_forest,temperature,target_real,0.6723518850987432,0.6171615813133369,0.05565241951844174,0.4129567985172164,0.13774502371626934,0.3393177737881508,0.0582010582010582,0.18402154398563733,0.5377019748653501,0.15525876460767946,0.32944344703770195,K004+KI07+KA03
random_forest,isotonic,target_real,0.6687612208258528,0.6268905999844944,0.12946956777678612,0.5407210899676732,0.21771529818913987,0.4380610412926391,0.1290983606557377,0.0,0.5547576301615799,0.1796116504854369,0.0,K004+KI07+KA03
svm,raw,source_holdout,0.6166666666666667,0.5886820637792026,0.2174305420182435,0.5181206276724287,0.1331784568062843,,,,,,,K004+KI07+KA03
svm,raw,target_real,0.6921005385996409,0.6224473458554728,0.18669121728673177,0.48776083699238926,0.1661593931672645,0.388689407540395,0.12240184757505773,0.012567324955116697,0.4964093357271095,0.1717902350813743,0.12387791741472172,K004+KI07+KA03
svm,temperature,target_real,0.6921005385996409,0.6224473458554728,0.03649043751904554,0.41954195917165094,0.16275719702025548,0.3895870736086176,0.1152073732718894,0.012567324955116697,0.5287253141831239,0.1833616298811545,0.12746858168761221,K004+KI07+KA03
svm,isotonic,target_real,0.6867145421903053,0.6449933506456704,0.14826830478986763,0.5344890959931407,0.2517618532184077,0.3850987432675045,0.1445221445221445,0.0,0.5538599640933572,0.17990275526742303,0.0,K004+KI07+KA03
xgboost,raw,source_holdout,0.6416666666666667,0.6181689061691262,0.2527572501450777,0.5780231005388706,0.1364622698106097,,,,,,,K004+KI07+KA03
xgboost,raw,target_real,0.6831238779174147,0.6170537795537795,0.24915285480728697,0.5422887473346677,0.12815675095809276,0.45511669658886894,0.08678500986193294,0.1400359066427289,0.5368043087971275,0.1254180602006689,0.3850987432675045,K004+KI07+KA03
xgboost,temperature,target_real,0.6831238779174147,0.6170537795537795,0.08803117777249965,0.40428222932434993,0.12652950526969028,0.4228007181328546,0.06794055201698514,0.15978456014362658,0.5116696588868941,0.10877192982456141,0.36983842010771995,K004+KI07+KA03
xgboost,isotonic,target_real,0.6615798922800719,0.6170895760439407,0.13341927083350746,0.5189523637526778,0.18391263389482562,0.36894075403949733,0.07542579075425791,0.0,0.5637342908438061,0.1624203821656051,0.0,K004+KI07+KA03
random_forest,raw,source_holdout,0.5,0.5067384779660995,0.19089546327814666,0.6778480396826219,0.42820237564060604,,,,,,,K004+KI07+KA05
random_forest,raw,target_real,0.6804308797127468,0.6321503621500767,0.17935200277435012,0.4694998666070778,0.13913008940094868,0.27289048473967686,0.049342105263157895,0.12926391382405744,0.27289048473967686,0.049342105263157895,0.28994614003590663,K004+KI07+KA05
random_forest,temperature,target_real,0.6804308797127468,0.6321503621500767,0.06423405755156227,0.4089172801957429,0.13519694645463382,0.2998204667863555,0.06287425149700598,0.12926391382405744,0.2998204667863555,0.06287425149700598,0.25763016157989227,K004+KI07+KA05
random_forest,isotonic,target_real,0.6723518850987432,0.607556021273605,0.06832480915596617,0.4362993744720571,0.1767074961672683,0.414721723518851,0.10606060606060606,0.0,0.414721723518851,0.10606060606060606,0.0,K004+KI07+KA05
svm,raw,source_holdout,0.48333333333333334,0.48280075187969923,0.2679744414023848,0.7283607426252193,0.39946848279454167,,,,,,,K004+KI07+KA05
svm,raw,target_real,0.699281867145422,0.6364409086848286,0.181837117000322,0.4744473020207325,0.15654980249142042,0.4021543985637343,0.125,0.04488330341113106,0.4021543985637343,0.125,0.17145421903052063,K004+KI07+KA05
svm,temperature,target_real,0.699281867145422,0.6364409086848286,0.09208924444693634,0.42463521086804845,0.15445618176932197,0.37163375224416517,0.10386473429951691,0.04488330341113106,0.37163375224416517,0.10386473429951691,0.13016157989228008,K004+KI07+KA05
svm,isotonic,target_real,0.670556552962298,0.5683470498469573,0.0662099325704508,0.4326858316034943,0.20497403522490892,0.44703770197486536,0.12048192771084337,0.0,0.44703770197486536,0.12048192771084337,0.0,K004+KI07+KA05
xgboost,raw,source_holdout,0.5041666666666667,0.5084789796882381,0.34761138310035067,0.8196004356979925,0.43186799519156704,,,,,,,K004+KI07+KA05
xgboost,raw,target_real,0.6840215439856373,0.6264662149978205,0.2469060308361824,0.5345433562102903,0.12690125991830856,0.05475763016157989,0.0,0.15350089766606823,0.05475763016157989,0.0,0.38061041292639136,K004+KI07+KA05
xgboost,temperature,target_real,0.6840215439856373,0.6264662149978205,0.1154667730708181,0.4314408922888904,0.12668575345504512,0.31956912028725315,0.0449438202247191,0.11938958707360861,0.31956912028725315,0.0449438202247191,0.36714542190305205,K004+KI07+KA05
xgboost,isotonic,target_real,0.6894075403949731,0.6447372790317671,0.05679335800280586,0.4126960831932768,0.15249395697462423,0.05655296229802514,0.047619047619047616,0.0,0.05655296229802514,0.047619047619047616,0.16696588868940754,K004+KI07+KA05
random_forest,raw,source_holdout,0.6625,0.6436681663203341,0.15450619987014003,0.473314576035159,0.12685829340734825,,,,,,,K004+KI07+KA06
random_forest,raw,target_real,0.6768402154398564,0.6216979547479035,0.1829630337740038,0.4807045463301916,0.141649033154994,0.29084380610412924,0.037037037037037035,0.18761220825852784,0.5152603231597845,0.1480836236933798,0.3348294434470377,K004+KI07+KA06
random_forest,temperature,target_real,0.6768402154398564,0.6216979547479035,0.059915722418644624,0.41311741280403874,0.13976556773798643,0.31867145421903054,0.05352112676056338,0.15170556552962297,0.5305206463195691,0.1505922165820643,0.3123877917414722,K004+KI07+KA06
random_forest,isotonic,target_real,0.6741472172351886,0.6333170235928645,0.12277106516837363,0.5516687624737338,0.23413947302862,0.47666068222621183,0.1431261770244821,0.0,0.5718132854578097,0.18838304552590268,0.0,K004+KI07+KA06
svm,raw,source_holdout,0.6208333333333333,0.5939771045633754,0.21419169699316565,0.5161531965452887,0.13235731800599107,,,,,,,K004+KI07+KA06
svm,raw,target_real,0.6938958707360862,0.6237844076966171,0.18538175403262253,0.48521806434264575,0.1636060875767919,0.3509874326750449,0.11508951406649616,0.01436265709156194,0.4964093357271095,0.1717902350813743,0.1355475763016158,K004+KI07+KA06
svm,temperature,target_real,0.6938958707360862,0.6237844076966171,0.05580426304260431,0.4204305517211894,0.1599192145807845,0.348294434470377,0.09536082474226804,0.01436265709156194,0.5305206463195691,0.18274111675126903,0.13016157989228008,K004+KI07+KA06
svm,isotonic,target_real,0.6840215439856373,0.641368390682549,0.1250992074362694,0.5314194899209762,0.2542480176131471,0.3491921005385996,0.15167095115681234,0.0,0.6077199281867145,0.19497784342688332,0.0,K004+KI07+KA06
xgboost,raw,source_holdout,0.65,0.6283858019967005,0.2591737161080042,0.5705418791605986,0.1319278597202508,,,,,,,K004+KI07+KA06
xgboost,raw,target_real,0.6804308797127468,0.6171597127767172,0.2509597173124499,0.5359353495759142,0.12748071076636813,0.414721723518851,0.0735930735930736,0.1355475763016158,0.5170556552962298,0.11284722222222222,0.3779174147217235,K004+KI07+KA06
xgboost,temperature,target_real,0.6804308797127468,0.6171597127767172,0.0875734099594783,0.40224485692775824,0.1263055676511139,0.388689407540395,0.06466512702078522,0.16696588868940754,0.5062836624775583,0.10638297872340426,0.36983842010771995,K004+KI07+KA06
xgboost,isotonic,target_real,0.6804308797127468,0.6377255075195523,0.12214873566927724,0.5453309211340944,0.18265448188160735,0.35547576301615796,0.07323232323232323,0.0,0.5457809694793537,0.17763157894736842,0.0,K004+KI07+KA06
random_forest,raw,source_holdout,0.6317991631799164,0.6165651302429418,0.15389741526564993,0.49928806098346273,0.1667734760856987,,,,,,,K004+KI07+KA07
random_forest,raw,target_real,0.6696588868940754,0.6143533781255774,0.18399243523823378,0.47426707581885874,0.1394534356684615,0.3096947935368043,0.04927536231884058,0.0,0.5017953321364452,0.12880143112701253,0.3096947935368043,K004+KI07+KA07
random_forest,temperature,target_real,0.6696588868940754,0.6143533781255774,0.040667965955164496,0.4039599096196726,0.13846492447352224,0.3123877917414722,0.05459770114942529,0.0421903052064632,0.4883303411131059,0.11764705882352941,0.30700179533213645,K004+KI07+KA07
random_forest,isotonic,target_real,0.6768402154398564,0.6391928523023148,0.13024799954093896,0.47657567976276094,0.24569745711125926,0.44344703770197486,0.11538461538461539,0.0,0.47666068222621183,0.14500941619585686,0.0,K004+KI07+KA07
svm,raw,source_holdout,0.6150627615062761,0.5950150067797126,0.20011915334979816,0.5201466654853816,0.15038573159440216,,,,,,,K004+KI07+KA07
svm,raw,target_real,0.6947935368043088,0.62424920300548,0.18429903498213943,0.47918200487948065,0.1523296954257725,0.3868940754039497,0.11136890951276102,0.09605026929982047,0.4838420107719928,0.15213358070500926,0.2127468581687612,K004+KI07+KA07
svm,temperature,target_real,0.6947935368043088,0.62424920300548,0.02254283272423684,0.4127871834301268,0.15010632823458384,0.3761220825852783,0.10501193317422435,0.09605026929982047,0.4919210053859964,0.1478102189781022,0.17235188509874327,K004+KI07+KA07
svm,isotonic,target_real,0.6822262118491921,0.6383395277138054,0.14016820276808092,0.47603421098146964,0.20950183047749038,0.3518850987432675,0.12755102040816327,0.0,0.5224416517055656,0.13573883161512026,0.0,K004+KI07+KA07
xgboost,raw,source_holdout,0.6234309623430963,0.6063728797509558,0.2738546997184035,0.6156058200811155,0.18131581232807395,,,,,,,K004+KI07+KA07
xgboost,raw,target_real,0.6831238779174147,0.6159605260261664,0.2456206695663223,0.5312188676310265,0.12537564791649403,0.45870736086175945,0.0821917808219178,0.10771992818671454,0.4658886894075404,0.08670520231213873,0.4021543985637343,K004+KI07+KA07
xgboost,temperature,target_real,0.6831238779174147,0.6159605260261664,0.08360957976341409,0.3999280690274059,0.1239763337009318,0.4021543985637343,0.060267857142857144,0.2001795332136445,0.44434470377019747,0.08080808080808081,0.3770197486535009,K004+KI07+KA07
xgboost,isotonic,target_real,0.6894075403949731,0.6496319262868292,0.11314324047495336,0.47096628364903115,0.17677647941399333,0.3868940754039497,0.0765661252900232,0.0,0.4614003590664273,0.122568093385214,0.0,K004+KI07+KA07
random_forest,raw,source_holdout,0.45416666666666666,0.42073170731707316,0.3354100087385107,0.8344584212193189,0.5063561896233256,,,,,,,K004+KI07+KA08
random_forest,raw,target_real,0.6642728904847397,0.6175232755029727,0.20931820782109506,0.5428683498569024,0.16530116942708756,0.0,,0.0,0.0,,0.2127468581687612,K004+KI07+KA08
random_forest,temperature,target_real,0.6642728904847397,0.6175232755029727,0.14987042697158492,0.4893278703853659,0.15023249923204104,0.0,,0.0,0.0,,0.22800718132854578,K004+KI07+KA08
random_forest,isotonic,target_real,0.6472172351885098,0.5949960871803429,0.08443220648980819,0.4646756740353266,0.18522991060576127,0.0,,0.04398563734290844,0.0,,0.05116696588868941,K004+KI07+KA08
svm,raw,source_holdout,0.4041666666666667,0.3633192962563574,0.42679943489515393,0.9154186723671517,0.5167045271645712,,,,,,,K004+KI07+KA08
svm,raw,target_real,0.6660682226211849,0.6099368916855256,0.24372393636834305,0.555338819514906,0.16277264307812883,0.12926391382405744,0.04861111111111111,0.09245960502692999,0.12926391382405744,0.04861111111111111,0.1615798922800718,K004+KI07+KA08
svm,temperature,target_real,0.6660682226211849,0.6099368916855256,0.0970907607853463,0.4586426431198599,0.1570987173106881,0.11579892280071813,0.015503875968992248,0.09245960502692999,0.11579892280071813,0.015503875968992248,0.20466786355475763,K004+KI07+KA08
svm,isotonic,target_real,0.5807899461400359,0.5301580180181887,0.1288273117798675,0.48971981770561307,0.22285399958429644,0.19120287253141832,0.07042253521126761,0.0,0.19120287253141832,0.07042253521126761,0.15798922800718132,K004+KI07+KA08
xgboost,raw,source_holdout,0.44583333333333336,0.39393384393384395,0.4550563104450703,1.00272544814139,0.523614309505294,,,,,,,K004+KI07+KA08
xgboost,raw,target_real,0.6552962298025135,0.6042257686631897,0.28522839874724726,0.6043766910055784,0.17222730334543998,0.19748653500897667,0.06363636363636363,0.00718132854578097,0.19748653500897667,0.06363636363636363,0.18581687612208259,K004+KI07+KA08
xgboost,temperature,target_real,0.6552962298025135,0.6042257686631897,0.2086927859633757,0.5265572980865034,0.16529962050850483,0.2118491921005386,0.059322033898305086,0.009874326750448833,0.2118491921005386,0.059322033898305086,0.2001795332136445,K004+KI07+KA08
xgboost,isotonic,target_real,0.6561938958707361,0.6125720794662873,0.07370965325374576,0.4500520850237636,0.1853168744450515,0.2513464991023339,0.07857142857142857,0.0,0.2513464991023339,0.07857142857142857,0.0,K004+KI07+KA08
random_forest,raw,source_holdout,0.6596638655462185,0.6438125704734011,0.13962868013483581,0.4817250712902993,0.1466784194335546,,,,,,,K004+KI07+KA09
random_forest,raw,target_real,0.6732495511669659,0.6206593333232532,0.1838923451043591,0.48086166881625564,0.13887884959872454,0.3105924596050269,0.04046242774566474,0.2118491921005386,0.49730700179533216,0.1299638989169675,0.3348294434470377,K004+KI07+KA09
random_forest,temperature,target_real,0.6732495511669659,0.6206593333232532,0.042847274437709595,0.4078985249554612,0.13943691002030995,0.3491921005385996,0.07455012853470437,0.19748653500897667,0.518850987432675,0.14013840830449828,0.30789946140035906,K004+KI07+KA09
random_forest,isotonic,target_real,0.6858168761220825,0.6498561091470605,0.13682961561165094,0.4974984057676707,0.20106561272591167,0.4371633752244165,0.12320328542094455,0.0,0.47666068222621183,0.14689265536723164,0.0,K004+KI07+KA09
svm,raw,source_holdout,0.6218487394957983,0.5977583801417998,0.20671639077083925,0.519783061020715,0.1394723184524362,,,,,,,K004+KI07+KA09
svm,raw,target_real,0.6956912028725314,0.6259898861838703,0.18347330910144,0.48022600420305017,0.15970607263090428,0.37073608617594256,0.1089588377723971,0.05655296229802514,0.48922800718132853,0.1614678899082569,0.14542190305206462,K004+KI07+KA09
svm,temperature,target_real,0.6956912028725314,0.6259898861838703,0.026671481938903153,0.4150761330101912,0.1555649791144883,0.3608617594254937,0.09950248756218906,0.05655296229802514,0.5278276481149012,0.18537414965986396,0.15529622980251345,K004+KI07+KA09
svm,isotonic,target_real,0.6912028725314183,0.6482054306552723,0.12753397298701016,0.4957039389199811,0.22050461240635702,0.3393177737881508,0.13227513227513227,0.0,0.5565529622980251,0.14677419354838708,0.0,K004+KI07+KA09
xgboost,raw,source_holdout,0.6428571428571429,0.621905971412919,0.25276580452919006,0.5751171062416036,0.14557414159492144,,,,,,,K004+KI07+KA09
xgboost,raw,target_real,0.6822262118491921,0.6197487017587807,0.24686855417500708,0.5355567195524429,0.128557487670433,0.4228007181328546,0.07855626326963906,0.1947935368043088,0.49012567324955114,0.1043956043956044,0.36624775583482944,K004+KI07+KA09
xgboost,temperature,target_real,0.6822262118491921,0.6197487017587807,0.08685069481399255,0.40484905696897555,0.12747163820830118,0.3976660682226212,0.0744920993227991,0.19748653500897667,0.4856373429084381,0.09981515711645102,0.36624775583482944,K004+KI07+KA09
xgboost,isotonic,target_real,0.6867145421903053,0.6468933973106415,0.12450271742199524,0.5043533122380173,0.1678236753839194,0.3644524236983842,0.07635467980295567,0.0,0.4838420107719928,0.14285714285714285,0.0,K004+KI07+KA09
random_forest,raw,source_holdout,0.7215189873417721,0.6903865124204107,0.12976987359737216,0.3744145060777203,0.08418412404778312,,,,,,,K004+KI08+KA01
random_forest,raw,target_real,0.6660682226211849,0.6017460724645444,0.17549542902440934,0.49370853743304194,0.14949672616970638,0.46768402154398564,0.15930902111324377,0.2289048473967684,0.5350089766606823,0.16946308724832215,0.3105924596050269,K004+KI08+KA01
random_forest,temperature,target_real,0.6660682226211849,0.6017460724645444,0.050490434422115774,0.4279625458735163,0.14535279940665097,0.49281867145421904,0.15664845173041894,0.20197486535008977,0.5493716337522442,0.16339869281045752,0.3096947935368043,K004+KI08+KA01
random_forest,isotonic,target_real,0.6552962298025135,0.6135235003936771,0.21957369374763042,0.5660407611484468,0.24270754915811943,0.7396768402154399,0.24393203883495146,0.0,0.9443447037701975,0.33174904942965777,0.0,K004+KI08+KA01
svm,raw,source_holdout,0.679324894514768,0.6327058654968541,0.13460801189739838,0.4621637697952768,0.1950105010833073,,,,,,,K004+KI08+KA01
svm,raw,target_real,0.6633752244165171,0.5936944103634765,0.1923237987939921,0.5396899443743722,0.22652017327787316,0.25763016157989227,0.1916376306620209,0.04847396768402154,0.2746858168761221,0.1830065359477124,0.05745062836624776,K004+KI08+KA01
svm,temperature,target_real,0.6633752244165171,0.5936944103634765,0.08070753769435904,0.4803999470071354,0.21972003664801373,0.23518850987432674,0.19083969465648856,0.05385996409335727,0.2872531418312388,0.1875,0.07540394973070018,K004+KI08+KA01
svm,isotonic,target_real,0.6831238779174147,0.6486717716014369,0.18054096501009034,0.537790097116897,0.20723973162523582,0.44344703770197486,0.20445344129554655,0.0,0.49012567324955114,0.21794871794871795,0.0,K004+KI08+KA01
xgboost,raw,source_holdout,0.6835443037974683,0.6468887291858763,0.2349289258321126,0.5169355067335126,0.1085832433775233,,,,,,,K004+KI08+KA01
xgboost,raw,target_real,0.6696588868940754,0.6027118437489439,0.26046033861714163,0.5604470755715458,0.14386201306667787,0.2881508078994614,0.04984423676012461,0.03590664272890485,0.4793536804308797,0.12734082397003746,0.30251346499102333,K004+KI08+KA01
xgboost,temperature,target_real,0.6696588868940754,0.6027118437489439,0.09053254288178553,0.4225408772823821,0.1429992228016052,0.29084380610412924,0.05555555555555555,0.11579892280071813,0.4838420107719928,0.12059369202226346,0.2746858168761221,K004+KI08+KA01
xgboost,isotonic,target_real,0.6570915619389587,0.6136993092923985,0.19779668743421464,0.5551234043767957,0.19243939089649573,0.45691202872531417,0.10609037328094302,0.0,0.9596050269299821,0.3274087932647334,0.0,K004+KI08+KA01
random_forest,raw,source_holdout,0.7238493723849372,0.6893740293113978,0.10787511810514443,0.36502451253806956,0.08031322297043442,,,,,,,K004+KI08+KA03
random_forest,raw,target_real,0.6669658886894075,0.6027352466740133,0.1747105104552712,0.4941939737845315,0.15192310098806353,0.4730700179533214,0.15749525616698293,0.15439856373429084,0.5583482944344704,0.18167202572347266,0.3007181328545781,K004+KI08+KA03
random_forest,temperature,target_real,0.6669658886894075,0.6027352466740133,0.0598805098003151,0.43245056292310785,0.14773986343746193,0.48922800718132853,0.14862385321100918,0.1436265709156194,0.559245960502693,0.17495987158908508,0.29353680430879714,K004+KI08+KA03
random_forest,isotonic,target_real,0.6463195691202872,0.6078524895071153,0.2294745638507239,0.5456673764731017,0.19165228925133196,0.6391382405745063,0.19382022471910113,0.0,0.914721723518851,0.31599607458292445,0.0,K004+KI08+KA03
svm,raw,source_holdout,0.698744769874477,0.6579752468363232,0.1778051632656768,0.4354331974751382,0.09450926104282473,,,,,,,K004+KI08+KA03
svm,raw,target_real,0.6651705565529623,0.5931892727121059,0.19588567641730484,0.5391858741952914,0.20729887911921135,0.3249551166965889,0.16298342541436464,0.04847396768402154,0.4156193895870736,0.1879049676025918,0.06193895870736086,K004+KI08+KA03
svm,temperature,target_real,0.6651705565529623,0.5931892727121059,0.04485951240272363,0.4671712808926034,0.19786913545321616,0.3500897666068223,0.15897435897435896,0.05655296229802514,0.42908438061041293,0.18828451882845187,0.07989228007181329,K004+KI08+KA03
svm,isotonic,target_real,0.6220825852782765,0.6060951314149529,0.237298202300518,0.560458912011795,0.19424900506059495,0.7351885098743267,0.2515262515262515,0.0,0.9631956912028725,0.3718546132339236,0.0,K004+KI08+KA03
xgboost,raw,source_holdout,0.702928870292887,0.6634392629140362,0.223771119965669,0.5005572397974326,0.10700828277702469,,,,,,,K004+KI08+KA03
xgboost,raw,target_real,0.6669658886894075,0.5982431378028726,0.2613899838346553,0.5590605948628633,0.14146102924235232,0.3303411131059246,0.043478260869565216,0.03052064631956912,0.4991023339317774,0.12050359712230216,0.3357271095152603,K004+KI08+KA03
xgboost,temperature,target_real,0.6669658886894075,0.5982431378028726,0.08779326239488794,0.42191053733811135,0.14043447268976328,0.31867145421903054,0.05070422535211268,0.09156193895870736,0.4919210053859964,0.11496350364963503,0.3249551166965889,K004+KI08+KA03
xgboost,isotonic,target_real,0.6561938958707361,0.6127518237116543,0.18357042562448356,0.5305106732801902,0.15853814619137607,0.40484739676840215,0.07538802660753881,0.0,0.7890484739676841,0.24914675767918087,0.0,K004+KI08+KA03
random_forest,raw,source_holdout,0.5271966527196653,0.5114986934522373,0.173362059578725,0.6024636124532124,0.316179516595412,,,,,,,K004+KI08+KA05
random_forest,raw,target_real,0.6660682226211849,0.6105451943391155,0.17037652544785753,0.4931599016318681,0.15617875123865071,0.3779174147217235,0.12114014251781473,0.1687612208258528,0.4533213644524237,0.16237623762376238,0.29533213644524237,K004+KI08+KA05
random_forest,temperature,target_real,0.6660682226211849,0.6105451943391155,0.03982285025043348,0.4315803500809139,0.1498438832645123,0.3868940754039497,0.10440835266821345,0.16606822262118492,0.4614003590664273,0.14396887159533073,0.26929982046678635,K004+KI08+KA05
random_forest,isotonic,target_real,0.6552962298025135,0.6008882866606443,0.10435934739118127,0.44951831107300455,0.18316188009252027,0.3940754039497307,0.11389521640091116,0.0,0.4497307001795332,0.11776447105788423,0.0,K004+KI08+KA05
svm,raw,source_holdout,0.5355648535564853,0.5137744664687376,0.23085727290123376,0.646183453967751,0.315943187679895,,,,,,,K004+KI08+KA05
svm,raw,target_real,0.6642728904847397,0.6052535704420405,0.181297414907735,0.5371351046562917,0.21820001280877876,0.18491921005385997,0.1262135922330097,0.06193895870736086,0.2540394973070018,0.16607773851590105,0.12746858168761221,K004+KI08+KA05
svm,temperature,target_real,0.6642728904847397,0.6052535704420405,0.05779122774311094,0.47052204391789754,0.2067727373163489,0.23967684021543986,0.14606741573033707,0.06822262118491922,0.3007181328545781,0.16716417910447762,0.1481149012567325,K004+KI08+KA05
svm,isotonic,target_real,0.5745062836624776,0.5495090297819601,0.13671626484216481,0.5068520173593969,0.2510741281774054,0.3177737881508079,0.17231638418079095,0.0,0.33303411131059246,0.18328840970350405,0.0,K004+KI08+KA05
xgboost,raw,source_holdout,0.5230125523012552,0.5031339519623925,0.3463549414439181,0.7703694169590514,0.3594344123902749,,,,,,,K004+KI08+KA05
xgboost,raw,target_real,0.6714542190305206,0.6080196382102258,0.25721687787418096,0.5583394804369733,0.1460502090128084,0.30251346499102333,0.06231454005934718,0.04308797127468582,0.30251346499102333,0.06231454005934718,0.2540394973070018,K004+KI08+KA05
xgboost,temperature,target_real,0.6714542190305206,0.6080196382102258,0.09563246187636108,0.42748109759027586,0.14331939267300184,0.30789946140035906,0.05539358600583091,0.05296229802513465,0.30789946140035906,0.05539358600583091,0.18402154398563733,K004+KI08+KA05
xgboost,isotonic,target_real,0.6804308797127468,0.6251078026038877,0.030426197761213036,0.3945758238463573,0.14327403487014345,0.2253141831238779,0.04780876494023904,0.0,0.2253141831238779,0.04780876494023904,0.22710951526032316,K004+KI08+KA05
random_forest,raw,source_holdout,0.7196652719665272,0.6855232953868436,0.12331205084137263,0.36482442104722557,0.07987138093500439,,,,,,,K004+KI08+KA06
random_forest,raw,target_real,0.6669658886894075,0.6028645115406749,0.17676431989941674,0.4956179369025154,0.15113017967105255,0.48114901256732495,0.16417910447761194,0.18491921005385997,0.5547576301615799,0.1779935275080906,0.3105924596050269,K004+KI08+KA06
random_forest,temperature,target_real,0.6669658886894075,0.6028645115406749,0.06080278004535947,0.4308566136539689,0.1466490518295823,0.48204667863554757,0.14711359404096835,0.15080789946140036,0.5709156193895871,0.1792452830188679,0.3240574506283663,K004+KI08+KA06
random_forest,isotonic,target_real,0.6543985637342908,0.6155041114742049,0.23070931858474097,0.5707492390458395,0.21182498967518362,0.7621184919210053,0.25206124852767964,0.0,0.9201077199281867,0.32,0.0,K004+KI08+KA06
svm,raw,source_holdout,0.7071129707112971,0.6656169202259284,0.17053467882941922,0.4294718032771838,0.0924938260925185,,,,,,,K004+KI08+KA06
svm,raw,target_real,0.6669658886894075,0.5944145592180902,0.19489218369525624,0.5352241995221921,0.20210091060351762,0.32854578096947934,0.16120218579234974,0.05385996409335727,0.4129263913824057,0.1782608695652174,0.07719928186714542,K004+KI08+KA06
svm,temperature,target_real,0.6669658886894075,0.5944145592180902,0.04801015325065293,0.4598129511363184,0.19114961660077853,0.3590664272890485,0.1525,0.06642728904847396,0.4362657091561939,0.18724279835390947,0.14631956912028726,K004+KI08+KA06
svm,isotonic,target_real,0.6247755834829444,0.6089929451873962,0.22912911267131036,0.5503953828080225,0.1824162257692592,0.6849192100538599,0.23328964613368283,0.0,0.9640933572710951,0.3687150837988827,0.0,K004+KI08+KA06
xgboost,raw,source_holdout,0.6903765690376569,0.6464501450708832,0.24039866510295468,0.5097769341887894,0.1065870142705377,,,,,,,K004+KI08+KA06
xgboost,raw,target_real,0.6714542190305206,0.6038705197132616,0.2555453721935488,0.5571378593202232,0.14152595174051277,0.33123877917414724,0.05420054200542006,0.011669658886894075,0.49730700179533216,0.1299638989169675,0.3276481149012567,K004+KI08+KA06
xgboost,temperature,target_real,0.6714542190305206,0.6038705197132616,0.08032110709041657,0.4215618584859754,0.14020840162296647,0.3052064631956912,0.04411764705882353,0.09156193895870736,0.47666068222621183,0.1111111111111111,0.33213644524236985,K004+KI08+KA06
xgboost,isotonic,target_real,0.6526032315978456,0.6083730850109866,0.20439253831524798,0.5579862834362592,0.18987171220257718,0.45691202872531417,0.0962671905697446,0.0,0.9730700179533214,0.3367158671586716,0.0,K004+KI08+KA06
random_forest,raw,source_holdout,0.7310924369747899,0.6949713141047832,0.08163049357844622,0.3552804125470957,0.08295829183578549,,,,,,,K004+KI08+KA07
random_forest,raw,target_real,0.6723518850987432,0.6071875965170758,0.163472891207263,0.4775260741129202,0.1422801718509654,0.45511669658886894,0.13214990138067062,0.20556552962298025,0.5430879712746858,0.1652892561983471,0.31597845601436264,K004+KI08+KA07
random_forest,temperature,target_real,0.6723518850987432,0.6071875965170758,0.09213858841652041,0.43730349165623067,0.1400229796516951,0.4506283662477558,0.12350597609561753,0.20915619389587073,0.5879712746858169,0.17862595419847327,0.31508078994614,K004+KI08+KA07
random_forest,isotonic,target_real,0.6983842010771992,0.6671631661206648,0.16964726345492048,0.48179281192778783,0.18701166273998712,0.5870736086175943,0.16819571865443425,0.0,0.7190305206463196,0.21473158551810237,0.0,K004+KI08+KA07
svm,raw,source_holdout,0.726890756302521,0.6841718839089855,0.1346751670018077,0.39577086316213916,0.08839593551312076,,,,,,,K004+KI08+KA07
svm,raw,target_real,0.6687612208258528,0.5938351568422563,0.1875804959823546,0.5206176599886932,0.1939184491399207,0.2881508078994614,0.13707165109034267,0.02244165170556553,0.4245960502692998,0.17547568710359407,0.0763016157989228,K004+KI08+KA07
svm,temperature,target_real,0.6687612208258528,0.5938351568422563,0.06144155805244595,0.45972767695235267,0.1839609284198523,0.37073608617594256,0.13801452784503632,0.03949730700179533,0.46858168761220825,0.18007662835249041,0.1436265709156194,K004+KI08+KA07
svm,isotonic,target_real,0.6822262118491921,0.6506071704216835,0.20285679745818114,0.5210835054613902,0.18509857230101143,0.559245960502693,0.1781701444622793,0.0,0.9228007181328546,0.3093385214007782,0.0,K004+KI08+KA07
xgboost,raw,source_holdout,0.6974789915966386,0.6516485071458894,0.21948032419220742,0.4777760229407151,0.10814574670487624,,,,,,,K004+KI08+KA07
xgboost,raw,target_real,0.677737881508079,0.607884885718364,0.2486463745042708,0.546492573998029,0.1347112804249382,0.3734290843806104,0.05048076923076923,0.06193895870736086,0.5053859964093357,0.12966252220248667,0.36624775583482944,K004+KI08+KA07
xgboost,temperature,target_real,0.677737881508079,0.607884885718364,0.09608351806619884,0.4201951747578864,0.13337544584388664,0.3509874326750449,0.04859335038363171,0.11310592459605028,0.5403949730700179,0.13953488372093023,0.35368043087971274,K004+KI08+KA07
xgboost,isotonic,target_real,0.6876122082585279,0.6513575473686597,0.17584744200602478,0.4871221023276901,0.16550719609281117,0.4398563734290844,0.09387755102040816,0.0,0.6283662477558348,0.18,0.0,K004+KI08+KA07
random_forest,raw,source_holdout,0.4895397489539749,0.4319238398843314,0.304217970885014,0.7536125674999516,0.3266877874534518,,,,,,,K004+KI08+KA08
random_forest,raw,target_real,0.6454219030520646,0.588734090127279,0.20818962590918205,0.5639211769411702,0.18280159424504017,0.14183123877917414,0.0189873417721519,0.0,0.2118491921005386,0.0635593220338983,0.20377019748653502,K004+KI08+KA08
random_forest,temperature,target_real,0.6454219030520646,0.588734090127279,0.12045157719349094,0.49698521832936327,0.16074608191648715,0.14183123877917414,0.0189873417721519,0.04847396768402154,0.26032315978456017,0.07586206896551724,0.22262118491921004,K004+KI08+KA08
random_forest,isotonic,target_real,0.6202872531418312,0.5959610067787585,0.08164900284909324,0.48089149764968137,0.23021337071176123,0.0,,0.0,0.2719928186714542,0.0891089108910891,0.08797127468581688,K004+KI08+KA08
svm,raw,source_holdout,0.4393305439330544,0.3704013565359386,0.4031955604601345,0.8742198418278939,0.3477081646746438,,,,,,,K004+KI08+KA08
svm,raw,target_real,0.6373429084380611,0.5755309715990609,0.26416515880396774,0.6055075720508047,0.1730400594396352,0.2836624775583483,0.07278481012658228,0.13644524236983843,0.3357271095152603,0.09893048128342247,0.2118491921005386,K004+KI08+KA08
svm,temperature,target_real,0.6373429084380611,0.5755309715990609,0.058423110045418204,0.4793258707990508,0.17729415481892127,0.2989228007181329,0.08408408408408409,0.13644524236983843,0.3303411131059246,0.10597826086956522,0.2199281867145422,K004+KI08+KA08
svm,isotonic,target_real,0.5359066427289049,0.5182761258952012,0.16515036392250054,0.5390058846003408,0.2692018244110932,0.22621184919210055,0.07142857142857142,0.0,0.2414721723518851,0.13011152416356878,0.21543985637342908,K004+KI08+KA08
xgboost,raw,source_holdout,0.46443514644351463,0.40189544992500664,0.45329239328536025,0.955542927847745,0.3641405162474434,,,,,,,K004+KI08+KA08
xgboost,raw,target_real,0.6463195691202872,0.5918758863053561,0.3032694287745272,0.6356396507268082,0.1805257248804285,0.13913824057450627,0.07096774193548387,0.009874326750448833,0.13913824057450627,0.07096774193548387,0.11579892280071813,K004+KI08+KA08
xgboost,temperature,target_real,0.6463195691202872,0.5918758863053561,0.14603317394731835,0.4955649705521602,0.1693689782197775,0.16247755834829444,0.055248618784530384,0.010771992818671455,0.18491921005385997,0.07766990291262135,0.07540394973070018,K004+KI08+KA08
xgboost,isotonic,target_real,0.6364452423698385,0.6127428069375677,0.03967212570724585,0.43718107382452154,0.19534874458576756,0.1687612208258528,0.047872340425531915,0.0,0.236983842010772,0.08333333333333333,0.17504488330341114,K004+KI08+KA08
random_forest,raw,source_holdout,0.7341772151898734,0.7020526328937544,0.10415777883511877,0.36968617364825956,0.08415613170280009,,,,,,,K004+KI08+KA09
random_forest,raw,target_real,0.6723518850987432,0.6106082605766673,0.1714505938981367,0.48725184268869964,0.14681924975078697,0.4730700179533214,0.15180265654648956,0.2244165170556553,0.5341113105924596,0.16638655462184873,0.30789946140035906,K004+KI08+KA09
random_forest,temperature,target_real,0.6723518850987432,0.6106082605766673,0.08366306389647112,0.43813473004700854,0.1443457616128249,0.49012567324955114,0.1575091575091575,0.2118491921005386,0.5412926391382405,0.16583747927031509,0.30610412926391384,K004+KI08+KA09
random_forest,isotonic,target_real,0.677737881508079,0.642332800863265,0.18855013013570418,0.5036916405411968,0.2074019510086445,0.6292639138240574,0.1754636233951498,0.0,0.7450628366247756,0.22771084337349398,0.0,K004+KI08+KA09
svm,raw,source_holdout,0.7088607594936709,0.6684309622916786,0.1629809955143966,0.4218811353173942,0.09093100369336203,,,,,,,K004+KI08+KA09
svm,raw,target_real,0.6687612208258528,0.595291248710191,0.19316441094947182,0.530348099943779,0.19481717423727005,0.3393177737881508,0.15343915343915343,0.059245960502693,0.42998204667863554,0.17954070981210857,0.09156193895870736,K004+KI08+KA09
svm,temperature,target_real,0.6687612208258528,0.595291248710191,0.03783761754679998,0.4579712803215031,0.1850915407367728,0.36714542190305205,0.1466992665036675,0.0718132854578097,0.4578096947935368,0.19215686274509805,0.1651705565529623,K004+KI08+KA09
svm,isotonic,target_real,0.6328545780969479,0.6146312501655328,0.21640972469991293,0.5351555577096294,0.1775060481721728,0.6454219030520646,0.2114047287899861,0.0,0.8635547576301615,0.30145530145530147,0.0,K004+KI08+KA09
xgboost,raw,source_holdout,0.70042194092827,0.6597035538212009,0.22444676271470793,0.5041811271743518,0.1104509620412748,,,,,,,K004+KI08+KA09
xgboost,raw,target_real,0.670556552962298,0.6018672253847775,0.2565241102095781,0.5514399730144375,0.137405531599244,0.3491921005385996,0.056555269922879174,0.10771992818671454,0.5233393177737882,0.14408233276157806,0.34290843806104127,K004+KI08+KA09
xgboost,temperature,target_real,0.670556552962298,0.6018672253847775,0.08483383633912293,0.41927517065295944,0.13577192879151623,0.34380610412926393,0.04960835509138381,0.11579892280071813,0.5278276481149012,0.141156462585034,0.3644524236983842,K004+KI08+KA09
xgboost,isotonic,target_real,0.6786355475763016,0.6419602460951283,0.1800437281842806,0.5096656436612746,0.16580165342753694,0.4533213644524237,0.08118811881188119,0.0,0.8052064631956912,0.24414715719063546,0.0,K004+KI08+KA09
