model,calibration,domain,accuracy,macro_f1,ece,brier,aurc,auto_rate@1%,auto_error@1%,oracle_auto_rate@1%,auto_rate@5%,auto_error@5%,oracle_auto_rate@5%,calib_set
random_forest,raw,source_holdout,0.6791666666666667,0.5802648471479825,0.29074198185722144,0.4118015473880855,0.15309828570961992,,,,,,,K001+KI01+KA01
random_forest,raw,target_real,0.6699551569506726,0.6298850451251109,0.076608708455355,0.4492652355878556,0.17389286884208122,0.0,,0.04753363228699552,0.704932735426009,0.20737913486005088,0.053811659192825115,K001+KI01+KA01
random_forest,temperature,target_real,0.6699551569506726,0.6298850451251109,0.16030115388434774,0.4763093546181567,0.17411059177117966,0.0,,0.051121076233183856,0.0,,0.05560538116591928,K001+KI01+KA01
random_forest,isotonic,target_real,0.7130044843049327,0.70593363437575,0.23699026549906654,0.49643586226393516,0.2203696397009632,0.8134529147982063,0.23594266813671444,0.0,0.9964125560538116,0.28532853285328535,0.0,K001+KI01+KA01
svm,raw,source_holdout,0.3333333333333333,0.16666666666666666,0.3196612063206921,0.919285336090552,0.7618688987046192,,,,,,,K001+KI01+KA01
svm,raw,target_real,0.47085201793721976,0.38266636555763056,0.2224896179796047,0.7407292022668461,0.46209440167760535,0.0,,0.0,0.0,,0.0,K001+KI01+KA01
svm,temperature,target_real,0.47085201793721976,0.38266636555763056,0.11444058741552442,0.6528060168356075,0.4615094919503935,0.0,,0.0,0.0,,0.0,K001+KI01+KA01
svm,isotonic,target_real,0.589237668161435,0.5497492723404819,0.10465672764626896,0.6792055144013363,0.4486356540239761,0.36053811659192825,0.48507462686567165,0.0,0.36053811659192825,0.48507462686567165,0.0,K001+KI01+KA01
xgboost,raw,source_holdout,0.7708333333333334,0.7285307285307284,0.060019281258185744,0.33593657289396806,0.12417179402104454,,,,,,,K001+KI01+KA01
xgboost,raw,target_real,0.6932735426008969,0.6639483688113521,0.17100875952318645,0.4775216513042427,0.14456333532165522,0.0,,0.21076233183856502,0.6071748878923767,0.2171344165435746,0.33004484304932735,K001+KI01+KA01
xgboost,temperature,target_real,0.6932735426008969,0.6639483688113521,0.12319111171127746,0.4494119288138809,0.1430361735668847,0.0,,0.21524663677130046,0.6412556053811659,0.22657342657342658,0.33542600896860986,K001+KI01+KA01
xgboost,isotonic,target_real,0.6295964125560538,0.6324977505960448,0.3041874925983441,0.5967836464358398,0.2802848073898467,0.6071748878923767,0.38404726735598227,0.0,0.9883408071748879,0.3647912885662432,0.0,K001+KI01+KA01
random_forest,raw,source_holdout,0.5291666666666667,0.42333333333333334,0.219019223393106,0.4997440170476777,0.22471388215423266,,,,,,,K001+KI01+KA03
random_forest,raw,target_real,0.6493273542600897,0.5845787377405949,0.10460262908776033,0.4545586614855049,0.15584389205494048,0.0,,0.06367713004484304,0.0,,0.07623318385650224,K001+KI01+KA03
random_forest,temperature,target_real,0.6493273542600897,0.5845787377405949,0.09247052779391693,0.45267065053744265,0.15697485858194085,0.0,,0.06098654708520179,0.0,,0.07443946188340807,K001+KI01+KA03
random_forest,isotonic,target_real,0.46995515695067264,0.4525665034914019,0.3011600080282079,0.5970245440445086,0.3454334759563091,0.368609865470852,0.30656934306569344,0.0,0.6286995515695067,0.33238231098430815,0.0,K001+KI01+KA03
svm,raw,source_holdout,0.3458333333333333,0.19273456900943586,0.69997021132318,1.1112362793548642,0.9269883147105479,,,,,,,K001+KI01+KA03
svm,raw,target_real,0.6053811659192825,0.5376770792412934,0.14363663955073286,0.5697995226319222,0.25524130569632125,0.0,,0.0017937219730941704,0.0,,0.0017937219730941704,K001+KI01+KA03
svm,temperature,target_real,0.6053811659192825,0.5376770792412934,0.24143371051931675,0.6346272133244042,0.25734664269531926,0.0,,0.0017937219730941704,0.0,,0.0017937219730941704,K001+KI01+KA03
svm,isotonic,target_real,0.43408071748878924,0.4200349816502056,0.15034033874969358,0.562024069819692,0.3754220447269623,0.0,,0.0,0.0,,0.0,K001+KI01+KA03
xgboost,raw,source_holdout,0.6458333333333334,0.6258671369782481,0.14181098764141403,0.5083306723304412,0.23233111587197866,,,,,,,K001+KI01+KA03
xgboost,raw,target_real,0.6502242152466368,0.625986156411728,0.2703475649848647,0.5892978154792307,0.17931332365333041,0.0,,0.13811659192825113,0.0,,0.23946188340807176,K001+KI01+KA03
xgboost,temperature,target_real,0.6502242152466368,0.625986156411728,0.17653349734221985,0.4970403019017464,0.17520011817656608,0.0,,0.18923766816143497,0.0,,0.26367713004484306,K001+KI01+KA03
xgboost,isotonic,target_real,0.6591928251121076,0.6605654491023746,0.23965450422617568,0.5498285741460934,0.24307457976365648,0.600896860986547,0.2880597014925373,0.0,0.9838565022421525,0.34184138559708294,0.0,K001+KI01+KA03
random_forest,raw,source_holdout,0.4895397489539749,0.4023445463812436,0.16981624278866855,0.5112502178124665,0.2887840323406839,,,,,,,K001+KI01+KA05
random_forest,raw,target_real,0.6502242152466368,0.5810202254111827,0.10361146272462012,0.4528258664956697,0.16812720611642593,0.14798206278026907,0.14545454545454545,0.04304932735426009,0.4304932735426009,0.12291666666666666,0.04663677130044843,K001+KI01+KA05
random_forest,temperature,target_real,0.6502242152466368,0.5810202254111827,0.09126359965640538,0.4515302837949804,0.17066653791712424,0.17309417040358743,0.12435233160621761,0.03139013452914798,0.484304932735426,0.13703703703703704,0.04304932735426009,K001+KI01+KA05
random_forest,isotonic,target_real,0.7434977578475336,0.7204498396242767,0.1380273270557768,0.46419043042687347,0.2575134980528067,0.6798206278026906,0.22295514511873352,0.0,0.9381165919282511,0.24282982791587,0.0,K001+KI01+KA05
svm,raw,source_holdout,0.3389121338912134,0.2435056682425906,0.4375782140083372,0.7553875460414972,0.38013774785269366,,,,,,,K001+KI01+KA05
svm,raw,target_real,0.5569506726457399,0.5242919040006023,0.19268123199240283,0.6113786616073733,0.32653997634560045,0.0017937219730941704,1.0,0.0,0.0017937219730941704,1.0,0.0,K001+KI01+KA05
svm,temperature,target_real,0.5569506726457399,0.5242919040006023,0.0911896652214839,0.5608253987604765,0.32666893112277384,0.0026905829596412557,1.0,0.0,0.0026905829596412557,1.0,0.0,K001+KI01+KA05
svm,isotonic,target_real,0.7004484304932735,0.6685393519666093,0.1429784349893762,0.5746945679256636,0.3693281116020207,0.5695067264573991,0.3700787401574803,0.0,0.5695067264573991,0.3700787401574803,0.0,K001+KI01+KA05
xgboost,raw,source_holdout,0.5899581589958159,0.5305111934936249,0.16957620347394103,0.47141880125016,0.17801241528935566,,,,,,,K001+KI01+KA05
xgboost,raw,target_real,0.6959641255605381,0.6626940676283475,0.17304383374650384,0.47767484668692245,0.13612992473568783,0.26547085201793724,0.013513513513513514,0.22242152466367712,0.3488789237668161,0.04627249357326478,0.3847533632286996,K001+KI01+KA05
xgboost,temperature,target_real,0.6959641255605381,0.6626940676283475,0.12001966614572696,0.4385843901473653,0.13502663012866453,0.27443946188340806,0.013071895424836602,0.2717488789237668,0.5049327354260089,0.14564831261101244,0.3865470852017937,K001+KI01+KA05
xgboost,isotonic,target_real,0.6717488789237668,0.6681518866829356,0.2202771000753746,0.5081323048270638,0.23913433965548858,0.5847533632286995,0.26226993865030673,0.0,0.9865470852017937,0.3209090909090909,0.0,K001+KI01+KA05
random_forest,raw,source_holdout,0.5791666666666667,0.47037717496133896,0.20087827517643853,0.40761177258227727,0.1254862067082447,,,,,,,K001+KI01+KA06
random_forest,raw,target_real,0.6251121076233184,0.5685796515397598,0.11358902764644578,0.47100898564121585,0.1759271880942849,0.16950672645739912,0.12169312169312169,0.04484304932735426,0.557847533632287,0.1607717041800643,0.0484304932735426,K001+KI01+KA06
random_forest,temperature,target_real,0.6251121076233184,0.5685796515397598,0.10015724956494822,0.46860404831323677,0.17611632023704296,0.17040358744394618,0.12105263157894737,0.04304932735426009,0.5596412556053811,0.16185897435897437,0.04663677130044843,K001+KI01+KA06
random_forest,isotonic,target_real,0.6206278026905829,0.6268378283972029,0.27598411658447597,0.5604930283382041,0.20934364354452262,0.989237668161435,0.37352674524025387,0.0,0.989237668161435,0.37352674524025387,0.0,K001+KI01+KA06
svm,raw,source_holdout,0.3416666666666667,0.23848238482384823,0.4175249161675434,0.6814331651858951,0.3386070235396372,,,,,,,K001+KI01+KA06
svm,raw,target_real,0.5964125560538116,0.5619290070837039,0.17632698192671276,0.6050057345087915,0.3143489310860708,0.0026905829596412557,0.3333333333333333,0.0008968609865470852,0.0026905829596412557,0.3333333333333333,0.0008968609865470852,K001+KI01+KA06
svm,temperature,target_real,0.5964125560538116,0.5619290070837039,0.04807958742728217,0.5511310278797477,0.3129422377908427,0.0053811659192825115,0.3333333333333333,0.0008968609865470852,0.0053811659192825115,0.3333333333333333,0.0008968609865470852,K001+KI01+KA06
svm,isotonic,target_real,0.6923766816143497,0.6675542698101372,0.10287880791523261,0.5501015918194777,0.30797611031458144,0.2726457399103139,0.32894736842105265,0.0,0.2726457399103139,0.32894736842105265,0.0,K001+KI01+KA06
xgboost,raw,source_holdout,0.6958333333333333,0.6616180182829693,0.09756747844318549,0.3983204542797766,0.1181756639170652,,,,,,,K001+KI01+KA06
xgboost,raw,target_real,0.662780269058296,0.634728922470858,0.24554919899846409,0.5632793537828127,0.1644524777422869,0.23497757847533632,0.019083969465648856,0.20448430493273542,0.5641255605381166,0.1987281399046105,0.34080717488789236,K001+KI01+KA06
xgboost,temperature,target_real,0.662780269058296,0.634728922470858,0.1682244180261047,0.48112025276493253,0.1604973350025828,0.273542600896861,0.01639344262295082,0.20896860986547086,0.5919282511210763,0.20909090909090908,0.36412556053811657,K001+KI01+KA06
xgboost,isotonic,target_real,0.6286995515695067,0.6317473125089931,0.3041896820227671,0.5970481192616001,0.21973390880454466,0.7067264573991031,0.2956852791878173,0.0,0.9955156950672646,0.37027027027027026,0.0,K001+KI01+KA06
random_forest,raw,source_holdout,0.5916666666666667,0.4730451594623199,0.17737113598148413,0.42116607838585146,0.11916676522241083,,,,,,,K001+KI01+KA07
random_forest,raw,target_real,0.6269058295964126,0.5687288952367682,0.12075953361925115,0.4850536714642259,0.18098696872242753,0.19013452914798207,0.10849056603773585,0.04394618834080718,0.5695067264573991,0.1700787401574803,0.0484304932735426,K001+KI01+KA07
random_forest,temperature,target_real,0.6269058295964126,0.5687288952367682,0.09387019318158805,0.47752209135914925,0.18357067446954115,0.18744394618834082,0.11483253588516747,0.04125560538116592,0.57847533632287,0.17364341085271318,0.04484304932735426,K001+KI01+KA07
random_forest,isotonic,target_real,0.6681614349775785,0.6681933810663576,0.23545234976265716,0.532724870729609,0.20401671239522579,0.8439461883408071,0.2614240170031881,0.0,0.9730941704035875,0.3225806451612903,0.0,K001+KI01+KA07
svm,raw,source_holdout,0.3333333333333333,0.2222222222222222,0.4448781004913509,0.7261955807899192,0.30189968470846884,,,,,,,K001+KI01+KA07
svm,raw,target_real,0.568609865470852,0.5336110061432358,0.1869929326853624,0.6153166017735878,0.3081654502450035,0.0026905829596412557,0.3333333333333333,0.0017937219730941704,0.0053811659192825115,0.3333333333333333,0.0017937219730941704,K001+KI01+KA07
svm,temperature,target_real,0.568609865470852,0.5336110061432358,0.0881004676283368,0.5668939275449918,0.30328470325245255,0.006278026905829596,0.2857142857142857,0.0008968609865470852,0.014349775784753363,0.125,0.0008968609865470852,K001+KI01+KA07
svm,isotonic,target_real,0.7013452914798206,0.6719278632165278,0.15481072420750822,0.5690631166993997,0.367652709533476,0.5094170403587444,0.38380281690140844,0.0,0.5094170403587444,0.38380281690140844,0.0,K001+KI01+KA07
xgboost,raw,source_holdout,0.75,0.6951258951258952,0.10317724595467254,0.3969383968402784,0.12180796735991568,,,,,,,K001+KI01+KA07
xgboost,raw,target_real,0.6403587443946188,0.6149147713088992,0.2621575329603101,0.6042140025202978,0.17710658272353524,0.0,,0.19820627802690582,0.557847533632287,0.2090032154340836,0.305829596412556,K001+KI01+KA07
xgboost,temperature,target_real,0.6403587443946188,0.6149147713088992,0.20873379493329386,0.5183722638767058,0.17387400013605545,0.29775784753363227,0.0391566265060241,0.20179372197309417,0.5838565022421525,0.22119815668202766,0.31569506726457397,K001+KI01+KA07
xgboost,isotonic,target_real,0.6403587443946188,0.6413149623830456,0.308117512694472,0.6273206540807211,0.22365476077112123,0.7892376681614349,0.3090909090909091,0.0,0.9928251121076234,0.3604336043360434,0.0,K001+KI01+KA07
random_forest,raw,source_holdout,0.5606694560669456,0.4474758957517578,0.20499020694735134,0.43371760610927973,0.1387784989895062,,,,,,,K001+KI01+KA08
random_forest,raw,target_real,0.6278026905829597,0.5672610537571745,0.11890906812120973,0.4762934944005602,0.17789899224757302,0.15067264573991032,0.14285714285714285,0.0484304932735426,0.5426008968609866,0.15537190082644628,0.053811659192825115,K001+KI01+KA08
random_forest,temperature,target_real,0.6278026905829597,0.5672610537571745,0.09915076542753509,0.4688597318515187,0.18036367292038383,0.15246636771300448,0.1411764705882353,0.04304932735426009,0.5524663677130045,0.15746753246753248,0.04663677130044843,K001+KI01+KA08
random_forest,isotonic,target_real,0.5910313901345291,0.5946918540604185,0.28486378082080027,0.5785218519043074,0.2743845637754614,0.9650224215246637,0.3903345724907063,0.0,0.9650224215246637,0.3903345724907063,0.0,K001+KI01+KA08
svm,raw,source_holdout,0.33472803347280333,0.22951896808105957,0.4436615450630413,0.7255779514273533,0.3049178413897715,,,,,,,K001+KI01+KA08
svm,raw,target_real,0.5704035874439461,0.5349740875777184,0.18574013355531835,0.6126422649080913,0.3047596536791407,0.0008968609865470852,0.0,0.0017937219730941704,0.006278026905829596,0.2857142857142857,0.0017937219730941704,K001+KI01+KA08
svm,temperature,target_real,0.5704035874439461,0.5349740875777184,0.10407388593995592,0.5687247078323403,0.3000054384442388,0.0008968609865470852,0.0,0.0008968609865470852,0.016143497757847534,0.1111111111111111,0.0008968609865470852,K001+KI01+KA08
svm,isotonic,target_real,0.7067264573991031,0.6779284014424832,0.13610212377092704,0.5657004450722757,0.3421096577086625,0.4914798206278027,0.3813868613138686,0.0008968609865470852,0.4914798206278027,0.3813868613138686,0.0008968609865470852,K001+KI01+KA08
xgboost,raw,source_holdout,0.6485355648535565,0.5871792068607086,0.16264434339611103,0.4445222850281692,0.13424211178969964,,,,,,,K001+KI01+KA08
xgboost,raw,target_real,0.6654708520179372,0.6329784351620483,0.24896884434960878,0.573497699595799,0.1664673699721313,0.2502242152466368,0.021505376344086023,0.19820627802690582,0.5345291479820627,0.18288590604026847,0.34080717488789236,K001+KI01+KA08
xgboost,temperature,target_real,0.6654708520179372,0.6329784351620483,0.15433008302144594,0.48207131357910576,0.16192109011172545,0.25829596412556055,0.017361111111111112,0.20269058295964126,0.5596412556053811,0.1891025641025641,0.3515695067264574,K001+KI01+KA08
xgboost,isotonic,target_real,0.6331838565022422,0.6369497990453306,0.2924339182193245,0.570121582568157,0.20299927531564557,0.7417040358744394,0.2660217654171705,0.0,0.9928251121076234,0.3640469738030714,0.0,K001+KI01+KA08
random_forest,raw,source_holdout,0.5815899581589958,0.46566164154103856,0.20959261707526664,0.4294851957860454,0.12749751824558192,,,,,,,K001+KI01+KA09
random_forest,raw,target_real,0.6269058295964126,0.5662140708282234,0.11433124274296017,0.4782432844658356,0.17595064561648452,0.1452914798206278,0.14814814814814814,0.04932735426008968,0.557847533632287,0.1639871382636656,0.05201793721973094,K001+KI01+KA09
random_forest,temperature,target_real,0.6269058295964126,0.5662140708282234,0.09883570496440545,0.4733316556684735,0.17628699199988257,0.1515695067264574,0.14201183431952663,0.04753363228699552,0.5704035874439461,0.16352201257861634,0.051121076233183856,K001+KI01+KA09
random_forest,isotonic,target_real,0.6807174887892377,0.6791212230451596,0.2376584409863324,0.5210601527376716,0.24638341603611105,0.9919282511210762,0.31645569620253167,0.0,0.9919282511210762,0.31645569620253167,0.0,K001+KI01+KA09
svm,raw,source_holdout,0.3305439330543933,0.22128851540616246,0.4348276279647545,0.7206449832531258,0.32067590917762917,,,,,,,K001+KI01+KA09
svm,raw,target_real,0.5704035874439461,0.5330723907937451,0.1884434671011359,0.6225434240114348,0.30241699126427735,0.004484304932735426,0.2,0.0017937219730941704,0.004484304932735426,0.2,0.0017937219730941704,K001+KI01+KA09
svm,temperature,target_real,0.5704035874439461,0.5330723907937451,0.08188872205524383,0.5591311039323384,0.2990647945441538,0.010762331838565023,0.16666666666666666,0.0017937219730941704,0.012556053811659192,0.14285714285714285,0.0017937219730941704,K001+KI01+KA09
svm,isotonic,target_real,0.695067264573991,0.6686943283775467,0.08203185326705387,0.5462073947026329,0.31197463325591757,0.24753363228699551,0.3188405797101449,0.0,0.31210762331838565,0.3103448275862069,0.0,K001+KI01+KA09
xgboost,raw,source_holdout,0.694560669456067,0.6505347653409409,0.13104786857900264,0.4301883590290796,0.1220675511337666,,,,,,,K001+KI01+KA09
xgboost,raw,target_real,0.6663677130044843,0.6343372267067046,0.22802008353006675,0.552573283859676,0.1589407217723637,0.23408071748878923,0.01532567049808429,0.19641255605381167,0.526457399103139,0.17206132879045996,0.34618834080717487,K001+KI01+KA09
xgboost,temperature,target_real,0.6663677130044843,0.6343372267067046,0.14875717475581152,0.4636170459496463,0.1549367893224111,0.2726457399103139,0.01644736842105263,0.20358744394618833,0.557847533632287,0.1832797427652733,0.37847533632286995,K001+KI01+KA09
xgboost,isotonic,target_real,0.6260089686098654,0.6292942009685113,0.30040507602249156,0.5754330317222462,0.20052519301411792,0.7650224215246637,0.2719812426729191,0.0,0.9946188340807175,0.37240757439134353,0.0,K001+KI01+KA09
random_forest,raw,source_holdout,0.44166666666666665,0.4144751047199551,0.13746429184959363,0.716008495578685,0.7049214712611267,,,,,,,K001+KI03+KA01
random_forest,raw,target_real,0.4798206278026906,0.458563859372401,0.25193292111472737,0.6297975622688373,0.3846833039360839,0.0,,0.0,0.0,,0.0,K001+KI03+KA01
random_forest,temperature,target_real,0.4798206278026906,0.458563859372401,0.18142215985596227,0.5859478781329271,0.37419647771755293,0.0,,0.0,0.0,,0.0,K001+KI03+KA01
random_forest,isotonic,target_real,0.5820627802690583,0.5818476092742668,0.11326647875250874,0.5811299743579154,0.21952454041615643,0.0,,0.0,0.4618834080717489,0.20194174757281552,0.0,K001+KI03+KA01
svm,raw,source_holdout,0.0125,0.02150537634408602,0.6651251990241951,1.2468918839751306,0.9989987575624573,,,,,,,K001+KI03+KA01
svm,raw,target_real,0.43318385650224217,0.4228809624811272,0.3720812476093781,0.8423309519905481,0.46126159063050143,0.0,,0.0008968609865470852,0.0,,0.0008968609865470852,K001+KI03+KA01
svm,temperature,target_real,0.43318385650224217,0.4228809624811272,0.06385621936840152,0.6404271363230704,0.4234826301721092,0.0,,0.0053811659192825115,0.0,,0.0053811659192825115,K001+KI03+KA01
svm,isotonic,target_real,0.40896860986547084,0.3472396182929187,0.059000908746563684,0.7159346319719136,0.3783140516748704,0.5291479820627802,0.6067796610169491,0.0,0.5291479820627802,0.6067796610169491,0.0,K001+KI03+KA01
xgboost,raw,source_holdout,0.5458333333333333,0.5032470140825899,0.25182294932504495,0.6173822374351396,0.458285178582994,,,,,,,K001+KI03+KA01
xgboost,raw,target_real,0.547085201793722,0.5208514403692616,0.32662962832792997,0.7291235192353824,0.3021176661860383,0.0,,0.07174887892376682,0.0,,0.09237668161434978,K001+KI03+KA01
xgboost,temperature,target_real,0.547085201793722,0.5208514403692616,0.14556295605497155,0.5681376142735082,0.2993038172859985,0.0,,0.07174887892376682,0.0,,0.09147982062780269,K001+KI03+KA01
xgboost,isotonic,target_real,0.6278026905829597,0.6244591973964443,0.16916360334840144,0.5471188282619961,0.20535921272719074,0.0,,0.0,0.46457399103139013,0.13706563706563707,0.17130044843049327,K001+KI03+KA01
random_forest,raw,source_holdout,0.4041666666666667,0.3661585726101855,0.26446380413234183,0.6829688982672107,0.5202265191412686,,,,,,,K001+KI03+KA03
random_forest,raw,target_real,0.5040358744394619,0.48041852281091546,0.24598578773432778,0.639268545856917,0.37480096161045534,0.0,,0.0017937219730941704,0.0,,0.0017937219730941704,K001+KI03+KA03
random_forest,temperature,target_real,0.5040358744394619,0.48041852281091546,0.17189071621142504,0.5765873664708215,0.3746835730262726,0.0,,0.0008968609865470852,0.0,,0.0008968609865470852,K001+KI03+KA03
random_forest,isotonic,target_real,0.6251121076233184,0.5683250650919898,0.13627411598411687,0.6113444190813507,0.33571946804803715,0.09596412556053811,0.018691588785046728,0.03228699551569507,0.09596412556053811,0.018691588785046728,0.09596412556053811,K001+KI03+KA03
svm,raw,source_holdout,0.37083333333333335,0.37045258354914296,0.33170050507278814,0.9045132280252756,0.7580311175405756,,,,,,,K001+KI03+KA03
svm,raw,target_real,0.45739910313901344,0.44945959799056207,0.33213784576043126,0.7645064249224179,0.37589305603118417,0.0,,0.0017937219730941704,0.0,,0.0017937219730941704,K001+KI03+KA03
svm,temperature,target_real,0.45739910313901344,0.44945959799056207,0.09034652015547179,0.6372248842420686,0.35328707403415943,0.0,,0.0017937219730941704,0.0,,0.0017937219730941704,K001+KI03+KA03
svm,isotonic,target_real,0.5174887892376682,0.5167814882302715,0.05650411537551361,0.7408431907192861,0.37770514110501346,0.2717488789237668,0.4884488448844885,0.0,0.2717488789237668,0.4884488448844885,0.0,K001+KI03+KA03
xgboost,raw,source_holdout,0.6666666666666666,0.6477315742388995,0.27190665590266383,0.581498181370103,0.22439785269925164,,,,,,,K001+KI03+KA03
xgboost,raw,target_real,0.5775784753363229,0.5605241938887994,0.3384870573811467,0.7353994881386116,0.28256035143164276,0.1273542600896861,0.1619718309859155,0.07174887892376682,0.30672645739910315,0.24561403508771928,0.08251121076233184,K001+KI03+KA03
xgboost,temperature,target_real,0.5775784753363229,0.5605241938887994,0.17966714542396994,0.5655823221095759,0.28119672340517854,0.14618834080717488,0.20245398773006135,0.07174887892376682,0.31031390134529147,0.24855491329479767,0.08251121076233184,K001+KI03+KA03
xgboost,isotonic,target_real,0.6197309417040359,0.6166137060184168,0.25490572700149444,0.5751404991692921,0.2406105476657769,0.2609865470852018,0.044673539518900345,0.0,0.6125560538116592,0.2518301610541728,0.2609865470852018,K001+KI03+KA03
random_forest,raw,source_holdout,0.3682008368200837,0.3595297727836819,0.295756230653737,0.6863000423205926,0.3837152279416442,,,,,,,K001+KI03+KA05
random_forest,raw,target_real,0.4968609865470852,0.472394622208647,0.2568488710980029,0.6408047077114384,0.3614516012625121,0.2367713004484305,0.3939393939393939,0.019730941704035873,0.3955156950672646,0.2834467120181406,0.019730941704035873,K001+KI03+KA05
random_forest,temperature,target_real,0.4968609865470852,0.472394622208647,0.13263060078426847,0.5645886134734482,0.3541921697905836,0.22511210762331837,0.38645418326693226,0.039461883408071746,0.3739910313901345,0.29256594724220625,0.039461883408071746,K001+KI03+KA05
random_forest,isotonic,target_real,0.5739910313901345,0.5740612266186277,0.1164832797690237,0.5794365431125241,0.22278300775895485,0.13273542600896862,0.0472972972972973,0.0,0.29955156950672646,0.06287425149700598,0.20986547085201793,K001+KI03+KA05
svm,raw,source_holdout,0.3514644351464435,0.27254689754689754,0.42869490720549974,0.9169359167896927,0.43353466828329834,,,,,,,K001+KI03+KA05
svm,raw,target_real,0.47713004484304933,0.4665573179599584,0.34585096688560246,0.7890310292753281,0.4301766973517503,0.0,,0.0,0.0,,0.0,K001+KI03+KA05
svm,temperature,target_real,0.47713004484304933,0.4665573179599584,0.12638846963190178,0.6026064086285089,0.36987098817180786,0.0,,0.0,0.0,,0.0,K001+KI03+KA05
svm,isotonic,target_real,0.5139013452914798,0.5031957973292666,0.19663636399762924,0.7254333578816611,0.44061683373724564,0.07443946188340807,0.6265060240963856,0.0,0.07443946188340807,0.6265060240963856,0.0,K001+KI03+KA05
xgboost,raw,source_holdout,0.6150627615062761,0.5919999327117582,0.16026368038923672,0.5542331187343785,0.23434542676217898,,,,,,,K001+KI03+KA05
xgboost,raw,target_real,0.5865470852017938,0.5644674666690168,0.27114158748511247,0.6660481085907315,0.24399089348618028,0.2896860986547085,0.17647058823529413,0.10134529147982063,0.3695067264573991,0.24514563106796117,0.11659192825112108,K001+KI03+KA05
xgboost,temperature,target_real,0.5865470852017938,0.5644674666690168,0.13969300486478867,0.5440017778381773,0.2494635089415572,0.23766816143497757,0.1660377358490566,0.10493273542600896,0.3704035874439462,0.23486682808716708,0.11210762331838565,K001+KI03+KA05
xgboost,isotonic,target_real,0.6529147982062781,0.6468595427284775,0.19493905068576634,0.53761492546611,0.2098134165761735,0.22331838565022422,0.024096385542168676,0.0,0.36591928251121075,0.25,0.22331838565022422,K001+KI03+KA05
random_forest,raw,source_holdout,0.42083333333333334,0.37405623535537624,0.2579057414195868,0.6196042979698811,0.2930212124920365,,,,,,,K001+KI03+KA06
random_forest,raw,target_real,0.4672645739910314,0.44773671180221486,0.2751586168093606,0.6440330296146811,0.3706825685977845,0.25650224215246636,0.33916083916083917,0.0017937219730941704,0.3991031390134529,0.29213483146067415,0.0017937219730941704,K001+KI03+KA06
random_forest,temperature,target_real,0.4672645739910314,0.44773671180221486,0.1733402919708054,0.5686259289541771,0.3738370022605279,0.26547085201793724,0.33783783783783783,0.0008968609865470852,0.3847533632286996,0.2937062937062937,0.0008968609865470852,K001+KI03+KA06
random_forest,isotonic,target_real,0.4968609865470852,0.49325138908738486,0.17839630075875212,0.6452058273457819,0.39546223644738526,0.20717488789237667,0.354978354978355,0.0,0.25829596412556055,0.4166666666666667,0.0,K001+KI03+KA06
svm,raw,source_holdout,0.3541666666666667,0.2676188743328481,0.4397048024716681,0.9138870470497374,0.3658544121552743,,,,,,,K001+KI03+KA06
svm,raw,target_real,0.47623318385650226,0.46885490371246535,0.35306152913300726,0.7994896060080467,0.4143154459257912,0.0,,0.004484304932735426,0.0,,0.004484304932735426,K001+KI03+KA06
svm,temperature,target_real,0.47623318385650226,0.46885490371246535,0.06841722116109634,0.5927481619588616,0.35928503488276997,0.0,,0.004484304932735426,0.0,,0.004484304932735426,K001+KI03+KA06
svm,isotonic,target_real,0.47713004484304933,0.44449762306530594,0.20819080110084207,0.7771880718643164,0.5176420660415897,0.14170403587443947,0.6518987341772152,0.0,0.14170403587443947,0.6518987341772152,0.0,K001+KI03+KA06
xgboost,raw,source_holdout,0.6333333333333333,0.6113845092105962,0.26000627912580965,0.6197824775587092,0.2142697909020603,,,,,,,K001+KI03+KA06
xgboost,raw,target_real,0.5659192825112107,0.5487871779458393,0.3499290079813901,0.762842357140586,0.28415730509818565,0.17219730941704037,0.234375,0.07533632286995516,0.36053811659192825,0.2562189054726368,0.09417040358744394,K001+KI03+KA06
xgboost,temperature,target_real,0.5659192825112107,0.5487871779458393,0.14761910388546373,0.5624014247870377,0.28188637943068734,0.16860986547085202,0.2393617021276596,0.07174887892376682,0.37668161434977576,0.2571428571428571,0.09237668161434978,K001+KI03+KA06
xgboost,isotonic,target_real,0.6035874439461884,0.6037064608376145,0.20577200087865186,0.5793135137551098,0.28175645578264247,0.32645739910313903,0.14560439560439561,0.0,0.46816143497757845,0.2681992337164751,0.0,K001+KI03+KA06
random_forest,raw,source_holdout,0.4166666666666667,0.36455919673397325,0.27492559337408606,0.6363363045904753,0.29606029209203016,,,,,,,K001+KI03+KA07
random_forest,raw,target_real,0.47533632286995514,0.45493027068526576,0.28257470570130244,0.6594515545246082,0.34995869971410526,0.3237668161434978,0.3074792243767313,0.03228699551569507,0.41973094170403585,0.2841880341880342,0.03228699551569507,K001+KI03+KA07
random_forest,temperature,target_real,0.47533632286995514,0.45493027068526576,0.18330615397686392,0.5710361294888604,0.3680145427226041,0.2484304932735426,0.36823104693140796,0.009865470852017937,0.40358744394618834,0.29777777777777775,0.009865470852017937,K001+KI03+KA07
random_forest,isotonic,target_real,0.5820627802690583,0.5140460480504669,0.1789325080094198,0.5927775971314285,0.3572077864329515,0.11390134529147983,0.5984251968503937,0.0,0.5605381165919282,0.2928,0.0,K001+KI03+KA07
svm,raw,source_holdout,0.3541666666666667,0.2639873916469661,0.45740412111586803,0.9350434451188127,0.3006879617117421,,,,,,,K001+KI03+KA07
svm,raw,target_real,0.473542600896861,0.46485400390961357,0.35788758089242023,0.8024566551614479,0.4114557837308732,0.0,,0.003587443946188341,0.017040358744394617,0.21052631578947367,0.003587443946188341,K001+KI03+KA07
svm,temperature,target_real,0.473542600896861,0.46485400390961357,0.09095434502668273,0.5949872637609701,0.35166436503374915,0.0,,0.003587443946188341,0.0484304932735426,0.09259259259259259,0.003587443946188341,K001+KI03+KA07
svm,isotonic,target_real,0.48161434977578477,0.4257238521610434,0.07110991112483427,0.8035857762092598,0.5571506916752923,0.011659192825112108,0.38461538461538464,0.004484304932735426,0.19461883408071748,0.4792626728110599,0.004484304932735426,K001+KI03+KA07
xgboost,raw,source_holdout,0.5625,0.5251777564196108,0.2699832773456971,0.639854183180289,0.3383420604490482,,,,,,,K001+KI03+KA07
xgboost,raw,target_real,0.5417040358744395,0.5192397484246941,0.351646771398895,0.7787484286624614,0.29584055905547924,0.0,,0.06905829596412556,0.0,,0.08968609865470852,K001+KI03+KA07
xgboost,temperature,target_real,0.5417040358744395,0.5192397484246941,0.13911384031175597,0.5735736961199059,0.29498596495886104,0.0,,0.06367713004484304,0.0,,0.07982062780269059,K001+KI03+KA07
xgboost,isotonic,target_real,0.6089686098654709,0.6059278608458937,0.1784367939905955,0.5599826876316573,0.2901096597876997,0.09147982062780269,0.5294117647058824,0.0,0.6152466367713004,0.26676384839650147,0.0,K001+KI03+KA07
random_forest,raw,source_holdout,0.42677824267782427,0.37747326203208553,0.2590417414240316,0.6225252406275394,0.2932335503481141,,,,,,,K001+KI03+KA08
random_forest,raw,target_real,0.48699551569506727,0.46529260197771727,0.2618356595698859,0.6445154143539986,0.3807414174813951,0.20538116591928252,0.3799126637554585,0.0,0.36591928251121075,0.2965686274509804,0.0,K001+KI03+KA08
random_forest,temperature,target_real,0.48699551569506727,0.46529260197771727,0.1625042125936014,0.5665306845323214,0.38398046792192225,0.19910313901345292,0.36936936936936937,0.0,0.34798206278026905,0.30927835051546393,0.0,K001+KI03+KA08
random_forest,isotonic,target_real,0.5345291479820627,0.5393419890659638,0.09765937565100796,0.6224612848102032,0.3246772104275035,0.20269058295964126,0.38495575221238937,0.0,0.4547085201793722,0.26232741617357,0.0,K001+KI03+KA08
svm,raw,source_holdout,0.3514644351464435,0.26307423303131455,0.46016426996386517,0.938802401767152,0.3036646332089659,,,,,,,K001+KI03+KA08
svm,raw,target_real,0.4744394618834081,0.46567266839662724,0.35657380620561374,0.8006121720364353,0.4109174955207787,0.0,,0.003587443946188341,0.017040358744394617,0.21052631578947367,0.003587443946188341,K001+KI03+KA08
svm,temperature,target_real,0.4744394618834081,0.46567266839662724,0.09980131988054709,0.5960047674875499,0.3504252186809167,0.0,,0.003587443946188341,0.0484304932735426,0.09259259259259259,0.003587443946188341,K001+KI03+KA08
svm,isotonic,target_real,0.4780269058295964,0.43038783878934006,0.06281770734833972,0.8125194583214306,0.640638140284911,0.0008968609865470852,0.0,0.003587443946188341,0.0008968609865470852,0.0,0.003587443946188341,K001+KI03+KA08
xgboost,raw,source_holdout,0.5606694560669456,0.5195670706389496,0.24717104060879314,0.6480173228385611,0.28294542954051266,,,,,,,K001+KI03+KA08
xgboost,raw,target_real,0.537219730941704,0.5149949036358539,0.3494545621722268,0.763800009338848,0.28869072438847093,0.0,,0.07892376681614349,0.0,,0.09596412556053811,K001+KI03+KA08
xgboost,temperature,target_real,0.537219730941704,0.5149949036358539,0.12543488910243344,0.5600928511587662,0.2869598254777525,0.0,,0.07892376681614349,0.3721973094170404,0.26265060240963856,0.09417040358744394,K001+KI03+KA08
xgboost,isotonic,target_real,0.6161434977578475,0.6130238657225281,0.18672097030181045,0.5511047983856956,0.2301551551978741,0.1757847533632287,0.09183673469387756,0.0,0.5748878923766816,0.23556942277691106,0.0,K001+KI03+KA08
random_forest,raw,source_holdout,0.4351464435146444,0.391986159941961,0.25477766949655695,0.6281164244531487,0.2909624834432534,,,,,,,K001+KI03+KA09
random_forest,raw,target_real,0.48789237668161434,0.4659693264638339,0.25818533310042713,0.648366292468534,0.3748913761625908,0.2852017937219731,0.3490566037735849,0.0,0.3417040358744395,0.30708661417322836,0.0,K001+KI03+KA09
random_forest,temperature,target_real,0.48789237668161434,0.4659693264638339,0.16791099541236304,0.5752827610574178,0.3811412637050892,0.25650224215246636,0.3741258741258741,0.0,0.3345291479820628,0.3109919571045576,0.0,K001+KI03+KA09
random_forest,isotonic,target_real,0.5506726457399103,0.5543611766030347,0.19735742244902782,0.5796732803064668,0.3168925122313773,0.19641255605381167,0.3287671232876712,0.0,0.3417040358744395,0.2099737532808399,0.0,K001+KI03+KA09
svm,raw,source_holdout,0.3514644351464435,0.26199226305609286,0.46724608938385664,0.9511571743183984,0.34684828043267546,,,,,,,K001+KI03+KA09
svm,raw,target_real,0.473542600896861,0.4651036025079109,0.3541321518431839,0.8057505363446288,0.4163549812057758,0.0,,0.004484304932735426,0.0,,0.004484304932735426,K001+KI03+KA09
svm,temperature,target_real,0.473542600896861,0.4651036025079109,0.08587952208126956,0.5973777921225167,0.35381446032599834,0.0,,0.004484304932735426,0.0,,0.004484304932735426,K001+KI03+KA09
svm,isotonic,target_real,0.46995515695067264,0.4301112970849614,0.18747867076475497,0.7666085350972595,0.4927071805144359,0.06636771300448431,0.5945945945945946,0.0,0.06636771300448431,0.5945945945945946,0.0,K001+KI03+KA09
xgboost,raw,source_holdout,0.602510460251046,0.571894647978325,0.2623336139333797,0.6183195763487073,0.2097859734916436,,,,,,,K001+KI03+KA09
xgboost,raw,target_real,0.5650224215246636,0.5446808548795489,0.340051680215271,0.7530021150248419,0.28344588700797585,0.15784753363228698,0.2215909090909091,0.07354260089686099,0.32825112107623317,0.25956284153005466,0.09147982062780269,K001+KI03+KA09
xgboost,temperature,target_real,0.5650224215246636,0.5446808548795489,0.1440971606352997,0.5609450534906264,0.28240063989392034,0.15067264573991032,0.21428571428571427,0.0726457399103139,0.34618834080717487,0.2538860103626943,0.09237668161434978,K001+KI03+KA09
xgboost,isotonic,target_real,0.6125560538116592,0.6111804772699965,0.21663945162964507,0.5695847105537734,0.261672066809338,0.31569506726457397,0.13636363636363635,0.0,0.39641255605381165,0.2647058823529412,0.0,K001+KI03+KA09
random_forest,raw,source_holdout,0.9083333333333333,0.9082042455536431,0.3683882386634419,0.3786184558091524,0.09942659786954818,,,,,,,K001+KI05+KA01
random_forest,raw,target_real,0.7551569506726458,0.740886467140886,0.11301980035477571,0.4251696560172309,0.17711101508811242,0.0,,0.003587443946188341,0.6448430493273543,0.18636995827538247,0.003587443946188341,K001+KI05+KA01
random_forest,temperature,target_real,0.7551569506726458,0.740886467140886,0.1800986451422611,0.4510578819018963,0.17205147512835156,0.0,,0.015246636771300448,0.0,,0.02242152466367713,K001+KI05+KA01
random_forest,isotonic,target_real,0.7551569506726458,0.7428687321819641,0.18121082962607377,0.44157288052629096,0.16065375303121623,0.5946188340807175,0.13122171945701358,0.0,0.9264573991031391,0.22362052274927396,0.0,K001+KI05+KA01
svm,raw,source_holdout,0.08333333333333333,0.05128205128205129,0.73341509720474,1.3929487048016507,0.9874409205942773,,,,,,,K001+KI05+KA01
svm,raw,target_real,0.6017937219730942,0.5387403320128277,0.2111368459846727,0.5973622406448067,0.21339156834990766,0.0,,0.02600896860986547,0.0,,0.21076233183856502,K001+KI05+KA01
svm,temperature,target_real,0.6017937219730942,0.5387403320128277,0.22566372595611622,0.6172934349088595,0.20081853711656927,0.0,,0.025112107623318385,0.0,,0.16502242152466368,K001+KI05+KA01
svm,isotonic,target_real,0.4,0.3417937957770439,0.1359637934547145,0.6747662814052553,0.39480610370194785,0.3596412556053812,0.42643391521197005,0.0,0.3596412556053812,0.42643391521197005,0.0,K001+KI05+KA01
xgboost,raw,source_holdout,0.6458333333333334,0.5427156053874903,0.21406176549692946,0.3652822204354758,0.0952558077091486,,,,,,,K001+KI05+KA01
xgboost,raw,target_real,0.62152466367713,0.566992917646684,0.23406996670859814,0.5574067695295766,0.16396254540858982,0.17668161434977578,0.015228426395939087,0.11210762331838565,0.7103139013452915,0.27525252525252525,0.2672645739910314,K001+KI05+KA01
xgboost,temperature,target_real,0.62152466367713,0.566992917646684,0.19308383557783826,0.5211700276698631,0.16249530116817712,0.18206278026905828,0.014778325123152709,0.11390134529147983,0.7076233183856502,0.27249683143219267,0.2726457399103139,K001+KI05+KA01
xgboost,isotonic,target_real,0.6591928251121076,0.6525510742440622,0.28072676723682694,0.599671367906761,0.20242452588337903,0.23766816143497757,0.06037735849056604,0.0,0.9452914798206278,0.32447817836812143,0.0,K001+KI05+KA01
random_forest,raw,source_holdout,0.7541666666666667,0.7494932615389377,0.17835139559348753,0.37714949127519903,0.1460421111377593,,,,,,,K001+KI05+KA03
random_forest,raw,target_real,0.694170403587444,0.661014338757626,0.07569311430171778,0.4239535789754229,0.16525975503729332,0.0,,0.006278026905829596,0.6690582959641256,0.17158176943699732,0.006278026905829596,K001+KI05+KA03
random_forest,temperature,target_real,0.694170403587444,0.661014338757626,0.180455487166447,0.4644915716516297,0.15861073306653883,0.0,,0.014349775784753363,0.6376681614349776,0.15471167369901548,0.014349775784753363,K001+KI05+KA03
random_forest,isotonic,target_real,0.7434977578475336,0.7244032721504524,0.1898718802461799,0.44206553021081446,0.1291206346755183,0.4672645739910314,0.07485604606525911,0.0,0.6977578475336322,0.17994858611825193,0.2717488789237668,K001+KI05+KA03
svm,raw,source_holdout,0.07083333333333333,0.050060518034374245,0.7868655848636249,1.4904770748640932,0.9920458351281733,,,,,,,K001+KI05+KA03
svm,raw,target_real,0.6358744394618834,0.5670194586665213,0.18143245635124475,0.5190653514824698,0.1553293820037989,0.0,,0.09417040358744394,0.0,,0.36053811659192825,K001+KI05+KA03
svm,temperature,target_real,0.6358744394618834,0.5670194586665213,0.2551293222693197,0.6037723214643613,0.13709086258417655,0.0,,0.05650224215246637,0.0,,0.3434977578475336,K001+KI05+KA03
svm,isotonic,target_real,0.5587443946188341,0.5353233132562911,0.1396185636505606,0.4756956247271598,0.23388314436259017,0.0,,0.0,0.0,,0.14708520179372198,K001+KI05+KA03
xgboost,raw,source_holdout,0.7041666666666667,0.679594644875494,0.1691976754615704,0.42188730497081856,0.14486976660912412,,,,,,,K001+KI05+KA03
xgboost,raw,target_real,0.6278026905829597,0.5872456615804549,0.267818183107761,0.5979102678645412,0.17258197636781503,0.2681614349775785,0.043478260869565216,0.2116591928251121,0.44573991031390137,0.14084507042253522,0.27623318385650225,K001+KI05+KA03
xgboost,temperature,target_real,0.6278026905829597,0.5872456615804549,0.18796630230483102,0.5212626530853802,0.17079425237429618,0.27982062780269057,0.05128205128205128,0.19461883408071748,0.45022421524663675,0.13745019920318724,0.2789237668161435,K001+KI05+KA03
xgboost,isotonic,target_real,0.6591928251121076,0.6524340320091876,0.2408690734071053,0.5748653996637453,0.170992400943115,0.3704035874439462,0.031476997578692496,0.0,0.6798206278026906,0.3113456464379947,0.3704035874439462,K001+KI05+KA03
random_forest,raw,source_holdout,0.8158995815899581,0.8185250983316519,0.18285790109369476,0.3201139668025637,0.07802390711629426,,,,,,,K001+KI05+KA05
random_forest,raw,target_real,0.7668161434977578,0.7406509036054997,0.09945469300613163,0.4165053242383749,0.1697616395114738,0.6089686098654709,0.17673048600883653,0.0053811659192825115,0.6968609865470852,0.1981981981981982,0.0053811659192825115,K001+KI05+KA05
random_forest,temperature,target_real,0.7668161434977578,0.7406509036054997,0.16504957241907975,0.4190465199970579,0.16058886822503535,0.06726457399103139,0.18666666666666668,0.007174887892376682,0.7183856502242153,0.2034956304619226,0.007174887892376682,K001+KI05+KA05
random_forest,isotonic,target_real,0.7865470852017937,0.7659328467738465,0.15282719355196908,0.39634654764376576,0.17837059324518448,0.6762331838565022,0.1724137931034483,0.0,0.7704035874439462,0.21303841676367868,0.0,K001+KI05+KA05
svm,raw,source_holdout,0.41841004184100417,0.411942711942712,0.4637707613821759,0.9521950063674173,0.4765288469179592,,,,,,,K001+KI05+KA05
svm,raw,target_real,0.6143497757847534,0.546230915562615,0.22206465639426823,0.5651060787500485,0.16764458521636547,0.0008968609865470852,0.0,0.0017937219730941704,0.0008968609865470852,0.0,0.3327354260089686,K001+KI05+KA05
svm,temperature,target_real,0.6143497757847534,0.546230915562615,0.19566473599820045,0.49818435034837366,0.157475523014248,0.0008968609865470852,0.0,0.0017937219730941704,0.0008968609865470852,0.0,0.3515695067264574,K001+KI05+KA05
svm,isotonic,target_real,0.5605381165919282,0.5601201910763791,0.09051449346873158,0.5442228287881583,0.20694384939974775,0.11031390134529148,0.016260162601626018,0.0,0.3327354260089686,0.1078167115902965,0.2699551569506726,K001+KI05+KA05
xgboost,raw,source_holdout,0.6861924686192469,0.6295401520282983,0.11517812691971846,0.28500978788252895,0.07707638654642178,,,,,,,K001+KI05+KA05
xgboost,raw,target_real,0.6520179372197309,0.5964993097703694,0.20196920029251025,0.5037121284355679,0.13891556821007034,0.4493273542600897,0.10379241516966067,0.3112107623318386,0.7497757847533633,0.24162679425837322,0.37130044843049326,K001+KI05+KA05
xgboost,temperature,target_real,0.6520179372197309,0.5964993097703694,0.177639105039324,0.4868285910251693,0.13841842859049092,0.4717488789237668,0.12167300380228137,0.3130044843049327,0.7524663677130045,0.2431466030989273,0.37668161434977576,K001+KI05+KA05
xgboost,isotonic,target_real,0.7022421524663677,0.6894126559108306,0.21935292157072397,0.5109395115968948,0.13929192064180337,0.6026905829596413,0.24851190476190477,0.0,0.9165919282511211,0.2710371819960861,0.39820627802690584,K001+KI05+KA05
random_forest,raw,source_holdout,0.8458333333333333,0.8426218448557875,0.16536913376147716,0.28006640961776935,0.05135874397952806,,,,,,,K001+KI05+KA06
random_forest,raw,target_real,0.7076233183856502,0.6857222216620155,0.09619042568977709,0.43857781442514854,0.16929919538762386,0.6206278026905829,0.18208092485549132,0.010762331838565023,0.705829596412556,0.21855146124523506,0.021524663677130046,K001+KI05+KA06
random_forest,temperature,target_real,0.7076233183856502,0.6857222216620155,0.17310016335172745,0.4812860177131669,0.16514026982392488,0.07892376681614349,0.14772727272727273,0.019730941704035873,0.7147982062780269,0.22961104140526975,0.03856502242152467,K001+KI05+KA06
random_forest,isotonic,target_real,0.7515695067264574,0.734964969561776,0.19008307627229243,0.44736779807641813,0.18635965746221253,0.5874439461883408,0.11297709923664122,0.0,0.9524663677130045,0.2278719397363465,0.0,K001+KI05+KA06
svm,raw,source_holdout,0.42916666666666664,0.41712204007285975,0.4777880320369022,0.9258149057196252,0.33549563258806864,,,,,,,K001+KI05+KA06
svm,raw,target_real,0.6071748878923767,0.5483074192751611,0.2295675222387379,0.5771397208722806,0.16666363473941279,0.0053811659192825115,0.0,0.04125560538116592,0.059192825112107626,0.015151515151515152,0.3452914798206278,K001+KI05+KA06
svm,temperature,target_real,0.6071748878923767,0.5483074192751611,0.19253266176069303,0.48482512064612365,0.15637604983000244,0.0053811659192825115,0.0,0.03766816143497758,0.10672645739910314,0.01680672268907563,0.31748878923766816,K001+KI05+KA06
svm,isotonic,target_real,0.5533632286995516,0.41333260042770287,0.22376910752854748,0.5247724855287196,0.20054792643346883,0.13721973094170403,0.032679738562091505,0.026905829596412557,0.2672645739910314,0.050335570469798654,0.27085201793721975,K001+KI05+KA06
xgboost,raw,source_holdout,0.8375,0.8260673113573086,0.1678388771911462,0.28470920870547495,0.05397713550515921,,,,,,,K001+KI05+KA06
xgboost,raw,target_real,0.6556053811659193,0.6212983300210837,0.25144604337589627,0.5702217939511817,0.16436888611459183,0.4834080717488789,0.137291280148423,0.10852017937219731,0.6645739910313901,0.26180836707152494,0.3515695067264574,K001+KI05+KA06
xgboost,temperature,target_real,0.6556053811659193,0.6212983300210837,0.1987836837687727,0.5071482086374461,0.16192153161383377,0.5094170403587444,0.15140845070422534,0.11121076233183856,0.7219730941704036,0.2981366459627329,0.3614349775784753,K001+KI05+KA06
xgboost,isotonic,target_real,0.6591928251121076,0.6539337408877964,0.2737992515686116,0.5814595858063449,0.16177667093198836,0.6663677130044843,0.27052489905787347,0.0,0.9847533632286996,0.33879781420765026,0.34618834080717487,K001+KI05+KA06
random_forest,raw,source_holdout,0.8041666666666667,0.7952480782669462,0.14955768469320183,0.29461468503893495,0.06392414422838708,,,,,,,K001+KI05+KA07
random_forest,raw,target_real,0.684304932735426,0.6578706039305373,0.10072170344188133,0.4557663077127382,0.18230469319941867,0.6376681614349776,0.19549929676511954,0.007174887892376682,0.7282511210762331,0.23275862068965517,0.007174887892376682,K001+KI05+KA07
random_forest,temperature,target_real,0.684304932735426,0.6578706039305373,0.19892047588038472,0.5069543657581972,0.17941899094393923,0.6197309417040359,0.19971056439942114,0.017937219730941704,0.7390134529147983,0.23907766990291263,0.03139013452914798,K001+KI05+KA07
random_forest,isotonic,target_real,0.7399103139013453,0.7214340016539492,0.18740363182655007,0.457638666817237,0.20631614232813536,0.6322869955156951,0.1475177304964539,0.0,0.9327354260089686,0.23461538461538461,0.0,K001+KI05+KA07
svm,raw,source_holdout,0.425,0.41391941391941395,0.48041317794366,0.9304821258615825,0.2922046806039777,,,,,,,K001+KI05+KA07
svm,raw,target_real,0.6071748878923767,0.5455158847981334,0.23046417690676735,0.5809172276675058,0.1655859484039964,0.0053811659192825115,0.0,0.03228699551569507,0.10852017937219731,0.01652892561983471,0.34977578475336324,K001+KI05+KA07
svm,temperature,target_real,0.6071748878923767,0.5455158847981334,0.2032308298019187,0.5049200380582533,0.15360416884530748,0.0053811659192825115,0.0,0.029596412556053813,0.15964125560538117,0.02247191011235955,0.3112107623318386,K001+KI05+KA07
svm,isotonic,target_real,0.5551569506726457,0.41394358109428503,0.1124947876273147,0.6069979857022408,0.3027702454734161,0.03139013452914798,0.0,0.11390134529147983,0.20448430493273542,0.04824561403508772,0.2062780269058296,K001+KI05+KA07
xgboost,raw,source_holdout,0.8166666666666667,0.8010774933851857,0.1394688926637173,0.2971256332250507,0.06293357755127528,,,,,,,K001+KI05+KA07
xgboost,raw,target_real,0.6502242152466368,0.6152469883431123,0.2661378651723733,0.5982343523803755,0.17454509653625733,0.5201793721973094,0.1724137931034483,0.10941704035874439,0.6690582959641256,0.27882037533512066,0.31569506726457397,K001+KI05+KA07
xgboost,temperature,target_real,0.6502242152466368,0.6152469883431123,0.21509380300008263,0.539566750466434,0.17265199253282704,0.537219730941704,0.18363939899833054,0.11390134529147983,0.6816143497757847,0.28157894736842104,0.32825112107623317,K001+KI05+KA07
xgboost,isotonic,target_real,0.6565022421524663,0.6520105981672203,0.24634218158894214,0.5677285001468234,0.17985926067568617,0.6269058295964126,0.2718168812589413,0.0,0.9650224215246637,0.34107806691449816,0.347085201793722,K001+KI05+KA07
random_forest,raw,source_holdout,0.803347280334728,0.7938945552983157,0.13970808324684078,0.28831883310531087,0.06422039937871574,,,,,,,K001+KI05+KA08
random_forest,raw,target_real,0.6869955156950672,0.6603425829622455,0.08657481318111886,0.4476668292722209,0.18151602109314055,0.6484304932735426,0.19778699861687413,0.010762331838565023,0.7452914798206278,0.24187725631768953,0.010762331838565023,K001+KI05+KA08
random_forest,temperature,target_real,0.6869955156950672,0.6603425829622455,0.18885654732550905,0.4933249165994495,0.17988908468432788,0.6224215246636772,0.18155619596541786,0.015246636771300448,0.7533632286995515,0.24642857142857144,0.01883408071748879,K001+KI05+KA08
random_forest,isotonic,target_real,0.7569506726457399,0.7387804796764884,0.17144870176776492,0.42579507292936924,0.18131691722768795,0.568609865470852,0.08517350157728706,0.0,0.9695067264573991,0.22849213691026826,0.0,K001+KI05+KA08
svm,raw,source_holdout,0.4225941422594142,0.41391941391941395,0.4810912474533108,0.931096525324732,0.2948988460359578,,,,,,,K001+KI05+KA08
svm,raw,target_real,0.6053811659192825,0.5443497086709973,0.23268317775474479,0.5808923665687137,0.16619655546499582,0.004484304932735426,0.0,0.034080717488789235,0.11569506726457399,0.015503875968992248,0.3452914798206278,K001+KI05+KA08
svm,temperature,target_real,0.6053811659192825,0.5443497086709973,0.20127119006956135,0.5091366490664005,0.15471303503178474,0.004484304932735426,0.0,0.03139013452914798,0.16143497757847533,0.022222222222222223,0.3237668161434978,K001+KI05+KA08
svm,isotonic,target_real,0.420627802690583,0.38582387429786086,0.15340430692509233,0.6416819426461583,0.3083884106588537,0.021524663677130046,0.0,0.10672645739910314,0.021524663677130046,0.0,0.13721973094170403,K001+KI05+KA08
xgboost,raw,source_holdout,0.8117154811715481,0.7941060141920975,0.1465151677819974,0.31091700437052133,0.059402348711607045,,,,,,,K001+KI05+KA08
xgboost,raw,target_real,0.6520179372197309,0.6129480837688485,0.23922618956309258,0.5715295117258435,0.15934341427644816,0.48878923766816146,0.13761467889908258,0.19910313901345292,0.6600896860986547,0.25271739130434784,0.34080717488789236,K001+KI05+KA08
xgboost,temperature,target_real,0.6520179372197309,0.6129480837688485,0.1728217570949752,0.4992918359013932,0.156972832584509,0.49865470852017935,0.13848920863309352,0.2,0.6789237668161435,0.2628797886393659,0.3434977578475336,K001+KI05+KA08
xgboost,isotonic,target_real,0.6672645739910313,0.6602717336146036,0.2534575652473668,0.5559610095461524,0.15801273414990022,0.7865470852017937,0.2576966932725199,0.0,0.9973094170403587,0.33363309352517984,0.0,K001+KI05+KA08
random_forest,raw,source_holdout,0.803347280334728,0.7956975349396672,0.15422939202969102,0.3027778432453109,0.07512477467904882,,,,,,,K001+KI05+KA09
random_forest,raw,target_real,0.6896860986547085,0.6638582050863581,0.07543776821653012,0.4419307717110371,0.18501527207863536,0.05829596412556054,0.2153846153846154,0.006278026905829596,0.6278026905829597,0.17857142857142858,0.006278026905829596,K001+KI05+KA09
random_forest,temperature,target_real,0.6896860986547085,0.6638582050863581,0.17248200689301463,0.47730056417603,0.18138441987078366,0.03497757847533632,0.2564102564102564,0.007174887892376682,0.6439461883408072,0.18662952646239556,0.007174887892376682,K001+KI05+KA09
random_forest,isotonic,target_real,0.758744394618834,0.7402366925265166,0.16999075387326518,0.43269852858192026,0.20996461980238434,0.7112107623318386,0.17654476670870115,0.0,0.9219730941704036,0.2130350194552529,0.0,K001+KI05+KA09
svm,raw,source_holdout,0.42677824267782427,0.41712204007285975,0.4752729063659381,0.920521528712875,0.31925747698416673,,,,,,,K001+KI05+KA09
svm,raw,target_real,0.6044843049327354,0.5432198416286543,0.2274591634575531,0.5801978888534436,0.16354534894100578,0.0053811659192825115,0.0,0.10044843049327354,0.08699551569506726,0.010309278350515464,0.3515695067264574,K001+KI05+KA09
svm,temperature,target_real,0.6044843049327354,0.5432198416286543,0.21580198566949124,0.49574399461718005,0.15227889211546947,0.0053811659192825115,0.0,0.04125560538116592,0.1336322869955157,0.013422818791946308,0.3515695067264574,K001+KI05+KA09
svm,isotonic,target_real,0.5587443946188341,0.4168927934947118,0.17006849615043243,0.5340400175343692,0.21262264346952092,0.13273542600896862,0.04054054054054054,0.01883408071748879,0.13273542600896862,0.04054054054054054,0.13273542600896862,K001+KI05+KA09
xgboost,raw,source_holdout,0.8200836820083682,0.8029039275338444,0.15172618689896172,0.3013930621269612,0.05742576949122808,,,,,,,K001+KI05+KA09
xgboost,raw,target_real,0.6717488789237668,0.6280134318379907,0.2044456132591573,0.5230635993377142,0.1429868492765885,0.40179372197309415,0.060267857142857144,0.13273542600896862,0.6448430493273543,0.22531293463143254,0.3865470852017937,K001+KI05+KA09
xgboost,temperature,target_real,0.6717488789237668,0.6280134318379907,0.1281362081260196,0.46121389873150337,0.14113310699321185,0.4062780269058296,0.059602649006622516,0.13542600896860987,0.6816143497757847,0.23684210526315788,0.39103139013452914,K001+KI05+KA09
xgboost,isotonic,target_real,0.6780269058295965,0.6675925283750305,0.23394800355011655,0.5340526115171799,0.15865661229128808,0.7569506726457399,0.24052132701421802,0.0,0.9883408071748879,0.3194192377495463,0.0,K001+KI05+KA09
random_forest,raw,source_holdout,0.5606694560669456,0.46942789756784215,0.10855789325015727,0.4278288777910706,0.18712488745001327,,,,,,,K001+KI07+KA01
random_forest,raw,target_real,0.6358744394618834,0.5864067504804202,0.11415572000563833,0.46089717656562124,0.18416818732360377,0.19910313901345292,0.1036036036036036,0.026905829596412557,0.5721973094170404,0.16300940438871472,0.04035874439461883,K001+KI07+KA01
random_forest,temperature,target_real,0.6358744394618834,0.5864067504804202,0.12219546667988301,0.4663236039155874,0.18394879248667273,0.19192825112107623,0.10747663551401869,0.03228699551569507,0.5542600896860986,0.1650485436893204,0.045739910313901344,K001+KI07+KA01
random_forest,isotonic,target_real,0.6905829596412556,0.6874871138726725,0.2718590778008796,0.561212602311946,0.17975178195214614,0.885201793721973,0.2684903748733536,0.0,0.9417040358744395,0.2866666666666667,0.0,K001+KI07+KA01
svm,raw,source_holdout,0.3514644351464435,0.20747979703063335,0.546231907582064,0.9979463508101756,0.3356719146082014,,,,,,,K001+KI07+KA01
svm,raw,target_real,0.6161434977578475,0.5694584659125616,0.1893186599846021,0.5727099998907527,0.21401926147559625,0.0017937219730941704,0.0,0.011659192825112108,0.05291479820627803,0.0847457627118644,0.025112107623318385,K001+KI07+KA01
svm,temperature,target_real,0.6161434977578475,0.5694584659125616,0.14602304346902376,0.5236456296600437,0.20157219933355042,0.0026905829596412557,0.0,0.016143497757847534,0.08699551569506726,0.05154639175257732,0.08520179372197309,K001+KI07+KA01
svm,isotonic,target_real,0.6152466367713004,0.6167841941426847,0.2792626475799377,0.6689421226513247,0.35924610242545524,0.17130044843049327,0.5287958115183246,0.0,0.6618834080717488,0.4173441734417344,0.0,K001+KI07+KA01
xgboost,raw,source_holdout,0.7280334728033473,0.6687937333474947,0.11381508827708255,0.32726376455505124,0.07665573247734261,,,,,,,K001+KI07+KA01
xgboost,raw,target_real,0.6358744394618834,0.6028117685383126,0.2228811241318826,0.5482594691212607,0.17569472086158971,0.20717488789237667,0.03463203463203463,0.18206278026905828,0.6591928251121076,0.2530612244897959,0.22780269058295965,K001+KI07+KA01
xgboost,temperature,target_real,0.6358744394618834,0.6028117685383126,0.1804250768735146,0.5097657952937872,0.17407029900544815,0.25650224215246636,0.06993006993006994,0.18834080717488788,0.6762331838565022,0.25862068965517243,0.23139013452914797,K001+KI07+KA01
xgboost,isotonic,target_real,0.6286995515695067,0.6298209558381452,0.33697500876297665,0.712196076230577,0.29668111758997034,0.9219730941704036,0.35700389105058367,0.0,0.9865470852017937,0.37,0.0,K001+KI07+KA01
random_forest,raw,source_holdout,0.6359832635983264,0.5208061476927887,0.16802005518899837,0.36854006561395997,0.09805536321519658,,,,,,,K001+KI07+KA03
random_forest,raw,target_real,0.6403587443946188,0.5809239743053802,0.11412654686536883,0.45559995546198756,0.17527266487781357,0.3094170403587444,0.1072463768115942,0.0242152466367713,0.6358744394618834,0.16784203102961917,0.026905829596412557,K001+KI07+KA03
random_forest,temperature,target_real,0.6403587443946188,0.5809239743053802,0.12063037562047285,0.457942774259572,0.17409544218398532,0.19641255605381167,0.1050228310502283,0.0242152466367713,0.6412556053811659,0.16783216783216784,0.02780269058295964,K001+KI07+KA03
random_forest,isotonic,target_real,0.6618834080717488,0.663236781249061,0.23414620801366398,0.562470405126515,0.2350952327737799,0.8591928251121076,0.2860125260960334,0.0,0.9721973094170404,0.33302583025830257,0.0,K001+KI07+KA03
svm,raw,source_holdout,0.38493723849372385,0.26786457004244285,0.5292325546437497,0.9978186249649974,0.35635709865236104,,,,,,,K001+KI07+KA03
svm,raw,target_real,0.6278026905829597,0.5657833729424699,0.17795651398078144,0.5189756309441679,0.16500124837134061,0.0,,0.08161434977578476,0.06636771300448431,0.0,0.31928251121076234,K001+KI07+KA03
svm,temperature,target_real,0.6278026905829597,0.5657833729424699,0.1422396740648649,0.49114783092741604,0.15321564568204593,0.0,,0.08430493273542601,0.08430493273542601,0.0,0.35874439461883406,K001+KI07+KA03
svm,isotonic,target_real,0.5605381165919282,0.5615492267568628,0.17144064792453068,0.5239197043678452,0.23850067050514395,0.02600896860986547,0.0,0.026905829596412557,0.2852017937219731,0.18553459119496854,0.12197309417040358,K001+KI07+KA03
xgboost,raw,source_holdout,0.7280334728033473,0.702321512684207,0.1350006214245593,0.40102489588490203,0.09902436823937742,,,,,,,K001+KI07+KA03
xgboost,raw,target_real,0.6412556053811659,0.6140140547093099,0.2696007502185924,0.5964563374060526,0.17990539017052745,0.33901345291479823,0.10317460317460317,0.13632286995515694,0.6224215246636772,0.2377521613832853,0.23766816143497757,K001+KI07+KA03
xgboost,temperature,target_real,0.6412556053811659,0.6140140547093099,0.18674976238311194,0.5022990091092883,0.17666161665302493,0.35695067264573993,0.09798994974874371,0.14618834080717488,0.6197309417040359,0.23299565846599132,0.2609865470852018,K001+KI07+KA03
xgboost,isotonic,target_real,0.6403587443946188,0.642026508613763,0.26862304569475104,0.6668166864862384,0.26605507883832086,0.7739910313901345,0.3638470451911935,0.0,0.9928251121076234,0.35772357723577236,0.0,K001+KI07+KA03
random_forest,raw,source_holdout,0.6260504201680672,0.5264244762655218,0.18203640312405683,0.32799931230580887,0.093199790804622,,,,,,,K001+KI07+KA05
random_forest,raw,target_real,0.6556053811659193,0.5873594826927474,0.09249807000842654,0.452387338843702,0.17531788256071115,0.3076233183856502,0.07580174927113703,0.02062780269058296,0.6170403587443947,0.17587209302325582,0.026905829596412557,K001+KI07+KA05
random_forest,temperature,target_real,0.6556053811659193,0.5873594826927474,0.08854699527228156,0.4520895516701759,0.17557071872350682,0.3076233183856502,0.07580174927113703,0.02062780269058296,0.6179372197309417,0.17706821480406387,0.025112107623318385,K001+KI07+KA05
random_forest,isotonic,target_real,0.6708520179372197,0.6678324849823639,0.2685259276873694,0.6124246484731554,0.21192345096938328,0.8582959641255605,0.29153605015673983,0.0,0.9964125560538116,0.32673267326732675,0.0,K001+KI07+KA05
svm,raw,source_holdout,0.7058823529411765,0.6427904237156667,0.1934602305228822,0.44235677375122956,0.12868694910443873,,,,,,,K001+KI07+KA05
svm,raw,target_real,0.6511210762331838,0.6067695923942501,0.17842461865051346,0.512415336506139,0.16184866543631005,0.0008968609865470852,0.0,0.0017937219730941704,0.08071748878923767,0.07777777777777778,0.3076233183856502,K001+KI07+KA05
svm,temperature,target_real,0.6511210762331838,0.6067695923942501,0.1101960126807124,0.44850846132319233,0.15517805510859267,0.0008968609865470852,0.0,0.0017937219730941704,0.10941704035874439,0.04918032786885246,0.3381165919282511,K001+KI07+KA05
svm,isotonic,target_real,0.6448430493273543,0.6416829113073836,0.2079029493522653,0.5828014315698254,0.32419624185881857,0.3883408071748879,0.3371824480369515,0.0,0.7399103139013453,0.30424242424242426,0.0,K001+KI07+KA05
xgboost,raw,source_holdout,0.7352941176470589,0.6865401987353207,0.10397448484637153,0.272231949943131,0.056019089131892824,,,,,,,K001+KI07+KA05
xgboost,raw,target_real,0.6690582959641256,0.6314186896414152,0.1917781390684068,0.5044351222900434,0.1406932220461414,0.37847533632286995,0.04739336492890995,0.29955156950672646,0.7390134529147983,0.2524271844660194,0.3883408071748879,K001+KI07+KA05
xgboost,temperature,target_real,0.6690582959641256,0.6314186896414152,0.14397081117802174,0.46963209869581884,0.13986785124132306,0.3721973094170404,0.04096385542168675,0.3040358744394619,0.7497757847533633,0.2535885167464115,0.3829596412556054,K001+KI07+KA05
xgboost,isotonic,target_real,0.6322869955156951,0.6376757090156532,0.3322664257029302,0.7094882720986686,0.26119865127184466,0.9363228699551569,0.35823754789272033,0.0,0.9865470852017937,0.3609090909090909,0.0,K001+KI07+KA05
random_forest,raw,source_holdout,0.6652719665271967,0.5368674535341201,0.1661957188412273,0.2932979630528831,0.06489562264016181,,,,,,,K001+KI07+KA06
random_forest,raw,target_real,0.6206278026905829,0.5645573504000703,0.12314188563065159,0.4761736984062222,0.18294436052388227,0.36233183856502243,0.12376237623762376,0.026905829596412557,0.7614349775784753,0.24734982332155478,0.028699551569506727,K001+KI07+KA06
random_forest,temperature,target_real,0.6206278026905829,0.5645573504000703,0.09767453309770258,0.4699198711555211,0.1838854213932898,0.3704035874439462,0.12832929782082325,0.017040358744394617,0.7739910313901345,0.253765932792584,0.02780269058295964,K001+KI07+KA06
random_forest,isotonic,target_real,0.6457399103139013,0.6470262384689913,0.29670143112840675,0.6127145211186587,0.19570918981747615,0.9121076233183857,0.31170108161258603,0.0,0.9201793721973094,0.3157894736842105,0.0,K001+KI07+KA06
svm,raw,source_holdout,0.6903765690376569,0.6068564554931837,0.2234186298207964,0.44044410252520827,0.09958509373752329,,,,,,,K001+KI07+KA06
svm,raw,target_real,0.6385650224215247,0.6029424377370939,0.19304589845403902,0.5272688828107341,0.15976433850816765,0.008071748878923767,0.0,0.015246636771300448,0.13991031390134528,0.04487179487179487,0.21973094170403587,K001+KI07+KA06
svm,temperature,target_real,0.6385650224215247,0.6029424377370939,0.10878665577603636,0.44871878330912984,0.15517900021761197,0.008071748878923767,0.0,0.017937219730941704,0.17668161434977578,0.04060913705583756,0.2538116591928251,K001+KI07+KA06
svm,isotonic,target_real,0.6789237668161435,0.6748889398328032,0.24211668076491585,0.5875059597069845,0.2908763392040442,0.3955156950672646,0.31746031746031744,0.0,0.7452914798206278,0.2815884476534296,0.0,K001+KI07+KA06
xgboost,raw,source_holdout,0.7824267782426778,0.7458097414852909,0.12298695612153249,0.32838813766444225,0.0513181096228464,,,,,,,K001+KI07+KA06
xgboost,raw,target_real,0.6376681614349776,0.6083178445683545,0.2641928699786352,0.5998576436279566,0.16954810641066326,0.3919282511210762,0.08695652173913043,0.21255605381165918,0.6340807174887892,0.23903818953323905,0.3434977578475336,K001+KI07+KA06
xgboost,temperature,target_real,0.6376681614349776,0.6083178445683545,0.18064614961370068,0.4899746661098476,0.16641986833736552,0.39820627802690584,0.07882882882882883,0.21434977578475337,0.6591928251121076,0.2571428571428571,0.3614349775784753,K001+KI07+KA06
xgboost,isotonic,target_real,0.6089686098654709,0.615151810604143,0.35553460112444346,0.7508351194741163,0.26601985225901986,0.9721973094170404,0.3763837638376384,0.0,0.9721973094170404,0.3763837638376384,0.0,K001+KI07+KA06
random_forest,raw,source_holdout,0.6652719665271967,0.5364002202736476,0.17560787682437512,0.3028321546061662,0.06524537580952428,,,,,,,K001+KI07+KA07
random_forest,raw,target_real,0.6170403587443947,0.5613806972833342,0.13390878715985513,0.48947741949664714,0.19855401282557048,0.39103139013452914,0.15825688073394495,0.030493273542600896,0.7748878923766817,0.25810185185185186,0.03587443946188341,K001+KI07+KA07
random_forest,temperature,target_real,0.6170403587443947,0.5613806972833342,0.12961212008178583,0.4844716726620265,0.19965898869800525,0.3955156950672646,0.16326530612244897,0.02600896860986547,0.7811659192825112,0.25947187141216993,0.029596412556053813,K001+KI07+KA07
random_forest,isotonic,target_real,0.6484304932735426,0.6488261177092832,0.296828245793077,0.614345204584927,0.20395352667516575,0.947085201793722,0.32954545454545453,0.0,0.97847533632287,0.3373052245646196,0.0,K001+KI07+KA07
svm,raw,source_holdout,0.6861924686192469,0.5985862156021207,0.2341692507127775,0.45257185602990546,0.07528571417269145,,,,,,,K001+KI07+KA07
svm,raw,target_real,0.6313901345291479,0.5883971246286325,0.19875754940930115,0.5332052521587157,0.15914673141672214,0.007174887892376682,0.0,0.01883408071748879,0.17937219730941703,0.035,0.2179372197309417,K001+KI07+KA07
svm,temperature,target_real,0.6313901345291479,0.5883971246286325,0.1415735435714403,0.4561409364286828,0.15153014932475034,0.007174887892376682,0.0,0.023318385650224215,0.24484304932735426,0.04395604395604396,0.2825112107623318,K001+KI07+KA07
svm,isotonic,target_real,0.5919282511210763,0.5941605852800843,0.2475786254852876,0.6559114510506917,0.33239231211517095,0.2807174887892377,0.48562300319488816,0.0,0.8376681614349776,0.3533190578158458,0.0,K001+KI07+KA07
xgboost,raw,source_holdout,0.7740585774058577,0.7334418398989987,0.11925027934078394,0.3347910694152224,0.053337750952778214,,,,,,,K001+KI07+KA07
xgboost,raw,target_real,0.6385650224215247,0.6092552975558863,0.28404446067831446,0.6191848609198638,0.17797201252208886,0.3883408071748879,0.11316397228637413,0.20269058295964126,0.6295964125560538,0.24786324786324787,0.27533632286995513,K001+KI07+KA07
xgboost,temperature,target_real,0.6385650224215247,0.6092552975558863,0.2025937291760863,0.5162557082342651,0.17478030631158492,0.39461883408071746,0.10454545454545454,0.20358744394618833,0.6520179372197309,0.2613480055020633,0.30134529147982064,K001+KI07+KA07
xgboost,isotonic,target_real,0.6170403587443947,0.621438801311066,0.35494677753656917,0.736342532879515,0.26516308017909734,0.8798206278026905,0.36799184505606525,0.0,0.9919282511210762,0.3806509945750452,0.0,K001+KI07+KA07
random_forest,raw,source_holdout,0.6680672268907563,0.5453124306098723,0.16417611118510275,0.2905945019027496,0.06534552526728019,,,,,,,K001+KI07+KA08
random_forest,raw,target_real,0.6206278026905829,0.5620187986937504,0.13115950501655504,0.4786950535241825,0.19372732993934394,0.3112107623318386,0.1585014409221902,0.03497757847533632,0.7345291479820628,0.22832722832722832,0.036771300448430494,K001+KI07+KA08
random_forest,temperature,target_real,0.6206278026905829,0.5620187986937504,0.10158976821863726,0.47263971939343746,0.19367815976653727,0.31928251121076234,0.1544943820224719,0.03228699551569507,0.7524663677130045,0.23837902264600716,0.036771300448430494,K001+KI07+KA08
random_forest,isotonic,target_real,0.6466367713004484,0.6486815009963559,0.279913847677788,0.6235160195355413,0.2617820106588039,0.884304932735426,0.3225152129817444,0.0,0.9282511210762332,0.3169082125603865,0.0,K001+KI07+KA08
svm,raw,source_holdout,0.6848739495798319,0.5985862156021207,0.23450735697463515,0.4526198299021748,0.07596019915225904,,,,,,,K001+KI07+KA08
svm,raw,target_real,0.6313901345291479,0.5883971246286325,0.19874761711603345,0.5319497117878764,0.15861783100369353,0.007174887892376682,0.0,0.01883408071748879,0.17757847533632287,0.03535353535353535,0.21973094170403587,K001+KI07+KA08
svm,temperature,target_real,0.6313901345291479,0.5883971246286325,0.14222850613739746,0.45640424838896754,0.1509950930757755,0.007174887892376682,0.0,0.02242152466367713,0.2538116591928251,0.045936395759717315,0.28878923766816145,K001+KI07+KA08
svm,isotonic,target_real,0.5569506726457399,0.5581339470538683,0.2770811061066123,0.657082578476074,0.3332914202586517,0.27982062780269057,0.483974358974359,0.0,0.8645739910313901,0.36721991701244816,0.0,K001+KI07+KA08
xgboost,raw,source_holdout,0.7436974789915967,0.6868419601066114,0.12495033029748612,0.34349383224502295,0.05655465271082484,,,,,,,K001+KI07+KA08
xgboost,raw,target_real,0.6502242152466368,0.6156052043471507,0.25734249583274266,0.5905108925043431,0.1666870749960475,0.37130044843049326,0.07729468599033816,0.20807174887892377,0.662780269058296,0.2571041948579161,0.3237668161434978,K001+KI07+KA08
xgboost,temperature,target_real,0.6502242152466368,0.6156052043471507,0.1676697092359523,0.48966752558512405,0.16288183858793703,0.3874439461883408,0.0787037037037037,0.2116591928251121,0.6995515695067265,0.2705128205128205,0.3345291479820628,K001+KI07+KA08
xgboost,isotonic,target_real,0.6152466367713004,0.6199925555862896,0.3483366021868392,0.7142057678659449,0.21640444993464286,0.9614349775784753,0.3675373134328358,0.0,0.9865470852017937,0.37727272727272726,0.0,K001+KI07+KA08
random_forest,raw,source_holdout,0.6722689075630253,0.5544975673863812,0.161527761820784,0.2885022554110692,0.06596206047959094,,,,,,,K001+KI07+KA09
random_forest,raw,target_real,0.6286995515695067,0.5697759840850835,0.11251406594586451,0.4739680373911089,0.18188112487296357,0.3506726457399103,0.1278772378516624,0.03497757847533632,0.7713004484304933,0.25,0.036771300448430494,K001+KI07+KA09
random_forest,temperature,target_real,0.6286995515695067,0.5697759840850835,0.1120697821110061,0.4738778939407652,0.18187935693926413,0.3506726457399103,0.1278772378516624,0.03497757847533632,0.7713004484304933,0.25,0.036771300448430494,K001+KI07+KA09
random_forest,isotonic,target_real,0.6573991031390135,0.65772904307373,0.2675982893019404,0.5864254741493822,0.24723006490610575,0.8869955156950673,0.2861476238624874,0.0,0.9865470852017937,0.3336363636363636,0.0,K001+KI07+KA09
svm,raw,source_holdout,0.6848739495798319,0.5985862156021207,0.24279352860867687,0.4656937559778016,0.09448739592223393,,,,,,,K001+KI07+KA09
svm,raw,target_real,0.6251121076233184,0.5792440586119699,0.2024683714966892,0.5365913975026403,0.1587288351682996,0.0053811659192825115,0.0,0.051121076233183856,0.12286995515695068,0.043795620437956206,0.21973094170403587,K001+KI07+KA09
svm,temperature,target_real,0.6251121076233184,0.5792440586119699,0.11767382412903511,0.4519868727271098,0.15044871897415285,0.0053811659192825115,0.0,0.04304932735426009,0.17488789237668162,0.041025641025641026,0.2905829596412556,K001+KI07+KA09
svm,isotonic,target_real,0.6681614349775785,0.66472037414664,0.21779142982668387,0.5899351732992949,0.30262647502065154,0.23228699551569507,0.4980694980694981,0.0,0.7452914798206278,0.2888086642599278,0.0,K001+KI07+KA09
xgboost,raw,source_holdout,0.7352941176470589,0.6728768930832855,0.13570343483896818,0.34791624170772206,0.05750718824203837,,,,,,,K001+KI07+KA09
xgboost,raw,target_real,0.6511210762331838,0.6141888083603925,0.24493057642282395,0.5809415054681814,0.16148264670115478,0.35515695067264574,0.05303030303030303,0.2771300448430493,0.6278026905829597,0.22857142857142856,0.3515695067264574,K001+KI07+KA09
xgboost,temperature,target_real,0.6511210762331838,0.6141888083603925,0.16347384511992236,0.4769302712481272,0.15793033026353026,0.41614349775784754,0.07758620689655173,0.2896860986547085,0.662780269058296,0.2516914749661705,0.368609865470852,K001+KI07+KA09
xgboost,isotonic,target_real,0.6206278026905829,0.6260374214193846,0.33947038243994465,0.7230436712321883,0.2250220881402781,0.968609865470852,0.3685185185185185,0.0,0.9901345291479821,0.37318840579710144,0.0,K001+KI07+KA09
random_forest,raw,source_holdout,0.680672268907563,0.5972373364485691,0.16278400119782965,0.4059028083094257,0.10922660080752411,,,,,,,K001+KI08+KA01
random_forest,raw,target_real,0.6556053811659193,0.6132103600175282,0.09216707084916673,0.46130945936339157,0.17543092650776754,0.442152466367713,0.13995943204868155,0.04484304932735426,0.6278026905829597,0.18571428571428572,0.04753363228699552,K001+KI08+KA01
random_forest,temperature,target_real,0.6556053811659193,0.6132103600175282,0.1727144367646818,0.4885511445596513,0.17538951364013625,0.4295964125560538,0.13987473903966596,0.045739910313901344,0.590134529147982,0.18085106382978725,0.05201793721973094,K001+KI08+KA01
random_forest,isotonic,target_real,0.6780269058295965,0.6756450332918242,0.26417486167512294,0.5322785165926845,0.1597838325733736,0.8188340807174888,0.2322015334063527,0.0,0.9022421524663677,0.2654075546719682,0.2502242152466368,K001+KI08+KA01
svm,raw,source_holdout,0.3067226890756303,0.1564844587352626,0.5347341280017915,1.0185773745531466,0.5266915921591456,,,,,,,K001+KI08+KA01
svm,raw,target_real,0.5811659192825112,0.5296977846686478,0.2548216455816812,0.6446733151513104,0.2515951769744559,0.0,,0.02062780269058296,0.0,,0.026905829596412557,K001+KI08+KA01
svm,temperature,target_real,0.5811659192825112,0.5296977846686478,0.1832206652113795,0.5662207274069346,0.2454239370582772,0.0,,0.026905829596412557,0.0,,0.03856502242152467,K001+KI08+KA01
svm,isotonic,target_real,0.6188340807174888,0.6172340769534301,0.19966703039120934,0.6315487537958425,0.30456925470499924,0.0,,0.07085201793721974,0.3165919282511211,0.43909348441926344,0.07085201793721974,K001+KI08+KA01
xgboost,raw,source_holdout,0.7436974789915967,0.6964846836170365,0.11154661183597665,0.3183257467094428,0.07038183604029083,,,,,,,K001+KI08+KA01
xgboost,raw,target_real,0.6242152466367713,0.601591708168599,0.2450980678267543,0.5727779724313933,0.16909179815328293,0.4053811659192825,0.1172566371681416,0.23946188340807176,0.7183856502242153,0.28963795255930086,0.3094170403587444,K001+KI08+KA01
xgboost,temperature,target_real,0.6242152466367713,0.601591708168599,0.20550220938950547,0.5316010700669469,0.16676576706042098,0.44035874439461886,0.14052953156822812,0.2538116591928251,0.7318385650224215,0.29044117647058826,0.3147982062780269,K001+KI08+KA01
xgboost,isotonic,target_real,0.6367713004484304,0.6380115387243358,0.3294897063083449,0.6824214148901184,0.2521184313676306,0.809865470852018,0.3344407530454042,0.0,1.0,0.3632286995515695,0.0,K001+KI08+KA01
random_forest,raw,source_holdout,0.6218487394957983,0.5025410829915126,0.211990319138561,0.3764519124258959,0.09787813694607453,,,,,,,K001+KI08+KA03
random_forest,raw,target_real,0.6304932735426009,0.5702181609825562,0.11129191655920795,0.46048641751099945,0.16927476355538115,0.38923766816143496,0.1336405529953917,0.0484304932735426,0.6493273542600897,0.1671270718232044,0.05022421524663677,K001+KI08+KA03
random_forest,temperature,target_real,0.6304932735426009,0.5702181609825562,0.15636417013779794,0.470750605854084,0.1680515072909356,0.3901345291479821,0.12643678160919541,0.0484304932735426,0.6538116591928251,0.16872427983539096,0.05201793721973094,K001+KI08+KA03
random_forest,isotonic,target_real,0.6591928251121076,0.6608769237271189,0.23208941978721337,0.5620095458764592,0.21342521211262666,0.7094170403587444,0.23388116308470291,0.0,1.0,0.34080717488789236,0.0,K001+KI08+KA03
svm,raw,source_holdout,0.3487394957983193,0.22633179897170852,0.495823713472366,0.9379779879507897,0.47201241214984013,,,,,,,K001+KI08+KA03
svm,raw,target_real,0.6412556053811659,0.5946349323376655,0.2010833328408314,0.524143147265259,0.14197450954468163,0.0,,0.045739910313901344,0.0,,0.31210762331838565,K001+KI08+KA03
svm,temperature,target_real,0.6412556053811659,0.5946349323376655,0.23112878535598758,0.49029211348541635,0.13895156693165375,0.0,,0.059192825112107626,0.0,,0.2905829596412556,K001+KI08+KA03
svm,isotonic,target_real,0.6457399103139013,0.645812672189062,0.15238261436097247,0.5248551097698768,0.24026421474992407,0.0,,0.0,0.0,,0.13542600896860987,K001+KI08+KA03
xgboost,raw,source_holdout,0.7100840336134454,0.6829311045597614,0.14473041741787884,0.4180238393051509,0.1095672287669631,,,,,,,K001+KI08+KA03
xgboost,raw,target_real,0.6269058295964126,0.604025911547506,0.3037224578215937,0.6259393395611734,0.17707844958839208,0.3695067264573991,0.10922330097087378,0.18475336322869956,0.6573991031390135,0.25102319236016374,0.25291479820627805,K001+KI08+KA03
xgboost,temperature,target_real,0.6269058295964126,0.604025911547506,0.2162261959081208,0.5194387452540771,0.17337568998150718,0.40717488789237666,0.12555066079295155,0.21076233183856502,0.6331838565022422,0.23229461756373937,0.27623318385650225,K001+KI08+KA03
xgboost,isotonic,target_real,0.6206278026905829,0.6241525508587461,0.289459230204195,0.6701509749948297,0.2658298733342378,0.7542600896860987,0.31985731272294887,0.0,0.9955156950672646,0.37657657657657656,0.0,K001+KI08+KA03
random_forest,raw,source_holdout,0.6286919831223629,0.5279106858054227,0.1912838211250595,0.30948701013532026,0.09318417728953346,,,,,,,K001+KI08+KA05
random_forest,raw,target_real,0.6699551569506726,0.6101164563603089,0.07323791927324996,0.4418835657238013,0.1699693672254761,0.36412556053811657,0.1354679802955665,0.025112107623318385,0.6977578475336322,0.1953727506426735,0.025112107623318385,K001+KI08+KA05
random_forest,temperature,target_real,0.6699551569506726,0.6101164563603089,0.1144206663571205,0.44599248625564236,0.1667855435012464,0.3542600896860987,0.1291139240506329,0.03497757847533632,0.6932735426008969,0.19534282018111254,0.04125560538116592,K001+KI08+KA05
random_forest,isotonic,target_real,0.6905829596412556,0.6854361829602983,0.24524303924886343,0.5493259094344606,0.2175887591605099,0.7874439461883408,0.27107061503416857,0.0,0.9919282511210762,0.30560578661844484,0.0,K001+KI08+KA05
svm,raw,source_holdout,0.6540084388185654,0.5615705056249843,0.27684523181743237,0.5508319644260102,0.15672825748536998,,,,,,,K001+KI08+KA05
svm,raw,target_real,0.6044843049327354,0.560099202448209,0.2296114531708634,0.5888425642880246,0.181232661448737,0.0484304932735426,0.0,0.13004484304932734,0.0484304932735426,0.0,0.17219730941704037,K001+KI08+KA05
svm,temperature,target_real,0.6044843049327354,0.560099202448209,0.12604024346198495,0.4871536006609025,0.17498855793180967,0.0484304932735426,0.0,0.12466367713004484,0.0484304932735426,0.0,0.17219730941704037,K001+KI08+KA05
svm,isotonic,target_real,0.5964125560538116,0.5989581057833295,0.22739901495819698,0.5968312289837275,0.24388040282312212,0.2538116591928251,0.2226148409893993,0.0,0.9542600896860987,0.4031954887218045,0.0,K001+KI08+KA05
xgboost,raw,source_holdout,0.7763713080168776,0.748307858420218,0.05822425225616007,0.2554187824377098,0.048930358774786326,,,,,,,K001+KI08+KA05
xgboost,raw,target_real,0.6807174887892377,0.6499816587517006,0.182812068093518,0.5131658124098825,0.1444632694288192,0.442152466367713,0.12373225152129817,0.27802690582959644,0.7408071748878924,0.2627118644067797,0.38026905829596414,K001+KI08+KA05
xgboost,temperature,target_real,0.6807174887892377,0.6499816587517006,0.15456853335163334,0.48702164543919657,0.14363034087518844,0.4538116591928251,0.12055335968379446,0.2852017937219731,0.7381165919282511,0.2648845686512758,0.3820627802690583,K001+KI08+KA05
xgboost,isotonic,target_real,0.6295964125560538,0.633182278255419,0.3088622441371426,0.6343418681525324,0.25162597986853275,0.873542600896861,0.3193018480492813,0.0,0.9883408071748879,0.3684210526315789,0.0,K001+KI08+KA05
random_forest,raw,source_holdout,0.6680672268907563,0.5577493964181546,0.18367511641887072,0.3014032879439218,0.06947365793157116,,,,,,,K001+KI08+KA06
random_forest,raw,target_real,0.6278026905829597,0.5750137589433132,0.11347072035462819,0.47933534037306486,0.18310689794701437,0.46905829596412557,0.1491395793499044,0.03766816143497758,0.7704035874439462,0.2467986030267753,0.04035874439461883,K001+KI08+KA06
random_forest,temperature,target_real,0.6278026905829597,0.5750137589433132,0.14244632455604733,0.4882044003925646,0.18269545446942786,0.46995515695067264,0.14885496183206107,0.03856502242152467,0.7255605381165919,0.2360939431396786,0.04304932735426009,K001+KI08+KA06
random_forest,isotonic,target_real,0.6690582959641256,0.6676066963313696,0.2675255915273137,0.5698703274449236,0.17661225584757897,0.8538116591928251,0.27836134453781514,0.0,0.8887892376681614,0.28254288597376387,0.0,K001+KI08+KA06
svm,raw,source_holdout,0.6386554621848739,0.5323263132413459,0.24660745270085582,0.5545741702456701,0.14811309742528475,,,,,,,K001+KI08+KA06
svm,raw,target_real,0.5856502242152466,0.5437756722561399,0.25231563537769786,0.6314200847632772,0.2148249581178509,0.13183856502242153,0.07482993197278912,0.015246636771300448,0.22511210762331837,0.13147410358565736,0.08161434977578476,K001+KI08+KA06
svm,temperature,target_real,0.5856502242152466,0.5437756722561399,0.11787172172126562,0.5113595479125971,0.2108625747891458,0.10224215246636771,0.07017543859649122,0.015246636771300448,0.2591928251121076,0.15570934256055363,0.08161434977578476,K001+KI08+KA06
svm,isotonic,target_real,0.7417040358744394,0.7306983401069099,0.14588365747025211,0.4801727344614189,0.15557481692657008,0.24663677130044842,0.19636363636363635,0.0,0.9022421524663677,0.25944333996023855,0.0,K001+KI08+KA06
xgboost,raw,source_holdout,0.7394957983193278,0.6935636461781042,0.13622027184782912,0.3627487648311763,0.060151935105467305,,,,,,,K001+KI08+KA06
xgboost,raw,target_real,0.5964125560538116,0.5750426347838443,0.29127286199496993,0.651297468891628,0.18807576739894388,0.49506726457399103,0.17028985507246377,0.16143497757847533,0.6681614349775785,0.28993288590604027,0.27802690582959644,K001+KI08+KA06
xgboost,temperature,target_real,0.5964125560538116,0.5750426347838443,0.17915224594048185,0.5282106423811865,0.18185782395431765,0.5228699551569507,0.1680960548885077,0.19461883408071748,0.6502242152466368,0.27034482758620687,0.31210762331838565,K001+KI08+KA06
xgboost,isotonic,target_real,0.6143497757847534,0.619851404147639,0.34178209207668897,0.7097901126090271,0.2584822486728111,0.9515695067264573,0.3694627709707823,0.0,0.9919282511210762,0.3833634719710669,0.0,K001+KI08+KA06
random_forest,raw,source_holdout,0.6554621848739496,0.5284146705947653,0.19779577967341377,0.30517903041493527,0.06961827334956498,,,,,,,K001+KI08+KA07
random_forest,raw,target_real,0.6179372197309417,0.5630500584032953,0.1349588430897939,0.4923767240076604,0.19590405300318733,0.5228699551569507,0.1646655231560892,0.04663677130044843,0.7605381165919283,0.25707547169811323,0.05022421524663677,K001+KI08+KA07
random_forest,temperature,target_real,0.6179372197309417,0.5630500584032953,0.15428192703085722,0.498852115856619,0.19495154860157748,0.5121076233183857,0.16112084063047286,0.0484304932735426,0.7560538116591928,0.25504151838671413,0.05022421524663677,K001+KI08+KA07
random_forest,isotonic,target_real,0.6609865470852018,0.659739826997188,0.2858049541253267,0.5853557808895692,0.16843846871034776,0.8923766816143498,0.29547738693467335,0.0,0.9488789237668162,0.30812854442344045,0.0,K001+KI08+KA07
svm,raw,source_holdout,0.6428571428571429,0.5352892762043089,0.24817908594203286,0.5601790993729697,0.12279966696564755,,,,,,,K001+KI08+KA07
svm,raw,target_real,0.5820627802690583,0.5375267647232206,0.2561082807900217,0.6351094899346045,0.21194320562104146,0.10762331838565023,0.08333333333333333,0.017040358744394617,0.25112107623318386,0.1357142857142857,0.08430493273542601,K001+KI08+KA07
svm,temperature,target_real,0.5820627802690583,0.5375267647232206,0.12517079154367577,0.5066579696105551,0.20630529696013578,0.10762331838565023,0.08333333333333333,0.017040358744394617,0.36412556053811657,0.15270935960591134,0.08430493273542601,K001+KI08+KA07
svm,isotonic,target_real,0.5820627802690583,0.5855927159753694,0.21029048736069317,0.5625318799836839,0.18449123275252485,0.15067264573991032,0.07142857142857142,0.0,0.9955156950672646,0.41711711711711713,0.0,K001+KI08+KA07
xgboost,raw,source_holdout,0.7226890756302521,0.6616309699999069,0.1449561043947685,0.3699551507781585,0.06348931613291732,,,,,,,K001+KI08+KA07
xgboost,raw,target_real,0.5695067264573991,0.5518319704903011,0.32170291136733087,0.682192215637324,0.19823574195676386,0.5381165919282511,0.185,0.14798206278026907,0.6538116591928251,0.2812071330589849,0.24573991031390136,K001+KI08+KA07
xgboost,temperature,target_real,0.5695067264573991,0.5518319704903011,0.22823810388077978,0.5584668832619517,0.1921563077109151,0.5147982062780269,0.17247386759581881,0.18654708520179372,0.6780269058295965,0.29365079365079366,0.2717488789237668,K001+KI08+KA07
xgboost,isotonic,target_real,0.6278026905829597,0.6296731142257244,0.3387708291065839,0.6965657305803438,0.2576377515083928,0.8789237668161435,0.3408163265306122,0.0,1.0,0.3721973094170404,0.0,K001+KI08+KA07
random_forest,raw,source_holdout,0.6540084388185654,0.5275017253278124,0.18702960627929097,0.32317063398639767,0.07013445299179517,,,,,,,K001+KI08+KA08
random_forest,raw,target_real,0.6179372197309417,0.5625710344901388,0.13296748714877157,0.49378887908175156,0.19421644742769179,0.5201793721973094,0.16034482758620688,0.03587443946188341,0.7524663677130045,0.25148986889153757,0.03766816143497758,K001+KI08+KA08
random_forest,temperature,target_real,0.6179372197309417,0.5625710344901388,0.11652933658711813,0.4893606866110104,0.1943926370336709,0.5174887892376682,0.1611785095320624,0.034080717488789235,0.7551569506726458,0.2517814726840855,0.03766816143497758,K001+KI08+KA08
random_forest,isotonic,target_real,0.6609865470852018,0.6602869756635114,0.29572986877837654,0.5948797042319247,0.2109450121885013,0.9049327354260089,0.3002973240832507,0.0,0.9408071748878923,0.3098188751191611,0.0,K001+KI08+KA08
svm,raw,source_holdout,0.6413502109704642,0.5359890946829164,0.2508577001113652,0.5626819552428299,0.12344440695968198,,,,,,,K001+KI08+KA08
svm,raw,target_real,0.5829596412556054,0.5382449575292588,0.2559829207153925,0.6339129470430651,0.21071292993134735,0.06367713004484304,0.028169014084507043,0.017040358744394617,0.2547085201793722,0.13732394366197184,0.08968609865470852,K001+KI08+KA08
svm,temperature,target_real,0.5829596412556054,0.5382449575292588,0.12821410724515891,0.5047590602038368,0.20479165385716414,0.06367713004484304,0.028169014084507043,0.017040358744394617,0.36053811659192825,0.14925373134328357,0.08968609865470852,K001+KI08+KA08
svm,isotonic,target_real,0.5829596412556054,0.5865110509593882,0.20810042909012996,0.5617740237754664,0.18470146779764185,0.06367713004484304,0.028169014084507043,0.0,0.9946188340807175,0.4165915238954013,0.08968609865470852,K001+KI08+KA08
xgboost,raw,source_holdout,0.729957805907173,0.673086440341657,0.13725485077387173,0.3672523072633863,0.06264850787058725,,,,,,,K001+KI08+KA08
xgboost,raw,target_real,0.6,0.5766700990744135,0.2883061072484261,0.6274939397980401,0.17641155957927931,0.4224215246636771,0.11464968152866242,0.21614349775784752,0.6520179372197309,0.2723521320495186,0.30493273542600896,K001+KI08+KA08
xgboost,temperature,target_real,0.6,0.5766700990744135,0.17770789603166467,0.5100114150547528,0.17056587318428668,0.4618834080717489,0.13009708737864079,0.23139013452914797,0.6798206278026906,0.2691292875989446,0.3201793721973094,K001+KI08+KA08
xgboost,isotonic,target_real,0.6179372197309417,0.6235340643746747,0.3581114478255812,0.7198202187282298,0.22821914462164017,0.9883408071748879,0.37749546279491836,0.0,1.0,0.3820627802690583,0.0,K001+KI08+KA08
random_forest,raw,source_holdout,0.6540084388185654,0.5260965365282656,0.19668293504802245,0.3244074410340483,0.07006681573560436,,,,,,,K001+KI08+KA09
random_forest,raw,target_real,0.6134529147982063,0.5597536200046661,0.13153702228917805,0.4914112582600469,0.18736139041030248,0.5013452914798207,0.1520572450805009,0.03228699551569507,0.7399103139013453,0.24,0.03856502242152467,K001+KI08+KA09
random_forest,temperature,target_real,0.6134529147982063,0.5597536200046661,0.13819109136091223,0.4933738723791466,0.18732402149827168,0.5013452914798207,0.1520572450805009,0.03228699551569507,0.7381165919282511,0.2393681652490887,0.04035874439461883,K001+KI08+KA09
random_forest,isotonic,target_real,0.6699551569506726,0.6687207733208232,0.28288541801504496,0.5619133583803253,0.19162841585692617,0.9201793721973094,0.29239766081871343,0.0,0.9264573991031391,0.29138431752178123,0.0,K001+KI08+KA09
svm,raw,source_holdout,0.6160337552742616,0.5000691132766605,0.244877411807212,0.5735868279144875,0.1428137075713209,,,,,,,K001+KI08+KA09
svm,raw,target_real,0.5721973094170404,0.5243832507450737,0.26030005875712037,0.6434468738659386,0.22042786461292838,0.17937219730941703,0.105,0.011659192825112108,0.2600896860986547,0.15172413793103448,0.06098654708520179,K001+KI08+KA09
svm,temperature,target_real,0.5721973094170404,0.5243832507450737,0.13266127858935414,0.5191442485738672,0.2155842545002654,0.13901345291479822,0.0967741935483871,0.011659192825112108,0.442152466367713,0.1663286004056795,0.06098654708520179,K001+KI08+KA09
svm,isotonic,target_real,0.7040358744394619,0.6979053621768193,0.16193217577250887,0.4832426733461452,0.15909758954601141,0.3704035874439462,0.16464891041162227,0.0,0.9300448430493273,0.25940212150433944,0.0,K001+KI08+KA09
xgboost,raw,source_holdout,0.7257383966244726,0.668798214689517,0.13532739877700806,0.3603303396309957,0.062044236322667416,,,,,,,K001+KI08+KA09
xgboost,raw,target_real,0.5883408071748879,0.5651615841786762,0.29200974408821145,0.6288172213419186,0.17661556514060872,0.48699551569506727,0.15285451197053407,0.20089686098654708,0.672645739910314,0.284,0.31031390134529147,K001+KI08+KA09
xgboost,temperature,target_real,0.5883408071748879,0.5651615841786762,0.1815850128628199,0.5094689374068198,0.1704764936192887,0.5058295964125561,0.15070921985815602,0.2179372197309417,0.6932735426008969,0.2910737386804657,0.33363228699551567,K001+KI08+KA09
xgboost,isotonic,target_real,0.6233183856502242,0.6277312977322865,0.3458956682227497,0.7081126194626794,0.22396853262160515,0.9596412556053812,0.3644859813084112,0.0,0.9946188340807175,0.3742110009017133,0.0,K001+KI08+KA09
random_forest,raw,source_holdout,0.6583333333333333,0.5455422350833677,0.3731198315932037,0.6136174475805487,0.6265049691988238,,,,,,,K002+KI01+KA01
random_forest,raw,target_real,0.758744394618834,0.7499065859427264,0.10004751361762225,0.3874346380548766,0.1643871209866749,0.0,,0.0,0.0,,0.0,K002+KI01+KA01
random_forest,temperature,target_real,0.758744394618834,0.7499065859427264,0.11736044069018758,0.3938447281948288,0.16478402993485566,0.0,,0.0,0.0,,0.0,K002+KI01+KA01
random_forest,isotonic,target_real,0.7461883408071749,0.7394238819165212,0.19516338061431548,0.5356283573335225,0.21566511439105002,0.0,,0.0,0.4923766816143498,0.22950819672131148,0.0,K002+KI01+KA01
svm,raw,source_holdout,0.3333333333333333,0.1687763713080169,0.28848756439582846,0.9245978290308068,0.7615657384482784,,,,,,,K002+KI01+KA01
svm,raw,target_real,0.6260089686098654,0.5805670175360285,0.10978358641539594,0.49596801240803373,0.17598137318257975,0.0,,0.053811659192825115,0.0,,0.2179372197309417,K002+KI01+KA01
svm,temperature,target_real,0.6260089686098654,0.5805670175360285,0.2633045673125421,0.6333186093339958,0.19570719551068017,0.0,,0.04125560538116592,0.0,,0.18565022421524663,K002+KI01+KA01
svm,isotonic,target_real,0.7336322869955157,0.7235452555521231,0.23268930324851422,0.5782899114951757,0.23556327573732377,0.0,,0.0,0.5587443946188341,0.36436597110754415,0.0,K002+KI01+KA01
xgboost,raw,source_holdout,0.7916666666666666,0.7666654991274889,0.2207724173863729,0.4121483220446481,0.3179479501704516,,,,,,,K002+KI01+KA01
xgboost,raw,target_real,0.7040358744394619,0.6874444053879115,0.16498055701298558,0.4826868979256816,0.17584704262207956,0.0,,0.045739910313901344,0.0,,0.15426008968609867,K002+KI01+KA01
xgboost,temperature,target_real,0.7040358744394619,0.6874444053879115,0.14312266027590542,0.4709524776752058,0.1750135694278067,0.0,,0.045739910313901344,0.0,,0.15605381165919283,K002+KI01+KA01
xgboost,isotonic,target_real,0.7210762331838565,0.7078312717808184,0.2610575401159325,0.5683074626544254,0.29608054046345483,0.6044843049327354,0.39317507418397624,0.0,0.6044843049327354,0.39317507418397624,0.0,K002+KI01+KA01
random_forest,raw,source_holdout,0.44583333333333336,0.3560255673058493,0.16000179523087296,0.5910521455210651,0.4423187987622677,,,,,,,K002+KI01+KA03
random_forest,raw,target_real,0.7695067264573991,0.7562486382069995,0.06509684980346936,0.35901449181086503,0.13716043616893056,0.0,,0.0026905829596412557,0.0,,0.0026905829596412557,K002+KI01+KA03
random_forest,temperature,target_real,0.7695067264573991,0.7562486382069995,0.11527383627277724,0.36948038533030836,0.137580349719054,0.0,,0.0026905829596412557,0.0,,0.0026905829596412557,K002+KI01+KA03
random_forest,isotonic,target_real,0.6600896860986547,0.662783709196591,0.18572689065815903,0.501715004422404,0.1802587916323965,0.3130044843049327,0.15759312320916904,0.0,0.3130044843049327,0.15759312320916904,0.0,K002+KI01+KA03
svm,raw,source_holdout,0.3375,0.17671287924452483,0.6936597192830516,1.2192354754053778,0.9309340071687399,,,,,,,K002+KI01+KA03
svm,raw,target_real,0.747085201793722,0.7169171568138898,0.04439772360434737,0.3903304644076463,0.10115745887354893,0.0,,0.11031390134529148,0.0,,0.42511210762331836,K002+KI01+KA03
svm,temperature,target_real,0.747085201793722,0.7169171568138898,0.37956908000320255,0.6199288675119788,0.1113203180779299,0.0,,0.10493273542600896,0.0,,0.4125560538116592,K002+KI01+KA03
svm,isotonic,target_real,0.3739910313901345,0.3503702347998048,0.22429854602547392,0.5859066712405016,0.34605000739270847,0.0,,0.0,0.0,,0.08520179372197309,K002+KI01+KA03
xgboost,raw,source_holdout,0.6625,0.6556355872574336,0.18917777662475904,0.4498954426025627,0.21707423583994254,,,,,,,K002+KI01+KA03
xgboost,raw,target_real,0.7668161434977578,0.7536887236857149,0.15045788403049182,0.39987485546929097,0.1094173300005698,0.0,,0.14080717488789238,0.379372197309417,0.0851063829787234,0.25739910313901343,K002+KI01+KA03
xgboost,temperature,target_real,0.7668161434977578,0.7536887236857149,0.08084710049220395,0.36903939434841754,0.10928664476105476,0.0,,0.1452914798206278,0.3811659192825112,0.08705882352941176,0.2538116591928251,K002+KI01+KA03
xgboost,isotonic,target_real,0.7246636771300449,0.7152484878400841,0.19203098053544998,0.4607965564684054,0.22310320871198105,0.45829596412556056,0.30919765166340507,0.0,0.6188340807174888,0.27246376811594203,0.0,K002+KI01+KA03
random_forest,raw,source_holdout,0.3891213389121339,0.3079644228825551,0.26201138153943293,0.578631927756161,0.41712368605424494,,,,,,,K002+KI01+KA05
random_forest,raw,target_real,0.758744394618834,0.7439679021255391,0.05710966847463769,0.3813278663456765,0.14877918771312834,0.0,,0.0026905829596412557,0.0,,0.0026905829596412557,K002+KI01+KA05
random_forest,temperature,target_real,0.758744394618834,0.7439679021255391,0.1307704049103933,0.3972145517886802,0.14827575004768326,0.0,,0.0026905829596412557,0.04304932735426009,0.3958333333333333,0.0026905829596412557,K002+KI01+KA05
random_forest,isotonic,target_real,0.662780269058296,0.6593648668722357,0.13685438772450587,0.4802876171462665,0.18016867707728132,0.32466367713004485,0.143646408839779,0.0,0.36053811659192825,0.13432835820895522,0.0,K002+KI01+KA05
svm,raw,source_holdout,0.3263598326359833,0.2175732217573222,0.4567566945221567,0.8379783566279642,0.3872391557699857,,,,,,,K002+KI01+KA05
svm,raw,target_real,0.6887892376681615,0.6904094619968216,0.09649551691369787,0.4441528647023407,0.13555131545118027,0.0,,0.054708520179372194,0.0,,0.29596412556053814,K002+KI01+KA05
svm,temperature,target_real,0.6887892376681615,0.6904094619968216,0.2204984670235642,0.5151351724818599,0.14880529108412893,0.0,,0.06098654708520179,0.0,,0.242152466367713,K002+KI01+KA05
svm,isotonic,target_real,0.7623318385650224,0.7357824532497479,0.1971301196847547,0.5702577260208217,0.20362808729244572,0.2358744394618834,0.2661596958174905,0.0,0.25829596412556055,0.2604166666666667,0.0,K002+KI01+KA05
xgboost,raw,source_holdout,0.5899581589958159,0.5771313777340467,0.20084339455081832,0.5525436603641687,0.2664736828936872,,,,,,,K002+KI01+KA05
xgboost,raw,target_real,0.7497757847533633,0.7349351196863059,0.16229377765826583,0.41595210009750233,0.11692108354604255,0.0,,0.014349775784753363,0.33183856502242154,0.06486486486486487,0.27085201793721975,K002+KI01+KA05
xgboost,temperature,target_real,0.7497757847533633,0.7349351196863059,0.054734456553490046,0.3787995683945803,0.11619767149360809,0.0,,0.09775784753363229,0.35336322869955156,0.07106598984771574,0.27802690582959644,K002+KI01+KA05
xgboost,isotonic,target_real,0.6852017937219731,0.6789394712757119,0.2325239277447005,0.503560681887669,0.22252250868567763,0.44035874439461886,0.29327902240325865,0.0,0.567713004484305,0.23696682464454977,0.0,K002+KI01+KA05
random_forest,raw,source_holdout,0.5291666666666667,0.426349801959558,0.15986081406491334,0.491357817529638,0.2637320727412267,,,,,,,K002+KI01+KA06
random_forest,raw,target_real,0.7569506726457399,0.7489677051098701,0.054094363103514516,0.37093500289081077,0.15312678996039683,0.0,,0.0,0.2484304932735426,0.08664259927797834,0.0,K002+KI01+KA06
random_forest,temperature,target_real,0.7569506726457399,0.7489677051098701,0.11218299448568196,0.38286861546225426,0.15261473933496336,0.008968609865470852,0.6,0.0,0.2430493273542601,0.08487084870848709,0.0,K002+KI01+KA06
random_forest,isotonic,target_real,0.6591928251121076,0.6606833283855708,0.22152174096354343,0.5180925640165719,0.19500788226540453,0.29596412556053814,0.33636363636363636,0.0,1.0,0.34080717488789236,0.0,K002+KI01+KA06
svm,raw,source_holdout,0.3333333333333333,0.2194787379972565,0.4359205723027185,0.7600250669568926,0.3117889203907218,,,,,,,K002+KI01+KA06
svm,raw,target_real,0.7165919282511211,0.7177069130939757,0.10504163698630073,0.4428922939257721,0.1403023683966938,0.003587443946188341,0.0,0.06547085201793722,0.008071748878923767,0.0,0.24125560538116592,K002+KI01+KA06
svm,temperature,target_real,0.7165919282511211,0.7177069130939757,0.19614408781276446,0.48684551469933474,0.15360469786028375,0.004484304932735426,0.0,0.059192825112107626,0.014349775784753363,0.0,0.22062780269058296,K002+KI01+KA06
svm,isotonic,target_real,0.7399103139013453,0.7201897859969654,0.22668001570603402,0.5960942780612779,0.22496399286258034,0.2878923766816143,0.26791277258566976,0.0,0.43766816143497755,0.2766393442622951,0.0,K002+KI01+KA06
xgboost,raw,source_holdout,0.6791666666666667,0.6639935868503107,0.17071396236618358,0.3833457372519017,0.12932819972965784,,,,,,,K002+KI01+KA06
xgboost,raw,target_real,0.7452914798206278,0.7359279881283026,0.17672893396942066,0.436476848536019,0.11995382110867524,0.0026905829596412557,0.0,0.09775784753363229,0.4860986547085202,0.11070110701107011,0.2430493273542601,K002+KI01+KA06
xgboost,temperature,target_real,0.7452914798206278,0.7359279881283026,0.10308312336972075,0.39706169158602167,0.11862963768945561,0.0026905829596412557,0.0,0.0968609865470852,0.45739910313901344,0.10588235294117647,0.2547085201793722,K002+KI01+KA06
xgboost,isotonic,target_real,0.684304932735426,0.6799918807771442,0.23805882920052235,0.5424300168780131,0.2421554740405051,0.5479820627802691,0.3322422258592471,0.0,1.0,0.31569506726457397,0.0,K002+KI01+KA06
random_forest,raw,source_holdout,0.5458333333333333,0.44191153753016527,0.16353627957954114,0.4821014511759956,0.2685428565939925,,,,,,,K002+KI01+KA07
random_forest,raw,target_real,0.7560538116591928,0.7478675010494413,0.05365646344011903,0.3722676119087886,0.15710874567743735,0.0,,0.0017937219730941704,0.13004484304932734,0.1793103448275862,0.0017937219730941704,K002+KI01+KA07
random_forest,temperature,target_real,0.7560538116591928,0.7478675010494413,0.12066290050080195,0.38617036372145025,0.156893336840557,0.0,,0.0017937219730941704,0.15605381165919283,0.16091954022988506,0.0017937219730941704,K002+KI01+KA07
random_forest,isotonic,target_real,0.6511210762331838,0.6525688015729147,0.223674787629766,0.5136543122591414,0.19296058552328277,0.3022421524663677,0.3293768545994065,0.0,0.9982062780269059,0.34860736747529203,0.0,K002+KI01+KA07
svm,raw,source_holdout,0.3333333333333333,0.2185792349726776,0.44778675779208643,0.7859970559540341,0.30220840512761504,,,,,,,K002+KI01+KA07
svm,raw,target_real,0.6995515695067265,0.70407527067582,0.09417273706506316,0.4417757882196459,0.13837899972641057,0.0026905829596412557,0.0,0.059192825112107626,0.008968609865470852,0.0,0.28878923766816145,K002+KI01+KA07
svm,temperature,target_real,0.6995515695067265,0.70407527067582,0.21703827421023075,0.5115862098222598,0.15281303460805468,0.0053811659192825115,0.0,0.054708520179372194,0.016143497757847534,0.0,0.22152466367713006,K002+KI01+KA07
svm,isotonic,target_real,0.7183856502242153,0.6871332573932228,0.26152852236661184,0.6378355545754048,0.2711765203794033,0.26367713004484306,0.2619047619047619,0.0,0.4591928251121076,0.404296875,0.0,K002+KI01+KA07
xgboost,raw,source_holdout,0.7666666666666667,0.7625622669197732,0.11587351026634377,0.29389454402686166,0.09864768650791005,,,,,,,K002+KI01+KA07
xgboost,raw,target_real,0.7246636771300449,0.7177870061420827,0.18977250841700974,0.4615090668220546,0.13628767291401073,0.0,,0.09327354260089686,0.5497757847533632,0.1468189233278956,0.20448430493273542,K002+KI01+KA07
xgboost,temperature,target_real,0.7246636771300449,0.7177870061420827,0.15208359196636925,0.4393280239940083,0.13570684543933562,0.0,,0.09506726457399103,0.5390134529147982,0.14309484193011648,0.20538116591928252,K002+KI01+KA07
xgboost,isotonic,target_real,0.6520179372197309,0.6528309012356869,0.28373298519429363,0.5809504246048482,0.26154011365694735,0.7955156950672646,0.2874859075535513,0.0,0.9910313901345291,0.34660633484162895,0.0,K002+KI01+KA07
random_forest,raw,source_holdout,0.4435146443514644,0.3445586431501925,0.24303117336958363,0.49909262463661486,0.26992758655910976,,,,,,,K002+KI01+KA08
random_forest,raw,target_real,0.758744394618834,0.7510129396140997,0.04992696377322228,0.3647711101828149,0.1484439616388011,0.0,,0.0,0.22062780269058296,0.08536585365853659,0.0,K002+KI01+KA08
random_forest,temperature,target_real,0.758744394618834,0.7510129396140997,0.21302883059052322,0.42261531992091106,0.1467640099725266,0.0,,0.0017937219730941704,0.14349775784753363,0.125,0.0017937219730941704,K002+KI01+KA08
random_forest,isotonic,target_real,0.6556053811659193,0.655784630244972,0.1695912100901288,0.48188224256324763,0.18310576784799626,0.09775784753363229,0.3119266055045872,0.0,0.9937219730941704,0.34386281588447654,0.0,K002+KI01+KA08
svm,raw,source_holdout,0.3305439330543933,0.21763085399449036,0.45081687184587305,0.7911009640534996,0.30493534808608286,,,,,,,K002+KI01+KA08
svm,raw,target_real,0.6959641255605381,0.7012090460111567,0.09880012181534678,0.44219308080697384,0.13844314792795087,0.0017937219730941704,0.0,0.059192825112107626,0.008968609865470852,0.0,0.2878923766816143,K002+KI01+KA08
svm,temperature,target_real,0.6959641255605381,0.7012090460111567,0.22026205817952552,0.5167835461336545,0.15329331326762907,0.0053811659192825115,0.0,0.04932735426008968,0.017040358744394617,0.0,0.22152466367713006,K002+KI01+KA08
svm,isotonic,target_real,0.7174887892376681,0.6859652244837431,0.27499274055748923,0.6490266110897099,0.2855300402917217,0.42152466367713004,0.425531914893617,0.0,0.42152466367713004,0.425531914893617,0.0,K002+KI01+KA08
xgboost,raw,source_holdout,0.6276150627615062,0.6058862673203019,0.18969549419490864,0.4871410237100336,0.18203689222850636,,,,,,,K002+KI01+KA08
xgboost,raw,target_real,0.7417040358744394,0.7324101910556631,0.1793791161524341,0.4379363560940787,0.1188419055171966,0.0017937219730941704,0.0,0.004484304932735426,0.36412556053811657,0.0812807881773399,0.28878923766816145,K002+KI01+KA08
xgboost,temperature,target_real,0.7417040358744394,0.7324101910556631,0.05944958083762191,0.3859600142940217,0.11652777244440352,0.0008968609865470852,0.0,0.013452914798206279,0.34080717488789236,0.06578947368421052,0.30672645739910315,K002+KI01+KA08
xgboost,isotonic,target_real,0.6860986547085202,0.6819989599631834,0.30152306849934024,0.5610716028385495,0.25207614099829123,0.5802690582959641,0.35394126738794435,0.0,0.5802690582959641,0.35394126738794435,0.0,K002+KI01+KA08
random_forest,raw,source_holdout,0.5062761506276151,0.40599326599326596,0.1713076420787361,0.4907499031761519,0.2618132335412193,,,,,,,K002+KI01+KA09
random_forest,raw,target_real,0.7533632286995515,0.7448776750001569,0.05848603589842358,0.3762783400652441,0.15422978930231443,0.007174887892376682,0.625,0.0008968609865470852,0.17668161434977578,0.1065989847715736,0.0008968609865470852,K002+KI01+KA09
random_forest,temperature,target_real,0.7533632286995515,0.7448776750001569,0.13832730076429753,0.3926575013184428,0.15312960084792882,0.004484304932735426,0.4,0.0017937219730941704,0.16233183856502242,0.11049723756906077,0.0017937219730941704,K002+KI01+KA09
random_forest,isotonic,target_real,0.6600896860986547,0.6599065481212278,0.20620495596260657,0.5051198786924624,0.1850583746322277,0.2878923766816143,0.2803738317757009,0.0,0.967713004484305,0.33271547729379053,0.0,K002+KI01+KA09
svm,raw,source_holdout,0.3305439330543933,0.21763085399449036,0.43732831954364493,0.7666674136042637,0.3103438974865112,,,,,,,K002+KI01+KA09
svm,raw,target_real,0.7067264573991031,0.709791237641527,0.09570084651128899,0.4444663318767196,0.14184888586738245,0.004484304932735426,0.0,0.039461883408071746,0.008071748878923767,0.0,0.23497757847533632,K002+KI01+KA09
svm,temperature,target_real,0.7067264573991031,0.709791237641527,0.1985903100591415,0.4940782967384258,0.15469369880518472,0.0053811659192825115,0.0,0.036771300448430494,0.015246636771300448,0.0,0.18206278026905828,K002+KI01+KA09
svm,isotonic,target_real,0.7210762331838565,0.6960224757420184,0.252407154627156,0.6227264312945638,0.25547215979120524,0.27623318385650225,0.2597402597402597,0.0,0.6286995515695067,0.3666191155492154,0.0,K002+KI01+KA09
xgboost,raw,source_holdout,0.6778242677824268,0.6651851742216086,0.14894691683258468,0.4035294384345163,0.13147187773058241,,,,,,,K002+KI01+KA09
xgboost,raw,target_real,0.747982062780269,0.7380300370736924,0.17003216158114207,0.42530487196498995,0.11138577744796563,0.0017937219730941704,0.0,0.09596412556053811,0.45201793721973094,0.08928571428571429,0.32466367713004485,K002+KI01+KA09
xgboost,temperature,target_real,0.747982062780269,0.7380300370736924,0.08696911914191702,0.3850947722249713,0.11081275824485483,0.0008968609865470852,0.0,0.09596412556053811,0.4789237668161435,0.10299625468164794,0.33183856502242154,K002+KI01+KA09
xgboost,isotonic,target_real,0.684304932735426,0.6789130663248,0.2706221453954921,0.5471838563061794,0.24447187603495657,0.5623318385650224,0.3444976076555024,0.0,0.9829596412556054,0.31204379562043794,0.0,K002+KI01+KA09
random_forest,raw,source_holdout,0.44166666666666665,0.41688470259898835,0.29571923742751377,0.73126206893397,0.7992305917130831,,,,,,,K002+KI03+KA01
random_forest,raw,target_real,0.6493273542600897,0.6487104984715165,0.08232420883910577,0.4874289634518508,0.28191108843463863,0.0,,0.0,0.0,,0.0,K002+KI03+KA01
random_forest,temperature,target_real,0.6493273542600897,0.6487104984715165,0.2983019249160801,0.6406945106709909,0.27093669878672677,0.0,,0.0,0.0,,0.0,K002+KI03+KA01
random_forest,isotonic,target_real,0.6591928251121076,0.661129424333872,0.1113250989413724,0.6291407804953202,0.25559963764678734,0.0,,0.0,0.0,,0.0,K002+KI03+KA01
svm,raw,source_holdout,0.0,0.0,0.6927156238135448,1.3453044759195858,1.0,,,,,,,K002+KI03+KA01
svm,raw,target_real,0.5704035874439461,0.5719829155670698,0.25959611799545057,0.6549905416190968,0.28755074451607443,0.0,,0.015246636771300448,0.0,,0.02242152466367713,K002+KI03+KA01
svm,temperature,target_real,0.5704035874439461,0.5719829155670698,0.20104844570845154,0.6295988098798422,0.2821458743482666,0.0,,0.017937219730941704,0.0,,0.0242152466367713,K002+KI03+KA01
svm,isotonic,target_real,0.41076233183856503,0.34859060099491074,0.07811226608621906,0.7213348192965139,0.3752522407263905,0.0,,0.0,0.5596412556053811,0.6185897435897436,0.0,K002+KI03+KA01
xgboost,raw,source_holdout,0.7958333333333333,0.7926995687777468,0.12872915926078954,0.33525735944707336,0.24782678337716071,,,,,,,K002+KI03+KA01
xgboost,raw,target_real,0.6484304932735426,0.6421246863245299,0.22000626411138627,0.5641542559094984,0.2426882403646506,0.0,,0.05739910313901345,0.0,,0.07623318385650224,K002+KI03+KA01
xgboost,temperature,target_real,0.6484304932735426,0.6421246863245299,0.1963468843099599,0.5501288757268947,0.24215373543631155,0.0,,0.060089686098654706,0.0,,0.07713004484304933,K002+KI03+KA01
xgboost,isotonic,target_real,0.6475336322869956,0.6419219009425837,0.18632777257933889,0.5554589292496162,0.26744586438788687,0.0,,0.0,0.0,,0.0,K002+KI03+KA01
random_forest,raw,source_holdout,0.35,0.3511339813226606,0.22512793540618592,0.6345853047014283,0.5662062488411688,,,,,,,K002+KI03+KA03
random_forest,raw,target_real,0.6080717488789238,0.6122390319720826,0.1178039858366501,0.4939971036361653,0.2889135530640517,0.0,,0.0,0.0,,0.0,K002+KI03+KA03
random_forest,temperature,target_real,0.6080717488789238,0.6122390319720826,0.11737901936049266,0.4899093920925653,0.2899995511515813,0.0,,0.0,0.0,,0.0,K002+KI03+KA03
random_forest,isotonic,target_real,0.6932735426008969,0.6689651481844124,0.19870170976273308,0.5675439507417301,0.28063583904168105,0.37130044843049326,0.3164251207729469,0.0,0.37130044843049326,0.3164251207729469,0.0,K002+KI03+KA03
svm,raw,source_holdout,0.32083333333333336,0.32696390658174096,0.41454503866641185,1.055997334413328,0.8455231828365452,,,,,,,K002+KI03+KA03
svm,raw,target_real,0.5704035874439461,0.5631696797323528,0.249676088079559,0.6045278036766385,0.24036571980867094,0.0,,0.0053811659192825115,0.0,,0.13452914798206278,K002+KI03+KA03
svm,temperature,target_real,0.5704035874439461,0.5631696797323528,0.2016788676904561,0.625756448369574,0.2261539246014248,0.0,,0.0053811659192825115,0.0,,0.08161434977578476,K002+KI03+KA03
svm,isotonic,target_real,0.36591928251121075,0.3101553326399839,0.15462891181648303,0.7327813329672912,0.3722488098715407,0.25291479820627805,0.4574468085106383,0.0,0.25291479820627805,0.4574468085106383,0.0,K002+KI03+KA03
xgboost,raw,source_holdout,0.7625,0.7565662222328134,0.12481794928510985,0.36170020377816997,0.15460999337605544,,,,,,,K002+KI03+KA03
xgboost,raw,target_real,0.6340807174887892,0.6315648818412577,0.2561237725441766,0.6136298152005,0.24177506607061383,0.1273542600896861,0.21830985915492956,0.04304932735426009,0.1273542600896861,0.21830985915492956,0.04304932735426009,K002+KI03+KA03
xgboost,temperature,target_real,0.6340807174887892,0.6315648818412577,0.179110795084492,0.5523583550657103,0.23915649454901114,0.14708520179372198,0.21951219512195122,0.045739910313901344,0.31928251121076234,0.1601123595505618,0.054708520179372194,K002+KI03+KA03
xgboost,isotonic,target_real,0.6421524663677131,0.6364864278060557,0.19285035928158265,0.547659432619807,0.27235584771707727,0.19103139013452916,0.28169014084507044,0.0,0.4125560538116592,0.20869565217391303,0.0,K002+KI03+KA03
random_forest,raw,source_holdout,0.47280334728033474,0.41676646706586834,0.24290796397058612,0.5906013129818464,0.3575051831427687,,,,,,,K002+KI03+KA05
random_forest,raw,target_real,0.6439461883408072,0.6420386313521648,0.08026260540607955,0.4798979041413619,0.272485757685928,0.03766816143497758,0.6428571428571429,0.0,0.19013452914798207,0.24056603773584906,0.0,K002+KI03+KA05
random_forest,temperature,target_real,0.6439461883408072,0.6420386313521648,0.09976448688123246,0.4806567345080725,0.2727393640709584,0.04125560538116592,0.6304347826086957,0.0,0.20448430493273542,0.21052631578947367,0.0,K002+KI03+KA05
random_forest,isotonic,target_real,0.57847533632287,0.5812764433511955,0.16280357887925104,0.5787003077061161,0.243860509762087,0.3130044843049327,0.22636103151862463,0.0,0.6887892376681615,0.29296875,0.0,K002+KI03+KA05
svm,raw,source_holdout,0.3263598326359833,0.2524271844660194,0.4858853308737269,1.0604841847024784,0.4679947516601591,,,,,,,K002+KI03+KA05
svm,raw,target_real,0.5928251121076233,0.5914805891816293,0.26704011811755235,0.645161146341175,0.2667695450787106,0.0,,0.006278026905829596,0.0,,0.07982062780269059,K002+KI03+KA05
svm,temperature,target_real,0.5928251121076233,0.5914805891816293,0.22218348273247449,0.6290392847183459,0.26239213857949145,0.0,,0.007174887892376682,0.0,,0.007174887892376682,K002+KI03+KA05
svm,isotonic,target_real,0.4385650224215247,0.42763374718542835,0.2909092287046885,0.7007871689553338,0.3392217750493432,0.3237668161434978,0.39058171745152354,0.0,0.3237668161434978,0.39058171745152354,0.0,K002+KI03+KA05
xgboost,raw,source_holdout,0.8075313807531381,0.8073056809801793,0.10675547312493103,0.32454138814264977,0.11750784354953074,,,,,,,K002+KI03+KA05
xgboost,raw,target_real,0.6582959641255606,0.6517837426811921,0.23170737650896933,0.5760448981746611,0.22343776690546902,0.07174887892376682,0.0,0.0726457399103139,0.43946188340807174,0.21020408163265306,0.07892376681614349,K002+KI03+KA05
xgboost,temperature,target_real,0.6582959641255606,0.6517837426811921,0.17656230444405804,0.5381189576195559,0.2220597545344482,0.07354260089686099,0.0,0.07354260089686099,0.43766816143497755,0.21106557377049182,0.08340807174887892,K002+KI03+KA05
xgboost,isotonic,target_real,0.6582959641255606,0.6513270595283102,0.18810905070925965,0.544455832337627,0.2881574226972732,0.22062780269058296,0.3617886178861789,0.0,0.4188340807174888,0.2291220556745182,0.0,K002+KI03+KA05
random_forest,raw,source_holdout,0.525,0.4659086514290134,0.16030789414481977,0.5234613786505634,0.27087034967266777,,,,,,,K002+KI03+KA06
random_forest,raw,target_real,0.6367713004484304,0.6366127697624142,0.0697441093098019,0.47561172431513293,0.2593518635740676,0.04125560538116592,0.6521739130434783,0.0017937219730941704,0.2484304932735426,0.16606498194945848,0.0017937219730941704,K002+KI03+KA06
random_forest,temperature,target_real,0.6367713004484304,0.6366127697624142,0.10241811521800384,0.47698882619718924,0.25990534362369855,0.04484304932735426,0.64,0.0017937219730941704,0.2717488789237668,0.15181518151815182,0.0017937219730941704,K002+KI03+KA06
random_forest,isotonic,target_real,0.39730941704035877,0.35876902961477497,0.2586296745836243,0.6375269961891756,0.38103957117522247,0.18206278026905828,0.39901477832512317,0.0,0.2179372197309417,0.3868312757201646,0.0,K002+KI03+KA06
svm,raw,source_holdout,0.3333333333333333,0.24806201550387597,0.48967740491044454,1.0346955435938476,0.32595702040054264,,,,,,,K002+KI03+KA06
svm,raw,target_real,0.589237668161435,0.5920095402322004,0.2736432903507042,0.6495945021486079,0.27481113007870267,0.0026905829596412557,0.0,0.02062780269058296,0.004484304932735426,0.0,0.030493273542600896,K002+KI03+KA06
svm,temperature,target_real,0.589237668161435,0.5920095402322004,0.1795268620478518,0.5769792233080234,0.26338888904337954,0.0008968609865470852,0.0,0.019730941704035873,0.0053811659192825115,0.0,0.04035874439461883,K002+KI03+KA06
svm,isotonic,target_real,0.5704035874439461,0.5568721460305693,0.1793537470881822,0.7519333813553711,0.3301340906894249,0.3183856502242152,0.37464788732394366,0.0,0.4556053811659193,0.421259842519685,0.0,K002+KI03+KA06
xgboost,raw,source_holdout,0.8083333333333333,0.8048862523512802,0.08250843261679013,0.30377555984548626,0.08822799260720172,,,,,,,K002+KI03+KA06
xgboost,raw,target_real,0.6466367713004484,0.6413849699981875,0.2425639292851692,0.5839252328076935,0.22236322540237435,0.09596412556053811,0.12149532710280374,0.054708520179372194,0.452914798206278,0.201980198019802,0.05829596412556054,K002+KI03+KA06
xgboost,temperature,target_real,0.6466367713004484,0.6413849699981875,0.1720350821244716,0.5334983684426993,0.21878713108717746,0.10941704035874439,0.12295081967213115,0.05560538116591928,0.4412556053811659,0.1951219512195122,0.060089686098654706,K002+KI03+KA06
xgboost,isotonic,target_real,0.6484304932735426,0.6425972824336621,0.1553047058595714,0.5466695481253117,0.29165683343067905,0.3721973094170404,0.26506024096385544,0.0,0.3721973094170404,0.26506024096385544,0.0,K002+KI03+KA06
random_forest,raw,source_holdout,0.5458333333333333,0.480139743297638,0.17772505601059566,0.5131354332584473,0.27739566521579406,,,,,,,K002+KI03+KA07
random_forest,raw,target_real,0.6511210762331838,0.6502858673140635,0.06155543014195046,0.4725276047468036,0.2542339482547437,0.07174887892376682,0.4875,0.0026905829596412557,0.2556053811659193,0.18596491228070175,0.0026905829596412557,K002+KI03+KA07
random_forest,temperature,target_real,0.6511210762331838,0.6502858673140635,0.10244081021940175,0.47107339040303936,0.25465902203815505,0.07354260089686099,0.4878048780487805,0.0017937219730941704,0.26367713004484306,0.1870748299319728,0.0017937219730941704,K002+KI03+KA07
random_forest,isotonic,target_real,0.6914798206278027,0.6614716330217433,0.17149402446691497,0.5877504856034919,0.33017180028284027,0.07802690582959641,0.5862068965517241,0.0,0.4538116591928251,0.2628458498023715,0.0,K002+KI03+KA07
svm,raw,source_holdout,0.3333333333333333,0.24464831804281348,0.49208908187438993,1.035970301304893,0.3018476013751355,,,,,,,K002+KI03+KA07
svm,raw,target_real,0.5919282511210763,0.5947836992376502,0.270763795006281,0.6395485031993874,0.2717412665991214,0.0008968609865470852,0.0,0.019730941704035873,0.015246636771300448,0.0,0.023318385650224215,K002+KI03+KA07
svm,temperature,target_real,0.5919282511210763,0.5947836992376502,0.17981777175379046,0.5664179620915482,0.26387261629578346,0.0,,0.021524663677130046,0.01883408071748879,0.0,0.026905829596412557,K002+KI03+KA07
svm,isotonic,target_real,0.32466367713004485,0.2843793818412537,0.23552402554691992,0.7671275729928291,0.5527213491432921,0.0017937219730941704,0.5,0.0,0.0017937219730941704,0.5,0.0,K002+KI03+KA07
xgboost,raw,source_holdout,0.8125,0.8099164410140333,0.0731385491788387,0.292093781251393,0.07674844217247527,,,,,,,K002+KI03+KA07
xgboost,raw,target_real,0.6197309417040359,0.6177702315112431,0.2769988216092233,0.620657954048194,0.23739241271804012,0.25650224215246636,0.16433566433566432,0.04484304932735426,0.5381165919282511,0.255,0.04484304932735426,K002+KI03+KA07
xgboost,temperature,target_real,0.6197309417040359,0.6177702315112431,0.21302797259075118,0.5636561850398017,0.23520411273390143,0.2609865470852018,0.16494845360824742,0.045739910313901344,0.5345291479820627,0.25,0.045739910313901344,K002+KI03+KA07
xgboost,isotonic,target_real,0.6475336322869956,0.6407224850497658,0.17845572225372136,0.5462529196228594,0.2376116965895484,0.3434977578475336,0.2193211488250653,0.0,0.5802690582959641,0.26275115919629055,0.0,K002+KI03+KA07
random_forest,raw,source_holdout,0.48535564853556484,0.44186498797277246,0.23422871446932486,0.5306822004133341,0.2798867410431215,,,,,,,K002+KI03+KA08
random_forest,raw,target_real,0.6448430493273543,0.6444642505202626,0.06254980219957706,0.4741896625995105,0.26078259145760263,0.02242152466367713,0.84,0.0008968609865470852,0.21076233183856502,0.17872340425531916,0.0008968609865470852,K002+KI03+KA08
random_forest,temperature,target_real,0.6448430493273543,0.6444642505202626,0.19861355796935007,0.5278294277901306,0.25778778291644977,0.0,,0.0008968609865470852,0.2304932735426009,0.1556420233463035,0.0008968609865470852,K002+KI03+KA08
random_forest,isotonic,target_real,0.3883408071748879,0.34865863788582496,0.27029400193186426,0.648536605981484,0.37443807293013776,0.284304932735426,0.28391167192429023,0.0,0.284304932735426,0.28391167192429023,0.0,K002+KI03+KA08
svm,raw,source_holdout,0.3305439330543933,0.24382716049382716,0.4943609599631479,1.0407625581088216,0.30493534808608286,,,,,,,K002+KI03+KA08
svm,raw,target_real,0.5928251121076233,0.5956979218682857,0.27053554805395785,0.639814885064774,0.27032554549704385,0.0,,0.02242152466367713,0.015246636771300448,0.0,0.0242152466367713,K002+KI03+KA08
svm,temperature,target_real,0.5928251121076233,0.5956979218682857,0.18096946847371767,0.5677699069745672,0.2624811899475862,0.0,,0.02242152466367713,0.01883408071748879,0.0,0.026905829596412557,K002+KI03+KA08
svm,isotonic,target_real,0.32825112107623317,0.28976567390171665,0.2192248099874077,0.7659309378879351,0.5546883296132412,0.0,,0.0008968609865470852,0.0,,0.0008968609865470852,K002+KI03+KA08
xgboost,raw,source_holdout,0.8117154811715481,0.8091056910569105,0.13829773988683852,0.3226866532538189,0.09735514372222094,,,,,,,K002+KI03+KA08
xgboost,raw,target_real,0.6565022421524663,0.6503958018562654,0.23316926846589744,0.5779870421714034,0.22287133291309758,0.04753363228699552,0.0,0.05560538116591928,0.420627802690583,0.18976545842217485,0.060089686098654706,K002+KI03+KA08
xgboost,temperature,target_real,0.6565022421524663,0.6503958018562654,0.1553216402045692,0.52452971215826,0.21990253664442994,0.08251121076233184,0.08695652173913043,0.060089686098654706,0.4233183856502242,0.1906779661016949,0.06547085201793722,K002+KI03+KA08
xgboost,isotonic,target_real,0.6780269058295965,0.6629315349649461,0.1547158037273208,0.549085079702269,0.2939690371941897,0.37847533632286995,0.2725118483412322,0.0,0.37847533632286995,0.2725118483412322,0.0,K002+KI03+KA08
random_forest,raw,source_holdout,0.5439330543933054,0.4780486873143665,0.15396278909326974,0.5138475206359467,0.2608848828774832,,,,,,,K002+KI03+KA09
random_forest,raw,target_real,0.6457399103139013,0.6446199079370992,0.06564285152176766,0.47769245968165686,0.26835771459838476,0.039461883408071746,0.6363636363636364,0.0,0.20269058295964126,0.19911504424778761,0.0,K002+KI03+KA09
random_forest,temperature,target_real,0.6457399103139013,0.6446199079370992,0.08544139415794602,0.4766048568865081,0.26776410261316597,0.04035874439461883,0.6444444444444445,0.0,0.26188340807174887,0.18835616438356165,0.0,K002+KI03+KA09
random_forest,isotonic,target_real,0.6798206278026906,0.6464082159735671,0.19141615717399219,0.6124934336140141,0.27690331505763555,0.2986547085201794,0.2852852852852853,0.0,0.431390134529148,0.2765072765072765,0.0,K002+KI03+KA09
svm,raw,source_holdout,0.3305439330543933,0.23723723723723722,0.4950876341036544,1.0441738135172325,0.3127524035345604,,,,,,,K002+KI03+KA09
svm,raw,target_real,0.5910313901345291,0.5941271660265172,0.26903059970867793,0.640565732412425,0.276993319082326,0.0017937219730941704,0.0,0.011659192825112108,0.008968609865470852,0.0,0.02600896860986547,K002+KI03+KA09
svm,temperature,target_real,0.5910313901345291,0.5941271660265172,0.1824045754381887,0.5726873208008536,0.26873098211970287,0.0008968609865470852,0.0,0.013452914798206279,0.011659192825112108,0.0,0.02780269058295964,K002+KI03+KA09
svm,isotonic,target_real,0.5632286995515695,0.5486366541382867,0.15965140676289688,0.7487295643232531,0.34232517741012136,0.29596412556053814,0.3787878787878788,0.0,0.452914798206278,0.40594059405940597,0.0,K002+KI03+KA09
xgboost,raw,source_holdout,0.8242677824267782,0.8219575615899984,0.05871489307371641,0.28145495566667256,0.07454914972510528,,,,,,,K002+KI03+KA09
xgboost,raw,target_real,0.6591928251121076,0.6520598905490992,0.23582923398958733,0.5783902864430207,0.21955972375007693,0.13273542600896862,0.18243243243243243,0.05201793721973094,0.5076233183856502,0.2332155477031802,0.06367713004484304,K002+KI03+KA09
xgboost,temperature,target_real,0.6591928251121076,0.6520598905490992,0.17331243565293436,0.5342915855672296,0.21693838613939007,0.14439461883408072,0.16770186335403728,0.05291479820627803,0.4977578475336323,0.23243243243243245,0.06457399103139014,K002+KI03+KA09
xgboost,isotonic,target_real,0.6618834080717488,0.6527366432335597,0.1833149561092518,0.5506799738634708,0.298732351244229,0.3865470852017937,0.26450116009280744,0.0,0.5434977578475336,0.23267326732673269,0.0,K002+KI03+KA09
random_forest,raw,source_holdout,0.625,0.5495220459436465,0.28975337841703747,0.3980549994052591,0.1069220384664936,,,,,,,K002+KI05+KA01
random_forest,raw,target_real,0.7569506726457399,0.7498180793284619,0.07185434567255919,0.3765466533404621,0.14342495411719788,0.515695067264574,0.09739130434782609,0.006278026905829596,0.7766816143497758,0.1697459584295612,0.006278026905829596,K002+KI05+KA01
random_forest,temperature,target_real,0.7569506726457399,0.7498180793284619,0.1611438576425681,0.4068130522991546,0.1383554901558727,0.5443946188340807,0.10543657331136738,0.007174887892376682,0.8125560538116592,0.16777041942604856,0.007174887892376682,K002+KI05+KA01
random_forest,isotonic,target_real,0.747982062780269,0.7435899598154232,0.19858487191193355,0.4392167364553583,0.12464564534504376,0.6986547085201794,0.1386392811296534,0.0,0.9130044843049328,0.2111984282907662,0.0,K002+KI05+KA01
svm,raw,source_holdout,0.36666666666666664,0.2320958783981292,0.43542783769347193,0.8094374146129627,0.30859656447012657,,,,,,,K002+KI05+KA01
svm,raw,target_real,0.7488789237668162,0.7419326513886498,0.08768381427040393,0.37403353759109426,0.0858822631492613,0.26367713004484306,0.013605442176870748,0.04394618834080718,0.30852017937219733,0.020348837209302327,0.4358744394618834,K002+KI05+KA01
svm,temperature,target_real,0.7488789237668162,0.7419326513886498,0.1449979852616295,0.39978603937779816,0.0915228031715502,0.24484304932735426,0.014652014652014652,0.04484304932735426,0.3219730941704036,0.022284122562674095,0.38923766816143496,K002+KI05+KA01
svm,isotonic,target_real,0.6798206278026906,0.6811416260077099,0.303120524341463,0.5988920483628228,0.22953737374860575,0.7623318385650224,0.3552941176470588,0.0,0.9434977578475336,0.2965779467680608,0.0,K002+KI05+KA01
xgboost,raw,source_holdout,0.9083333333333333,0.907051990089351,0.06782238942881429,0.13447837216025466,0.030510912993846773,,,,,,,K002+KI05+KA01
xgboost,raw,target_real,0.704932735426009,0.6904977476097617,0.1857772288301066,0.47078601953735855,0.14175860760512154,0.07892376681614349,0.0,0.10403587443946188,0.852017937219731,0.24105263157894738,0.21076233183856502,K002+KI05+KA01
xgboost,temperature,target_real,0.704932735426009,0.6904977476097617,0.1932814008312654,0.4761063934860474,0.14188443224956526,0.07892376681614349,0.0,0.10134529147982063,0.8502242152466367,0.24050632911392406,0.20986547085201793,K002+KI05+KA01
xgboost,isotonic,target_real,0.7031390134529149,0.6921278430218974,0.23875195212254466,0.5257597667133752,0.23474711017276711,0.34260089686098655,0.27486910994764396,0.0,0.9426008968609866,0.2768791627021884,0.0,K002+KI05+KA01
random_forest,raw,source_holdout,0.8958333333333334,0.8968009121335835,0.2787480082292893,0.3080391823247306,0.07860889104165555,,,,,,,K002+KI05+KA03
random_forest,raw,target_real,0.7659192825112108,0.7506897417755214,0.05856179775685182,0.3500323328412998,0.12612134594038515,0.0,,0.004484304932735426,0.7390134529147983,0.12014563106796117,0.004484304932735426,K002+KI05+KA03
random_forest,temperature,target_real,0.7659192825112108,0.7506897417755214,0.15676136237572935,0.3849297871710292,0.11988761605392832,0.4896860986547085,0.0641025641025641,0.0053811659192825115,0.7040358744394619,0.10191082802547771,0.0053811659192825115,K002+KI05+KA03
random_forest,isotonic,target_real,0.7434977578475336,0.7289845361091701,0.17422810313698567,0.413026156881261,0.10492106536698441,0.6573991031390135,0.09822646657571624,0.0,0.8618834080717489,0.18002081165452655,0.0,K002+KI05+KA03
svm,raw,source_holdout,0.37083333333333335,0.24077915265956182,0.5059113946687703,0.9655469045532435,0.392838197265062,,,,,,,K002+KI05+KA03
svm,raw,target_real,0.7704035874439462,0.7455005695097433,0.07713132458285443,0.3368678860986541,0.06212116568875982,0.07892376681614349,0.0,0.31569506726457397,0.07892376681614349,0.0,0.6053811659192825,K002+KI05+KA03
svm,temperature,target_real,0.7704035874439462,0.7455005695097433,0.23458218544039575,0.4060767430100147,0.06192500657045253,0.0,,0.2852017937219731,0.0,,0.6197309417040359,K002+KI05+KA03
svm,isotonic,target_real,0.6780269058295965,0.6820379281142267,0.1344507620162358,0.40268729252426055,0.13573122012669098,0.43408071748878924,0.1384297520661157,0.0,0.7282511210762331,0.21798029556650247,0.0,K002+KI05+KA03
xgboost,raw,source_holdout,0.8875,0.8885286555536046,0.04037523853282134,0.17151497223841355,0.038840080479134356,,,,,,,K002+KI05+KA03
xgboost,raw,target_real,0.7354260089686099,0.7193569892469321,0.17411766864793718,0.4289858721822757,0.10971232666215523,0.13632286995515694,0.013157894736842105,0.10672645739910314,0.6717488789237668,0.14552736982643524,0.2968609865470852,K002+KI05+KA03
xgboost,temperature,target_real,0.7354260089686099,0.7193569892469321,0.1413052392049201,0.4085028364085642,0.10964650190663039,0.13004484304932734,0.013793103448275862,0.10762331838565023,0.6699551569506726,0.14323962516733602,0.2896860986547085,K002+KI05+KA03
xgboost,isotonic,target_real,0.7309417040358744,0.7197343869229894,0.1686093290969132,0.4509396432148611,0.16084188136045333,0.5121076233183857,0.11733800350262696,0.0,0.7865470852017937,0.2348916761687571,0.0,K002+KI05+KA03
random_forest,raw,source_holdout,0.9205020920502092,0.9215237434034623,0.20414524825826558,0.20753788742978968,0.01672235100947461,,,,,,,K002+KI05+KA05
random_forest,raw,target_real,0.7623318385650224,0.7483715538482012,0.06340057832713342,0.36989328797756954,0.13724535620055786,0.7443946188340808,0.12289156626506025,0.0053811659192825115,0.8869955156950673,0.18806875631951467,0.0053811659192825115,K002+KI05+KA05
random_forest,temperature,target_real,0.7623318385650224,0.7483715538482012,0.16428737046426778,0.4017366908693698,0.13038045264782064,0.747982062780269,0.11750599520383694,0.009865470852017937,0.8654708520179372,0.17823834196891192,0.009865470852017937,K002+KI05+KA05
random_forest,isotonic,target_real,0.7282511210762331,0.7191214621261975,0.1784050385520463,0.4384249996601244,0.11680478078944541,0.7318385650224215,0.13725490196078433,0.0,0.9596412556053812,0.25514018691588786,0.0,K002+KI05+KA05
svm,raw,source_holdout,0.7154811715481172,0.6601734954997469,0.13343887148645678,0.3515958747387011,0.07882181489976843,,,,,,,K002+KI05+KA05
svm,raw,target_real,0.7569506726457399,0.7408046714273273,0.10409699348921225,0.36206273333505795,0.06972749810482733,0.4475336322869955,0.01603206412825651,0.41076233183856503,0.5946188340807175,0.042232277526395176,0.6071748878923767,K002+KI05+KA05
svm,temperature,target_real,0.7569506726457399,0.7408046714273273,0.08676866039098906,0.34821901215984596,0.0696099504538089,0.4439461883408072,0.01616161616161616,0.39641255605381165,0.5910313901345291,0.042488619119878605,0.6035874439461884,K002+KI05+KA05
svm,isotonic,target_real,0.7210762331838565,0.7135440866897151,0.2704127116507931,0.5530929543573655,0.1689195171771654,0.9479820627802691,0.282876064333018,0.0,1.0,0.2789237668161435,0.0,K002+KI05+KA05
xgboost,raw,source_holdout,0.899581589958159,0.9004315783472111,0.04378141094949957,0.14120108212130805,0.022338830220550325,,,,,,,K002+KI05+KA05
xgboost,raw,target_real,0.7192825112107624,0.7037345003568841,0.20270638810679514,0.46653216085959026,0.12127288367402268,0.45829596412556056,0.10763209393346379,0.09417040358744394,0.8430493273542601,0.2297872340425532,0.28699551569506726,K002+KI05+KA05
xgboost,temperature,target_real,0.7192825112107624,0.7037345003568841,0.1813529291978048,0.4510952730874872,0.1209471538631619,0.4600896860986547,0.10526315789473684,0.09417040358744394,0.8475336322869955,0.2328042328042328,0.2914798206278027,K002+KI05+KA05
xgboost,isotonic,target_real,0.695067264573991,0.6875354145578286,0.21937317361600264,0.5103989780003639,0.21167099523110777,0.5928251121076233,0.15279878971255673,0.0,0.9255605381165919,0.2771317829457364,0.0,K002+KI05+KA05
random_forest,raw,source_holdout,0.9416666666666667,0.9413489086836485,0.18274944840196844,0.174580773319774,0.014698432204703045,,,,,,,K002+KI05+KA06
random_forest,raw,target_real,0.7506726457399103,0.7427343465670407,0.06200546411424637,0.36322712128116014,0.13502306360064326,0.7354260089686099,0.12682926829268293,0.0053811659192825115,0.8672645739910314,0.18407445708376421,0.0053811659192825115,K002+KI05+KA06
random_forest,temperature,target_real,0.7506726457399103,0.7427343465670407,0.17890237052376595,0.4180845671315347,0.13258550190480461,0.7318385650224215,0.125,0.0053811659192825115,0.9013452914798207,0.19900497512437812,0.0053811659192825115,K002+KI05+KA06
random_forest,isotonic,target_real,0.7443946188340808,0.7311350268178686,0.1999877831511,0.4468451245977505,0.1224349417818405,0.8340807174887892,0.17419354838709677,0.0,0.9775784753363229,0.24311926605504589,0.0,K002+KI05+KA06
svm,raw,source_holdout,0.7291666666666666,0.6736441946365109,0.1579980766150942,0.3309723073341706,0.059849951296743135,,,,,,,K002+KI05+KA06
svm,raw,target_real,0.7515695067264574,0.7444951184061689,0.11347701176651902,0.3707239755462458,0.07268612475737474,0.45829596412556056,0.029354207436399216,0.10403587443946188,0.6439461883408072,0.07103064066852367,0.600896860986547,K002+KI05+KA06
svm,temperature,target_real,0.7515695067264574,0.7444951184061689,0.08268444492078315,0.3468865522991171,0.07324343493608594,0.46278026905829595,0.029069767441860465,0.10762331838565023,0.6520179372197309,0.07152682255845942,0.5964125560538116,K002+KI05+KA06
svm,isotonic,target_real,0.7013452914798206,0.6949876096758937,0.25715418589037686,0.5000026314876551,0.16608226032274104,0.884304932735426,0.24746450304259635,0.0,0.9201793721973094,0.23976608187134502,0.0,K002+KI05+KA06
xgboost,raw,source_holdout,0.9166666666666666,0.9156619472086053,0.034910416975617385,0.11113993306431764,0.01291354560492536,,,,,,,K002+KI05+KA06
xgboost,raw,target_real,0.7147982062780269,0.7032613626435075,0.1952055770720067,0.45975962465799475,0.11274085232194248,0.4717488789237668,0.0817490494296578,0.016143497757847534,0.8869955156950673,0.24469160768452983,0.34977578475336324,K002+KI05+KA06
xgboost,temperature,target_real,0.7147982062780269,0.7032613626435075,0.1618109917047389,0.43356769424522995,0.11237208550381741,0.473542600896861,0.08143939393939394,0.016143497757847534,0.8591928251121076,0.2348643006263048,0.3524663677130045,K002+KI05+KA06
xgboost,isotonic,target_real,0.6852017937219731,0.6798935873741684,0.23063043117329857,0.5249481436200973,0.19291343384871792,0.5991031390134529,0.1467065868263473,0.0,0.9704035874439462,0.30129390018484287,0.0,K002+KI05+KA06
random_forest,raw,source_holdout,0.9416666666666667,0.9413489086836485,0.18806193195184137,0.17430421331148108,0.013760986530247805,,,,,,,K002+KI05+KA07
random_forest,raw,target_real,0.7488789237668162,0.7408209459368532,0.057269423564917,0.3641423778824931,0.14146142271411571,0.7461883408071749,0.12980769230769232,0.003587443946188341,0.8582959641255605,0.17972831765935215,0.003587443946188341,K002+KI05+KA07
random_forest,temperature,target_real,0.7488789237668162,0.7408209459368532,0.18161142832830712,0.4210431571536823,0.13897659776357985,0.7130044843049327,0.11949685534591195,0.004484304932735426,0.8807174887892377,0.1894093686354379,0.004484304932735426,K002+KI05+KA07
random_forest,isotonic,target_real,0.7408071748878924,0.728048035806253,0.20585209319232195,0.45124040734055154,0.12898773734610894,0.841255605381166,0.17057569296375266,0.0,1.0,0.2591928251121076,0.0,K002+KI05+KA07
svm,raw,source_holdout,0.725,0.6647342724146045,0.15719042236805394,0.3375727686971185,0.06096311904034514,,,,,,,K002+KI05+KA07
svm,raw,target_real,0.7515695067264574,0.7447322670441704,0.11260101279612018,0.37209838231637266,0.07464868594247481,0.4484304932735426,0.03,0.09327354260089686,0.6466367713004484,0.07212205270457697,0.589237668161435,K002+KI05+KA07
svm,temperature,target_real,0.7515695067264574,0.7447322670441704,0.08981433220758026,0.34515323007148807,0.075458520423354,0.4367713004484305,0.03285420944558522,0.1031390134529148,0.6466367713004484,0.06934812760055478,0.567713004484305,K002+KI05+KA07
svm,isotonic,target_real,0.6986547085201794,0.691602047686586,0.24477422059861031,0.4800771485968543,0.1633899760603033,0.8538116591928251,0.23634453781512604,0.0,0.9022421524663677,0.2276341948310139,0.0,K002+KI05+KA07
xgboost,raw,source_holdout,0.9375,0.937122526032954,0.021773586422205008,0.08594282963243034,0.013775677591588664,,,,,,,K002+KI05+KA07
xgboost,raw,target_real,0.7031390134529149,0.6928857374942532,0.1989512816672902,0.4825234109761806,0.12777675063703334,0.6349775784753363,0.1638418079096045,0.04035874439461883,0.9174887892376682,0.27370478983382207,0.33004484304932735,K002+KI05+KA07
xgboost,temperature,target_real,0.7031390134529149,0.6928857374942532,0.18022817444683886,0.4685634394442666,0.12752704078239047,0.6286995515695067,0.15977175463623394,0.04125560538116592,0.9165919282511211,0.27495107632093935,0.3309417040358744,K002+KI05+KA07
xgboost,isotonic,target_real,0.6753363228699552,0.6706774997699365,0.24791470703429125,0.5456510036393509,0.20744777929428726,0.6672645739910313,0.18951612903225806,0.0,0.9955156950672646,0.3225225225225225,0.0,K002+KI05+KA07
random_forest,raw,source_holdout,0.9414225941422594,0.9412974683544304,0.17765863786598102,0.1738929863784433,0.014440068062201836,,,,,,,K002+KI05+KA08
random_forest,raw,target_real,0.7533632286995515,0.7452202469996064,0.07022353449909587,0.3632158164594992,0.13884527898742272,0.7031390134529149,0.11479591836734694,0.0017937219730941704,0.8672645739910314,0.18304033092037228,0.0017937219730941704,K002+KI05+KA08
random_forest,temperature,target_real,0.7533632286995515,0.7452202469996064,0.1781286902707762,0.4179953786090836,0.13498623857154468,0.6762331838565022,0.10742705570291777,0.0026905829596412557,0.8977578475336323,0.19880119880119881,0.0026905829596412557,K002+KI05+KA08
random_forest,isotonic,target_real,0.7390134529147983,0.7221491027924536,0.20198107006138993,0.4513255908504755,0.13176806896590024,0.8385650224215246,0.17647058823529413,0.0,0.9901345291479821,0.2536231884057971,0.0,K002+KI05+KA08
svm,raw,source_holdout,0.7238493723849372,0.6646339010405203,0.156587837470425,0.33363869828715814,0.060776368871724246,,,,,,,K002+KI05+KA08
svm,raw,target_real,0.747085201793722,0.7412061084808812,0.11679304147919144,0.37342880538102385,0.07520118941685783,0.44573991031390137,0.030181086519114688,0.18295964125560538,0.6475336322869956,0.07202216066481995,0.5937219730941704,K002+KI05+KA08
svm,temperature,target_real,0.747085201793722,0.7412061084808812,0.08996289472360625,0.346364874622052,0.07616562985776337,0.44663677130044843,0.03413654618473896,0.10852017937219731,0.6520179372197309,0.07427785419532325,0.5641255605381166,K002+KI05+KA08
svm,isotonic,target_real,0.695067264573991,0.6885279294914567,0.2471904891668686,0.48278984648036255,0.164133137273918,0.852914798206278,0.23659305993690852,0.0,0.8986547085201794,0.22854291417165667,0.0,K002+KI05+KA08
xgboost,raw,source_holdout,0.9163179916317992,0.9155857364095351,0.03272284835452316,0.11503734655935748,0.013382807473328607,,,,,,,K002+KI05+KA08
xgboost,raw,target_real,0.7121076233183856,0.6994858247066279,0.1970466565925444,0.4622944359882205,0.11751970675233588,0.379372197309417,0.06855791962174941,0.054708520179372194,0.8834080717488789,0.24467005076142131,0.3130044843049327,K002+KI05+KA08
xgboost,temperature,target_real,0.7121076233183856,0.6994858247066279,0.16589425228189406,0.4383712968012573,0.11719469982707394,0.37309417040358744,0.06971153846153846,0.053811659192825115,0.874439461883408,0.24205128205128204,0.31569506726457397,K002+KI05+KA08
xgboost,isotonic,target_real,0.6869955156950672,0.6808781441869677,0.21817039111213526,0.5360593705985155,0.21953236907353899,0.5479820627802691,0.2176759410801964,0.0,0.97847533632287,0.3015582034830431,0.0,K002+KI05+KA08
random_forest,raw,source_holdout,0.9372384937238494,0.9371331236897275,0.17741845721186827,0.16555529600289912,0.011892441890877367,,,,,,,K002+KI05+KA09
random_forest,raw,target_real,0.7515695067264574,0.7408872614105491,0.06782513663932126,0.36782209307357494,0.13681514020489208,0.7183856502242153,0.12109862671660425,0.0053811659192825115,0.8475336322869955,0.17883597883597885,0.0053811659192825115,K002+KI05+KA09
random_forest,temperature,target_real,0.7515695067264574,0.7408872614105491,0.1718389096938428,0.4187144825084251,0.13225500003310212,0.7506726457399103,0.12903225806451613,0.006278026905829596,0.8780269058295964,0.195097037793667,0.006278026905829596,K002+KI05+KA09
random_forest,isotonic,target_real,0.7434977578475336,0.7313631503770693,0.18001659854197827,0.4214257819776183,0.11145853108080161,0.7775784753363228,0.13610149942329874,0.0,0.9919282511210762,0.2522603978300181,0.0,K002+KI05+KA09
svm,raw,source_holdout,0.7280334728033473,0.6726255513440867,0.15000250214246963,0.3324926852779161,0.06097519923236608,,,,,,,K002+KI05+KA09
svm,raw,target_real,0.7443946188340808,0.7392792653921703,0.11844342127008006,0.3746767223711519,0.07607088711276488,0.45022421524663675,0.029880478087649404,0.18295964125560538,0.6394618834080718,0.07012622720897616,0.5946188340807175,K002+KI05+KA09
svm,temperature,target_real,0.7443946188340808,0.7392792653921703,0.09308226271069968,0.35011416010186563,0.07672156823839382,0.4475336322869955,0.03406813627254509,0.12466367713004484,0.6448430493273543,0.0737134909596662,0.5955156950672645,K002+KI05+KA09
svm,isotonic,target_real,0.6977578475336322,0.6918346163253162,0.2505908218728363,0.49113436733846344,0.1650269252444663,0.8663677130044843,0.2432712215320911,0.0,0.9067264573991032,0.2334322453016815,0.0,K002+KI05+KA09
xgboost,raw,source_holdout,0.9246861924686193,0.9240121053622197,0.026499976049407275,0.11048923159538886,0.012177001376290774,,,,,,,K002+KI05+KA09
xgboost,raw,target_real,0.7147982062780269,0.7026371292925511,0.19656245066980607,0.4610841590460755,0.11733425324533411,0.4188340807174888,0.08137044967880086,0.09327354260089686,0.8609865470852018,0.23541666666666666,0.3255605381165919,K002+KI05+KA09
xgboost,temperature,target_real,0.7147982062780269,0.7026371292925511,0.17135864385230998,0.4414356151710041,0.11677901280943816,0.4179372197309417,0.0815450643776824,0.0968609865470852,0.8609865470852018,0.23645833333333333,0.3273542600896861,K002+KI05+KA09
xgboost,isotonic,target_real,0.6807174887892377,0.6747236948021685,0.2523826317882154,0.548025176691433,0.23308411798894274,0.7551569506726458,0.22684085510688837,0.0,1.0,0.31928251121076234,0.0,K002+KI05+KA09
random_forest,raw,source_holdout,0.39748953974895396,0.3075856757797459,0.24209813464208751,0.5270333903597387,0.2974516086354157,,,,,,,K002+KI07+KA01
random_forest,raw,target_real,0.7596412556053812,0.7499665201441101,0.08621173148792234,0.37381508624441456,0.15475039654935813,0.0242152466367713,0.5925925925925926,0.0,0.18923766816143497,0.0995260663507109,0.0,K002+KI07+KA01
random_forest,temperature,target_real,0.7596412556053812,0.7499665201441101,0.15501305002591115,0.39435082347038686,0.15646211348552896,0.025112107623318385,0.5714285714285714,0.0,0.18385650224215247,0.1024390243902439,0.0,K002+KI07+KA01
random_forest,isotonic,target_real,0.6986547085201794,0.6963187688158919,0.22712222916471558,0.6064516765315027,0.25800858442572755,0.4170403587443946,0.3956989247311828,0.0,0.9659192825112107,0.2915506035283194,0.0,K002+KI07+KA01
svm,raw,source_holdout,0.3305439330543933,0.1661409043112513,0.5682806135506621,1.0537286239573724,0.3164621536819851,,,,,,,K002+KI07+KA01
svm,raw,target_real,0.747085201793722,0.7403222065615065,0.09155486565930376,0.38168597305158236,0.08830523148813349,0.0242152466367713,0.0,0.12286995515695068,0.08878923766816144,0.0,0.4547085201793722,K002+KI07+KA01
svm,temperature,target_real,0.747085201793722,0.7403222065615065,0.2550541669745195,0.4706981879509748,0.0948728742484474,0.0242152466367713,0.0,0.14887892376681613,0.053811659192825115,0.0,0.34260089686098655,K002+KI07+KA01
svm,isotonic,target_real,0.5856502242152466,0.5845733092291291,0.32857419333947413,0.7185008350155031,0.28184970726958275,0.4260089686098655,0.29894736842105263,0.0,0.9004484304932735,0.39243027888446214,0.0,K002+KI07+KA01
xgboost,raw,source_holdout,0.9163179916317992,0.9141748169525946,0.1108161118738821,0.19296878909465492,0.056479808930651194,,,,,,,K002+KI07+KA01
xgboost,raw,target_real,0.6914798206278027,0.6753439153439152,0.2030240010787553,0.5023845403008599,0.16556436778627373,0.05560538116591928,0.0,0.05560538116591928,0.6349775784753363,0.20056497175141244,0.13542600896860987,K002+KI07+KA01
xgboost,temperature,target_real,0.6914798206278027,0.6753439153439152,0.20561619770643563,0.5042368815501515,0.16558291383695292,0.05560538116591928,0.0,0.05560538116591928,0.6349775784753363,0.20056497175141244,0.13632286995515694,K002+KI07+KA01
xgboost,isotonic,target_real,0.6672645739910313,0.6624146154923842,0.2724833160277155,0.6347632762609194,0.28656250445356735,0.884304932735426,0.3154158215010142,0.0,0.9856502242152466,0.3248407643312102,0.0,K002+KI07+KA01
random_forest,raw,source_holdout,0.6150627615062761,0.5140136927685067,0.07698465265891147,0.41029290969742155,0.1605405513972266,,,,,,,K002+KI07+KA03
random_forest,raw,target_real,0.7659192825112108,0.7496928250876685,0.05217050734692097,0.356001326523731,0.1409398022049213,0.033183856502242155,0.3783783783783784,0.0008968609865470852,0.2878923766816143,0.08099688473520249,0.0008968609865470852,K002+KI07+KA03
random_forest,temperature,target_real,0.7659192825112108,0.7496928250876685,0.049501553379753635,0.3553649991121772,0.14065891616025472,0.033183856502242155,0.3783783783783784,0.0008968609865470852,0.2905829596412556,0.08024691358024691,0.0008968609865470852,K002+KI07+KA03
random_forest,isotonic,target_real,0.6529147982062781,0.6568993151226935,0.2277014512497979,0.5753559236953206,0.24069848147982037,0.5919282511210763,0.22727272727272727,0.0,1.0,0.347085201793722,0.0,K002+KI07+KA03
svm,raw,source_holdout,0.33472803347280333,0.17479674796747968,0.5994676557170859,1.1529354099245732,0.3716605510104624,,,,,,,K002+KI07+KA03
svm,raw,target_real,0.7443946188340808,0.7082420042485119,0.09877095267843256,0.3693814266166081,0.07331030091585881,0.008071748878923767,0.0,0.34439461883408073,0.008071748878923767,0.0,0.5775784753363229,K002+KI07+KA03
svm,temperature,target_real,0.7443946188340808,0.7082420042485119,0.28826493215399646,0.4781122382045378,0.06857839544224859,0.009865470852017937,0.0,0.2367713004484305,0.009865470852017937,0.0,0.5946188340807175,K002+KI07+KA03
svm,isotonic,target_real,0.567713004484305,0.5667701086789854,0.15413475221854614,0.5665235569923933,0.2617998941914677,0.04663677130044843,0.0,0.04663677130044843,0.7730941704035874,0.37819025522041766,0.11031390134529148,K002+KI07+KA03
xgboost,raw,source_holdout,0.8870292887029289,0.8878164089431695,0.05358404644363597,0.174355839790317,0.03526344702883033,,,,,,,K002+KI07+KA03
xgboost,raw,target_real,0.7228699551569506,0.7054679448296115,0.18537156338648952,0.45837588743376706,0.12352240423038637,0.11210762331838565,0.016,0.2242152466367713,0.7228699551569506,0.1935483870967742,0.2932735426008969,K002+KI07+KA03
xgboost,temperature,target_real,0.7228699551569506,0.7054679448296115,0.15313926971645642,0.4374891615535891,0.12346158673339255,0.11210762331838565,0.016,0.21704035874439462,0.7336322869955157,0.1980440097799511,0.29237668161434976,K002+KI07+KA03
xgboost,isotonic,target_real,0.6636771300448431,0.6622009965534744,0.2328761800170331,0.5668366133923539,0.27442890850209406,0.7461883408071749,0.2608173076923077,0.0,0.9560538116591928,0.31894934333958724,0.0,K002+KI07+KA03
random_forest,raw,source_holdout,0.6470588235294118,0.542306178669815,0.17014331764524743,0.32034829392675823,0.12167406574621475,,,,,,,K002+KI07+KA05
random_forest,raw,target_real,0.757847533632287,0.7419513686155416,0.058905314975374504,0.376381403848402,0.14872940329504036,0.06995515695067264,0.24358974358974358,0.0017937219730941704,0.6304932735426009,0.10668563300142248,0.0017937219730941704,K002+KI07+KA05
random_forest,temperature,target_real,0.757847533632287,0.7419513686155416,0.06190851285026781,0.3768384722591989,0.14890641452861575,0.06995515695067264,0.24358974358974358,0.0017937219730941704,0.6313901345291479,0.10653409090909091,0.0017937219730941704,K002+KI07+KA05
random_forest,isotonic,target_real,0.6807174887892377,0.6776908694982046,0.222904991120981,0.5959374686203032,0.2627968986373179,0.6860986547085202,0.2758169934640523,0.0,0.9650224215246637,0.3076208178438662,0.0,K002+KI07+KA05
svm,raw,source_holdout,0.6596638655462185,0.5504024394567953,0.26919122588638666,0.564062956094969,0.1265356618277403,,,,,,,K002+KI07+KA05
svm,raw,target_real,0.758744394618834,0.7423050030599222,0.1028404705912264,0.3632382138168372,0.06498882801414445,0.0242152466367713,0.0,0.46278026905829595,0.13183856502242153,0.006802721088435374,0.6071748878923767,K002+KI07+KA05
svm,temperature,target_real,0.758744394618834,0.7423050030599222,0.15452744194989634,0.3656351055023552,0.06438155570213339,0.016143497757847534,0.0,0.3883408071748879,0.12914798206278028,0.006944444444444444,0.611659192825112,K002+KI07+KA05
svm,isotonic,target_real,0.5982062780269058,0.5993534418594991,0.2861340621487801,0.6894708386335534,0.24943743679258826,0.589237668161435,0.2785388127853881,0.0,0.9318385650224216,0.3917228103946102,0.0,K002+KI07+KA05
xgboost,raw,source_holdout,0.8571428571428571,0.8552721673464707,0.06597371737496188,0.21616840908405446,0.03873275582606129,,,,,,,K002+KI07+KA05
xgboost,raw,target_real,0.7246636771300449,0.7068172885029241,0.18691703912388585,0.4644225361304634,0.12207623414173666,0.14798206278026907,0.01818181818181818,0.10044843049327354,0.7121076233183856,0.20906801007556675,0.3820627802690583,K002+KI07+KA05
xgboost,temperature,target_real,0.7246636771300449,0.7068172885029241,0.13404151691166397,0.4336872640194392,0.1209117430845701,0.17488789237668162,0.02564102564102564,0.10224215246636771,0.705829596412556,0.20584498094027953,0.38385650224215245,K002+KI07+KA05
xgboost,isotonic,target_real,0.683408071748879,0.6806426982536221,0.22123192357900834,0.6033560030283458,0.2849921543126294,0.7255605381165919,0.3226205191594561,0.0,0.9982062780269059,0.31716082659478884,0.0,K002+KI07+KA05
random_forest,raw,source_holdout,0.6652719665271967,0.5523819488037943,0.17986109085701996,0.2961341618441958,0.06822982772351754,,,,,,,K002+KI07+KA06
random_forest,raw,target_real,0.7434977578475336,0.7341113329046411,0.04904796504864107,0.37527903477770413,0.15665777070231077,0.039461883408071746,0.4318181818181818,0.0,0.6224215246636772,0.10951008645533142,0.0,K002+KI07+KA06
random_forest,temperature,target_real,0.7434977578475336,0.7341113329046411,0.1125333052918869,0.3837445892991472,0.15718102326832498,0.04125560538116592,0.41304347826086957,0.0,0.6242152466367713,0.11206896551724138,0.0,K002+KI07+KA06
random_forest,isotonic,target_real,0.5910313901345291,0.5985922286798653,0.316445447158672,0.6937066223294289,0.30163389915907707,0.5192825112107623,0.48877374784110533,0.0,0.9659192825112107,0.40018570102135564,0.0,K002+KI07+KA06
svm,raw,source_holdout,0.6652719665271967,0.5534851621808143,0.2861862086597915,0.540621739484186,0.07824553058830125,,,,,,,K002+KI07+KA06
svm,raw,target_real,0.7497757847533633,0.743568545651879,0.11708744486495168,0.37361976028499616,0.07323678005200256,0.07533632286995516,0.0,0.20538116591928252,0.3022421524663677,0.02373887240356083,0.5982062780269058,K002+KI07+KA06
svm,temperature,target_real,0.7497757847533633,0.743568545651879,0.1457099655832174,0.35975432059276236,0.07474877607739092,0.006278026905829596,0.0,0.18923766816143497,0.22780269058295965,0.015748031496062992,0.6035874439461884,K002+KI07+KA06
svm,isotonic,target_real,0.6125560538116592,0.6138281735496948,0.3343263592410295,0.7285428435413486,0.29923896595423793,0.7659192825112108,0.41217798594847777,0.0,0.9695067264573991,0.37650323774283073,0.0,K002+KI07+KA06
xgboost,raw,source_holdout,0.8702928870292888,0.8635824600321861,0.05886263004406725,0.1965962556967529,0.028047149879556983,,,,,,,K002+KI07+KA06
xgboost,raw,target_real,0.7022421524663677,0.6882683382683382,0.2076581210298923,0.490278325205088,0.12704912348183378,0.20986547085201793,0.017094017094017096,0.05560538116591928,0.6905829596412556,0.19220779220779222,0.34260089686098655,K002+KI07+KA06
xgboost,temperature,target_real,0.7022421524663677,0.6882683382683382,0.13083077153798198,0.4386576726876531,0.12639370044005063,0.20986547085201793,0.017094017094017096,0.054708520179372194,0.672645739910314,0.184,0.347085201793722,K002+KI07+KA06
xgboost,isotonic,target_real,0.6511210762331838,0.6528905807568228,0.2708156133860409,0.6421471043072465,0.2823668300417469,0.8430493273542601,0.3170212765957447,0.0,0.9650224215246637,0.33736059479553904,0.0,K002+KI07+KA06
random_forest,raw,source_holdout,0.6652719665271967,0.5523819488037943,0.186981295144946,0.2908610829185407,0.072664698885374,,,,,,,K002+KI07+KA07
random_forest,raw,target_real,0.7426008968609865,0.7326519943162414,0.04674366665091859,0.3766576834980246,0.16458132494283173,0.07623318385650224,0.2823529411764706,0.0,0.6582959641255606,0.12397820163487738,0.0,K002+KI07+KA07
random_forest,temperature,target_real,0.7426008968609865,0.7326519943162414,0.06485870093449644,0.37834472379419526,0.1651963871767061,0.07623318385650224,0.2823529411764706,0.0,0.6556053811659193,0.12448700410396717,0.0,K002+KI07+KA07
random_forest,isotonic,target_real,0.6161434977578475,0.6213737389625086,0.2966730056720551,0.6509634722638172,0.26493873849556837,0.6708520179372197,0.35561497326203206,0.0,0.9542600896860987,0.3768796992481203,0.0,K002+KI07+KA07
svm,raw,source_holdout,0.6652719665271967,0.5534851621808143,0.2857358220146372,0.5385809013471204,0.06904569317807478,,,,,,,K002+KI07+KA07
svm,raw,target_real,0.7524663677130045,0.7458604038497089,0.11359573960607719,0.3712382572429382,0.07281173926975568,0.07085201793721974,0.0,0.19730941704035873,0.2547085201793722,0.02112676056338028,0.5982062780269058,K002+KI07+KA07
svm,temperature,target_real,0.7524663677130045,0.7458604038497089,0.16348178294775362,0.380129542233686,0.0746976634681818,0.06098654708520179,0.0,0.17130044843049327,0.19282511210762332,0.013953488372093023,0.5856502242152466,K002+KI07+KA07
svm,isotonic,target_real,0.5982062780269058,0.6016386279639074,0.330486044241714,0.746666036369479,0.2903921915521777,0.7399103139013453,0.41333333333333333,0.0,0.9524663677130045,0.3907721280602637,0.0,K002+KI07+KA07
xgboost,raw,source_holdout,0.891213389121339,0.888104380858004,0.05897153571061013,0.15167748654392918,0.02436373539456869,,,,,,,K002+KI07+KA07
xgboost,raw,target_real,0.6690582959641256,0.6582971380562368,0.22601168102213082,0.5394042025304655,0.16121656318684785,0.46995515695067264,0.14694656488549618,0.02600896860986547,0.757847533632287,0.26272189349112424,0.2304932735426009,K002+KI07+KA07
xgboost,temperature,target_real,0.6690582959641256,0.6582971380562368,0.18328811738736644,0.5051166777574579,0.1605439336015397,0.4852017937219731,0.14972273567467653,0.025112107623318385,0.7632286995515695,0.26674500587544064,0.2358744394618834,K002+KI07+KA07
xgboost,isotonic,target_real,0.6295964125560538,0.6331958793308078,0.3151516819368774,0.692906730689159,0.3109225096942186,0.9381165919282511,0.3546845124282983,0.0,0.9883408071748879,0.3666061705989111,0.0,K002+KI07+KA07
random_forest,raw,source_holdout,0.6680672268907563,0.5615105945188688,0.17589118974018364,0.29316753123275363,0.07132434390374516,,,,,,,K002+KI07+KA08
random_forest,raw,target_real,0.747085201793722,0.7380827997859271,0.060745382406052865,0.37006356146379105,0.15045691618309304,0.034080717488789235,0.47368421052631576,0.0008968609865470852,0.6152466367713004,0.10641399416909621,0.0008968609865470852,K002+KI07+KA08
random_forest,temperature,target_real,0.747085201793722,0.7380827997859271,0.12187425169305313,0.3811851909690332,0.1513873305043747,0.03587443946188341,0.475,0.0008968609865470852,0.6098654708520179,0.10147058823529412,0.0008968609865470852,K002+KI07+KA08
random_forest,isotonic,target_real,0.5991031390134529,0.6061728952536135,0.31590844983956085,0.7012199436914917,0.30842522064329175,0.5802690582959641,0.45904173106646057,0.0,0.957847533632287,0.38670411985018727,0.0,K002+KI07+KA08
svm,raw,source_holdout,0.6638655462184874,0.5534591194968553,0.287200176323654,0.5406679074031147,0.06992646528961038,,,,,,,K002+KI07+KA08
svm,raw,target_real,0.7524663677130045,0.7458604038497089,0.11420315133250267,0.37158309510224435,0.07282815531931691,0.05739910313901345,0.0,0.19730941704035873,0.26367713004484306,0.02040816326530612,0.5973094170403588,K002+KI07+KA08
svm,temperature,target_real,0.7524663677130045,0.7458604038497089,0.16872842797528279,0.38187384487938825,0.07476621399313162,0.05739910313901345,0.0,0.17937219730941703,0.19730941704035873,0.013636363636363636,0.5856502242152466,K002+KI07+KA08
svm,isotonic,target_real,0.600896860986547,0.6040144498183725,0.3476745237845599,0.7416629677077256,0.28984077418878845,0.7192825112107624,0.39775561097256856,0.0,0.9623318385650225,0.38024231127679403,0.0,K002+KI07+KA08
xgboost,raw,source_holdout,0.8445378151260504,0.8351132805369504,0.0770478163446699,0.20586685553448375,0.03317942915303951,,,,,,,K002+KI07+KA08
xgboost,raw,target_real,0.6977578475336322,0.6852568150138133,0.20797596715490912,0.49734580799975636,0.13300360556315038,0.06188340807174888,0.028985507246376812,0.04484304932735426,0.7067264573991031,0.20939086294416243,0.3237668161434978,K002+KI07+KA08
xgboost,temperature,target_real,0.6977578475336322,0.6852568150138133,0.131939276504453,0.44525986960936675,0.13172165570588062,0.06098654708520179,0.029411764705882353,0.04484304932735426,0.7040358744394619,0.20254777070063695,0.3309417040358744,K002+KI07+KA08
xgboost,isotonic,target_real,0.6322869955156951,0.6365276363176183,0.29522098146249687,0.6451554864249158,0.28757196327894924,0.8286995515695067,0.30303030303030304,0.0,0.967713004484305,0.35588507877664505,0.0,K002+KI07+KA08
random_forest,raw,source_holdout,0.6596638655462185,0.5483987489537906,0.1927013576989325,0.29865240689179745,0.07438984229134325,,,,,,,K002+KI07+KA09
random_forest,raw,target_real,0.7408071748878924,0.7295567942935164,0.04985069164057818,0.3785884148639354,0.15412536818927286,0.06278026905829596,0.2714285714285714,0.0008968609865470852,0.6295964125560538,0.11396011396011396,0.0008968609865470852,K002+KI07+KA09
random_forest,temperature,target_real,0.7408071748878924,0.7295567942935164,0.06502155625580405,0.3817404319451079,0.1546608863396528,0.06188340807174888,0.2753623188405797,0.0008968609865470852,0.6233183856502242,0.11079136690647481,0.0008968609865470852,K002+KI07+KA09
random_forest,isotonic,target_real,0.6044843049327354,0.6112374004010754,0.31041037448381886,0.6961568604589288,0.26552586919949983,0.6852017937219731,0.3913612565445026,0.0,0.9775784753363229,0.39541284403669724,0.0,K002+KI07+KA09
svm,raw,source_holdout,0.6638655462184874,0.5534591194968553,0.2864350032830961,0.5421989251743081,0.07578294390697904,,,,,,,K002+KI07+KA09
svm,raw,target_real,0.7488789237668162,0.7422190363201312,0.1148873487026832,0.37048544196069005,0.07295807783960179,0.05560538116591928,0.0,0.19282511210762332,0.2663677130044843,0.026936026936026935,0.5928251121076233,K002+KI07+KA09
svm,temperature,target_real,0.7488789237668162,0.7422190363201312,0.1593686087272607,0.3641047047531363,0.07404621033009241,0.04753363228699552,0.0,0.18206278026905828,0.21255605381165918,0.012658227848101266,0.5946188340807175,K002+KI07+KA09
svm,isotonic,target_real,0.6017937219730942,0.603852045804698,0.350848051779681,0.7514786978280427,0.3103307192529331,0.7802690582959642,0.4241379310344828,0.0,0.9811659192825112,0.3921389396709324,0.0,K002+KI07+KA09
xgboost,raw,source_holdout,0.8697478991596639,0.8640365695256257,0.057151506803616754,0.19280822798652958,0.028931125885025947,,,,,,,K002+KI07+KA09
xgboost,raw,target_real,0.7121076233183856,0.6984462378256451,0.19253358536237025,0.475057543108315,0.12268913248869366,0.23946188340807176,0.02247191011235955,0.04663677130044843,0.7201793721973094,0.20049813200498132,0.34439461883408073,K002+KI07+KA09
xgboost,temperature,target_real,0.7121076233183856,0.6984462378256451,0.13633489363993317,0.43221375292914865,0.12190177505761018,0.23318385650224216,0.023076923076923078,0.04753363228699552,0.7013452914798206,0.1918158567774936,0.3506726457399103,K002+KI07+KA09
xgboost,isotonic,target_real,0.6681614349775785,0.6672994435298502,0.30409589055963543,0.639310367387384,0.28719408461121376,0.9524663677130045,0.3126177024482109,0.0,0.9748878923766816,0.3247470101195952,0.0,K002+KI07+KA09
random_forest,raw,source_holdout,0.453781512605042,0.40043226250122804,0.21380816360725574,0.5477902800845793,0.3752736038184671,,,,,,,K002+KI08+KA01
random_forest,raw,target_real,0.7515695067264574,0.7433634453583244,0.0884478022687132,0.37970593542201503,0.16112480920319608,0.0,,0.0,0.0,,0.0,K002+KI08+KA01
random_forest,temperature,target_real,0.7515695067264574,0.7433634453583244,0.07682952535752852,0.3786251778879175,0.16092111275937693,0.0,,0.0,0.0,,0.0,K002+KI08+KA01
random_forest,isotonic,target_real,0.7246636771300449,0.7192432086947064,0.14751772543405123,0.510188319585658,0.20930445895718616,0.32286995515695066,0.4,0.0,0.5533632286995516,0.24149108589951376,0.0,K002+KI08+KA01
svm,raw,source_holdout,0.3067226890756303,0.1564844587352626,0.5447403585161659,1.0440340288409795,0.5853225700215154,,,,,,,K002+KI08+KA01
svm,raw,target_real,0.7273542600896861,0.7299424001615747,0.1289126711379259,0.42932489179597844,0.14162447297976097,0.0,,0.021524663677130046,0.0,,0.023318385650224215,K002+KI08+KA01
svm,temperature,target_real,0.7273542600896861,0.7299424001615747,0.2872472342728467,0.5305104567358836,0.14627301868811415,0.0,,0.0242152466367713,0.0,,0.028699551569506727,K002+KI08+KA01
svm,isotonic,target_real,0.6044843049327354,0.6053955946639824,0.1709364076906078,0.5923036601260703,0.2415179713990015,0.0,,0.03856502242152467,0.37847533632286995,0.3341232227488152,0.03856502242152467,K002+KI08+KA01
xgboost,raw,source_holdout,0.8697478991596639,0.8660803171223428,0.08092562340888657,0.21855852475336612,0.10506529842571607,,,,,,,K002+KI08+KA01
xgboost,raw,target_real,0.7085201793721974,0.7024655125247699,0.20858293512476936,0.48570027148998846,0.14956840664919277,0.0,,0.0017937219730941704,0.0,,0.0017937219730941704,K002+KI08+KA01
xgboost,temperature,target_real,0.7085201793721974,0.7024655125247699,0.1968109404145708,0.4763834155504438,0.1491787165961604,0.0,,0.0017937219730941704,0.0,,0.0017937219730941704,K002+KI08+KA01
xgboost,isotonic,target_real,0.6869955156950672,0.6839388566812984,0.25787118003856907,0.5815592385456249,0.2823288592788788,0.4179372197309417,0.5064377682403434,0.0008968609865470852,0.9506726457399103,0.2971698113207547,0.0008968609865470852,K002+KI08+KA01
random_forest,raw,source_holdout,0.5966386554621849,0.5105105105105106,0.12426510448260804,0.45577765911766543,0.2771534300623278,,,,,,,K002+KI08+KA03
random_forest,raw,target_real,0.758744394618834,0.7434939238309709,0.08027807654591353,0.36181071805227427,0.14609211881396478,0.0,,0.0,0.0,,0.0,K002+KI08+KA03
random_forest,temperature,target_real,0.758744394618834,0.7434939238309709,0.06547657881778803,0.36136812092459725,0.14455943781810512,0.0,,0.0,0.0,,0.0,K002+KI08+KA03
random_forest,isotonic,target_real,0.737219730941704,0.7286813394758127,0.15958131674559878,0.46914814977721897,0.21084838680980889,0.2672645739910314,0.3926174496644295,0.0,0.7659192825112108,0.1686182669789227,0.0,K002+KI08+KA03
svm,raw,source_holdout,0.3277310924369748,0.18454613653413354,0.5667698130764941,1.0912938812875885,0.566794726154815,,,,,,,K002+KI08+KA03
svm,raw,target_real,0.7659192825112108,0.7589785615299952,0.10977290786778163,0.35268011358885015,0.05903882204396803,0.0,,0.12645739910313902,0.0,,0.6753363228699552,K002+KI08+KA03
svm,temperature,target_real,0.7659192825112108,0.7589785615299952,0.3107618914391941,0.4813508495504021,0.06740883203012323,0.0,,0.11300448430493273,0.0,,0.5937219730941704,K002+KI08+KA03
svm,isotonic,target_real,0.45829596412556056,0.45120499767929423,0.25758794062841883,0.622663755699757,0.2888867825593937,0.0,,0.08609865470852018,0.0,,0.08609865470852018,K002+KI08+KA03
xgboost,raw,source_holdout,0.8403361344537815,0.8372231964789217,0.0861025544024315,0.23531684499709965,0.08733246653837828,,,,,,,K002+KI08+KA03
xgboost,raw,target_real,0.7130044843049327,0.6994815425286264,0.19887975475713277,0.480929348393304,0.13500300214638636,0.0,,0.02062780269058296,0.6358744394618834,0.18758815232722145,0.2699551569506726,K002+KI08+KA03
xgboost,temperature,target_real,0.7130044843049327,0.6994815425286264,0.15004616155347905,0.45112370067627433,0.13424194647356422,0.0,,0.01883408071748879,0.6349775784753363,0.18361581920903955,0.27802690582959644,K002+KI08+KA03
xgboost,isotonic,target_real,0.6618834080717488,0.6600646759234897,0.23404773112419425,0.5788165090076082,0.25818132287507645,0.4717488789237668,0.22813688212927757,0.0,0.9874439461883409,0.3333333333333333,0.0,K002+KI08+KA03
random_forest,raw,source_holdout,0.6286919831223629,0.5300772098704661,0.18952639022104073,0.35843552487128344,0.1407577098844034,,,,,,,K002+KI08+KA05
random_forest,raw,target_real,0.7551569506726458,0.7388748585734214,0.0865122832274704,0.3758845572308861,0.1521649735464915,0.0017937219730941704,0.5,0.0008968609865470852,0.662780269058296,0.10013531799729364,0.0008968609865470852,K002+KI08+KA05
random_forest,temperature,target_real,0.7551569506726458,0.7388748585734214,0.08011667301163984,0.37369520887011126,0.15142649915114828,0.0017937219730941704,0.5,0.0008968609865470852,0.6609865470852018,0.09905020352781546,0.0008968609865470852,K002+KI08+KA05
random_forest,isotonic,target_real,0.7147982062780269,0.7062904559798744,0.20351580482862452,0.49645367083644404,0.16171251476700435,0.3488789237668161,0.18251928020565553,0.0,0.8493273542600897,0.2375923970432946,0.0,K002+KI08+KA05
svm,raw,source_holdout,0.6455696202531646,0.5386752136752136,0.29594107930978836,0.6051118060555702,0.19411332442901158,,,,,,,K002+KI08+KA05
svm,raw,target_real,0.7381165919282511,0.7374966496248527,0.12114782602165677,0.4046722049044039,0.0863480942299552,0.0,,0.2116591928251121,0.010762331838565023,0.0,0.46816143497757845,K002+KI08+KA05
svm,temperature,target_real,0.7381165919282511,0.7374966496248527,0.14212810211862678,0.40112028602125777,0.08481772767495899,0.0,,0.23946188340807176,0.0,,0.47533632286995514,K002+KI08+KA05
svm,isotonic,target_real,0.6304932735426009,0.6327525972029454,0.16466964094469677,0.5278410506449039,0.1681956711549286,0.1757847533632287,0.11734693877551021,0.0,0.31748878923766816,0.10451977401129943,0.0,K002+KI08+KA05
xgboost,raw,source_holdout,0.8227848101265823,0.8155013557021094,0.075853133629143,0.245418029364444,0.0557897744886812,,,,,,,K002+KI08+KA05
xgboost,raw,target_real,0.7013452914798206,0.6914466620494634,0.21317425356852102,0.4944754300383357,0.13419756838477953,0.0053811659192825115,0.0,0.006278026905829596,0.7013452914798206,0.2020460358056266,0.3273542600896861,K002+KI08+KA05
xgboost,temperature,target_real,0.7013452914798206,0.6914466620494634,0.1586152052626767,0.45765779560958364,0.13288745157667467,0.0053811659192825115,0.0,0.006278026905829596,0.683408071748879,0.20078740157480315,0.33183856502242154,K002+KI08+KA05
xgboost,isotonic,target_real,0.6762331838565022,0.673606556023285,0.2513384342969311,0.584921919481131,0.26666905999229,0.5031390134529148,0.33868092691622104,0.0,0.9139013452914798,0.30814524043179586,0.0,K002+KI08+KA05
random_forest,raw,source_holdout,0.6554621848739496,0.5435940566302214,0.21142537127687913,0.3345437694804843,0.09961785219190633,,,,,,,K002+KI08+KA06
random_forest,raw,target_real,0.7381165919282511,0.7292301792072776,0.07777069652327366,0.37564816608092033,0.14876609716945238,0.014349775784753363,0.625,0.0008968609865470852,0.6609865470852018,0.1112618724559023,0.0008968609865470852,K002+KI08+KA06
random_forest,temperature,target_real,0.7381165919282511,0.7292301792072776,0.06836755925261545,0.3755899985944117,0.14846291832781783,0.014349775784753363,0.625,0.0008968609865470852,0.6600896860986547,0.11141304347826086,0.0008968609865470852,K002+KI08+KA06
random_forest,isotonic,target_real,0.7183856502242153,0.7103380542813819,0.18903310785011607,0.49739076602581406,0.23797376644752832,0.5147982062780269,0.3118466898954704,0.0,0.9479820627802691,0.26490066225165565,0.0,K002+KI08+KA06
svm,raw,source_holdout,0.634453781512605,0.5260570561932902,0.2959971779169276,0.6256174664083829,0.17468674516444707,,,,,,,K002+KI08+KA06
svm,raw,target_real,0.7174887892376681,0.7208949266531915,0.155285418109551,0.44979622524984897,0.155703982424674,0.02062780269058296,0.17391304347826086,0.013452914798206279,0.07354260089686099,0.14634146341463414,0.017937219730941704,K002+KI08+KA06
svm,temperature,target_real,0.7174887892376681,0.7208949266531915,0.1150924686369407,0.4190034860279999,0.15567324169276947,0.017040358744394617,0.05263157894736842,0.013452914798206279,0.04125560538116592,0.1956521739130435,0.017937219730941704,K002+KI08+KA06
svm,isotonic,target_real,0.6672645739910313,0.6667666228152679,0.20316197447081297,0.505971356691836,0.1339896652055378,0.37488789237668163,0.145933014354067,0.13721973094170403,0.9748878923766816,0.32842686292548295,0.14080717488789238,K002+KI08+KA06
xgboost,raw,source_holdout,0.8697478991596639,0.8651844900437494,0.0774756394514517,0.20839696203395483,0.04658016569749152,,,,,,,K002+KI08+KA06
xgboost,raw,target_real,0.694170403587444,0.6870355513388854,0.22281947833540194,0.5242890817760011,0.14492106254420817,0.01883408071748879,0.09523809523809523,0.007174887892376682,0.7614349775784753,0.23674911660777384,0.29417040358744395,K002+KI08+KA06
xgboost,temperature,target_real,0.694170403587444,0.6870355513388854,0.16473654645859864,0.4784886897542466,0.14277968620430687,0.01883408071748879,0.09523809523809523,0.007174887892376682,0.6663677130044843,0.2018842530282638,0.2986547085201794,K002+KI08+KA06
xgboost,isotonic,target_real,0.6609865470852018,0.6611853956853447,0.2672741526743383,0.5932519015651126,0.25158352698878206,0.3955156950672646,0.1927437641723356,0.0,0.9955156950672646,0.33603603603603605,0.0,K002+KI08+KA06
random_forest,raw,source_holdout,0.6596638655462185,0.5527699240436368,0.21743548709637886,0.33471260327795727,0.1261176111705962,,,,,,,K002+KI08+KA07
random_forest,raw,target_real,0.7399103139013453,0.7301747212434933,0.0711343243465966,0.3768702680543138,0.15732380906104423,0.0,,0.0008968609865470852,0.6896860986547085,0.1235370611183355,0.0008968609865470852,K002+KI08+KA07
random_forest,temperature,target_real,0.7399103139013453,0.7301747212434933,0.06578186956158676,0.37729185364833123,0.1567084549879806,0.0,,0.0008968609865470852,0.6878923766816144,0.121251629726206,0.0008968609865470852,K002+KI08+KA07
random_forest,isotonic,target_real,0.7121076233183856,0.7050429737740389,0.21433426345847584,0.4946811608679767,0.17268497250405002,0.27802690582959644,0.15806451612903225,0.0,0.9659192825112107,0.26740947075208915,0.0,K002+KI08+KA07
svm,raw,source_holdout,0.634453781512605,0.5260570561932902,0.29745383926185376,0.6260012095243822,0.15126154664311448,,,,,,,K002+KI08+KA07
svm,raw,target_real,0.7183856502242153,0.721620858197622,0.15262923666250844,0.44815675595582627,0.1544900349477459,0.016143497757847534,0.05555555555555555,0.011659192825112108,0.07713004484304933,0.12790697674418605,0.017937219730941704,K002+KI08+KA07
svm,temperature,target_real,0.7183856502242153,0.721620858197622,0.15891770490611606,0.4389963349616939,0.15367112992744247,0.016143497757847534,0.05555555555555555,0.011659192825112108,0.05560538116591928,0.14516129032258066,0.017937219730941704,K002+KI08+KA07
svm,isotonic,target_real,0.6681614349775785,0.6672239525180702,0.18293419220526538,0.49836383369120574,0.15097080606750116,0.23497757847533632,0.11068702290076336,0.0,0.9049327354260089,0.3191278493557978,0.04484304932735426,K002+KI08+KA07
xgboost,raw,source_holdout,0.8697478991596639,0.866533664174484,0.08270253992381216,0.19586196860631536,0.05226821057167507,,,,,,,K002+KI08+KA07
xgboost,raw,target_real,0.662780269058296,0.6579321163585622,0.23944112741359144,0.5652190982154682,0.1739155918700528,0.3434977578475336,0.09921671018276762,0.008071748878923767,0.7237668161434978,0.26765799256505574,0.23766816143497757,K002+KI08+KA07
xgboost,temperature,target_real,0.662780269058296,0.6579321163585622,0.1948903688248655,0.529800543304541,0.17315521671470216,0.33183856502242154,0.0972972972972973,0.008071748878923767,0.6986547085201794,0.25802310654685495,0.23856502242152466,K002+KI08+KA07
xgboost,isotonic,target_real,0.62152466367713,0.6247869032278466,0.30415138509356016,0.6460654965486511,0.2603270039933234,0.672645739910314,0.26666666666666666,0.0,1.0,0.37847533632286995,0.0,K002+KI08+KA07
random_forest,raw,source_holdout,0.6540084388185654,0.5434936852561374,0.23007231005583678,0.3267641669858997,0.089108705886769,,,,,,,K002+KI08+KA08
random_forest,raw,target_real,0.7354260089686099,0.7253749532862445,0.07898545872630305,0.3786584113318264,0.14921079519262065,0.0008968609865470852,0.0,0.0017937219730941704,0.684304932735426,0.11533420707732635,0.0017937219730941704,K002+KI08+KA08
random_forest,temperature,target_real,0.7354260089686099,0.7253749532862445,0.0762049069452133,0.3785576833804207,0.14919663496459348,0.0008968609865470852,0.0,0.0017937219730941704,0.6852017937219731,0.11518324607329843,0.0017937219730941704,K002+KI08+KA08
random_forest,isotonic,target_real,0.694170403587444,0.6884363531917365,0.20358363499411083,0.504321345179133,0.26653129276747634,0.5246636771300448,0.335042735042735,0.0,0.9964125560538116,0.3033303330333033,0.0,K002+KI08+KA08
svm,raw,source_holdout,0.6371308016877637,0.5298338635560268,0.2997563252304183,0.627580154312754,0.1513519567434362,,,,,,,K002+KI08+KA08
svm,raw,target_real,0.7192825112107624,0.7223464460979324,0.15238168819788914,0.44675827254104356,0.1529725258720404,0.011659192825112108,0.0,0.011659192825112108,0.07802690582959641,0.12643678160919541,0.017937219730941704,K002+KI08+KA08
svm,temperature,target_real,0.7192825112107624,0.7223464460979324,0.16549196247827724,0.44015911034289185,0.15219857264180467,0.011659192825112108,0.0,0.011659192825112108,0.05650224215246637,0.14285714285714285,0.017937219730941704,K002+KI08+KA08
svm,isotonic,target_real,0.6708520179372197,0.6696246199962336,0.18624667300117786,0.4945579539657795,0.14304711929816055,0.22869955156950672,0.09803921568627451,0.011659192825112108,0.9183856502242153,0.3125,0.09506726457399103,K002+KI08+KA08
xgboost,raw,source_holdout,0.8143459915611815,0.8015551558367863,0.10747807463513143,0.26287668700534356,0.052001961869588054,,,,,,,K002+KI08+KA08
xgboost,raw,target_real,0.6878923766816144,0.680148516775868,0.23091692103933323,0.5334271491834205,0.1477694479744011,0.013452914798206279,0.13333333333333333,0.007174887892376682,0.611659192825112,0.1935483870967742,0.29417040358744395,K002+KI08+KA08
xgboost,temperature,target_real,0.6878923766816144,0.680148516775868,0.1432132721957532,0.4731370438457338,0.14551994314124164,0.012556053811659192,0.14285714285714285,0.007174887892376682,0.5838565022421525,0.17204301075268819,0.3004484304932735,K002+KI08+KA08
xgboost,isotonic,target_real,0.6618834080717488,0.6612073250352771,0.2771352408246546,0.6168556965150935,0.28091768214636365,0.10493273542600896,0.358974358974359,0.0,0.967713004484305,0.32715477293790546,0.0,K002+KI08+KA08
random_forest,raw,source_holdout,0.6582278481012658,0.5526695526695526,0.2053234786628247,0.32406148164984544,0.09495789031516728,,,,,,,K002+KI08+KA09
random_forest,raw,target_real,0.737219730941704,0.7262012392168856,0.07878627133794412,0.38238527845439935,0.1521149828719244,0.0,,0.0017937219730941704,0.684304932735426,0.11795543905635648,0.0017937219730941704,K002+KI08+KA09
random_forest,temperature,target_real,0.737219730941704,0.7262012392168856,0.0715646202905695,0.382467609626444,0.151881606305491,0.0,,0.0017937219730941704,0.6932735426008969,0.12160413971539456,0.0017937219730941704,K002+KI08+KA09
random_forest,isotonic,target_real,0.7183856502242153,0.7106399970048463,0.20246956999588062,0.4867899170826153,0.16655018878504982,0.29237668161434976,0.16257668711656442,0.0,0.9721973094170404,0.2656826568265683,0.0,K002+KI08+KA09
svm,raw,source_holdout,0.6244725738396625,0.5180124332832133,0.31566367351067526,0.6530054685419947,0.20202729399992997,,,,,,,K002+KI08+KA09
svm,raw,target_real,0.7139013452914799,0.717551541092272,0.15547191421571616,0.45761693309965185,0.16929166497860834,0.016143497757847534,0.05555555555555555,0.012556053811659192,0.054708520179372194,0.21311475409836064,0.017937219730941704,K002+KI08+KA09
svm,temperature,target_real,0.7139013452914799,0.717551541092272,0.11077764243384941,0.431109835519652,0.1656325148036621,0.016143497757847534,0.05555555555555555,0.012556053811659192,0.03228699551569507,0.1388888888888889,0.017937219730941704,K002+KI08+KA09
svm,isotonic,target_real,0.6573991031390135,0.6576151993244419,0.21346199575393998,0.4927696696926163,0.13806462010435588,0.22152466367713006,0.15789473684210525,0.14080717488789238,0.8807174887892377,0.29429735234215887,0.14080717488789238,K002+KI08+KA09
xgboost,raw,source_holdout,0.8565400843881856,0.8517022072577628,0.06819608518342932,0.22566105367909178,0.04241252282787657,,,,,,,K002+KI08+KA09
xgboost,raw,target_real,0.695067264573991,0.6871968263382889,0.22333934921854817,0.5236364389669034,0.14213408567251853,0.06098654708520179,0.029411764705882353,0.007174887892376682,0.6,0.17040358744394618,0.29775784753363227,K002+KI08+KA09
xgboost,temperature,target_real,0.695067264573991,0.6871968263382889,0.16212665655297226,0.4741462920131494,0.1406748096385915,0.06278026905829596,0.02857142857142857,0.006278026905829596,0.5811659192825112,0.1558641975308642,0.29775784753363227,K002+KI08+KA09
xgboost,isotonic,target_real,0.6645739910313901,0.6637002358870996,0.2878582119039774,0.6166207916141002,0.25090388824942034,0.4475336322869955,0.23847695390781562,0.0,0.9856502242152466,0.3293903548680619,0.0,K002+KI08+KA09
random_forest,raw,source_holdout,0.5625,0.49382716049382713,0.4926635113647449,0.8116697286315991,0.7468027504301908,,,,,,,K004+KI01+KA01
random_forest,raw,target_real,0.7130044843049327,0.7239993047730433,0.07393102358867604,0.430060355544208,0.1882732435481618,0.0,,0.06188340807174888,0.0,,0.11748878923766816,K004+KI01+KA01
random_forest,temperature,target_real,0.7130044843049327,0.7239993047730433,0.34752427485262116,0.6231944958314112,0.16000840529301533,0.0,,0.03497757847533632,0.0,,0.22152466367713006,K004+KI01+KA01
random_forest,isotonic,target_real,0.7103139013452915,0.7231974625948384,0.03873817493688519,0.5019433712254564,0.20169996603113222,0.33363228699551567,0.06182795698924731,0.14170403587443947,0.33363228699551567,0.06182795698924731,0.14170403587443947,K004+KI01+KA01
svm,raw,source_holdout,0.35833333333333334,0.21690566411570944,0.2778608662957208,0.7691941145770297,0.7321939168393891,,,,,,,K004+KI01+KA01
svm,raw,target_real,0.5524663677130045,0.5248345729430169,0.23550175885985158,0.6786629318073104,0.32984584312365783,0.0,,0.07174887892376682,0.0,,0.07982062780269059,K004+KI01+KA01
svm,temperature,target_real,0.5524663677130045,0.5248345729430169,0.18842502619138377,0.6400242452536107,0.3271782722895515,0.0,,0.01883408071748879,0.0,,0.07892376681614349,K004+KI01+KA01
svm,isotonic,target_real,0.5757847533632287,0.5610553434021895,0.13485992516521256,0.6082229997079063,0.3191152625252818,0.29955156950672646,0.23353293413173654,0.0,0.29955156950672646,0.23353293413173654,0.0,K004+KI01+KA01
xgboost,raw,source_holdout,0.3958333333333333,0.3506455824749746,0.38394557200372215,0.959075386811607,0.8146732563282496,,,,,,,K004+KI01+KA01
xgboost,raw,target_real,0.7318385650224215,0.7391788754760483,0.19606484719990616,0.4580753424502202,0.09745413899077941,0.0,,0.3040358744394619,0.0,,0.5354260089686098,K004+KI01+KA01
xgboost,temperature,target_real,0.7318385650224215,0.7391788754760483,0.24138866750530902,0.475865443624769,0.09034660595567172,0.0,,0.336322869955157,0.0,,0.5757847533632287,K004+KI01+KA01
xgboost,isotonic,target_real,0.7085201793721974,0.7239383761711039,0.045461167603090324,0.48209958734449565,0.1869736091163555,0.37847533632286995,0.0995260663507109,0.14170403587443947,0.37847533632286995,0.0995260663507109,0.3273542600896861,K004+KI01+KA01
random_forest,raw,source_holdout,0.4666666666666667,0.37333333333333335,0.1985178746996642,0.7464693861229529,0.5533286028732415,,,,,,,K004+KI01+KA03
random_forest,raw,target_real,0.7399103139013453,0.7453369750521448,0.07681116870180996,0.40413079645709404,0.15374993565002656,0.0,,0.09417040358744394,0.0,,0.13004484304932734,K004+KI01+KA03
random_forest,temperature,target_real,0.7399103139013453,0.7453369750521448,0.290374262076569,0.527336873706518,0.1203377301545804,0.11121076233183856,0.008064516129032258,0.13991031390134528,0.11121076233183856,0.008064516129032258,0.20807174887892377,K004+KI01+KA03
random_forest,isotonic,target_real,0.5542600896860986,0.5652347156682614,0.21711162740309622,0.480363553280532,0.1496747723606238,0.17219730941704037,0.005208333333333333,0.26905829596412556,0.26905829596412556,0.01,0.4977578475336323,K004+KI01+KA03
svm,raw,source_holdout,0.3375,0.17898045449618846,0.6309260460945848,1.1483743693747746,0.9273037557893227,,,,,,,K004+KI01+KA03
svm,raw,target_real,0.662780269058296,0.6522397983385081,0.1839325455613286,0.5307641309596555,0.20731288119962007,0.0,,0.15067264573991032,0.0,,0.17309417040358743,K004+KI01+KA03
svm,temperature,target_real,0.662780269058296,0.6522397983385081,0.2922562228124208,0.6222567665488373,0.2009940689433024,0.0,,0.15874439461883408,0.0,,0.19013452914798207,K004+KI01+KA03
svm,isotonic,target_real,0.4834080717488789,0.4268953247253733,0.15241021939708155,0.6035728771422473,0.384618380311293,0.0,,0.0,0.0,,0.0,K004+KI01+KA03
xgboost,raw,source_holdout,0.4875,0.3912724605793913,0.32426549221078554,0.702476485559,0.30178321738131025,,,,,,,K004+KI01+KA03
xgboost,raw,target_real,0.757847533632287,0.7618927443398361,0.1598469746754308,0.37599022740848165,0.0663929059853522,0.4672645739910314,0.019193857965451054,0.4080717488789238,0.6035874439461884,0.04011887072808321,0.6170403587443947,K004+KI01+KA03
xgboost,temperature,target_real,0.757847533632287,0.7618927443398361,0.11138959506565296,0.30821188909273123,0.06384339161220391,0.4538116591928251,0.01383399209486166,0.4233183856502242,0.6233183856502242,0.0460431654676259,0.6295964125560538,K004+KI01+KA03
xgboost,isotonic,target_real,0.7874439461883408,0.7738823390053242,0.07859884547736239,0.3298246016036778,0.049560216346107105,0.46816143497757845,0.017241379310344827,0.0,0.5856502242152466,0.03215926493108729,0.6636771300448431,K004+KI01+KA03
random_forest,raw,source_holdout,0.40585774058577406,0.32562289562289565,0.30178781566490204,0.7846794415769723,0.4333502266604094,,,,,,,K004+KI01+KA05
random_forest,raw,target_real,0.7318385650224215,0.7320858359581877,0.11952918079760111,0.4367928545018586,0.17376299495950026,0.15336322869955157,0.05847953216374269,0.11300448430493273,0.15695067264573992,0.06857142857142857,0.1452914798206278,K004+KI01+KA05
random_forest,temperature,target_real,0.7318385650224215,0.7320858359581877,0.23739691103775026,0.4965735807477299,0.1343449225709724,0.2116591928251121,0.038135593220338986,0.15874439461883408,0.23766816143497757,0.04905660377358491,0.24125560538116592,K004+KI01+KA05
random_forest,isotonic,target_real,0.7318385650224215,0.7273125398684058,0.05606991438722936,0.46798988582400625,0.14481251460983988,0.47085201793721976,0.04380952380952381,0.0,0.47085201793721976,0.04380952380952381,0.48251121076233183,K004+KI01+KA05
svm,raw,source_holdout,0.3263598326359833,0.2184873949579832,0.46676430173274464,0.8071865444692509,0.3537563132839596,,,,,,,K004+KI01+KA05
svm,raw,target_real,0.6224215246636772,0.6468141534990987,0.22062152416099653,0.604953050105327,0.30591089790351716,0.23497757847533632,0.27099236641221375,0.06457399103139014,0.3094170403587444,0.3710144927536232,0.10762331838565023,K004+KI01+KA05
svm,temperature,target_real,0.6224215246636772,0.6468141534990987,0.14304901828277966,0.5325873169436427,0.3057005677171513,0.23856502242152466,0.2819548872180451,0.05560538116591928,0.305829596412556,0.36363636363636365,0.08251121076233184,K004+KI01+KA05
svm,isotonic,target_real,0.6753363228699552,0.6692154014528523,0.1648905885147498,0.5493119911497503,0.20979786861227728,0.6224215246636772,0.1829971181556196,0.0,0.6224215246636772,0.1829971181556196,0.0,K004+KI01+KA05
xgboost,raw,source_holdout,0.42677824267782427,0.3419534910184814,0.4330226735340501,0.9198343117781105,0.3800799011655349,,,,,,,K004+KI01+KA05
xgboost,raw,target_real,0.7336322869955157,0.7375737976804455,0.20069647083902573,0.44784412654593586,0.08278974154586023,0.45201793721973094,0.011904761904761904,0.41973094170403585,0.568609865470852,0.03470031545741325,0.5928251121076233,K004+KI01+KA05
xgboost,temperature,target_real,0.7336322869955157,0.7375737976804455,0.20803223535637924,0.37260030042115055,0.08059316734027494,0.4430493273542601,0.008097165991902834,0.4538116591928251,0.589237668161435,0.0365296803652968,0.6053811659192825,K004+KI01+KA05
xgboost,isotonic,target_real,0.7103139013452915,0.6960985705230079,0.10534235416755451,0.40769586100409155,0.09008830809858757,0.5991031390134529,0.04940119760479042,0.0,0.7040358744394619,0.12993630573248408,0.6,K004+KI01+KA05
random_forest,raw,source_holdout,0.5625,0.45807791511740864,0.29054679377217335,0.6680701737441473,0.2577883060081194,,,,,,,K004+KI01+KA06
random_forest,raw,target_real,0.705829596412556,0.7184136749608547,0.08270532089467378,0.4239034869970225,0.161626879627354,0.16233183856502242,0.08287292817679558,0.05560538116591928,0.22780269058295965,0.11811023622047244,0.14798206278026907,K004+KI01+KA06
random_forest,temperature,target_real,0.705829596412556,0.7184136749608547,0.18057526092530218,0.46911659569107383,0.14131940597590514,0.20269058295964126,0.07964601769911504,0.10044843049327354,0.34260089686098655,0.09947643979057591,0.18475336322869956,K004+KI01+KA06
random_forest,isotonic,target_real,0.7121076233183856,0.7078056140807161,0.04861736374566506,0.4944407188786677,0.15369632874811337,0.4618834080717489,0.038834951456310676,0.0,0.4618834080717489,0.038834951456310676,0.4726457399103139,K004+KI01+KA06
svm,raw,source_holdout,0.3333333333333333,0.22130013831258644,0.44487965924847017,0.7434608721946672,0.3223412312717977,,,,,,,K004+KI01+KA06
svm,raw,target_real,0.6538116591928251,0.6747052560627423,0.2408987185410139,0.5987205658173615,0.28819022898086627,0.242152466367713,0.2222222222222222,0.09147982062780269,0.33183856502242154,0.34324324324324323,0.12914798206278028,K004+KI01+KA06
svm,temperature,target_real,0.6538116591928251,0.6747052560627423,0.15597204368908862,0.5247436980768654,0.29005431426228445,0.24484304932735426,0.23076923076923078,0.06816143497757847,0.32107623318385653,0.31843575418994413,0.10762331838565023,K004+KI01+KA06
svm,isotonic,target_real,0.662780269058296,0.664397125580736,0.1912470441935409,0.5892574748196794,0.23772635843361792,0.5112107623318386,0.18771929824561404,0.0,0.7201793721973094,0.29140722291407223,0.0,K004+KI01+KA06
xgboost,raw,source_holdout,0.49166666666666664,0.39680657277811077,0.3972697066764037,0.8319209543698596,0.2803369229798275,,,,,,,K004+KI01+KA06
xgboost,raw,target_real,0.7085201793721974,0.7198317602040386,0.20683368409695646,0.47309701584458747,0.09803466362832966,0.4116591928251121,0.02178649237472767,0.22600896860986547,0.5488789237668161,0.04738562091503268,0.5497757847533632,K004+KI01+KA06
xgboost,temperature,target_real,0.7085201793721974,0.7198317602040386,0.1550525403257703,0.3791460623664608,0.0925871044278009,0.36771300448430494,0.014634146341463415,0.2430493273542601,0.5713004484304933,0.05180533751962323,0.568609865470852,K004+KI01+KA06
xgboost,isotonic,target_real,0.6932735426008969,0.6871766727407126,0.08826003575038478,0.45028301609927784,0.10361666678102953,0.4170403587443946,0.015053763440860216,0.0,0.6394618834080718,0.14866760168302945,0.5309417040358745,K004+KI01+KA06
random_forest,raw,source_holdout,0.5583333333333333,0.4542190755943863,0.30666529425977856,0.672339591141479,0.2662573930949951,,,,,,,K004+KI01+KA07
random_forest,raw,target_real,0.7085201793721974,0.721317129393961,0.089206458512622,0.42421562211239755,0.15056029039253513,0.19192825112107623,0.04205607476635514,0.10493273542600896,0.32286995515695066,0.1111111111111111,0.22062780269058296,K004+KI01+KA07
random_forest,temperature,target_real,0.7085201793721974,0.721317129393961,0.17867000886918155,0.4654664243024495,0.13569967886070972,0.09865470852017937,0.0,0.11659192825112108,0.3721973094170404,0.09879518072289156,0.25291479820627805,K004+KI01+KA07
random_forest,isotonic,target_real,0.7147982062780269,0.7143256907921027,0.06948373008934294,0.521289419934521,0.16023398411133757,0.473542600896861,0.07575757575757576,0.0,0.473542600896861,0.07575757575757576,0.0,K004+KI01+KA07
svm,raw,source_holdout,0.3333333333333333,0.22130013831258644,0.4644752531366032,0.7569031248530482,0.3018476013751355,,,,,,,K004+KI01+KA07
svm,raw,target_real,0.6403587443946188,0.6656072078573286,0.21899342479755973,0.5986020950787143,0.2937237501874394,0.034080717488789235,0.0,0.06995515695067264,0.3524663677130045,0.37404580152671757,0.1147982062780269,K004+KI01+KA07
svm,temperature,target_real,0.6403587443946188,0.6656072078573286,0.13124749987837442,0.5369390294363068,0.2974782485933186,0.015246636771300448,0.0,0.05829596412556054,0.3417040358744395,0.35170603674540685,0.08430493273542601,K004+KI01+KA07
svm,isotonic,target_real,0.6242152466367713,0.5850410472733792,0.12096879971658814,0.6033056580804148,0.20437164410034717,0.5390134529147982,0.23793677204658903,0.14260089686098654,0.5390134529147982,0.23793677204658903,0.17668161434977578,K004+KI01+KA07
xgboost,raw,source_holdout,0.5333333333333333,0.44083175958701615,0.3545911965270837,0.7453237316827341,0.25843303424212155,,,,,,,K004+KI01+KA07
xgboost,raw,target_real,0.7147982062780269,0.7251917609273052,0.20353672603320647,0.4739592503205079,0.09588804229313831,0.2547085201793722,0.017605633802816902,0.21973094170403587,0.5695067264573991,0.05511811023622047,0.5524663677130045,K004+KI01+KA07
xgboost,temperature,target_real,0.7147982062780269,0.7251917609273052,0.15453976831077015,0.37002891168513136,0.0920959019224781,0.2771300448430493,0.016181229773462782,0.21704035874439462,0.5820627802690583,0.05546995377503852,0.5668161434977579,K004+KI01+KA07
xgboost,isotonic,target_real,0.6968609865470852,0.6905477486635888,0.11933129920519017,0.4523042659807113,0.09204740778806857,0.6977578475336322,0.18123393316195371,0.0,0.7677130044843049,0.17873831775700935,0.5300448430493273,K004+KI01+KA07
random_forest,raw,source_holdout,0.5690376569037657,0.4653032153032153,0.30747756672923277,0.6470526963327872,0.24830481329996243,,,,,,,K004+KI01+KA08
random_forest,raw,target_real,0.7139013452914799,0.7253936943097777,0.08703576619768655,0.41616369230102,0.14128987510157887,0.25829596412556055,0.06597222222222222,0.12197309417040358,0.3614349775784753,0.08684863523573201,0.2179372197309417,K004+KI01+KA08
random_forest,temperature,target_real,0.7139013452914799,0.7253936943097777,0.23422400721222814,0.4989952689638565,0.11741856682995483,0.22780269058295965,0.01968503937007874,0.16053811659192826,0.4565022421524664,0.07072691552062868,0.3417040358744395,K004+KI01+KA08
random_forest,isotonic,target_real,0.5426008968609866,0.5515382761380435,0.2216338863399055,0.5003867430690552,0.14473452642403295,0.20717488789237667,0.008658008658008658,0.2905829596412556,0.20717488789237667,0.008658008658008658,0.4726457399103139,K004+KI01+KA08
svm,raw,source_holdout,0.3305439330543933,0.2203626220362622,0.4677404718653899,0.7629074471034555,0.30493534808608286,,,,,,,K004+KI01+KA08
svm,raw,target_real,0.6403587443946188,0.6654404478633522,0.2197299153074917,0.5970346282984157,0.29254758018476124,0.0,,0.06905829596412556,0.34798206278026905,0.36597938144329895,0.11569506726457399,K004+KI01+KA08
svm,temperature,target_real,0.6403587443946188,0.6654404478633522,0.13880618721104965,0.5386101386983941,0.2970385034154258,0.0,,0.05829596412556054,0.3327354260089686,0.3423180592991914,0.08340807174887892,K004+KI01+KA08
svm,isotonic,target_real,0.62152466367713,0.5814728951779723,0.1135386201320453,0.6045873859307276,0.20619630415949755,0.5219730941704036,0.23367697594501718,0.14260089686098654,0.5219730941704036,0.23367697594501718,0.17937219730941703,K004+KI01+KA08
xgboost,raw,source_holdout,0.4895397489539749,0.3954522517778843,0.4235371600633884,0.842498303835453,0.2796154571243251,,,,,,,K004+KI01+KA08
xgboost,raw,target_real,0.7174887892376681,0.7267466092851059,0.20061002820062,0.4631911767020406,0.09215129346920325,0.31390134529147984,0.014285714285714285,0.22869955156950672,0.5605381165919282,0.0432,0.5739910313901345,K004+KI01+KA08
xgboost,temperature,target_real,0.7174887892376681,0.7267466092851059,0.15973153969428638,0.3691644392493038,0.08731116609326997,0.3381165919282511,0.013262599469496022,0.2304932735426009,0.5883408071748879,0.051829268292682924,0.5838565022421525,K004+KI01+KA08
xgboost,isotonic,target_real,0.7085201793721974,0.6970150529631288,0.1156271596397066,0.4210584612332314,0.07868721648962756,0.47533632286995514,0.03018867924528302,0.0,0.7865470852017937,0.1676168757126568,0.568609865470852,K004+KI01+KA08
random_forest,raw,source_holdout,0.606694560669456,0.4999871547848427,0.34150501495012076,0.6625364391737477,0.2610927606004213,,,,,,,K004+KI01+KA09
random_forest,raw,target_real,0.715695067264574,0.7263651418964869,0.10171550520886356,0.42568079046886453,0.1562667500647499,0.17219730941704037,0.036458333333333336,0.09237668161434978,0.2717488789237668,0.10231023102310231,0.18385650224215247,K004+KI01+KA09
random_forest,temperature,target_real,0.715695067264574,0.7263651418964869,0.1994622609969279,0.4747932455376709,0.13615863127627612,0.18475336322869956,0.02912621359223301,0.09955156950672646,0.3237668161434978,0.09141274238227147,0.2179372197309417,K004+KI01+KA09
random_forest,isotonic,target_real,0.49506726457399103,0.49794679379886775,0.25237577376325765,0.5382237571186187,0.18015148893552435,0.2538116591928251,0.0353356890459364,0.0,0.2538116591928251,0.0353356890459364,0.2609865470852018,K004+KI01+KA09
svm,raw,source_holdout,0.3305439330543933,0.2203626220362622,0.46270621590075495,0.7558969691723992,0.3054007213713439,,,,,,,K004+KI01+KA09
svm,raw,target_real,0.6439461883408072,0.6687910571893275,0.23793135419557665,0.6038294793245395,0.2957680756356457,0.20717488789237667,0.19047619047619047,0.06816143497757847,0.35695067264573993,0.3693467336683417,0.09327354260089686,K004+KI01+KA09
svm,temperature,target_real,0.6439461883408072,0.6687910571893275,0.15382858958298337,0.5275208890532945,0.3013960358334762,0.19910313901345292,0.21621621621621623,0.05560538116591928,0.3434977578475336,0.3577023498694517,0.07892376681614349,K004+KI01+KA09
svm,isotonic,target_real,0.6403587443946188,0.619029714043308,0.15915991637150995,0.5870864105018186,0.21398349259707153,0.6125560538116592,0.2225475841874085,0.0,0.6125560538116592,0.2225475841874085,0.0,K004+KI01+KA09
xgboost,raw,source_holdout,0.48535564853556484,0.3920334483590809,0.39761286973953247,0.8450445094398207,0.28848985265920435,,,,,,,K004+KI01+KA09
xgboost,raw,target_real,0.7201793721973094,0.7289856167661654,0.2024694481505407,0.4670313037416571,0.09497176418483576,0.4008968609865471,0.015659955257270694,0.22152466367713006,0.5452914798206278,0.044407894736842105,0.5587443946188341,K004+KI01+KA09
xgboost,temperature,target_real,0.7201793721973094,0.7289856167661654,0.16713662387328765,0.3752410132916292,0.0900035134828277,0.44663677130044843,0.018072289156626505,0.24573991031390136,0.5748878923766816,0.0436817472698908,0.5838565022421525,K004+KI01+KA09
xgboost,isotonic,target_real,0.7004484304932735,0.6958500464032796,0.08436821501619088,0.4499857118877497,0.10395586832591495,0.43408071748878924,0.014462809917355372,0.0,0.6331838565022422,0.141643059490085,0.5399103139013453,K004+KI01+KA09
random_forest,raw,source_holdout,0.225,0.21951219512195122,0.28890804499918754,0.7775264635282753,0.7093558844728203,,,,,,,K004+KI03+KA01
random_forest,raw,target_real,0.7524663677130045,0.7620761039258795,0.060472401576220206,0.358386611966978,0.11732931401508567,0.0,,0.04753363228699552,0.0,,0.25650224215246636,K004+KI03+KA01
random_forest,temperature,target_real,0.7524663677130045,0.7620761039258795,0.3901084766475142,0.6221117261769428,0.13026427963264572,0.0,,0.010762331838565023,0.0,,0.22152466367713006,K004+KI03+KA01
random_forest,isotonic,target_real,0.7103139013452915,0.7062267201709916,0.16951823431982724,0.43600047258881863,0.2368460484558091,0.0,,0.0,0.0,,0.0,K004+KI03+KA01
svm,raw,source_holdout,0.0,0.0,0.8118975751243477,1.4690096243408783,1.0,,,,,,,K004+KI03+KA01
svm,raw,target_real,0.6062780269058295,0.6420865600615552,0.270543445099541,0.6197250634238277,0.2600588752954597,0.0,,0.0242152466367713,0.0,,0.02600896860986547,K004+KI03+KA01
svm,temperature,target_real,0.6062780269058295,0.6420865600615552,0.22672142471794543,0.6150372901834719,0.2628790012456651,0.0,,0.030493273542600896,0.0,,0.07174887892376682,K004+KI03+KA01
svm,isotonic,target_real,0.5434977578475336,0.46298738849593407,0.23153055746936535,0.5695196351001184,0.2852278705222875,0.0,,0.0,0.6959641255605381,0.2654639175257732,0.0,K004+KI03+KA01
xgboost,raw,source_holdout,0.3,0.31766843624184987,0.5571581234534582,1.0004385624172576,0.6829995843353581,,,,,,,K004+KI03+KA01
xgboost,raw,target_real,0.7228699551569506,0.7325089249065857,0.1718103290406043,0.40255834856089234,0.09998196876369328,0.0,,0.19103139013452916,0.0,,0.36233183856502243,K004+KI03+KA01
xgboost,temperature,target_real,0.7228699551569506,0.7325089249065857,0.15724046983589648,0.3835937430557387,0.09641329992696271,0.0,,0.19013452914798207,0.0,,0.4062780269058296,K004+KI03+KA01
xgboost,isotonic,target_real,0.7865470852017937,0.7832608218591403,0.05948346446378938,0.3050891739951104,0.07806180571226194,0.39730941704035877,0.045146726862302484,0.0,0.7076233183856502,0.13054499366286437,0.39820627802690584,K004+KI03+KA01
random_forest,raw,source_holdout,0.5625,0.471628045157457,0.17570902890729428,0.5317732650954315,0.19605309381791572,,,,,,,K004+KI03+KA03
random_forest,raw,target_real,0.7704035874439462,0.7760076565075432,0.07089560951168598,0.3313549666244177,0.09343642221479355,0.3721973094170404,0.016867469879518072,0.3255605381165919,0.5632286995515695,0.10031847133757962,0.44573991031390137,K004+KI03+KA03
random_forest,temperature,target_real,0.7704035874439462,0.7760076565075432,0.13466995963285894,0.35197569268319184,0.09281634056184956,0.379372197309417,0.026004728132387706,0.32286995515695066,0.5865470852017938,0.10856269113149847,0.43946188340807174,K004+KI03+KA03
random_forest,isotonic,target_real,0.7569506726457399,0.7382327209098863,0.1915234515813889,0.4239631197932394,0.097619154582206,0.6161434977578475,0.08733624454148471,0.0,0.8663677130044843,0.2391304347826087,0.0,K004+KI03+KA03
svm,raw,source_holdout,0.3458333333333333,0.2152518463198075,0.4417127602073667,1.0221160610642743,0.8642459160283839,,,,,,,K004+KI03+KA03
svm,raw,target_real,0.600896860986547,0.6384732140525665,0.24101181337197575,0.5368206463371298,0.19284093976606612,0.0,,0.04394618834080718,0.0,,0.14708520179372198,K004+KI03+KA03
svm,temperature,target_real,0.600896860986547,0.6384732140525665,0.226783542875218,0.6136353787945508,0.1878610538125185,0.0,,0.05291479820627803,0.0,,0.16143497757847533,K004+KI03+KA03
svm,isotonic,target_real,0.6681614349775785,0.6581585768349871,0.09672820413078186,0.5250477716710735,0.25950910676385,0.44663677130044843,0.21887550200803213,0.13901345291479822,0.44663677130044843,0.21887550200803213,0.13901345291479822,K004+KI03+KA03
xgboost,raw,source_holdout,0.5333333333333333,0.44607843137254904,0.3076387353241444,0.5312164374685547,0.15036501504797195,,,,,,,K004+KI03+KA03
xgboost,raw,target_real,0.7246636771300449,0.7336226264147689,0.14907240175345557,0.37774250493351463,0.09052154241415096,0.6089686098654709,0.12076583210603829,0.3721973094170404,0.6609865470852018,0.1451831750339213,0.4618834080717489,K004+KI03+KA03
xgboost,temperature,target_real,0.7246636771300449,0.7336226264147689,0.06040317444536052,0.3304150318505975,0.0875065833354489,0.6071748878923767,0.09453471196454949,0.37488789237668163,0.6582959641255606,0.13487738419618528,0.4860986547085202,K004+KI03+KA03
xgboost,isotonic,target_real,0.7551569506726458,0.7441350597622196,0.13462663160030053,0.37961918137395295,0.10575194655553136,0.6376681614349776,0.11673699015471167,0.0,0.8717488789237668,0.19444444444444445,0.0,K004+KI03+KA03
random_forest,raw,source_holdout,0.5439330543933054,0.4447165463466068,0.19691285005503184,0.4735834464575041,0.15313122042581204,,,,,,,K004+KI03+KA05
random_forest,raw,target_real,0.7381165919282511,0.7486500705715021,0.08091540275167722,0.3435627982678638,0.09260642961706185,0.39641255605381165,0.038461538461538464,0.015246636771300448,0.5982062780269058,0.09745127436281859,0.4385650224215247,K004+KI03+KA05
random_forest,temperature,target_real,0.7381165919282511,0.7486500705715021,0.07338731597223605,0.3401112791402724,0.0924947904649748,0.3937219730941704,0.03644646924829157,0.016143497757847534,0.5937219730941704,0.09667673716012085,0.44035874439461886,K004+KI03+KA05
random_forest,isotonic,target_real,0.7165919282511211,0.7064946327969271,0.14282921185571867,0.3890080334811356,0.1027506373066832,0.5497757847533632,0.0636215334420881,0.0,0.8233183856502242,0.1786492374727669,0.0,K004+KI03+KA05
svm,raw,source_holdout,0.3263598326359833,0.1640378548895899,0.6015557847117831,1.2172682477476802,0.507521065538924,,,,,,,K004+KI03+KA05
svm,raw,target_real,0.6403587443946188,0.6694414979439317,0.25637891148846764,0.6113606428311342,0.2611865197106212,0.11748878923766816,0.0916030534351145,0.008071748878923767,0.11748878923766816,0.0916030534351145,0.09147982062780269,K004+KI03+KA05
svm,temperature,target_real,0.6403587443946188,0.6694414979439317,0.2378834986559896,0.5935622576925701,0.25175370807657366,0.15336322869955157,0.08771929824561403,0.0008968609865470852,0.18206278026905828,0.11330049261083744,0.1273542600896861,K004+KI03+KA05
svm,isotonic,target_real,0.5641255605381166,0.4530649608678267,0.08192048724361353,0.5644713458067263,0.3341748382406348,0.009865470852017937,0.5454545454545454,0.0,0.30493273542600896,0.4676470588235294,0.0,K004+KI03+KA05
xgboost,raw,source_holdout,0.9205020920502092,0.9197114810836614,0.04932479105235146,0.1364970312959807,0.015163770199798959,,,,,,,K004+KI03+KA05
xgboost,raw,target_real,0.726457399103139,0.7170565830362704,0.13852316656989372,0.3917436985454882,0.08782208546776409,0.6565022421524663,0.13387978142076504,0.3955156950672646,0.7614349775784753,0.18610129564193167,0.5210762331838565,K004+KI03+KA05
xgboost,temperature,target_real,0.726457399103139,0.7170565830362704,0.1485074672170187,0.4008869072659217,0.08780442051103128,0.6573991031390135,0.13233287858117326,0.3901345291479821,0.7596412556053812,0.18417945690672963,0.5228699551569507,K004+KI03+KA05
xgboost,isotonic,target_real,0.7434977578475336,0.7334384773431829,0.1720062072044204,0.41389192700268246,0.13191807981806064,0.6869955156950672,0.14490861618798956,0.0,0.8959641255605382,0.21921921921921922,0.0,K004+KI03+KA05
random_forest,raw,source_holdout,0.5291666666666667,0.44121557454890786,0.19520274602149515,0.5726234577574344,0.2462156349754715,,,,,,,K004+KI03+KA06
random_forest,raw,target_real,0.7417040358744394,0.7518497666733922,0.0621856857869214,0.3622207497060306,0.1219126011546805,0.12825112107623318,0.027972027972027972,0.02062780269058296,0.547085201793722,0.10655737704918032,0.3130044843049327,K004+KI03+KA06
random_forest,temperature,target_real,0.7417040358744394,0.7518497666733922,0.12497508555932967,0.38648253609939126,0.12243584762052226,0.15964125560538117,0.056179775280898875,0.010762331838565023,0.57847533632287,0.12248062015503876,0.3094170403587444,K004+KI03+KA06
random_forest,isotonic,target_real,0.7300448430493274,0.7160874625548251,0.17417628853332512,0.46115473025452014,0.11606637566938403,0.43766816143497755,0.0778688524590164,0.0,0.8690582959641255,0.26006191950464397,0.0,K004+KI03+KA06
svm,raw,source_holdout,0.3333333333333333,0.16666666666666666,0.6396032459266223,1.2823599123166114,0.6512864794173949,,,,,,,K004+KI03+KA06
svm,raw,target_real,0.6430493273542601,0.6704113592070415,0.2708460899739146,0.6296870161080669,0.30929872046765367,0.0053811659192825115,0.8333333333333334,0.0,0.0053811659192825115,0.8333333333333334,0.0,K004+KI03+KA06
svm,temperature,target_real,0.6430493273542601,0.6704113592070415,0.25474134564521717,0.6090378600680763,0.29480841836939015,0.09417040358744394,0.10476190476190476,0.0,0.09417040358744394,0.10476190476190476,0.0,K004+KI03+KA06
svm,isotonic,target_real,0.5991031390134529,0.5908769130425378,0.10351755594865797,0.5568454777994266,0.33338837624283835,0.05829596412556054,0.4,0.0,0.05829596412556054,0.4,0.0,K004+KI03+KA06
xgboost,raw,source_holdout,0.5125,0.42618181818181816,0.31637124121189114,0.5965437386819489,0.21137381800539448,,,,,,,K004+KI03+KA06
xgboost,raw,target_real,0.7094170403587444,0.7190728261530771,0.17117185905375293,0.4109555755775897,0.10417427109521821,0.336322869955157,0.018666666666666668,0.19551569506726457,0.5515695067264574,0.10894308943089431,0.44573991031390137,K004+KI03+KA06
xgboost,temperature,target_real,0.7094170403587444,0.7190728261530771,0.07292784043046119,0.35064266192038157,0.09884340132292266,0.3004484304932735,0.020895522388059702,0.22152466367713006,0.5560538116591929,0.09193548387096774,0.4439461883408072,K004+KI03+KA06
xgboost,isotonic,target_real,0.757847533632287,0.7344743366533644,0.1467759855497247,0.41371893285233075,0.09470389607395133,0.5847533632286995,0.1196319018404908,0.0,0.9408071748878923,0.22688274547187798,0.4654708520179372,K004+KI03+KA06
random_forest,raw,source_holdout,0.5416666666666666,0.45037687852590275,0.15407590590608816,0.5212422202086595,0.20648385832005173,,,,,,,K004+KI03+KA07
random_forest,raw,target_real,0.7515695067264574,0.7605851488232641,0.050457078736293695,0.3523825040994842,0.11541734818095768,0.07713004484304933,0.03488372093023256,0.017040358744394617,0.5847533632286995,0.12576687116564417,0.31748878923766816,K004+KI03+KA07
random_forest,temperature,target_real,0.7515695067264574,0.7605851488232641,0.17066967631503754,0.3975552090872648,0.11442779932882063,0.09775784753363229,0.027522935779816515,0.009865470852017937,0.6349775784753363,0.14548022598870056,0.3434977578475336,K004+KI03+KA07
random_forest,isotonic,target_real,0.7354260089686099,0.7268768804043271,0.1672037857256593,0.4312586885524858,0.11205388825087544,0.5210762331838565,0.08261617900172118,0.0,0.7865470852017937,0.23603192702394526,0.0,K004+KI03+KA07
svm,raw,source_holdout,0.3333333333333333,0.16666666666666666,0.6469115637772358,1.272686322420224,0.3018476013751355,,,,,,,K004+KI03+KA07
svm,raw,target_real,0.6520179372197309,0.6767154092307822,0.267807664383233,0.6224559703928101,0.312468564159624,0.0017937219730941704,1.0,0.0,0.1757847533632287,0.25,0.0,K004+KI03+KA07
svm,temperature,target_real,0.6520179372197309,0.6767154092307822,0.19594423362327626,0.5534097609890432,0.2981851892744307,0.0017937219730941704,1.0,0.0,0.22600896860986547,0.23809523809523808,0.0,K004+KI03+KA07
svm,isotonic,target_real,0.5838565022421525,0.4859951546626992,0.23560423405283737,0.6906940833624967,0.27557882821868196,0.683408071748879,0.26246719160104987,0.0,0.8484304932735426,0.3276955602536998,0.0,K004+KI03+KA07
xgboost,raw,source_holdout,0.5166666666666667,0.4286060606060606,0.27232833765447145,0.5239940108683002,0.20474954716407387,,,,,,,K004+KI03+KA07
xgboost,raw,target_real,0.7085201793721974,0.7166946152053816,0.15236937224597674,0.4095120199526717,0.1120140648210547,0.4170403587443946,0.047311827956989246,0.15246636771300448,0.6152466367713004,0.1661807580174927,0.4233183856502242,K004+KI03+KA07
xgboost,temperature,target_real,0.7085201793721974,0.7166946152053816,0.06359177986223866,0.36111531758650595,0.1084639397664083,0.36412556053811657,0.034482758620689655,0.16322869955156952,0.6098654708520179,0.1588235294117647,0.43228699551569505,K004+KI03+KA07
xgboost,isotonic,target_real,0.7542600896860987,0.730506797540475,0.15124813545447707,0.41172422343740855,0.11380083777885551,0.7381165919282511,0.1798298906439854,0.0,0.9318385650224216,0.22232916265640038,0.0,K004+KI03+KA07
random_forest,raw,source_holdout,0.5523012552301255,0.46317654153475046,0.15016071885434748,0.5243054226269076,0.20212054373356447,,,,,,,K004+KI03+KA08
random_forest,raw,target_real,0.7443946188340808,0.7545429097322421,0.05119524618092488,0.3538379649330055,0.11690330975916174,0.18744394618834082,0.028708133971291867,0.017937219730941704,0.579372197309417,0.12848297213622292,0.34798206278026905,K004+KI03+KA08
random_forest,temperature,target_real,0.7443946188340808,0.7545429097322421,0.17383028495530767,0.4041119711768894,0.11653906612715965,0.23946188340807176,0.026217228464419477,0.017937219730941704,0.6340807174887892,0.157001414427157,0.3506726457399103,K004+KI03+KA08
random_forest,isotonic,target_real,0.7434977578475336,0.7287023384255712,0.1723256544464555,0.45418675242395845,0.10937457952379019,0.5569506726457399,0.08695652173913043,0.0,0.8663677130044843,0.2474120082815735,0.0,K004+KI03+KA08
svm,raw,source_holdout,0.3305439330543933,0.16561844863731656,0.6502144924447955,1.2797500158797572,0.30493534808608286,,,,,,,K004+KI03+KA08
svm,raw,target_real,0.6511210762331838,0.6759070831445116,0.26583574604592397,0.6218963183612151,0.3158911969268429,0.0,,0.0,0.17040358744394618,0.25263157894736843,0.0,K004+KI03+KA08
svm,temperature,target_real,0.6511210762331838,0.6759070831445116,0.19840633158597595,0.5551451650604259,0.30159933377542564,0.0,,0.0,0.21255605381165918,0.22784810126582278,0.0,K004+KI03+KA08
svm,isotonic,target_real,0.5874439461883408,0.48949600970797086,0.22604886707924468,0.6863202196965517,0.26224729951985537,0.6789237668161435,0.25891677675033026,0.0,0.8125560538116592,0.30132450331125826,0.0,K004+KI03+KA08
xgboost,raw,source_holdout,0.5188284518828452,0.4317226890756303,0.2940853896500176,0.518439193802639,0.17118194806688705,,,,,,,K004+KI03+KA08
xgboost,raw,target_real,0.7174887892376681,0.7254199501127386,0.1435510195958775,0.3995748858095187,0.10848395131202647,0.34260089686098655,0.02617801047120419,0.15426008968609867,0.5623318385650224,0.13237639553429026,0.42869955156950673,K004+KI03+KA08
xgboost,temperature,target_real,0.7174887892376681,0.7254199501127386,0.05142135312121141,0.35333223446360235,0.10431689142139972,0.3524663677130045,0.030534351145038167,0.19192825112107623,0.5533632286995516,0.1085899513776337,0.4349775784753363,K004+KI03+KA08
xgboost,isotonic,target_real,0.7506726457399103,0.7296652760673022,0.1715200274095518,0.43786555228522767,0.15067998152109888,0.8224215246636771,0.2039258451472192,0.0,0.9488789237668162,0.22967863894139887,0.0,K004+KI03+KA08
random_forest,raw,source_holdout,0.5564853556485355,0.4657236940577758,0.15167020557464655,0.5223650033257945,0.19820389054024007,,,,,,,K004+KI03+KA09
random_forest,raw,target_real,0.7515695067264574,0.7604767601990877,0.05610400052088936,0.35460837096883885,0.11678237103023725,0.18475336322869956,0.024271844660194174,0.02242152466367713,0.5641255605381166,0.13195548489666137,0.35874439461883406,K004+KI03+KA09
random_forest,temperature,target_real,0.7515695067264574,0.7604767601990877,0.1658950911794105,0.39623013106055627,0.11567575264587884,0.20358744394618833,0.022026431718061675,0.021524663677130046,0.6340807174887892,0.15417256011315417,0.35515695067264574,K004+KI03+KA09
random_forest,isotonic,target_real,0.726457399103139,0.7174722037784571,0.1845179592962252,0.45609357512072046,0.11018870166788425,0.6286995515695067,0.1340941512125535,0.0,0.874439461883408,0.2635897435897436,0.0,K004+KI03+KA09
svm,raw,source_holdout,0.3305439330543933,0.16561844863731656,0.6486895363718242,1.2772427749993747,0.3168290330020207,,,,,,,K004+KI03+KA09
svm,raw,target_real,0.6475336322869956,0.6727905124813865,0.26647067815159997,0.6257675209286049,0.3145742254109428,0.08161434977578476,0.2087912087912088,0.0,0.12914798206278028,0.2222222222222222,0.0,K004+KI03+KA09
svm,temperature,target_real,0.6475336322869956,0.6727905124813865,0.19110443188381454,0.5544696590625942,0.2965970088414599,0.11928251121076233,0.14285714285714285,0.0,0.17847533632286997,0.19095477386934673,0.04035874439461883,K004+KI03+KA09
svm,isotonic,target_real,0.6152466367713004,0.5410773606859146,0.1684224194427559,0.6151058298590286,0.20373910752929447,0.48161434977578477,0.15083798882681565,0.0,0.7659192825112108,0.25175644028103045,0.0,K004+KI03+KA09
xgboost,raw,source_holdout,0.5188284518828452,0.4329181929181929,0.3233363369019959,0.6084437793539783,0.20497329901443337,,,,,,,K004+KI03+KA09
xgboost,raw,target_real,0.7094170403587444,0.7172661621599038,0.17632344426595575,0.41875293061436825,0.10648000990030099,0.37130044843049326,0.03140096618357488,0.22600896860986547,0.57847533632287,0.13178294573643412,0.43408071748878924,K004+KI03+KA09
xgboost,temperature,target_real,0.7094170403587444,0.7172661621599038,0.0732035965976588,0.35402728593432375,0.10151607236648738,0.3847533632286996,0.037296037296037296,0.2295964125560538,0.5659192825112107,0.10301109350237718,0.43766816143497755,K004+KI03+KA09
xgboost,isotonic,target_real,0.7488789237668162,0.7337595507642982,0.1709009634689879,0.4369171290854986,0.14557239477110717,0.8062780269058296,0.1946607341490545,0.0,0.9515695067264573,0.23374175306314798,0.0,K004+KI03+KA09
random_forest,raw,source_holdout,0.020833333333333332,0.02032520325203252,0.5964331250689829,1.0939234942034082,0.9905010767327644,,,,,,,K004+KI05+KA01
random_forest,raw,target_real,0.7076233183856502,0.7188664334200227,0.10799663908733415,0.43559931679785546,0.18201096439504813,0.0,,0.042152466367713005,0.0,,0.13811659192825113,K004+KI05+KA01
random_forest,temperature,target_real,0.7076233183856502,0.7188664334200227,0.3352784881733108,0.6146182043796569,0.16835702257391957,0.0,,0.10403587443946188,0.0,,0.24394618834080717,K004+KI05+KA01
random_forest,isotonic,target_real,0.6825112107623318,0.703937291702649,0.10344416157063288,0.5482131297584105,0.18451776727813987,0.0,,0.14349775784753363,0.0,,0.14349775784753363,K004+KI05+KA01
svm,raw,source_holdout,0.14583333333333334,0.08515815085158152,0.694431422381143,1.37148714045907,0.9540419986383426,,,,,,,K004+KI05+KA01
svm,raw,target_real,0.6887892376681615,0.6994177302146842,0.22054005934816187,0.5545763397222304,0.27888436514015824,0.0,,0.008968609865470852,0.0,,0.04663677130044843,K004+KI05+KA01
svm,temperature,target_real,0.6887892376681615,0.6994177302146842,0.2970462877306081,0.6020825253828228,0.27230343477892066,0.0,,0.008071748878923767,0.0,,0.04753363228699552,K004+KI05+KA01
svm,isotonic,target_real,0.4260089686098655,0.3649400785230828,0.10574014079835749,0.6582473551268375,0.31233684416784885,0.0,,0.0,0.34439461883408073,0.3828125,0.0,K004+KI05+KA01
xgboost,raw,source_holdout,0.5666666666666667,0.5061728395061729,0.5265044279396534,0.9037590914143613,0.738311788190275,,,,,,,K004+KI05+KA01
xgboost,raw,target_real,0.7112107623318386,0.7197206488413186,0.21698404649447967,0.4867495681863963,0.11466836336697728,0.0,,0.20986547085201793,0.0,,0.420627802690583,K004+KI05+KA01
xgboost,temperature,target_real,0.7112107623318386,0.7197206488413186,0.21629519798497443,0.46330416343385866,0.10847122464328704,0.0,,0.22062780269058296,0.0,,0.4493273542600897,K004+KI05+KA01
xgboost,isotonic,target_real,0.7165919282511211,0.7247413860022697,0.11697372274051715,0.5263501158819732,0.2215918073353003,0.0,,0.14260089686098654,0.0,,0.2726457399103139,K004+KI05+KA01
random_forest,raw,source_holdout,0.4166666666666667,0.4090300061926477,0.2565895089648425,0.8400706125847787,0.728314647049856,,,,,,,K004+KI05+KA03
random_forest,raw,target_real,0.7354260089686099,0.7407064657556172,0.08349212912140244,0.4024381592320072,0.14171358238762688,0.0,,0.09058295964125561,0.0,,0.17130044843049327,K004+KI05+KA03
random_forest,temperature,target_real,0.7354260089686099,0.7407064657556172,0.31120463315587205,0.5498210400048585,0.1173556620378315,0.0,,0.18475336322869956,0.0,,0.24484304932735426,K004+KI05+KA03
random_forest,isotonic,target_real,0.5713004484304933,0.5737970039552773,0.2292219910636524,0.5163727279922556,0.19218933199644891,0.0,,0.0,0.27802690582959644,0.04516129032258064,0.42511210762331836,K004+KI05+KA03
svm,raw,source_holdout,0.15,0.09622698295438999,0.6755906138398564,1.413775705061324,0.9532091942840449,,,,,,,K004+KI05+KA03
svm,raw,target_real,0.7013452914798206,0.6961286105482696,0.19498126908499763,0.47579016689581083,0.13960912310132206,0.0,,0.17937219730941703,0.0,,0.2905829596412556,K004+KI05+KA03
svm,temperature,target_real,0.7013452914798206,0.6961286105482696,0.30935373271661487,0.589765006552938,0.1568882247184143,0.0,,0.09865470852017937,0.0,,0.18116591928251122,K004+KI05+KA03
svm,isotonic,target_real,0.4609865470852018,0.37053882873826516,0.11191137343384311,0.5945378420676405,0.4929073241530488,0.0,,0.0,0.0,,0.0,K004+KI05+KA03
xgboost,raw,source_holdout,0.5083333333333333,0.46461723930078364,0.3843089553217093,0.8297223829278688,0.5378749748101371,,,,,,,K004+KI05+KA03
xgboost,raw,target_real,0.7551569506726458,0.7579824564998701,0.17358835254014876,0.4035972980673547,0.08095667931338955,0.0,,0.2807174887892377,0.0,,0.5112107623318386,K004+KI05+KA03
xgboost,temperature,target_real,0.7551569506726458,0.7579824564998701,0.1464368823777111,0.3640651386069989,0.07382605730395647,0.0,,0.27085201793721975,0.0,,0.5560538116591929,K004+KI05+KA03
xgboost,isotonic,target_real,0.684304932735426,0.6850010843873228,0.15811471143309938,0.40946706709886316,0.09945633255691161,0.0,,0.2,0.41973094170403585,0.049145299145299144,0.568609865470852,K004+KI05+KA03
random_forest,raw,source_holdout,0.4309623430962343,0.4216586310899764,0.33764309743101556,0.856200707385601,0.5774674174070592,,,,,,,K004+KI05+KA05
random_forest,raw,target_real,0.7309417040358744,0.7323345372797757,0.14445209739201126,0.45158373523765954,0.19238969674907103,0.0,,0.07174887892376682,0.0,,0.13452914798206278,K004+KI05+KA05
random_forest,temperature,target_real,0.7309417040358744,0.7323345372797757,0.23014962814863707,0.49343431534847904,0.16146283893738997,0.04663677130044843,0.0,0.09417040358744394,0.04663677130044843,0.0,0.16681614349775784,K004+KI05+KA05
random_forest,isotonic,target_real,0.5246636771300448,0.5206107378726332,0.19337832290549703,0.5273985873231058,0.22970425060491748,0.20986547085201793,0.05982905982905983,0.0,0.20986547085201793,0.05982905982905983,0.3309417040358744,K004+KI05+KA05
svm,raw,source_holdout,0.49372384937238495,0.4638801744990546,0.4335139803525213,0.9388427148881255,0.561964647436494,,,,,,,K004+KI05+KA05
svm,raw,target_real,0.6923766816143497,0.6981180346967157,0.2348421890164899,0.5423483569445712,0.32082581316605946,0.0,,0.0026905829596412557,0.0,,0.0026905829596412557,K004+KI05+KA05
svm,temperature,target_real,0.6923766816143497,0.6981180346967157,0.1741734865428342,0.5141179529264847,0.30014718034084736,0.0,,0.003587443946188341,0.0,,0.003587443946188341,K004+KI05+KA05
svm,isotonic,target_real,0.600896860986547,0.5962317212626177,0.1289380321608891,0.531265848976389,0.2121814544623843,0.12466367713004484,0.0,0.12466367713004484,0.34260089686098655,0.1387434554973822,0.12466367713004484,K004+KI05+KA05
xgboost,raw,source_holdout,0.5481171548117155,0.49572649572649574,0.46710660268073306,0.8943088411043211,0.37836828231359176,,,,,,,K004+KI05+KA05
xgboost,raw,target_real,0.7228699551569506,0.7249404438748416,0.21438450658267927,0.48563680326446423,0.10123411345272,0.11748878923766816,0.007633587786259542,0.3596412556053812,0.13452914798206278,0.006666666666666667,0.5237668161434977,K004+KI05+KA05
xgboost,temperature,target_real,0.7228699551569506,0.7249404438748416,0.20368827883248486,0.420329738439483,0.0967914895028396,0.12197309417040358,0.007352941176470588,0.379372197309417,0.13632286995515694,0.006578947368421052,0.5452914798206278,K004+KI05+KA05
xgboost,isotonic,target_real,0.6385650224215247,0.6400534272477069,0.1580183539497907,0.4413889983018644,0.10296806220416806,0.19013452914798207,0.009433962264150943,0.3865470852017937,0.379372197309417,0.0070921985815602835,0.5354260089686098,K004+KI05+KA05
random_forest,raw,source_holdout,0.45416666666666666,0.4340998193912162,0.33410645337819034,0.7859369199683353,0.3194728528310018,,,,,,,K004+KI05+KA06
random_forest,raw,target_real,0.7103139013452915,0.7199440168936481,0.10619438521991288,0.4290973561758301,0.1656494783353367,0.03228699551569507,0.0,0.06188340807174888,0.10224215246636771,0.03508771929824561,0.11031390134529148,K004+KI05+KA06
random_forest,temperature,target_real,0.7103139013452915,0.7199440168936481,0.24400532128504354,0.5155891725163277,0.15516319241018786,0.06457399103139014,0.0,0.13004484304932734,0.11569506726457399,0.007751937984496124,0.18654708520179372,K004+KI05+KA06
random_forest,isotonic,target_real,0.7165919282511211,0.7194955077892038,0.10188167729887362,0.5322705038419351,0.19345784299474822,0.12197309417040358,0.04411764705882353,0.0,0.1757847533632287,0.030612244897959183,0.29775784753363227,K004+KI05+KA06
svm,raw,source_holdout,0.5041666666666667,0.4679296066252588,0.4305062646353853,0.9072065610156514,0.522226156996672,,,,,,,K004+KI05+KA06
svm,raw,target_real,0.695067264573991,0.7077597421636783,0.23066625632366186,0.5354840619721214,0.24422687462980355,0.0,,0.011659192825112108,0.0,,0.011659192825112108,K004+KI05+KA06
svm,temperature,target_real,0.695067264573991,0.7077597421636783,0.16656624156237584,0.49342851894752715,0.24145894093604714,0.0,,0.012556053811659192,0.0,,0.023318385650224215,K004+KI05+KA06
svm,isotonic,target_real,0.704932735426009,0.7100150207448416,0.07093584544873223,0.5257547056366209,0.265651747580373,0.21614349775784752,0.016597510373443983,0.19013452914798207,0.21614349775784752,0.016597510373443983,0.21614349775784752,K004+KI05+KA06
xgboost,raw,source_holdout,0.5583333333333333,0.5015576323987538,0.44511555309096973,0.8433506246863244,0.2703537867453486,,,,,,,K004+KI05+KA06
xgboost,raw,target_real,0.704932735426009,0.7140803566334072,0.2216262595535928,0.4949360875652278,0.10787726849625798,0.16860986547085202,0.005319148936170213,0.34977578475336324,0.3031390134529148,0.005917159763313609,0.5022421524663677,K004+KI05+KA06
xgboost,temperature,target_real,0.704932735426009,0.7140803566334072,0.19082520109858864,0.40649301333816706,0.10249557229354718,0.16143497757847533,0.005555555555555556,0.35874439461883406,0.3488789237668161,0.007712082262210797,0.5417040358744395,K004+KI05+KA06
xgboost,isotonic,target_real,0.6206278026905829,0.62373560183229,0.11997526710871687,0.4984998519874885,0.12714925856563927,0.40717488789237666,0.037444933920704845,0.0,0.4493273542600897,0.03592814371257485,0.47623318385650226,K004+KI05+KA06
random_forest,raw,source_holdout,0.4666666666666667,0.44295578463573,0.32284661045417606,0.7756723219768583,0.29287198514844975,,,,,,,K004+KI05+KA07
random_forest,raw,target_real,0.7085201793721974,0.7185707635842352,0.11062875687726977,0.42749164095450926,0.15254009855592102,0.0242152466367713,0.0,0.11121076233183856,0.14618834080717488,0.03067484662576687,0.15426008968609867,K004+KI05+KA07
random_forest,temperature,target_real,0.7085201793721974,0.7185707635842352,0.22281870641481075,0.49552562133157296,0.1328677630118967,0.06188340807174888,0.0,0.14349775784753363,0.21704035874439462,0.028925619834710745,0.24663677130044842,K004+KI05+KA07
random_forest,isotonic,target_real,0.662780269058296,0.6412596781607057,0.07392077175809292,0.5686315646589125,0.21344309645571877,0.42869955156950673,0.09832635983263599,0.0,0.42869955156950673,0.09832635983263599,0.19730941704035873,K004+KI05+KA07
svm,raw,source_holdout,0.5041666666666667,0.4679296066252588,0.4383939514515318,0.9038874369244979,0.27597755265737123,,,,,,,K004+KI05+KA07
svm,raw,target_real,0.695067264573991,0.7077597421636783,0.2296406112555189,0.535603800610234,0.24854445097898972,0.0017937219730941704,0.0,0.013452914798206279,0.14887892376681613,0.21084337349397592,0.0484304932735426,K004+KI05+KA07
svm,temperature,target_real,0.695067264573991,0.7077597421636783,0.171356368140801,0.4963643653344758,0.24282999716680614,0.0017937219730941704,0.0,0.013452914798206279,0.19103139013452916,0.1784037558685446,0.05022421524663677,K004+KI05+KA07
svm,isotonic,target_real,0.6672645739910313,0.6561857310240433,0.09202870296378035,0.6068639854129043,0.22961394537721033,0.14080717488789238,0.006369426751592357,0.14618834080717488,0.30852017937219733,0.07848837209302326,0.19910313901345292,K004+KI05+KA07
xgboost,raw,source_holdout,0.5416666666666666,0.4897983287566067,0.4310007000962893,0.8646956929483804,0.27829408322382143,,,,,,,K004+KI05+KA07
xgboost,raw,target_real,0.7085201793721974,0.7172722893903519,0.22259283851614978,0.5036194603364085,0.11205501336434608,0.0726457399103139,0.012345679012345678,0.2367713004484305,0.31210762331838565,0.020114942528735632,0.4852017937219731,K004+KI05+KA07
xgboost,temperature,target_real,0.7085201793721974,0.7172722893903519,0.19092003831328277,0.41213973735491083,0.1060435636271156,0.06278026905829596,0.014285714285714285,0.2789237668161435,0.27623318385650225,0.00974025974025974,0.5058295964125561,K004+KI05+KA07
xgboost,isotonic,target_real,0.6582959641255606,0.658238900735784,0.08233882221405213,0.4763904563699202,0.11005135860434005,0.20896860986547086,0.008583690987124463,0.21434977578475337,0.49506726457399103,0.050724637681159424,0.46816143497757845,K004+KI05+KA07
random_forest,raw,source_holdout,0.45188284518828453,0.4340737767072573,0.3502412389088404,0.7796944751482733,0.29198175008733235,,,,,,,K004+KI05+KA08
random_forest,raw,target_real,0.7103139013452915,0.7202854504144561,0.10009781076176112,0.42391221664847567,0.14472854533381543,0.05291479820627803,0.0,0.09775784753363229,0.09147982062780269,0.0,0.27085201793721975,K004+KI05+KA08
random_forest,temperature,target_real,0.7103139013452915,0.7202854504144561,0.23669742971748087,0.5058809499868846,0.1311987899009032,0.07802690582959641,0.011494252873563218,0.13094170403587443,0.13094170403587443,0.00684931506849315,0.32466367713004485,K004+KI05+KA08
random_forest,isotonic,target_real,0.5085201793721973,0.5165289973316051,0.10773093933176728,0.5847823689822691,0.19360409447868906,0.13721973094170403,0.0196078431372549,0.1273542600896861,0.3327354260089686,0.03773584905660377,0.33542600896860986,K004+KI05+KA08
svm,raw,source_holdout,0.502092050209205,0.4679035639412998,0.4399975846652352,0.9082601090162358,0.27900843507640194,,,,,,,K004+KI05+KA08
svm,raw,target_real,0.6914798206278027,0.7050409073050311,0.2328262527746958,0.5360902944960089,0.24814727076540796,0.0,,0.013452914798206279,0.14349775784753363,0.21875,0.013452914798206279,K004+KI05+KA08
svm,temperature,target_real,0.6914798206278027,0.7050409073050311,0.17434283730357947,0.4995042943240068,0.2438432132829882,0.0,,0.013452914798206279,0.18834080717488788,0.1761904761904762,0.03587443946188341,K004+KI05+KA08
svm,isotonic,target_real,0.6690582959641256,0.6583153510394052,0.12454653021654036,0.6329538198834822,0.28710372530614586,0.13721973094170403,0.006535947712418301,0.18206278026905828,0.13721973094170403,0.006535947712418301,0.2367713004484305,K004+KI05+KA08
xgboost,raw,source_holdout,0.5439330543933054,0.49447077409162715,0.4512176132102391,0.8725205079928879,0.2738890396711452,,,,,,,K004+KI05+KA08
xgboost,raw,target_real,0.7210762331838565,0.7284490211034834,0.21511654423491305,0.48918535798883234,0.10820268822382197,0.08789237668161436,0.01020408163265306,0.3434977578475336,0.27802690582959644,0.0064516129032258064,0.5031390134529148,K004+KI05+KA08
xgboost,temperature,target_real,0.7210762331838565,0.7284490211034834,0.1976940608859717,0.4129225361276042,0.10209217508201376,0.08161434977578476,0.01098901098901099,0.3596412556053812,0.25739910313901343,0.006968641114982578,0.5291479820627802,K004+KI05+KA08
xgboost,isotonic,target_real,0.610762331838565,0.6153900104529076,0.10672270890526066,0.5162722194278246,0.1299702588596314,0.32466367713004485,0.019337016574585635,0.0,0.39103139013452914,0.020642201834862386,0.4260089686098655,K004+KI05+KA08
random_forest,raw,source_holdout,0.5104602510460251,0.47315108869377503,0.35272065468175556,0.7752972691671453,0.31792911222162196,,,,,,,K004+KI05+KA09
random_forest,raw,target_real,0.7174887892376681,0.727164123573547,0.11035318215613658,0.4280689403245645,0.1511561685835979,0.017040358744394617,0.0,0.051121076233183856,0.06816143497757847,0.013157894736842105,0.22780269058295965,K004+KI05+KA09
random_forest,temperature,target_real,0.7174887892376681,0.727164123573547,0.22766548993780295,0.49179066707611635,0.12604057914356237,0.011659192825112108,0.0,0.19641255605381167,0.02242152466367713,0.0,0.3255605381165919,K004+KI05+KA09
random_forest,isotonic,target_real,0.7237668161434978,0.7287757110741744,0.1085643783521089,0.5131717377587196,0.1935613579392937,0.17937219730941703,0.095,0.0,0.2304932735426009,0.07392996108949416,0.0,K004+KI05+KA09
svm,raw,source_holdout,0.502092050209205,0.4679035639412998,0.4404269955872797,0.9105208405949132,0.3018921199904411,,,,,,,K004+KI05+KA09
svm,raw,target_real,0.694170403587444,0.7076373577771501,0.22894975064770123,0.537082023406484,0.2597537749785359,0.0026905829596412557,0.0,0.011659192825112108,0.1273542600896861,0.21830985915492956,0.011659192825112108,K004+KI05+KA09
svm,temperature,target_real,0.694170403587444,0.7076373577771501,0.1547564976586687,0.4914983112196302,0.2533737359838489,0.004484304932735426,0.0,0.011659192825112108,0.17668161434977578,0.18274111675126903,0.023318385650224215,K004+KI05+KA09
svm,isotonic,target_real,0.7013452914798206,0.7004227310952743,0.0834789000181643,0.5171319440438846,0.1743101682812447,0.18026905829596412,0.01990049751243781,0.0,0.5533632286995516,0.17341977309562398,0.18026905829596412,K004+KI05+KA09
xgboost,raw,source_holdout,0.5523012552301255,0.4992175273865415,0.44532319329772535,0.8610758963844349,0.2790690596842549,,,,,,,K004+KI05+KA09
xgboost,raw,target_real,0.715695067264574,0.7231433326136667,0.21390855253544627,0.4877565171419281,0.10705924101910257,0.11748878923766816,0.007633587786259542,0.3434977578475336,0.25829596412556055,0.006944444444444444,0.5076233183856502,K004+KI05+KA09
xgboost,temperature,target_real,0.715695067264574,0.7231433326136667,0.1940633054702941,0.4093957899865082,0.10158725639186042,0.11210762331838565,0.008,0.3506726457399103,0.24035874439461882,0.007462686567164179,0.5273542600896861,K004+KI05+KA09
xgboost,isotonic,target_real,0.6340807174887892,0.6368246990341547,0.10771428136245068,0.4811419717154381,0.11741952253330834,0.273542600896861,0.01639344262295082,0.0,0.4600896860986547,0.03313840155945419,0.4663677130044843,K004+KI05+KA09
random_forest,raw,source_holdout,0.3305439330543933,0.1979949874686717,0.36251679128279446,0.7884442257411955,0.37226156096488455,,,,,,,K004+KI07+KA01
random_forest,raw,target_real,0.7085201793721974,0.7193776422948212,0.09077329052494645,0.4272559752990142,0.1862537080639151,0.0,,0.03587443946188341,0.2430493273542601,0.14391143911439114,0.07354260089686099,K004+KI07+KA01
random_forest,temperature,target_real,0.7085201793721974,0.7193776422948212,0.3137077542851371,0.5888391568800628,0.17761416912024974,0.18744394618834082,0.07655502392344497,0.042152466367713005,0.27982062780269057,0.10576923076923077,0.13632286995515694,K004+KI07+KA01
random_forest,isotonic,target_real,0.6609865470852018,0.6641740329329265,0.11820503176998516,0.5754935138570996,0.21908581814798367,0.2556053811659193,0.08070175438596491,0.0,0.28699551569506726,0.15625,0.23497757847533632,K004+KI07+KA01
svm,raw,source_holdout,0.3305439330543933,0.1661409043112513,0.5742684784159114,1.0546432075285987,0.32362904226762307,,,,,,,K004+KI07+KA01
svm,raw,target_real,0.6681614349775785,0.6809751648094305,0.21989385788716406,0.5638285785975815,0.21617582103055116,0.15874439461883408,0.03954802259887006,0.10941704035874439,0.39641255605381165,0.22171945701357465,0.16950672645739912,K004+KI07+KA01
svm,temperature,target_real,0.6681614349775785,0.6809751648094305,0.121182241905658,0.4891890852580575,0.21029625913557237,0.16233183856502242,0.03867403314917127,0.14798206278026907,0.3757847533632287,0.20047732696897375,0.16771300448430493,K004+KI07+KA01
svm,isotonic,target_real,0.6448430493273543,0.6534740622781228,0.237623988724808,0.6230841664632161,0.19475570262481745,0.4044843049327354,0.09090909090909091,0.0,1.0,0.35515695067264574,0.0,K004+KI07+KA01
xgboost,raw,source_holdout,0.4393305439330544,0.38421599169262716,0.5174766377425095,0.915266045050104,0.30398348358035443,,,,,,,K004+KI07+KA01
xgboost,raw,target_real,0.7076233183856502,0.7166423739479514,0.21164709984454338,0.47113147825460916,0.09151851041068004,0.29775784753363227,0.006024096385542169,0.3452914798206278,0.5650224215246636,0.044444444444444446,0.5883408071748879,K004+KI07+KA01
xgboost,temperature,target_real,0.7076233183856502,0.7166423739479514,0.19701410472661676,0.38265714783822563,0.08921097121208456,0.31210762331838565,0.011494252873563218,0.295067264573991,0.589237668161435,0.0487062404870624,0.5946188340807175,K004+KI07+KA01
xgboost,isotonic,target_real,0.7210762331838565,0.7221223132503964,0.1559904617364288,0.5223588186445692,0.12670371211659714,0.3865470852017937,0.04408352668213457,0.0,1.0,0.2789237668161435,0.39641255605381165,K004+KI07+KA01
random_forest,raw,source_holdout,0.6317991631799164,0.5268418450236632,0.11388356471457492,0.5989010675207769,0.20678797477610752,,,,,,,K004+KI07+KA03
random_forest,raw,target_real,0.7327354260089686,0.7373015044592247,0.08195767930612537,0.3961540348936056,0.13888673444320462,0.4304932735426009,0.1,0.03766816143497758,0.49327354260089684,0.12727272727272726,0.12556053811659193,K004+KI07+KA03
random_forest,temperature,target_real,0.7327354260089686,0.7373015044592247,0.17906929228397198,0.4397177496019211,0.1265925267170706,0.3632286995515695,0.07407407407407407,0.04932735426008968,0.5219730941704036,0.10996563573883161,0.16681614349775784,K004+KI07+KA03
random_forest,isotonic,target_real,0.6457399103139013,0.6435191015853065,0.16974528944260586,0.5850654446744268,0.16913468122648925,0.39103139013452914,0.020642201834862386,0.0,0.7318385650224215,0.33088235294117646,0.39282511210762333,K004+KI07+KA03
svm,raw,source_holdout,0.33472803347280333,0.18287670461583505,0.5562929929486967,1.136951460456344,0.3373440199672647,,,,,,,K004+KI07+KA03
svm,raw,target_real,0.6708520179372197,0.6580050150156754,0.21786093168880946,0.5093548018433248,0.1327714781040127,0.19461883408071748,0.0,0.30852017937219733,0.3022421524663677,0.008902077151335312,0.3847533632286996,K004+KI07+KA03
svm,temperature,target_real,0.6708520179372197,0.6580050150156754,0.2155240339906778,0.5208564110814892,0.12421713648425815,0.23139013452914797,0.003875968992248062,0.3255605381165919,0.3452914798206278,0.015584415584415584,0.4125560538116592,K004+KI07+KA03
svm,isotonic,target_real,0.5300448430493273,0.5387230948122318,0.19508747461673567,0.5464294828979733,0.28647925211146175,0.18116591928251122,0.06435643564356436,0.0,0.4098654708520179,0.3238512035010941,0.15784753363228698,K004+KI07+KA03
xgboost,raw,source_holdout,0.6359832635983264,0.5318643105528351,0.24426514895391266,0.4311009162456688,0.08846757159242577,,,,,,,K004+KI07+KA03
xgboost,raw,target_real,0.747085201793722,0.751343503057706,0.16305757426894832,0.37483432906410036,0.0660552093797252,0.5695067264573991,0.026771653543307086,0.45112107623318387,0.6600896860986547,0.0625,0.6233183856502242,K004+KI07+KA03
xgboost,temperature,target_real,0.747085201793722,0.751343503057706,0.1066555255681117,0.31291776245174907,0.06478558080793276,0.5399103139013453,0.019933554817275746,0.4618834080717489,0.6502242152466368,0.060689655172413794,0.6349775784753363,K004+KI07+KA03
xgboost,isotonic,target_real,0.694170403587444,0.6908107984629802,0.21765916844755462,0.4782756074986032,0.09949684556739406,0.8394618834080717,0.24145299145299146,0.0,0.9542600896860987,0.2800751879699248,0.0,K004+KI07+KA03
random_forest,raw,source_holdout,0.6302521008403361,0.528431770059017,0.2450795549963511,0.6050712177112814,0.2529351300405177,,,,,,,K004+KI07+KA05
random_forest,raw,target_real,0.7300448430493274,0.7318634447781726,0.12722462207110444,0.4463811011118567,0.20921168364349346,0.07623318385650224,0.10588235294117647,0.04484304932735426,0.07623318385650224,0.10588235294117647,0.06278026905829596,K004+KI07+KA05
random_forest,temperature,target_real,0.7300448430493274,0.7318634447781726,0.11047058729235852,0.43655920515045615,0.1862706930872789,0.09596412556053811,0.102803738317757,0.0484304932735426,0.12017937219730941,0.12686567164179105,0.07174887892376682,K004+KI07+KA05
random_forest,isotonic,target_real,0.5174887892376682,0.5179267687809718,0.292362170785536,0.6968150616994279,0.23877073424695378,0.3874439461883408,0.08796296296296297,0.0,0.6224215246636772,0.38472622478386165,0.0,K004+KI07+KA05
svm,raw,source_holdout,0.6596638655462185,0.5515728131190647,0.287156787555315,0.577096147185284,0.12850389803896645,,,,,,,K004+KI07+KA05
svm,raw,target_real,0.6887892376681615,0.6949501970069298,0.2331201496418001,0.5403153163054674,0.21460372892991564,0.08520179372197309,0.021052631578947368,0.07174887892376682,0.38923766816143496,0.23963133640552994,0.10941704035874439,K004+KI07+KA05
svm,temperature,target_real,0.6887892376681615,0.6949501970069298,0.05062825444008253,0.4525580345166666,0.20506225709278975,0.10762331838565023,0.03333333333333333,0.09417040358744394,0.3901345291479821,0.21839080459770116,0.12825112107623318,K004+KI07+KA05
svm,isotonic,target_real,0.6206278026905829,0.6205181306488425,0.2580915141705985,0.5778883549935543,0.13781084344810585,0.5345291479820627,0.1476510067114094,0.0,0.9659192825112107,0.3630454967502321,0.347085201793722,K004+KI07+KA05
xgboost,raw,source_holdout,0.6596638655462185,0.5635045050679958,0.28958181698783103,0.5223744073440124,0.0928740626770812,,,,,,,K004+KI07+KA05
xgboost,raw,target_real,0.7345291479820628,0.733246170610737,0.18380962754578864,0.43175909910273574,0.07419014053251789,0.5829596412556054,0.024615384615384615,0.5013452914798207,0.6591928251121076,0.07210884353741497,0.6251121076233184,K004+KI07+KA05
xgboost,temperature,target_real,0.7345291479820628,0.733246170610737,0.12051904627396248,0.34595662507512515,0.0745391778982289,0.5730941704035875,0.023474178403755867,0.5049327354260089,0.6538116591928251,0.06721536351165981,0.6295964125560538,K004+KI07+KA05
xgboost,isotonic,target_real,0.7040358744394619,0.696706901115034,0.2423774572961702,0.5385354680604397,0.14285148732102074,0.8995515695067264,0.259222333000997,0.0,0.9991031390134529,0.29533213644524237,0.0,K004+KI07+KA05
random_forest,raw,source_holdout,0.6652719665271967,0.5523819488037943,0.23040178605138845,0.532308180232627,0.0808587975959068,,,,,,,K004+KI07+KA06
random_forest,raw,target_real,0.704932735426009,0.7157923380677165,0.09807100868076729,0.421497473135532,0.15647154094444193,0.2295964125560538,0.07421875,0.04125560538116592,0.3614349775784753,0.11910669975186104,0.1031390134529148,K004+KI07+KA06
random_forest,temperature,target_real,0.704932735426009,0.7157923380677165,0.1466899696299786,0.44904329621398115,0.14696042718021127,0.22690582959641256,0.06719367588932806,0.053811659192825115,0.40358744394618834,0.11333333333333333,0.18385650224215247,K004+KI07+KA06
random_forest,isotonic,target_real,0.5533632286995516,0.5606175951340513,0.32906081164098927,0.7456070725471163,0.330140147084445,0.24753363228699551,0.16304347826086957,0.0,0.7865470852017937,0.47434435575826683,0.0,K004+KI07+KA06
svm,raw,source_holdout,0.6652719665271967,0.5534851621808143,0.28966609527703513,0.565601060606746,0.09826825447015189,,,,,,,K004+KI07+KA06
svm,raw,target_real,0.684304932735426,0.6987370471742865,0.2381510469767832,0.5354452567641853,0.16917052736467675,0.10941704035874439,0.0,0.12286995515695068,0.48251121076233183,0.18401486988847585,0.2,K004+KI07+KA06
svm,temperature,target_real,0.684304932735426,0.6987370471742865,0.05437406208191701,0.4324978909493508,0.16495502876574533,0.13452914798206278,0.006666666666666667,0.14170403587443947,0.44484304932735425,0.15725806451612903,0.2062780269058296,K004+KI07+KA06
svm,isotonic,target_real,0.6798206278026906,0.6797819889467608,0.21894307636453791,0.5118288912039933,0.11042814827428922,0.5219730941704036,0.06872852233676977,0.0,0.8215246636771301,0.23799126637554585,0.4179372197309417,K004+KI07+KA06
xgboost,raw,source_holdout,0.6736401673640168,0.5716365777375231,0.2926823829756621,0.5547234781997689,0.06814491883855678,,,,,,,K004+KI07+KA06
xgboost,raw,target_real,0.7130044843049327,0.720291798730575,0.19672282458420826,0.4623746885910487,0.08784947000088415,0.5237668161434977,0.02910958904109589,0.31031390134529147,0.6394618834080718,0.08415147265077139,0.6035874439461884,K004+KI07+KA06
xgboost,temperature,target_real,0.7130044843049327,0.720291798730575,0.15472046821539986,0.35796875795714983,0.0864273980280937,0.5641255605381166,0.03179650238473768,0.3201793721973094,0.6511210762331838,0.09090909090909091,0.6062780269058295,K004+KI07+KA06
xgboost,isotonic,target_real,0.6573991031390135,0.6574138301713054,0.29187723807794563,0.6062121910650786,0.1276774182492091,0.9506726457399103,0.3264150943396226,0.0,0.9506726457399103,0.3264150943396226,0.0,K004+KI07+KA06
random_forest,raw,source_holdout,0.6652719665271967,0.5534851621808143,0.23391824904293793,0.5321706590959611,0.08184412713306617,,,,,,,K004+KI07+KA07
random_forest,raw,target_real,0.7031390134529149,0.7153149669867233,0.10998598287947758,0.42669282762671124,0.15052366141053666,0.2367713004484305,0.056818181818181816,0.054708520179372194,0.3847533632286996,0.12121212121212122,0.2242152466367713,K004+KI07+KA07
random_forest,temperature,target_real,0.7031390134529149,0.7153149669867233,0.18353941392480597,0.4728207780993852,0.13895828673514962,0.2771300448430493,0.05177993527508091,0.11210762331838565,0.4242152466367713,0.11416490486257928,0.2699551569506726,K004+KI07+KA07
random_forest,isotonic,target_real,0.5596412556053811,0.5643897719771557,0.2835712095437467,0.739120471934462,0.3204230505564071,0.2484304932735426,0.12274368231046931,0.0,0.7713004484304933,0.46395348837209305,0.0,K004+KI07+KA07
svm,raw,source_holdout,0.6652719665271967,0.5534851621808143,0.295971625381603,0.5578835193753684,0.07230615794321903,,,,,,,K004+KI07+KA07
svm,raw,target_real,0.6914798206278027,0.7037907117044903,0.23046175905468072,0.5317396009102714,0.1743783379907689,0.27802690582959644,0.1,0.11031390134529148,0.5076233183856502,0.20318021201413428,0.16502242152466368,K004+KI07+KA07
svm,temperature,target_real,0.6914798206278027,0.7037907117044903,0.05192270606074364,0.4356907778735518,0.16771147842470596,0.29237668161434976,0.1196319018404908,0.13901345291479822,0.5022421524663677,0.17857142857142858,0.16950672645739912,K004+KI07+KA07
svm,isotonic,target_real,0.6816143497757847,0.6636841777372601,0.21299678672133476,0.5165489613966263,0.11736265930998166,0.4591928251121076,0.033203125,0.0,0.9372197309417041,0.28995215311004785,0.47713004484304933,K004+KI07+KA07
xgboost,raw,source_holdout,0.6694560669456067,0.5685906710762023,0.2916664615834607,0.5581997627193447,0.07068335674270738,,,,,,,K004+KI07+KA07
xgboost,raw,target_real,0.6995515695067265,0.7102788281237928,0.21171839296015926,0.48256327426422546,0.09348340136810304,0.5605381165919282,0.0448,0.23946188340807176,0.6358744394618834,0.09167842031029619,0.5820627802690583,K004+KI07+KA07
xgboost,temperature,target_real,0.6995515695067265,0.7102788281237928,0.13789777048068516,0.3705722758025258,0.09215932368795222,0.5811659192825112,0.04938271604938271,0.28699551569506726,0.6349775784753363,0.0847457627118644,0.5838565022421525,K004+KI07+KA07
xgboost,isotonic,target_real,0.672645739910314,0.669706065569386,0.25483094943392526,0.5655577651616239,0.11871693522562375,0.7605381165919283,0.21580188679245282,0.0,0.9730941704035875,0.31336405529953915,0.0,K004+KI07+KA07
random_forest,raw,source_holdout,0.6638655462184874,0.5534591194968553,0.23611279348169087,0.5348413925016755,0.08338553783209665,,,,,,,K004+KI07+KA08
random_forest,raw,target_real,0.7076233183856502,0.7178731423346196,0.10699771448861516,0.4238721828008925,0.15989130649459324,0.25829596412556055,0.1076388888888889,0.04394618834080718,0.3434977578475336,0.12532637075718014,0.09147982062780269,K004+KI07+KA08
random_forest,temperature,target_real,0.7076233183856502,0.7178731423346196,0.16665549524387244,0.4582497765076761,0.14596787092466104,0.2852017937219731,0.09119496855345911,0.06278026905829596,0.39461883408071746,0.125,0.18923766816143497,K004+KI07+KA08
random_forest,isotonic,target_real,0.5443946188340807,0.5518056484418836,0.2788745491309514,0.7016019298401677,0.2743022547646559,0.24932735426008967,0.01079136690647482,0.0,0.8071748878923767,0.4444444444444444,0.2771300448430493,K004+KI07+KA08
svm,raw,source_holdout,0.6638655462184874,0.5534591194968553,0.2981352374221423,0.5626486368422483,0.07308040515065892,,,,,,,K004+KI07+KA08
svm,raw,target_real,0.6914798206278027,0.7037907117044903,0.23051459363679766,0.5314569211298816,0.17428620376692183,0.26905829596412556,0.09666666666666666,0.11031390134529148,0.5004484304932736,0.1989247311827957,0.16502242152466368,K004+KI07+KA08
svm,temperature,target_real,0.6914798206278027,0.7037907117044903,0.055512015023091305,0.43609478917254946,0.16770100492799977,0.28699551569506726,0.121875,0.13811659192825113,0.47623318385650226,0.1751412429378531,0.16860986547085202,K004+KI07+KA08
svm,isotonic,target_real,0.6780269058295965,0.6596038006844182,0.21470374488746513,0.5130709487631282,0.11450099239170258,0.4717488789237668,0.034220532319391636,0.0,0.9390134529147982,0.2913085004775549,0.48789237668161434,K004+KI07+KA08
xgboost,raw,source_holdout,0.6722689075630253,0.5716105350535642,0.30110082155516166,0.561799634881611,0.06736880153158628,,,,,,,K004+KI07+KA08
xgboost,raw,target_real,0.7076233183856502,0.7169274447999255,0.2080930849629133,0.46893082618869286,0.0895727585520493,0.5533632286995516,0.03079416531604538,0.23856502242152466,0.6251121076233184,0.07747489239598278,0.5865470852017938,K004+KI07+KA08
xgboost,temperature,target_real,0.7076233183856502,0.7169274447999255,0.15474370846748353,0.36347186283716587,0.08816425494872537,0.567713004484305,0.03475513428120063,0.28161434977578476,0.6224215246636772,0.06484149855907781,0.6017937219730942,K004+KI07+KA08
xgboost,isotonic,target_real,0.6591928251121076,0.6590540149161637,0.29409708127616147,0.6121196805995566,0.15282290558283165,0.95695067264574,0.32052483598875353,0.0,0.95695067264574,0.32052483598875353,0.0,K004+KI07+KA08
random_forest,raw,source_holdout,0.6638655462184874,0.5534591194968553,0.22205296006353656,0.5391451276707669,0.08834703788182761,,,,,,,K004+KI07+KA09
random_forest,raw,target_real,0.7094170403587444,0.7188229688351709,0.10161021276330581,0.4259400222608672,0.16997422295542616,0.1937219730941704,0.12037037037037036,0.02242152466367713,0.3452914798206278,0.12467532467532468,0.08968609865470852,K004+KI07+KA09
random_forest,temperature,target_real,0.7094170403587444,0.7188229688351709,0.13892634644866672,0.44375977142212364,0.16045898365509317,0.2179372197309417,0.10699588477366255,0.02780269058295964,0.3820627802690583,0.11971830985915492,0.09058295964125561,K004+KI07+KA09
random_forest,isotonic,target_real,0.5587443946188341,0.5644844831658381,0.2934926752545346,0.7223606674869005,0.2837485409332155,0.3291479820627803,0.1362397820163488,0.0,0.7991031390134529,0.43209876543209874,0.0,K004+KI07+KA09
svm,raw,source_holdout,0.6638655462184874,0.5534591194968553,0.2977877955793007,0.5631756028408326,0.07518902815584542,,,,,,,K004+KI07+KA09
svm,raw,target_real,0.6887892376681615,0.7017548560417847,0.23069237739170947,0.5333253807933974,0.17831787070557953,0.27085201793721975,0.10927152317880795,0.10941704035874439,0.4923766816143498,0.20218579234972678,0.16412556053811658,K004+KI07+KA09
svm,temperature,target_real,0.6887892376681615,0.7017548560417847,0.03623067786832057,0.4342936933321325,0.17290564763844088,0.25291479820627805,0.11347517730496454,0.13632286995515694,0.4556053811659193,0.1830708661417323,0.16950672645739912,K004+KI07+KA09
svm,isotonic,target_real,0.7022421524663677,0.6840317186419429,0.19569643191502095,0.5080784273625636,0.11317609493265937,0.5668161434977579,0.0949367088607595,0.0,0.9417040358744395,0.2914285714285714,0.45022421524663675,K004+KI07+KA09
xgboost,raw,source_holdout,0.6722689075630253,0.5716105350535642,0.29276832374704986,0.5406547356189516,0.06879398715003301,,,,,,,K004+KI07+KA09
xgboost,raw,target_real,0.7103139013452915,0.7196890799389332,0.20424074383594526,0.4652006827706756,0.08741727157021775,0.5551569506726457,0.03231017770597738,0.30134529147982064,0.6322869955156951,0.075177304964539,0.589237668161435,K004+KI07+KA09
xgboost,temperature,target_real,0.7103139013452915,0.7196890799389332,0.13795669803826305,0.3589305901718748,0.08500128568370417,0.5704035874439461,0.036163522012578615,0.31748878923766816,0.6394618834080718,0.07573632538569425,0.600896860986547,K004+KI07+KA09
xgboost,isotonic,target_real,0.6690582959641256,0.6679948567684831,0.2869461824867087,0.6117118103729747,0.15653907315646134,0.9551569506726457,0.3126760563380282,0.0,0.9551569506726457,0.3126760563380282,0.0,K004+KI07+KA09
random_forest,raw,source_holdout,0.31932773109243695,0.19338422391857504,0.33933715899523964,0.8119351743743268,0.5428063459985215,,,,,,,K004+KI08+KA01
random_forest,raw,target_real,0.6968609865470852,0.7119071815390816,0.0967674927961173,0.44570065193010416,0.19324535164630693,0.20807174887892377,0.14224137931034483,0.05829596412556054,0.20807174887892377,0.14224137931034483,0.10044843049327354,K004+KI08+KA01
random_forest,temperature,target_real,0.6968609865470852,0.7119071815390816,0.3334730839361532,0.6271382380731401,0.17847830636275352,0.19820627802690582,0.06334841628959276,0.10582959641255606,0.19820627802690582,0.06334841628959276,0.16502242152466368,K004+KI08+KA01
random_forest,isotonic,target_real,0.6421524663677131,0.6598318525965704,0.08898775096759395,0.5606972437241404,0.20633459866672615,0.19013452914798207,0.02358490566037736,0.14260089686098654,0.19013452914798207,0.02358490566037736,0.19013452914798207,K004+KI08+KA01
svm,raw,source_holdout,0.3025210084033613,0.15483870967741936,0.5538073896810493,1.0252658564109263,0.5483923751363713,,,,,,,K004+KI08+KA01
svm,raw,target_real,0.6636771300448431,0.6859003213352577,0.26869398801370237,0.6064572180806174,0.294629338466989,0.0,,0.05650224215246637,0.0,,0.09596412556053811,K004+KI08+KA01
svm,temperature,target_real,0.6636771300448431,0.6859003213352577,0.12131187780008088,0.5172828755316181,0.29131153267137566,0.04753363228699552,0.0,0.053811659192825115,0.04753363228699552,0.0,0.08609865470852018,K004+KI08+KA01
svm,isotonic,target_real,0.5937219730941704,0.6120577851442023,0.17793139708622577,0.6020157340541971,0.2561158206617026,0.13542600896860987,0.026490066225165563,0.0,0.5883408071748879,0.31859756097560976,0.13721973094170403,K004+KI08+KA01
xgboost,raw,source_holdout,0.44537815126050423,0.395478169814453,0.5173309494216902,0.903190773747815,0.32465159308999303,,,,,,,K004+KI08+KA01
xgboost,raw,target_real,0.6896860986547085,0.7072249089849462,0.2249573542932759,0.4874796557314737,0.09392394575831835,0.4726457399103139,0.024667931688804556,0.29596412556053814,0.5865470852017938,0.05657492354740061,0.5766816143497758,K004+KI08+KA01
xgboost,temperature,target_real,0.6896860986547085,0.7072249089849462,0.19483994813273453,0.37425366386632236,0.09010220783457945,0.4565022421524664,0.023575638506876228,0.3040358744394619,0.6134529147982063,0.05701754385964912,0.6017937219730942,K004+KI08+KA01
xgboost,isotonic,target_real,0.7201793721973094,0.7256833942216138,0.16530941381290273,0.4660634180738397,0.08426480801098933,0.5121076233183857,0.024518388791593695,0.0,0.9928251121076234,0.27822944896115626,0.5381165919282511,K004+KI08+KA01
random_forest,raw,source_holdout,0.6218487394957983,0.5199125507517959,0.1850094961747917,0.6277087101459021,0.24638889629792002,,,,,,,K004+KI08+KA03
random_forest,raw,target_real,0.7246636771300449,0.7332970027949907,0.09678366485249495,0.41485035830508327,0.14694778154294202,0.5309417040358745,0.14527027027027026,0.10852017937219731,0.590134529147982,0.16261398176291794,0.13004484304932734,K004+KI08+KA03
random_forest,temperature,target_real,0.7246636771300449,0.7332970027949907,0.20951190326028002,0.47227069005194117,0.12925953262646053,0.5434977578475336,0.12046204620462046,0.14618834080717488,0.5434977578475336,0.12046204620462046,0.19910313901345292,K004+KI08+KA03
random_forest,isotonic,target_real,0.6762331838565022,0.6741696119421858,0.13338539056452806,0.541014943609065,0.17098954784412143,0.3721973094170404,0.06265060240963856,0.16681614349775784,0.5192825112107623,0.2504317789291883,0.3434977578475336,K004+KI08+KA03
svm,raw,source_holdout,0.3277310924369748,0.1848008034817543,0.5550914906160558,1.0953447985791922,0.49551377675745584,,,,,,,K004+KI08+KA03
svm,raw,target_real,0.7022421524663677,0.7154982523936354,0.23167311754521253,0.5068488873024399,0.18318903479520882,0.14708520179372198,0.07317073170731707,0.1031390134529148,0.14708520179372198,0.07317073170731707,0.13094170403587443,K004+KI08+KA03
svm,temperature,target_real,0.7022421524663677,0.7154982523936354,0.2516923203780623,0.5284019958294122,0.16539269089144232,0.13901345291479822,0.01935483870967742,0.12914798206278028,0.2807174887892377,0.11501597444089456,0.17488789237668162,K004+KI08+KA03
svm,isotonic,target_real,0.6152466367713004,0.6194181672478297,0.12752949295156443,0.5003896894595359,0.16984413337553456,0.22780269058295965,0.011811023622047244,0.18744394618834082,0.46278026905829595,0.1569767441860465,0.30672645739910315,K004+KI08+KA03
xgboost,raw,source_holdout,0.6554621848739496,0.5771387194245091,0.17596780189446035,0.3607529287920882,0.08464986282560444,,,,,,,K004+KI08+KA03
xgboost,raw,target_real,0.7434977578475336,0.7502072411957816,0.14408470958872222,0.3502045527165075,0.06370883112799261,0.5964125560538116,0.03308270676691729,0.3632286995515695,0.7121076233183856,0.08060453400503778,0.6313901345291479,K004+KI08+KA03
xgboost,temperature,target_real,0.7434977578475336,0.7502072411957816,0.0844846373759428,0.31140394421499185,0.06286967120097724,0.5874439461883408,0.03206106870229008,0.3668161434977579,0.7022421524663677,0.07790549169859515,0.6421524663677131,K004+KI08+KA03
xgboost,isotonic,target_real,0.7219730941704036,0.7171559208345942,0.19299674689420646,0.4581150016992514,0.08001935187537376,0.8233183856502242,0.2047930283224401,0.0,0.9488789237668162,0.2504725897920605,0.5704035874439461,K004+KI08+KA03
random_forest,raw,source_holdout,0.6160337552742616,0.5170491803278688,0.23422420745087322,0.6084563950347248,0.27952562017326077,,,,,,,K004+KI08+KA05
random_forest,raw,target_real,0.7291479820627803,0.7328939709522908,0.13385623304374875,0.45351146460204167,0.19510540157928433,0.21614349775784752,0.0912863070539419,0.15426008968609867,0.24125560538116592,0.13011152416356878,0.19192825112107623,K004+KI08+KA05
random_forest,temperature,target_real,0.7291479820627803,0.7328939709522908,0.09465993860699247,0.4361686459084432,0.18397441231132314,0.23318385650224216,0.1,0.15067264573991032,0.2556053811659193,0.1368421052631579,0.19282511210762332,K004+KI08+KA05
random_forest,isotonic,target_real,0.6789237668161435,0.674357468689948,0.06439106667340423,0.538807826727118,0.18555054085992315,0.34618834080717487,0.06476683937823834,0.0,0.4798206278026906,0.15327102803738318,0.28699551569506726,K004+KI08+KA05
svm,raw,source_holdout,0.6455696202531646,0.5386752136752136,0.3085634942397395,0.6283521788824797,0.19759509123996713,,,,,,,K004+KI08+KA05
svm,raw,target_real,0.6744394618834081,0.6940101007160702,0.25254231711752917,0.5791647286942305,0.2567895310127684,0.0,,0.04394618834080718,0.15784753363228698,0.17045454545454544,0.06098654708520179,K004+KI08+KA05
svm,temperature,target_real,0.6744394618834081,0.6940101007160702,0.060406294997302865,0.4785625142096659,0.2544095444886966,0.028699551569506727,0.0,0.04484304932735426,0.16322869955156952,0.19230769230769232,0.06098654708520179,K004+KI08+KA05
svm,isotonic,target_real,0.6816143497757847,0.6729547382191908,0.1411814191736892,0.4899463519659116,0.12118397945777867,0.547085201793722,0.09836065573770492,0.20807174887892377,0.8439461883408071,0.2412327311370882,0.2860986547085202,K004+KI08+KA05
xgboost,raw,source_holdout,0.6708860759493671,0.5754852744310576,0.2637203066660885,0.4850094160698014,0.08642627055567542,,,,,,,K004+KI08+KA05
xgboost,raw,target_real,0.7291479820627803,0.7309397054688684,0.18614657606779197,0.43950809419716175,0.07937272511896531,0.5811659192825112,0.029320987654320986,0.3757847533632287,0.6466367713004484,0.07212205270457697,0.6134529147982063,K004+KI08+KA05
xgboost,temperature,target_real,0.7291479820627803,0.7309397054688684,0.14165166710046373,0.358703666645099,0.07879984610829285,0.5910313901345291,0.03490136570561457,0.3865470852017937,0.6466367713004484,0.07073509015256588,0.6152466367713004,K004+KI08+KA05
xgboost,isotonic,target_real,0.6896860986547085,0.6852849831641926,0.24421109067569008,0.5335959407261939,0.08709767698403194,0.8457399103139014,0.23435843054082714,0.0,0.9982062780269059,0.3090745732255166,0.590134529147982,K004+KI08+KA05
random_forest,raw,source_holdout,0.6554621848739496,0.544651869015333,0.18717495021144812,0.5576876598529497,0.15553106345254025,,,,,,,K004+KI08+KA06
random_forest,raw,target_real,0.6896860986547085,0.7057749657546686,0.11470831367958202,0.45037329604590143,0.16897187535766933,0.31031390134529147,0.1329479768786127,0.1452914798206278,0.4295964125560538,0.1649269311064718,0.2,K004+KI08+KA06
random_forest,temperature,target_real,0.6896860986547085,0.7057749657546686,0.12399037614778873,0.45526337800357203,0.16317241062682344,0.31928251121076234,0.12640449438202248,0.09417040358744394,0.431390134529148,0.14760914760914762,0.20538116591928252,K004+KI08+KA06
random_forest,isotonic,target_real,0.6313901345291479,0.6270056883125051,0.11890085906975588,0.5074077677694923,0.16198103395502453,0.24125560538116592,0.007434944237918215,0.24394618834080717,0.5031390134529148,0.1622103386809269,0.34260089686098655,K004+KI08+KA06
svm,raw,source_holdout,0.634453781512605,0.5260570561932902,0.30730908832345094,0.6587375132066902,0.30665868436196664,,,,,,,K004+KI08+KA06
svm,raw,target_real,0.6556053811659193,0.679946142313489,0.28630206213107917,0.6262861332446287,0.2508745585848772,0.0,,0.054708520179372194,0.0,,0.08340807174887892,K004+KI08+KA06
svm,temperature,target_real,0.6556053811659193,0.679946142313489,0.06849075804642195,0.4957100215874755,0.25021564044052597,0.0,,0.05022421524663677,0.0,,0.08161434977578476,K004+KI08+KA06
svm,isotonic,target_real,0.7147982062780269,0.7162502782677098,0.1491102398618563,0.4696269577944068,0.12444143047984262,0.34260089686098655,0.12827225130890052,0.0,0.8134529147982063,0.19073869900771775,0.242152466367713,K004+KI08+KA06
xgboost,raw,source_holdout,0.6596638655462185,0.5527699240436368,0.2997168648142774,0.565702296784309,0.0776639176484126,,,,,,,K004+KI08+KA06
xgboost,raw,target_real,0.6923766816143497,0.7075343515347189,0.2152848856331522,0.4824162051587219,0.094446758273831,0.5130044843049327,0.03671328671328671,0.28699551569506726,0.6251121076233184,0.0746054519368723,0.5704035874439461,K004+KI08+KA06
xgboost,temperature,target_real,0.6923766816143497,0.7075343515347189,0.1373952830485873,0.3695649206153481,0.09239744932322526,0.5237668161434977,0.039383561643835614,0.284304932735426,0.6403587443946188,0.0784313725490196,0.5802690582959641,K004+KI08+KA06
xgboost,isotonic,target_real,0.6798206278026906,0.6776557940630106,0.24643594855984885,0.5218144896415783,0.0891370338555549,0.7721973094170403,0.18931475029036005,0.0,0.9955156950672646,0.3171171171171171,0.5721973094170404,K004+KI08+KA06
random_forest,raw,source_holdout,0.6554621848739496,0.544651869015333,0.18254996593049908,0.5530082154868325,0.16250653745446667,,,,,,,K004+KI08+KA07
random_forest,raw,target_real,0.6896860986547085,0.7062293975430948,0.11756601532978442,0.45029035707522785,0.16403518413584067,0.2825112107623318,0.10158730158730159,0.17937219730941703,0.39461883408071746,0.15681818181818183,0.2179372197309417,K004+KI08+KA07
random_forest,temperature,target_real,0.6896860986547085,0.7062293975430948,0.13970109410432577,0.46091979049471987,0.15262245297070123,0.3345291479820628,0.1126005361930295,0.19820627802690582,0.4367713004484305,0.14784394250513347,0.2591928251121076,K004+KI08+KA07
random_forest,isotonic,target_real,0.6233183856502242,0.6202465199471188,0.12229688145957339,0.5256869930990177,0.1814992744614813,0.3596412556053812,0.012468827930174564,0.28161434977578476,0.5004484304932736,0.16487455197132617,0.39820627802690584,K004+KI08+KA07
svm,raw,source_holdout,0.634453781512605,0.5260570561932902,0.3121284346795353,0.653842439998536,0.17003257139233763,,,,,,,K004+KI08+KA07
svm,raw,target_real,0.6529147982062781,0.6775861576568594,0.2860962912335936,0.6267806060731339,0.2503790392946516,0.008071748878923767,0.0,0.054708520179372194,0.3291479820627803,0.24250681198910082,0.08071748878923767,K004+KI08+KA07
svm,temperature,target_real,0.6529147982062781,0.6775861576568594,0.04641807878373146,0.4917536060230221,0.24955025388309118,0.008071748878923767,0.0,0.051121076233183856,0.26367713004484306,0.20068027210884354,0.07892376681614349,K004+KI08+KA07
svm,isotonic,target_real,0.7282511210762331,0.7175711666471617,0.1292733511857524,0.44683132804650194,0.11361863019611736,0.557847533632287,0.1045016077170418,0.2062780269058296,0.8753363228699551,0.22643442622950818,0.3165919282511211,K004+KI08+KA07
xgboost,raw,source_holdout,0.6596638655462185,0.5597538478577634,0.3040842486529791,0.5784707624009237,0.07992115975711148,,,,,,,K004+KI08+KA07
xgboost,raw,target_real,0.672645739910314,0.6913951140055357,0.2425385309976313,0.5121891107455898,0.10109863243057772,0.5219730941704036,0.04639175257731959,0.2242152466367713,0.6233183856502242,0.08057553956834532,0.5533632286995516,K004+KI08+KA07
xgboost,temperature,target_real,0.672645739910314,0.6913951140055357,0.15352102583891905,0.3843842276304239,0.09875441822825284,0.5121076233183857,0.03502626970227671,0.23408071748878923,0.6322869955156951,0.08085106382978724,0.547085201793722,K004+KI08+KA07
xgboost,isotonic,target_real,0.6708520179372197,0.6685677853084327,0.2356844496954219,0.5008661046643184,0.08982506124817985,0.7219730941704036,0.15900621118012423,0.0,0.9955156950672646,0.327027027027027,0.57847533632287,K004+KI08+KA07
random_forest,raw,source_holdout,0.6540084388185654,0.5445756582162627,0.18557127333398996,0.5549932409426891,0.15598744264221262,,,,,,,K004+KI08+KA08
random_forest,raw,target_real,0.6977578475336322,0.7125716637506697,0.11561382031220722,0.4467489789142666,0.1665886818774995,0.19103139013452916,0.03286384976525822,0.15605381165919283,0.379372197309417,0.15130023640661938,0.20538116591928252,K004+KI08+KA08
random_forest,temperature,target_real,0.6977578475336322,0.7125716637506697,0.16772699346458134,0.47268064726870274,0.1566074515528203,0.19103139013452916,0.028169014084507043,0.15695067264573992,0.4125560538116592,0.14782608695652175,0.21076233183856502,K004+KI08+KA08
random_forest,isotonic,target_real,0.6295964125560538,0.6241148551552257,0.08844269810913917,0.5573675655279485,0.2068787320313583,0.43946188340807174,0.08979591836734693,0.0,0.43946188340807174,0.08979591836734693,0.25829596412556055,K004+KI08+KA08
svm,raw,source_holdout,0.6329113924050633,0.5258876979400996,0.31191725478470544,0.6578551128261467,0.1717784235926774,,,,,,,K004+KI08+KA08
svm,raw,target_real,0.6547085201793722,0.6789689787259111,0.2842370645166422,0.625671506924444,0.24936859295570477,0.0017937219730941704,0.0,0.054708520179372194,0.32107623318385653,0.22625698324022347,0.08161434977578476,K004+KI08+KA08
svm,temperature,target_real,0.6547085201793722,0.6789689787259111,0.05005497764634443,0.49153681220909123,0.2491780052644168,0.0017937219730941704,0.0,0.051121076233183856,0.2556053811659193,0.19298245614035087,0.07802690582959641,K004+KI08+KA08
svm,isotonic,target_real,0.7291479820627803,0.7185810555556449,0.12041222199256632,0.44188435086298494,0.1096410473021976,0.5452914798206278,0.09210526315789473,0.2062780269058296,0.8789237668161435,0.22142857142857142,0.29775784753363227,K004+KI08+KA08
xgboost,raw,source_holdout,0.6624472573839663,0.5627185351469551,0.2963410568136706,0.5660948877591997,0.07796323095235567,,,,,,,K004+KI08+KA08
xgboost,raw,target_real,0.6771300448430493,0.6948619577432207,0.23296433770068556,0.49694877598331066,0.09910879981717939,0.49506726457399103,0.03260869565217391,0.20179372197309417,0.6035874439461884,0.06983655274888559,0.5488789237668161,K004+KI08+KA08
xgboost,temperature,target_real,0.6771300448430493,0.6948619577432207,0.14947734147725447,0.3772496540654472,0.09562491088796271,0.48161434977578477,0.0260707635009311,0.18744394618834082,0.6286995515695067,0.07845934379457917,0.5668161434977579,K004+KI08+KA08
xgboost,isotonic,target_real,0.6852017937219731,0.6807113874973125,0.26737222176283293,0.5485922987540941,0.09901011621497902,0.8349775784753363,0.23737916219119226,0.0,0.9973094170403587,0.3147482014388489,0.0,K004+KI08+KA08
random_forest,raw,source_holdout,0.6540084388185654,0.5445756582162627,0.1902510383109333,0.5551647596340271,0.15873401210390864,,,,,,,K004+KI08+KA09
random_forest,raw,target_real,0.695067264573991,0.7097457448830936,0.12292600087671303,0.4496012994858854,0.16757381714458597,0.29775784753363227,0.14156626506024098,0.17937219730941703,0.3506726457399103,0.1534526854219949,0.20179372197309417,K004+KI08+KA09
random_forest,temperature,target_real,0.695067264573991,0.7097457448830936,0.15262590202095616,0.46435552918210427,0.15790698189029218,0.2914798206278027,0.12307692307692308,0.18744394618834082,0.40717488789237666,0.13876651982378854,0.2116591928251121,K004+KI08+KA09
random_forest,isotonic,target_real,0.6295964125560538,0.6257880491675093,0.11159952415011855,0.5675145785581902,0.19737467143421344,0.5721973094170404,0.2006269592476489,0.0,0.5721973094170404,0.2006269592476489,0.0,K004+KI08+KA09
svm,raw,source_holdout,0.6160337552742616,0.5101555993863686,0.3211900250436591,0.6787839688408562,0.21785110316553788,,,,,,,K004+KI08+KA09
svm,raw,target_real,0.6502242152466368,0.6756171931444078,0.28741062394339595,0.6353837741507998,0.27120676024115475,0.008071748878923767,0.0,0.051121076233183856,0.24484304932735426,0.22344322344322345,0.07982062780269059,K004+KI08+KA09
svm,temperature,target_real,0.6502242152466368,0.6756171931444078,0.05213916544460809,0.5027436815272377,0.2725270539331514,0.008071748878923767,0.0,0.04932735426008968,0.23946188340807176,0.23595505617977527,0.07713004484304933,K004+KI08+KA09
svm,isotonic,target_real,0.7300448430493274,0.7226333174157692,0.13158865330420344,0.47320875018241154,0.12533791559100974,0.6260089686098654,0.14469914040114612,0.22062780269058296,0.8941704035874439,0.22066198595787362,0.22062780269058296,K004+KI08+KA09
xgboost,raw,source_holdout,0.6624472573839663,0.5627185351469551,0.28742766958751764,0.559579068880791,0.08125124178324937,,,,,,,K004+KI08+KA09
xgboost,raw,target_real,0.6717488789237668,0.6906162383179574,0.23864803557438702,0.5014276067418381,0.10039764688326094,0.5192825112107623,0.037996545768566495,0.23139013452914797,0.6143497757847534,0.08321167883211679,0.5569506726457399,K004+KI08+KA09
xgboost,temperature,target_real,0.6717488789237668,0.6906162383179574,0.14934550536400817,0.38053645968111954,0.09685280717406561,0.5219730941704036,0.03608247422680412,0.24573991031390136,0.6304932735426009,0.08534850640113797,0.5596412556053811,K004+KI08+KA09
xgboost,isotonic,target_real,0.6753363228699552,0.6728463203463203,0.2560928097943864,0.5525510468267593,0.09934096326736916,0.8511210762331839,0.27502634351949423,0.0,0.9641255605381166,0.30511627906976746,0.5542600896860986,K004+KI08+KA09
