model,calibration_set,calibration,accuracy,ece,auto_rate@5%,auto_error@5%,coverage,mean_set_size,n_per_class,seed,source_calib,real_calib
random_forest,source,raw,0.7046750285062714,0.17005926822376866,0.9885974914481186,0.29296424452133796,,,1,1000,K001+KI07+KA01,K003+KA30+KI17
random_forest,source,temperature,0.7046750285062714,0.2398385342499068,0.9954389965792474,0.2943871706758305,,,1,1000,K001+KI07+KA01,K003+KA30+KI17
random_forest,source,isotonic,0.6841505131128849,0.2782184326797097,0.9692132269099202,0.3058823529411765,,,1,1000,K001+KI07+KA01,K003+KA30+KI17
random_forest,source,conformal_marginal,,,,,0.6145952109464082,0.7924743443557583,1,1000,K001+KI07+KA01,K003+KA30+KI17
random_forest,source,conformal_class_conditional,,,,,0.6157354618015963,0.806157354618016,1,1000,K001+KI07+KA01,K003+KA30+KI17
random_forest,target,raw,0.7046750285062714,0.17005926822376866,0.19384264538198404,0.011764705882352941,,,1,1000,K001+KI07+KA01,K003+KA30+KI17
random_forest,target,temperature,0.7046750285062714,0.058192651208935485,0.19156214367160776,0.011904761904761904,,,1,1000,K001+KI07+KA01,K003+KA30+KI17
random_forest,target,isotonic,0.7217787913340935,0.09242602008254767,0.41961231470923605,0.035326086956521736,,,1,1000,K001+KI07+KA01,K003+KA30+KI17
random_forest,target,conformal_marginal,,,,,0.8779931584948689,1.7320410490307867,1,1000,K001+KI07+KA01,K003+KA30+KI17
random_forest,target,conformal_class_conditional,,,,,0.8449258836944128,1.5610034207525656,1,1000,K001+KI07+KA01,K003+KA30+KI17
random_forest,combined,raw,0.7046750285062714,0.17005926822376866,0.38198403648802737,0.04776119402985075,,,1,1000,K001+KI07+KA01,K003+KA30+KI17
random_forest,combined,temperature,0.7046750285062714,0.10149345018162292,0.4127708095781072,0.052486187845303865,,,1,1000,K001+KI07+KA01,K003+KA30+KI17
random_forest,combined,isotonic,0.7206385404789054,0.15031405577800058,0.5598631698973774,0.09775967413441955,,,1,1000,K001+KI07+KA01,K003+KA30+KI17
random_forest,combined,conformal_marginal,,,,,0.7958950969213227,1.266818700114025,1,1000,K001+KI07+KA01,K003+KA30+KI17
random_forest,combined,conformal_class_conditional,,,,,0.8164196123147093,1.4389965792474344,1,1000,K001+KI07+KA01,K003+KA30+KI17
svm,source,raw,0.7172177879133409,0.17862771620407691,0.9942987457240593,0.2809633027522936,,,1,1000,K001+KI07+KA01,K003+KA30+KI17
svm,source,temperature,0.7172177879133409,0.2593382980723201,0.9954389965792474,0.2806414662084765,,,1,1000,K001+KI07+KA01,K003+KA30+KI17
svm,source,isotonic,0.6955530216647663,0.26037391730921394,0.9794754846066135,0.30267753201396974,,,1,1000,K001+KI07+KA01,K003+KA30+KI17
svm,source,conformal_marginal,,,,,0.7023945267958951,0.9612314709236032,1,1000,K001+KI07+KA01,K003+KA30+KI17
svm,source,conformal_class_conditional,,,,,0.5598631698973774,0.7616875712656784,1,1000,K001+KI07+KA01,K003+KA30+KI17
svm,target,raw,0.7172177879133409,0.17862771620407691,0.3181299885974915,0.021505376344086023,,,1,1000,K001+KI07+KA01,K003+KA30+KI17
svm,target,temperature,0.7172177879133409,0.05511995507250873,0.3169897377423033,0.017985611510791366,,,1,1000,K001+KI07+KA01,K003+KA30+KI17
svm,target,isotonic,0.7251995438996579,0.09495456101089772,0.6009122006841505,0.08159392789373814,,,1,1000,K001+KI07+KA01,K003+KA30+KI17
svm,target,conformal_marginal,,,,,0.8688711516533637,1.6636259977194983,1,1000,K001+KI07+KA01,K003+KA30+KI17
svm,target,conformal_class_conditional,,,,,0.8369441277080958,1.5302166476624857,1,1000,K001+KI07+KA01,K003+KA30+KI17
svm,combined,raw,0.7172177879133409,0.17862771620407691,0.3831242873432155,0.044642857142857144,,,1,1000,K001+KI07+KA01,K003+KA30+KI17
svm,combined,temperature,0.7172177879133409,0.10881393484421331,0.3751425313568985,0.04559270516717325,,,1,1000,K001+KI07+KA01,K003+KA30+KI17
svm,combined,isotonic,0.7137970353477765,0.15595341499784252,0.5746864310148233,0.08928571428571429,,,1,1000,K001+KI07+KA01,K003+KA30+KI17
svm,combined,conformal_marginal,,,,,0.8084378563283923,1.3021664766248575,1,1000,K001+KI07+KA01,K003+KA30+KI17
svm,combined,conformal_class_conditional,,,,,0.8107183580387686,1.3774230330672748,1,1000,K001+KI07+KA01,K003+KA30+KI17
xgboost,source,raw,0.7137970353477765,0.23190308990065295,0.9977194982896237,0.28685714285714287,,,1,1000,K001+KI07+KA01,K003+KA30+KI17
xgboost,source,temperature,0.7137970353477765,0.24266774027097476,0.9988597491448119,0.2865296803652968,,,1,1000,K001+KI07+KA01,K003+KA30+KI17
xgboost,source,isotonic,0.701254275940707,0.2588136028252805,0.9977194982896237,0.29828571428571427,,,1,1000,K001+KI07+KA01,K003+KA30+KI17
xgboost,source,conformal_marginal,,,,,0.6031927023945268,0.7548460661345496,1,1000,K001+KI07+KA01,K003+KA30+KI17
xgboost,source,conformal_class_conditional,,,,,0.6054732041049031,0.7776510832383124,1,1000,K001+KI07+KA01,K003+KA30+KI17
xgboost,target,raw,0.7137970353477765,0.23190308990065295,0.02280501710376283,0.0,,,1,1000,K001+KI07+KA01,K003+KA30+KI17
xgboost,target,temperature,0.7137970353477765,0.10794356052783818,0.028506271379703536,0.0,,,1,1000,K001+KI07+KA01,K003+KA30+KI17
xgboost,target,isotonic,0.7217787913340935,0.07566992668373722,0.427594070695553,0.029333333333333333,,,1,1000,K001+KI07+KA01,K003+KA30+KI17
xgboost,target,conformal_marginal,,,,,0.9019384264538198,1.8278221208665906,1,1000,K001+KI07+KA01,K003+KA30+KI17
xgboost,target,conformal_class_conditional,,,,,0.8574686431014823,1.604332953249715,1,1000,K001+KI07+KA01,K003+KA30+KI17
xgboost,combined,raw,0.7137970353477765,0.23190308990065295,0.3660205245153934,0.037383177570093455,,,1,1000,K001+KI07+KA01,K003+KA30+KI17
xgboost,combined,temperature,0.7137970353477765,0.119985854382457,0.3671607753705815,0.021739130434782608,,,1,1000,K001+KI07+KA01,K003+KA30+KI17
xgboost,combined,isotonic,0.7217787913340935,0.13338185426037852,0.6043329532497149,0.10566037735849057,,,1,1000,K001+KI07+KA01,K003+KA30+KI17
xgboost,combined,conformal_marginal,,,,,0.8164196123147093,1.346636259977195,1,1000,K001+KI07+KA01,K003+KA30+KI17
xgboost,combined,conformal_class_conditional,,,,,0.7924743443557583,1.3751425313568986,1,1000,K001+KI07+KA01,K003+KA30+KI17
random_forest,source,raw,0.7149372862029647,0.1742521137377092,0.9201824401368301,0.2552664188351921,,,1,1001,K004+KI07+KA06,K006+KA30+KI17
random_forest,source,temperature,0.7149372862029647,0.16521876381441186,0.9167616875712656,0.2524875621890547,,,1,1001,K004+KI07+KA06,K006+KA30+KI17
random_forest,source,isotonic,0.6784492588369442,0.2535049144214669,0.9874572405929305,0.31524249422632794,,,1,1001,K004+KI07+KA06,K006+KA30+KI17
random_forest,source,conformal_marginal,,,,,0.6419612314709237,0.8129988597491448,1,1001,K004+KI07+KA06,K006+KA30+KI17
random_forest,source,conformal_class_conditional,,,,,0.6088939566704675,0.8779931584948689,1,1001,K004+KI07+KA06,K006+KA30+KI17
random_forest,target,raw,0.7149372862029647,0.1742521137377092,0.2451539338654504,0.013953488372093023,,,1,1001,K004+KI07+KA06,K006+KA30+KI17
random_forest,target,temperature,0.7149372862029647,0.04851189022775672,0.24401368301026224,0.014018691588785047,,,1,1001,K004+KI07+KA06,K006+KA30+KI17
random_forest,target,isotonic,0.7297605473204105,0.05883534603943049,0.4960091220068415,0.04367816091954023,,,1,1001,K004+KI07+KA06,K006+KA30+KI17
random_forest,target,conformal_marginal,,,,,0.8597491448118586,1.5860889395667046,1,1001,K004+KI07+KA06,K006+KA30+KI17
random_forest,target,conformal_class_conditional,,,,,0.8449258836944128,1.5393386545039909,1,1001,K004+KI07+KA06,K006+KA30+KI17
random_forest,combined,raw,0.7149372862029647,0.1742521137377092,0.49486887115165334,0.08294930875576037,,,1,1001,K004+KI07+KA06,K006+KA30+KI17
random_forest,combined,temperature,0.7149372862029647,0.08484678400187066,0.5210946408209807,0.08533916849015317,,,1,1001,K004+KI07+KA06,K006+KA30+KI17
random_forest,combined,isotonic,0.7194982896237172,0.10218864748593555,0.56442417331813,0.10101010101010101,,,1,1001,K004+KI07+KA06,K006+KA30+KI17
random_forest,combined,conformal_marginal,,,,,0.8278221208665907,1.3968072976054733,1,1001,K004+KI07+KA06,K006+KA30+KI17
random_forest,combined,conformal_class_conditional,,,,,0.8164196123147093,1.403648802736602,1,1001,K004+KI07+KA06,K006+KA30+KI17
svm,source,raw,0.7274800456100342,0.16920591721819705,0.8380843785632839,0.19591836734693877,,,1,1001,K004+KI07+KA06,K006+KA30+KI17
svm,source,temperature,0.7274800456100342,0.13605765273062623,0.830102622576967,0.19505494505494506,,,1,1001,K004+KI07+KA06,K006+KA30+KI17
svm,source,isotonic,0.69327251995439,0.2716916256796915,0.9452679589509693,0.29794933655006034,,,1,1001,K004+KI07+KA06,K006+KA30+KI17
svm,source,conformal_marginal,,,,,0.7046750285062714,0.9179019384264538,1,1001,K004+KI07+KA06,K006+KA30+KI17
svm,source,conformal_class_conditional,,,,,0.5039908779931584,0.7331812998859749,1,1001,K004+KI07+KA06,K006+KA30+KI17
svm,target,raw,0.7274800456100342,0.16920591721819705,0.338654503990878,0.03367003367003367,,,1,1001,K004+KI07+KA06,K006+KA30+KI17
svm,target,temperature,0.7274800456100342,0.06894265592471721,0.29646522234891676,0.007692307692307693,,,1,1001,K004+KI07+KA06,K006+KA30+KI17
svm,target,isotonic,0.7286202964652223,0.10222478343938403,0.5450399087799316,0.04184100418410042,,,1,1001,K004+KI07+KA06,K006+KA30+KI17
svm,target,conformal_marginal,,,,,0.8540478905359179,1.5587229190421892,1,1001,K004+KI07+KA06,K006+KA30+KI17
svm,target,conformal_class_conditional,,,,,0.8426453819840365,1.524515393386545,1,1001,K004+KI07+KA06,K006+KA30+KI17
svm,combined,raw,0.7274800456100342,0.16920591721819705,0.5838084378563284,0.08984375,,,1,1001,K004+KI07+KA06,K006+KA30+KI17
svm,combined,temperature,0.7274800456100342,0.06722147396562919,0.4880273660205245,0.08177570093457943,,,1,1001,K004+KI07+KA06,K006+KA30+KI17
svm,combined,isotonic,0.7366020524515393,0.08957064802722028,0.6145952109464082,0.09833024118738404,,,1,1001,K004+KI07+KA06,K006+KA30+KI17
svm,combined,conformal_marginal,,,,,0.8129988597491448,1.299885974914481,1,1001,K004+KI07+KA06,K006+KA30+KI17
svm,combined,conformal_class_conditional,,,,,0.8187001140250855,1.3557582668187,1,1001,K004+KI07+KA06,K006+KA30+KI17
xgboost,source,raw,0.7206385404789054,0.22979656317215008,0.9977194982896237,0.2777142857142857,,,1,1001,K004+KI07+KA06,K006+KA30+KI17
xgboost,source,temperature,0.7206385404789054,0.18889962520060521,0.9965792474344356,0.2768878718535469,,,1,1001,K004+KI07+KA06,K006+KA30+KI17
xgboost,source,isotonic,0.6909920182440137,0.24823697243379073,0.9806157354618016,0.29767441860465116,,,1,1001,K004+KI07+KA06,K006+KA30+KI17
xgboost,source,conformal_marginal,,,,,0.6727480045610034,0.8643101482326112,1,1001,K004+KI07+KA06,K006+KA30+KI17
xgboost,source,conformal_class_conditional,,,,,0.6202964652223489,0.863169897377423,1,1001,K004+KI07+KA06,K006+KA30+KI17
xgboost,target,raw,0.7206385404789054,0.22979656317215008,0.13340935005701254,0.008547008547008548,,,1,1001,K004+KI07+KA06,K006+KA30+KI17
xgboost,target,temperature,0.7206385404789054,0.09436687691113138,0.16875712656784492,0.006756756756756757,,,1,1001,K004+KI07+KA06,K006+KA30+KI17
xgboost,target,isotonic,0.7183580387685291,0.06870137280193395,0.4606613454960091,0.022277227722772276,,,1,1001,K004+KI07+KA06,K006+KA30+KI17
xgboost,target,conformal_marginal,,,,,0.8768529076396807,1.629418472063854,1,1001,K004+KI07+KA06,K006+KA30+KI17
xgboost,target,conformal_class_conditional,,,,,0.8517673888255416,1.5655644241733182,1,1001,K004+KI07+KA06,K006+KA30+KI17
xgboost,combined,raw,0.7206385404789054,0.22979656317215008,0.47776510832383123,0.06443914081145585,,,1,1001,K004+KI07+KA06,K006+KA30+KI17
xgboost,combined,temperature,0.7206385404789054,0.10863097764260952,0.49486887115165334,0.06912442396313365,,,1,1001,K004+KI07+KA06,K006+KA30+KI17
xgboost,combined,isotonic,0.7240592930444698,0.09150536325690053,0.5313568985176739,0.04721030042918455,,,1,1001,K004+KI07+KA06,K006+KA30+KI17
xgboost,combined,conformal_marginal,,,,,0.8289623717217788,1.4082098061573547,1,1001,K004+KI07+KA06,K006+KA30+KI17
xgboost,combined,conformal_class_conditional,,,,,0.8187001140250855,1.3808437856328393,1,1001,K004+KI07+KA06,K006+KA30+KI17
random_forest,source,raw,0.7737142857142857,0.10898029731239564,0.9931428571428571,0.22324510932105868,,,1,1002,K002+KI08+KA01,K005+KA22+KI16
random_forest,source,temperature,0.7737142857142857,0.14233957076308112,0.9931428571428571,0.22324510932105868,,,1,1002,K002+KI08+KA01,K005+KA22+KI16
random_forest,source,isotonic,0.7462857142857143,0.19526769553450612,0.992,0.24769585253456222,,,1,1002,K002+KI08+KA01,K005+KA22+KI16
random_forest,source,conformal_marginal,,,,,0.632,0.7337142857142858,1,1002,K002+KI08+KA01,K005+KA22+KI16
random_forest,source,conformal_class_conditional,,,,,0.6822857142857143,0.848,1,1002,K002+KI08+KA01,K005+KA22+KI16
random_forest,target,raw,0.7737142857142857,0.10898029731239564,0.216,0.005291005291005291,,,1,1002,K002+KI08+KA01,K005+KA22+KI16
random_forest,target,temperature,0.7737142857142857,0.31441158941732944,0.216,0.005291005291005291,,,1,1002,K002+KI08+KA01,K005+KA22+KI16
random_forest,target,isotonic,0.7702857142857142,0.14179722791083993,0.0,,,,1,1002,K002+KI08+KA01,K005+KA22+KI16
random_forest,target,conformal_marginal,,,,,0.96,1.985142857142857,1,1002,K002+KI08+KA01,K005+KA22+KI16
random_forest,target,conformal_class_conditional,,,,,0.96,2.0182857142857142,1,1002,K002+KI08+KA01,K005+KA22+KI16
random_forest,combined,raw,0.7737142857142857,0.10898029731239564,0.2948571428571429,0.015503875968992248,,,1,1002,K002+KI08+KA01,K005+KA22+KI16
random_forest,combined,temperature,0.7737142857142857,0.11971647693115599,0.2845714285714286,0.012048192771084338,,,1,1002,K002+KI08+KA01,K005+KA22+KI16
random_forest,combined,isotonic,0.7657142857142857,0.057428763025654694,0.3737142857142857,0.012232415902140673,,,1,1002,K002+KI08+KA01,K005+KA22+KI16
random_forest,combined,conformal_marginal,,,,,0.9097142857142857,1.7017142857142857,1,1002,K002+KI08+KA01,K005+KA22+KI16
random_forest,combined,conformal_class_conditional,,,,,0.9211428571428572,1.6537142857142857,1,1002,K002+KI08+KA01,K005+KA22+KI16
svm,source,raw,0.7771428571428571,0.12288971513213642,0.9954285714285714,0.22158438576349024,,,1,1002,K002+KI08+KA01,K005+KA22+KI16
svm,source,temperature,0.7771428571428571,0.1723798466770719,0.9931428571428571,0.22209436133486765,,,1,1002,K002+KI08+KA01,K005+KA22+KI16
svm,source,isotonic,0.7634285714285715,0.19807792896604196,0.9531428571428572,0.21103117505995203,,,1,1002,K002+KI08+KA01,K005+KA22+KI16
svm,source,conformal_marginal,,,,,0.7497142857142857,0.9337142857142857,1,1002,K002+KI08+KA01,K005+KA22+KI16
svm,source,conformal_class_conditional,,,,,0.7417142857142857,0.9451428571428572,1,1002,K002+KI08+KA01,K005+KA22+KI16
svm,target,raw,0.7771428571428571,0.12288971513213642,0.0,,,,1,1002,K002+KI08+KA01,K005+KA22+KI16
svm,target,temperature,0.7771428571428571,0.30926310566815074,0.18857142857142858,0.0,,,1,1002,K002+KI08+KA01,K005+KA22+KI16
svm,target,isotonic,0.776,0.19252476359692836,0.1417142857142857,0.0,,,1,1002,K002+KI08+KA01,K005+KA22+KI16
svm,target,conformal_marginal,,,,,0.9691428571428572,2.4057142857142857,1,1002,K002+KI08+KA01,K005+KA22+KI16
svm,target,conformal_class_conditional,,,,,0.936,1.9062857142857144,1,1002,K002+KI08+KA01,K005+KA22+KI16
svm,combined,raw,0.7771428571428571,0.12288971513213642,0.1782857142857143,0.0,,,1,1002,K002+KI08+KA01,K005+KA22+KI16
svm,combined,temperature,0.7771428571428571,0.08142068019449489,0.28,0.012244897959183673,,,1,1002,K002+KI08+KA01,K005+KA22+KI16
svm,combined,isotonic,0.7725714285714286,0.07104800126260695,0.027428571428571427,0.0,,,1,1002,K002+KI08+KA01,K005+KA22+KI16
svm,combined,conformal_marginal,,,,,0.9142857142857143,1.8102857142857143,1,1002,K002+KI08+KA01,K005+KA22+KI16
svm,combined,conformal_class_conditional,,,,,0.9097142857142857,1.7497142857142858,1,1002,K002+KI08+KA01,K005+KA22+KI16
xgboost,source,raw,0.7668571428571429,0.18627945201737542,0.936,0.2087912087912088,,,1,1002,K002+KI08+KA01,K005+KA22+KI16
xgboost,source,temperature,0.7668571428571429,0.15038462168473926,0.9222857142857143,0.20446096654275092,,,1,1002,K002+KI08+KA01,K005+KA22+KI16
xgboost,source,isotonic,0.7462857142857143,0.20002019906461393,1.0,0.2537142857142857,,,1,1002,K002+KI08+KA01,K005+KA22+KI16
xgboost,source,conformal_marginal,,,,,0.7097142857142857,0.8662857142857143,1,1002,K002+KI08+KA01,K005+KA22+KI16
xgboost,source,conformal_class_conditional,,,,,0.7085714285714285,0.9074285714285715,1,1002,K002+KI08+KA01,K005+KA22+KI16
xgboost,target,raw,0.7668571428571429,0.18627945201737542,0.21828571428571428,0.010471204188481676,,,1,1002,K002+KI08+KA01,K005+KA22+KI16
xgboost,target,temperature,0.7668571428571429,0.24128660963505183,0.26057142857142856,0.008771929824561403,,,1,1002,K002+KI08+KA01,K005+KA22+KI16
xgboost,target,isotonic,0.76,0.10727229847721036,0.29942857142857143,0.007633587786259542,,,1,1002,K002+KI08+KA01,K005+KA22+KI16
xgboost,target,conformal_marginal,,,,,0.9508571428571428,1.8502857142857143,1,1002,K002+KI08+KA01,K005+KA22+KI16
xgboost,target,conformal_class_conditional,,,,,0.9348571428571428,1.736,1,1002,K002+KI08+KA01,K005+KA22+KI16
xgboost,combined,raw,0.7668571428571429,0.18627945201737542,0.38057142857142856,0.036036036036036036,,,1,1002,K002+KI08+KA01,K005+KA22+KI16
xgboost,combined,temperature,0.7668571428571429,0.06622927089681517,0.40914285714285714,0.030726256983240222,,,1,1002,K002+KI08+KA01,K005+KA22+KI16
xgboost,combined,isotonic,0.7622857142857142,0.04389778093855813,0.42742857142857144,0.0374331550802139,,,1,1002,K002+KI08+KA01,K005+KA22+KI16
xgboost,combined,conformal_marginal,,,,,0.9234285714285714,1.6697142857142857,1,1002,K002+KI08+KA01,K005+KA22+KI16
xgboost,combined,conformal_class_conditional,,,,,0.9165714285714286,1.5954285714285714,1,1002,K002+KI08+KA01,K005+KA22+KI16
random_forest,source,raw,0.6312785388127854,0.2170244866338319,0.9840182648401826,0.36310904872389793,,,1,1003,K001+KI08+KA06,K003+KA16+KI14
random_forest,source,temperature,0.6312785388127854,0.2967128415462741,0.9840182648401826,0.3642691415313225,,,1,1003,K001+KI08+KA06,K003+KA16+KI14
random_forest,source,isotonic,0.6255707762557078,0.30512136711265264,0.973744292237443,0.3669402110199297,,,1,1003,K001+KI08+KA06,K003+KA16+KI14
random_forest,source,conformal_marginal,,,,,0.5331050228310502,0.7648401826484018,1,1003,K001+KI08+KA06,K003+KA16+KI14
random_forest,source,conformal_class_conditional,,,,,0.4863013698630137,0.7385844748858448,1,1003,K001+KI08+KA06,K003+KA16+KI14
random_forest,target,raw,0.6312785388127854,0.2170244866338319,0.8926940639269406,0.3388746803069054,,,1,1003,K001+KI08+KA06,K003+KA16+KI14
random_forest,target,temperature,0.6312785388127854,0.2721105104878461,0.9143835616438356,0.3470661672908864,,,1,1003,K001+KI08+KA06,K003+KA16+KI14
random_forest,target,isotonic,0.617579908675799,0.331339995694769,0.978310502283105,0.37222870478413067,,,1,1003,K001+KI08+KA06,K003+KA16+KI14
random_forest,target,conformal_marginal,,,,,0.6289954337899544,0.9988584474885844,1,1003,K001+KI08+KA06,K003+KA16+KI14
random_forest,target,conformal_class_conditional,,,,,0.6073059360730594,0.9383561643835616,1,1003,K001+KI08+KA06,K003+KA16+KI14
random_forest,combined,raw,0.6312785388127854,0.2170244866338319,0.91324200913242,0.3475,,,1,1003,K001+KI08+KA06,K003+KA16+KI14
random_forest,combined,temperature,0.6312785388127854,0.28244196857432924,0.934931506849315,0.3504273504273504,,,1,1003,K001+KI08+KA06,K003+KA16+KI14
random_forest,combined,isotonic,0.6198630136986302,0.31841978757677925,0.9817351598173516,0.3744186046511628,,,1,1003,K001+KI08+KA06,K003+KA16+KI14
random_forest,combined,conformal_marginal,,,,,0.6027397260273972,0.9246575342465754,1,1003,K001+KI08+KA06,K003+KA16+KI14
random_forest,combined,conformal_class_conditional,,,,,0.5296803652968036,0.8059360730593608,1,1003,K001+KI08+KA06,K003+KA16+KI14
svm,source,raw,0.6426940639269406,0.22880939329001737,0.9166666666666666,0.3287671232876712,,,1,1003,K001+KI08+KA06,K003+KA16+KI14
svm,source,temperature,0.6426940639269406,0.29660624000200864,0.9178082191780822,0.32960199004975127,,,1,1003,K001+KI08+KA06,K003+KA16+KI14
svm,source,isotonic,0.6461187214611872,0.3183901369657471,0.9954337899543378,0.35206422018348627,,,1,1003,K001+KI08+KA06,K003+KA16+KI14
svm,source,conformal_marginal,,,,,0.5136986301369864,0.6963470319634704,1,1003,K001+KI08+KA06,K003+KA16+KI14
svm,source,conformal_class_conditional,,,,,0.4897260273972603,0.6643835616438356,1,1003,K001+KI08+KA06,K003+KA16+KI14
svm,target,raw,0.6426940639269406,0.22880939329001737,0.910958904109589,0.3258145363408521,,,1,1003,K001+KI08+KA06,K003+KA16+KI14
svm,target,temperature,0.6426940639269406,0.2675028524388936,0.906392694063927,0.3249370277078086,,,1,1003,K001+KI08+KA06,K003+KA16+KI14
svm,target,isotonic,0.6312785388127854,0.3179916041801204,0.9885844748858448,0.36143187066974597,,,1,1003,K001+KI08+KA06,K003+KA16+KI14
svm,target,conformal_marginal,,,,,0.6027397260273972,0.8767123287671232,1,1003,K001+KI08+KA06,K003+KA16+KI14
svm,target,conformal_class_conditional,,,,,0.5445205479452054,0.83675799086758,1,1003,K001+KI08+KA06,K003+KA16+KI14
svm,combined,raw,0.6426940639269406,0.22880939329001737,0.9931506849315068,0.35747126436781607,,,1,1003,K001+KI08+KA06,K003+KA16+KI14
svm,combined,temperature,0.6426940639269406,0.27501472874300487,0.9920091324200914,0.3567318757192175,,,1,1003,K001+KI08+KA06,K003+KA16+KI14
svm,combined,isotonic,0.6335616438356164,0.3154616758123288,0.9908675799086758,0.36059907834101385,,,1,1003,K001+KI08+KA06,K003+KA16+KI14
svm,combined,conformal_marginal,,,,,0.5582191780821918,0.776255707762557,1,1003,K001+KI08+KA06,K003+KA16+KI14
svm,combined,conformal_class_conditional,,,,,0.521689497716895,0.7682648401826484,1,1003,K001+KI08+KA06,K003+KA16+KI14
xgboost,source,raw,0.636986301369863,0.2986519765363981,0.9885844748858448,0.35912240184757505,,,1,1003,K001+KI08+KA06,K003+KA16+KI14
xgboost,source,temperature,0.636986301369863,0.29193963115510146,0.9885844748858448,0.35912240184757505,,,1,1003,K001+KI08+KA06,K003+KA16+KI14
xgboost,source,isotonic,0.6255707762557078,0.3141848744347814,0.9942922374429224,0.373134328358209,,,1,1003,K001+KI08+KA06,K003+KA16+KI14
xgboost,source,conformal_marginal,,,,,0.5159817351598174,0.7203196347031964,1,1003,K001+KI08+KA06,K003+KA16+KI14
xgboost,source,conformal_class_conditional,,,,,0.5068493150684932,0.7328767123287672,1,1003,K001+KI08+KA06,K003+KA16+KI14
xgboost,target,raw,0.636986301369863,0.2986519765363981,0.9006849315068494,0.34980988593155893,,,1,1003,K001+KI08+KA06,K003+KA16+KI14
xgboost,target,temperature,0.636986301369863,0.2728998281020565,0.8949771689497716,0.3469387755102041,,,1,1003,K001+KI08+KA06,K003+KA16+KI14
xgboost,target,isotonic,0.6198630136986302,0.3096501370059772,0.9246575342465754,0.34814814814814815,,,1,1003,K001+KI08+KA06,K003+KA16+KI14
xgboost,target,conformal_marginal,,,,,0.6210045662100456,0.9611872146118722,1,1003,K001+KI08+KA06,K003+KA16+KI14
xgboost,target,conformal_class_conditional,,,,,0.6358447488584474,1.0034246575342465,1,1003,K001+KI08+KA06,K003+KA16+KI14
xgboost,combined,raw,0.636986301369863,0.2986519765363981,0.976027397260274,0.35555555555555557,,,1,1003,K001+KI08+KA06,K003+KA16+KI14
xgboost,combined,temperature,0.636986301369863,0.2805495874731767,0.973744292237443,0.3552168815943728,,,1,1003,K001+KI08+KA06,K003+KA16+KI14
xgboost,combined,isotonic,0.6244292237442922,0.30510441915654896,1.0,0.3755707762557078,,,1,1003,K001+KI08+KA06,K003+KA16+KI14
xgboost,combined,conformal_marginal,,,,,0.571917808219178,0.8493150684931506,1,1003,K001+KI08+KA06,K003+KA16+KI14
xgboost,combined,conformal_class_conditional,,,,,0.5468036529680366,0.8276255707762558,1,1003,K001+KI08+KA06,K003+KA16+KI14
random_forest,source,raw,0.6342857142857142,0.21860510595565635,0.6274285714285714,0.26229508196721313,,,1,1004,K004+KI01+KA09,K006+KA04+KI04
random_forest,source,temperature,0.6342857142857142,0.22052634627585993,0.6274285714285714,0.26229508196721313,,,1,1004,K004+KI01+KA09,K006+KA04+KI04
random_forest,source,isotonic,0.5657142857142857,0.3340710708891257,0.9942857142857143,0.43333333333333335,,,1,1004,K004+KI01+KA09,K006+KA04+KI04
random_forest,source,conformal_marginal,,,,,0.6422857142857142,1.0022857142857142,1,1004,K004+KI01+KA09,K006+KA04+KI04
random_forest,source,conformal_class_conditional,,,,,0.6034285714285714,1.0114285714285713,1,1004,K004+KI01+KA09,K006+KA04+KI04
random_forest,target,raw,0.6342857142857142,0.21860510595565635,0.8137142857142857,0.3103932584269663,,,1,1004,K004+KI01+KA09,K006+KA04+KI04
random_forest,target,temperature,0.6342857142857142,0.2226484570927411,0.8137142857142857,0.3103932584269663,,,1,1004,K004+KI01+KA09,K006+KA04+KI04
random_forest,target,isotonic,0.5348571428571428,0.40056933212721346,0.9097142857142857,0.42462311557788945,,,1,1004,K004+KI01+KA09,K006+KA04+KI04
random_forest,target,conformal_marginal,,,,,0.608,0.9177142857142857,1,1004,K004+KI01+KA09,K006+KA04+KI04
random_forest,target,conformal_class_conditional,,,,,0.4617142857142857,0.8411428571428572,1,1004,K004+KI01+KA09,K006+KA04+KI04
random_forest,combined,raw,0.6342857142857142,0.21860510595565635,0.7725714285714286,0.2958579881656805,,,1,1004,K004+KI01+KA09,K006+KA04+KI04
random_forest,combined,temperature,0.6342857142857142,0.22168494919592585,0.7725714285714286,0.2958579881656805,,,1,1004,K004+KI01+KA09,K006+KA04+KI04
random_forest,combined,isotonic,0.5462857142857143,0.35267252897924295,0.9828571428571429,0.44883720930232557,,,1,1004,K004+KI01+KA09,K006+KA04+KI04
random_forest,combined,conformal_marginal,,,,,0.6137142857142858,0.9417142857142857,1,1004,K004+KI01+KA09,K006+KA04+KI04
random_forest,combined,conformal_class_conditional,,,,,0.5668571428571428,0.9588571428571429,1,1004,K004+KI01+KA09,K006+KA04+KI04
svm,source,raw,0.5691428571428572,0.2757274742398997,0.5942857142857143,0.25961538461538464,,,1,1004,K004+KI01+KA09,K006+KA04+KI04
svm,source,temperature,0.5691428571428572,0.12819868686053368,0.544,0.24789915966386555,,,1,1004,K004+KI01+KA09,K006+KA04+KI04
svm,source,isotonic,0.5942857142857143,0.30491950340402985,0.9874285714285714,0.40046296296296297,,,1,1004,K004+KI01+KA09,K006+KA04+KI04
svm,source,conformal_marginal,,,,,0.744,1.3531428571428572,1,1004,K004+KI01+KA09,K006+KA04+KI04
svm,source,conformal_class_conditional,,,,,0.6434285714285715,1.0891428571428572,1,1004,K004+KI01+KA09,K006+KA04+KI04
svm,target,raw,0.5691428571428572,0.2757274742398997,0.552,0.2443064182194617,,,1,1004,K004+KI01+KA09,K006+KA04+KI04
svm,target,temperature,0.5691428571428572,0.29233428587933546,0.5497142857142857,0.24324324324324326,,,1,1004,K004+KI01+KA09,K006+KA04+KI04
svm,target,isotonic,0.4868571428571429,0.44140207454184355,0.9771428571428571,0.5029239766081871,,,1,1004,K004+KI01+KA09,K006+KA04+KI04
svm,target,conformal_marginal,,,,,0.5897142857142857,1.0514285714285714,1,1004,K004+KI01+KA09,K006+KA04+KI04
svm,target,conformal_class_conditional,,,,,0.49942857142857144,0.9234285714285714,1,1004,K004+KI01+KA09,K006+KA04+KI04
svm,combined,raw,0.5691428571428572,0.2757274742398997,0.592,0.25675675675675674,,,1,1004,K004+KI01+KA09,K006+KA04+KI04
svm,combined,temperature,0.5691428571428572,0.19756747107848383,0.5428571428571428,0.24842105263157896,,,1,1004,K004+KI01+KA09,K006+KA04+KI04
svm,combined,isotonic,0.5805714285714285,0.3176160646720066,0.9954285714285714,0.4190585533869116,,,1,1004,K004+KI01+KA09,K006+KA04+KI04
svm,combined,conformal_marginal,,,,,0.7428571428571429,1.3508571428571428,1,1004,K004+KI01+KA09,K006+KA04+KI04
svm,combined,conformal_class_conditional,,,,,0.632,1.0902857142857143,1,1004,K004+KI01+KA09,K006+KA04+KI04
xgboost,source,raw,0.6411428571428571,0.2954976689474923,0.7462857142857143,0.28024502297090353,,,1,1004,K004+KI01+KA09,K006+KA04+KI04
xgboost,source,temperature,0.6411428571428571,0.22157708399293446,0.7257142857142858,0.2740157480314961,,,1,1004,K004+KI01+KA09,K006+KA04+KI04
xgboost,source,isotonic,0.584,0.30219836484394924,0.992,0.4147465437788018,,,1,1004,K004+KI01+KA09,K006+KA04+KI04
xgboost,source,conformal_marginal,,,,,0.6788571428571428,1.1234285714285714,1,1004,K004+KI01+KA09,K006+KA04+KI04
xgboost,source,conformal_class_conditional,,,,,0.6297142857142857,1.0662857142857143,1,1004,K004+KI01+KA09,K006+KA04+KI04
xgboost,target,raw,0.6411428571428571,0.2954976689474923,0.9005714285714286,0.3350253807106599,,,1,1004,K004+KI01+KA09,K006+KA04+KI04
xgboost,target,temperature,0.6411428571428571,0.23647257596610202,0.9108571428571428,0.34002509410288584,,,1,1004,K004+KI01+KA09,K006+KA04+KI04
xgboost,target,isotonic,0.5314285714285715,0.3823498835326657,0.9268571428571428,0.44143033292231815,,,1,1004,K004+KI01+KA09,K006+KA04+KI04
xgboost,target,conformal_marginal,,,,,0.6045714285714285,0.9245714285714286,1,1004,K004+KI01+KA09,K006+KA04+KI04
xgboost,target,conformal_class_conditional,,,,,0.4982857142857143,0.8651428571428571,1,1004,K004+KI01+KA09,K006+KA04+KI04
xgboost,combined,raw,0.6411428571428571,0.2954976689474923,0.7462857142857143,0.28024502297090353,,,1,1004,K004+KI01+KA09,K006+KA04+KI04
xgboost,combined,temperature,0.6411428571428571,0.22863768295905118,0.7794285714285715,0.29178885630498536,,,1,1004,K004+KI01+KA09,K006+KA04+KI04
xgboost,combined,isotonic,0.5702857142857143,0.3191551507223278,0.9965714285714286,0.43004587155963303,,,1,1004,K004+KI01+KA09,K006+KA04+KI04
xgboost,combined,conformal_marginal,,,,,0.664,1.0834285714285714,1,1004,K004+KI01+KA09,K006+KA04+KI04
xgboost,combined,conformal_class_conditional,,,,,0.6011428571428571,1.0022857142857142,1,1004,K004+KI01+KA09,K006+KA04+KI04
random_forest,source,raw,0.6358447488584474,0.23391563158686488,0.7614155251141552,0.29235382308845576,,,1,1005,K002+KI03+KA06,K005+KA30+KI04
random_forest,source,temperature,0.6358447488584474,0.19518239145767502,0.7579908675799086,0.2891566265060241,,,1,1005,K002+KI03+KA06,K005+KA30+KI04
random_forest,source,isotonic,0.6746575342465754,0.23308331247737576,0.9372146118721462,0.2971985383678441,,,1,1005,K002+KI03+KA06,K005+KA30+KI04
random_forest,source,conformal_marginal,,,,,0.6312785388127854,0.973744292237443,1,1005,K002+KI03+KA06,K005+KA30+KI04
random_forest,source,conformal_class_conditional,,,,,0.632420091324201,0.8721461187214612,1,1005,K002+KI03+KA06,K005+KA30+KI04
random_forest,target,raw,0.6358447488584474,0.23391563158686488,0.7636986301369864,0.2929745889387145,,,1,1005,K002+KI03+KA06,K005+KA30+KI04
random_forest,target,temperature,0.6358447488584474,0.18325682551722408,0.7351598173515982,0.2857142857142857,,,1,1005,K002+KI03+KA06,K005+KA30+KI04
random_forest,target,isotonic,0.5639269406392694,0.3254640861495145,0.9018264840182648,0.43037974683544306,,,1,1005,K002+KI03+KA06,K005+KA30+KI04
random_forest,target,conformal_marginal,,,,,0.6518264840182648,1.0422374429223744,1,1005,K002+KI03+KA06,K005+KA30+KI04
random_forest,target,conformal_class_conditional,,,,,0.5753424657534246,1.0616438356164384,1,1005,K002+KI03+KA06,K005+KA30+KI04
random_forest,combined,raw,0.6358447488584474,0.23391563158686488,0.769406392694064,0.2952522255192878,,,1,1005,K002+KI03+KA06,K005+KA30+KI04
random_forest,combined,temperature,0.6358447488584474,0.18839917962635083,0.7431506849315068,0.2872503840245776,,,1,1005,K002+KI03+KA06,K005+KA30+KI04
random_forest,combined,isotonic,0.6415525114155252,0.22443987779181002,0.7842465753424658,0.3158660844250364,,,1,1005,K002+KI03+KA06,K005+KA30+KI04
random_forest,combined,conformal_marginal,,,,,0.6312785388127854,0.973744292237443,1,1005,K002+KI03+KA06,K005+KA30+KI04
random_forest,combined,conformal_class_conditional,,,,,0.636986301369863,0.997716894977169,1,1005,K002+KI03+KA06,K005+KA30+KI04
svm,source,raw,0.6484018264840182,0.24007255990727194,0.7203196347031964,0.25673534072900156,,,1,1005,K002+KI03+KA06,K005+KA30+KI04
svm,source,temperature,0.6484018264840182,0.1900780447935145,0.702054794520548,0.25203252032520324,,,1,1005,K002+KI03+KA06,K005+KA30+KI04
svm,source,isotonic,0.7111872146118722,0.1896890087413211,0.9394977168949772,0.2624544349939247,,,1,1005,K002+KI03+KA06,K005+KA30+KI04
svm,source,conformal_marginal,,,,,0.6118721461187214,0.8904109589041096,1,1005,K002+KI03+KA06,K005+KA30+KI04
svm,source,conformal_class_conditional,,,,,0.6541095890410958,0.9531963470319634,1,1005,K002+KI03+KA06,K005+KA30+KI04
svm,target,raw,0.6484018264840182,0.24007255990727194,0.9041095890410958,0.3194444444444444,,,1,1005,K002+KI03+KA06,K005+KA30+KI04
svm,target,temperature,0.6484018264840182,0.2187369292089296,0.9029680365296804,0.3185840707964602,,,1,1005,K002+KI03+KA06,K005+KA30+KI04
svm,target,isotonic,0.54337899543379,0.3539480808084233,0.9965753424657534,0.4570446735395189,,,1,1005,K002+KI03+KA06,K005+KA30+KI04
svm,target,conformal_marginal,,,,,0.6404109589041096,0.978310502283105,1,1005,K002+KI03+KA06,K005+KA30+KI04
svm,target,conformal_class_conditional,,,,,0.4246575342465753,0.8333333333333334,1,1005,K002+KI03+KA06,K005+KA30+KI04
svm,combined,raw,0.6484018264840182,0.24007255990727194,0.7682648401826484,0.27340267459138184,,,1,1005,K002+KI03+KA06,K005+KA30+KI04
svm,combined,temperature,0.6484018264840182,0.2051003577393807,0.7682648401826484,0.274888558692422,,,1,1005,K002+KI03+KA06,K005+KA30+KI04
svm,combined,isotonic,0.6335616438356164,0.25321774872323255,0.8561643835616438,0.328,,,1,1005,K002+KI03+KA06,K005+KA30+KI04
svm,combined,conformal_marginal,,,,,0.6301369863013698,0.9611872146118722,1,1005,K002+KI03+KA06,K005+KA30+KI04
svm,combined,conformal_class_conditional,,,,,0.6267123287671232,0.9668949771689498,1,1005,K002+KI03+KA06,K005+KA30+KI04
xgboost,source,raw,0.6495433789954338,0.29132425686404045,0.8493150684931506,0.30510752688172044,,,1,1005,K002+KI03+KA06,K005+KA30+KI04
xgboost,source,temperature,0.6495433789954338,0.21357332594913728,0.819634703196347,0.29108635097493035,,,1,1005,K002+KI03+KA06,K005+KA30+KI04
xgboost,source,isotonic,0.6860730593607306,0.21977829043626607,0.9885844748858448,0.3094688221709007,,,1,1005,K002+KI03+KA06,K005+KA30+KI04
xgboost,source,conformal_marginal,,,,,0.6312785388127854,0.954337899543379,1,1005,K002+KI03+KA06,K005+KA30+KI04
xgboost,source,conformal_class_conditional,,,,,0.6426940639269406,0.928082191780822,1,1005,K002+KI03+KA06,K005+KA30+KI04
xgboost,target,raw,0.6495433789954338,0.29132425686404045,0.752283105022831,0.26707132018209406,,,1,1005,K002+KI03+KA06,K005+KA30+KI04
xgboost,target,temperature,0.6495433789954338,0.21572936447912364,0.7545662100456622,0.2692889561270802,,,1,1005,K002+KI03+KA06,K005+KA30+KI04
xgboost,target,isotonic,0.5273972602739726,0.3611468784226144,0.9531963470319634,0.4622754491017964,,,1,1005,K002+KI03+KA06,K005+KA30+KI04
xgboost,target,conformal_marginal,,,,,0.6700913242009132,1.0445205479452055,1,1005,K002+KI03+KA06,K005+KA30+KI04
xgboost,target,conformal_class_conditional,,,,,0.526255707762557,0.9577625570776256,1,1005,K002+KI03+KA06,K005+KA30+KI04
xgboost,combined,raw,0.6495433789954338,0.29132425686404045,0.7888127853881278,0.28075253256150506,,,1,1005,K002+KI03+KA06,K005+KA30+KI04
xgboost,combined,temperature,0.6495433789954338,0.2146525334595989,0.79337899543379,0.27913669064748203,,,1,1005,K002+KI03+KA06,K005+KA30+KI04
xgboost,combined,isotonic,0.6164383561643836,0.2457537839301199,0.8550228310502284,0.3204272363150868,,,1,1005,K002+KI03+KA06,K005+KA30+KI04
xgboost,combined,conformal_marginal,,,,,0.658675799086758,1.0114155251141552,1,1005,K002+KI03+KA06,K005+KA30+KI04
xgboost,combined,conformal_class_conditional,,,,,0.6541095890410958,1.028538812785388,1,1005,K002+KI03+KA06,K005+KA30+KI04
random_forest,source,raw,0.6674285714285715,0.20251656866842346,0.8948571428571429,0.30395913154533843,,,1,1006,K002+KI05+KA08,K005+KA04+KI16
random_forest,source,temperature,0.6674285714285715,0.2005847476414797,0.8948571428571429,0.30395913154533843,,,1,1006,K002+KI05+KA08,K005+KA04+KI16
random_forest,source,isotonic,0.656,0.2608750621190904,0.9725714285714285,0.33490011750881316,,,1,1006,K002+KI05+KA08,K005+KA04+KI16
random_forest,source,conformal_marginal,,,,,0.6011428571428571,0.8411428571428572,1,1006,K002+KI05+KA08,K005+KA04+KI16
random_forest,source,conformal_class_conditional,,,,,0.5817142857142857,0.8628571428571429,1,1006,K002+KI05+KA08,K005+KA04+KI16
random_forest,target,raw,0.6674285714285715,0.20251656866842346,0.3737142857142857,0.0856269113149847,,,1,1006,K002+KI05+KA08,K005+KA04+KI16
random_forest,target,temperature,0.6674285714285715,0.051092522478224205,0.424,0.10512129380053908,,,1,1006,K002+KI05+KA08,K005+KA04+KI16
random_forest,target,isotonic,0.6034285714285714,0.20900879934450536,0.5668571428571428,0.18346774193548387,,,1,1006,K002+KI05+KA08,K005+KA04+KI16
random_forest,target,conformal_marginal,,,,,0.8091428571428572,1.5371428571428571,1,1006,K002+KI05+KA08,K005+KA04+KI16
random_forest,target,conformal_class_conditional,,,,,0.6754285714285714,1.2925714285714285,1,1006,K002+KI05+KA08,K005+KA04+KI16
random_forest,combined,raw,0.6674285714285715,0.20251656866842346,0.5737142857142857,0.19322709163346613,,,1,1006,K002+KI05+KA08,K005+KA04+KI16
random_forest,combined,temperature,0.6674285714285715,0.12576012289435512,0.6091428571428571,0.2026266416510319,,,1,1006,K002+KI05+KA08,K005+KA04+KI16
random_forest,combined,isotonic,0.6354285714285715,0.2048272965679022,0.7611428571428571,0.26576576576576577,,,1,1006,K002+KI05+KA08,K005+KA04+KI16
random_forest,combined,conformal_marginal,,,,,0.7714285714285715,1.3725714285714286,1,1006,K002+KI05+KA08,K005+KA04+KI16
random_forest,combined,conformal_class_conditional,,,,,0.6617142857142857,1.1942857142857144,1,1006,K002+KI05+KA08,K005+KA04+KI16
svm,source,raw,0.688,0.19306343488229954,0.9097142857142857,0.2864321608040201,,,1,1006,K002+KI05+KA08,K005+KA04+KI16
svm,source,temperature,0.688,0.208867527478016,0.9131428571428571,0.2878598247809762,,,1,1006,K002+KI05+KA08,K005+KA04+KI16
svm,source,isotonic,0.6845714285714286,0.26961601417005965,0.984,0.30662020905923343,,,1,1006,K002+KI05+KA08,K005+KA04+KI16
svm,source,conformal_marginal,,,,,0.6205714285714286,0.848,1,1006,K002+KI05+KA08,K005+KA04+KI16
svm,source,conformal_class_conditional,,,,,0.5851428571428572,0.8582857142857143,1,1006,K002+KI05+KA08,K005+KA04+KI16
svm,target,raw,0.688,0.19306343488229954,0.344,0.11295681063122924,,,1,1006,K002+KI05+KA08,K005+KA04+KI16
svm,target,temperature,0.688,0.038301887927350654,0.31885714285714284,0.1111111111111111,,,1,1006,K002+KI05+KA08,K005+KA04+KI16
svm,target,isotonic,0.6365714285714286,0.20443241546708724,0.9211428571428572,0.3411910669975186,,,1,1006,K002+KI05+KA08,K005+KA04+KI16
svm,target,conformal_marginal,,,,,0.8182857142857143,1.502857142857143,1,1006,K002+KI05+KA08,K005+KA04+KI16
svm,target,conformal_class_conditional,,,,,0.6434285714285715,1.1828571428571428,1,1006,K002+KI05+KA08,K005+KA04+KI16
svm,combined,raw,0.688,0.19306343488229954,0.5657142857142857,0.15353535353535352,,,1,1006,K002+KI05+KA08,K005+KA04+KI16
svm,combined,temperature,0.688,0.1033965814010748,0.568,0.16297786720321933,,,1,1006,K002+KI05+KA08,K005+KA04+KI16
svm,combined,isotonic,0.6582857142857143,0.2025196891613664,0.9531428571428572,0.3249400479616307,,,1,1006,K002+KI05+KA08,K005+KA04+KI16
svm,combined,conformal_marginal,,,,,0.7668571428571429,1.2777142857142858,1,1006,K002+KI05+KA08,K005+KA04+KI16
svm,combined,conformal_class_conditional,,,,,0.6411428571428571,1.0925714285714285,1,1006,K002+KI05+KA08,K005+KA04+KI16
xgboost,source,raw,0.68,0.2697027591637203,0.8125714285714286,0.27566807313642755,,,1,1006,K002+KI05+KA08,K005+KA04+KI16
xgboost,source,temperature,0.68,0.19848224114609261,0.7954285714285714,0.26436781609195403,,,1,1006,K002+KI05+KA08,K005+KA04+KI16
xgboost,source,isotonic,0.6411428571428571,0.26018394353050234,0.9657142857142857,0.3408284023668639,,,1,1006,K002+KI05+KA08,K005+KA04+KI16
xgboost,source,conformal_marginal,,,,,0.6217142857142857,0.8902857142857142,1,1006,K002+KI05+KA08,K005+KA04+KI16
xgboost,source,conformal_class_conditional,,,,,0.608,0.9508571428571428,1,1006,K002+KI05+KA08,K005+KA04+KI16
xgboost,target,raw,0.68,0.2697027591637203,0.27314285714285713,0.06694560669456066,,,1,1006,K002+KI05+KA08,K005+KA04+KI16
xgboost,target,temperature,0.68,0.07975293950991424,0.26171428571428573,0.05240174672489083,,,1,1006,K002+KI05+KA08,K005+KA04+KI16
xgboost,target,isotonic,0.6022857142857143,0.2047857923994744,0.4674285714285714,0.08557457212713937,,,1,1006,K002+KI05+KA08,K005+KA04+KI16
xgboost,target,conformal_marginal,,,,,0.8525714285714285,1.7405714285714287,1,1006,K002+KI05+KA08,K005+KA04+KI16
xgboost,target,conformal_class_conditional,,,,,0.6777142857142857,1.3222857142857143,1,1006,K002+KI05+KA08,K005+KA04+KI16
xgboost,combined,raw,0.68,0.2697027591637203,0.3942857142857143,0.13043478260869565,,,1,1006,K002+KI05+KA08,K005+KA04+KI16
xgboost,combined,temperature,0.68,0.1382137299792951,0.4205714285714286,0.13043478260869565,,,1,1006,K002+KI05+KA08,K005+KA04+KI16
xgboost,combined,isotonic,0.6354285714285715,0.19109781378858484,0.5977142857142858,0.15678776290630975,,,1,1006,K002+KI05+KA08,K005+KA04+KI16
xgboost,combined,conformal_marginal,,,,,0.7805714285714286,1.3897142857142857,1,1006,K002+KI05+KA08,K005+KA04+KI16
xgboost,combined,conformal_class_conditional,,,,,0.6651428571428571,1.2377142857142858,1,1006,K002+KI05+KA08,K005+KA04+KI16
random_forest,source,raw,0.712,0.13740807892146345,0.872,0.23853211009174313,,,1,1007,K001+KI01+KA08,K003+KA22+KI04
random_forest,source,temperature,0.712,0.22143355729750633,0.9108571428571428,0.2572145545796738,,,1,1007,K001+KI01+KA08,K003+KA22+KI04
random_forest,source,isotonic,0.6765714285714286,0.24184104894098535,0.9942857142857143,0.3218390804597701,,,1,1007,K001+KI01+KA08,K003+KA22+KI04
random_forest,source,conformal_marginal,,,,,0.7085714285714285,0.9805714285714285,1,1007,K001+KI01+KA08,K003+KA22+KI04
random_forest,source,conformal_class_conditional,,,,,0.616,0.8182857142857143,1,1007,K001+KI01+KA08,K003+KA22+KI04
random_forest,target,raw,0.712,0.13740807892146345,0.0,,,,1,1007,K001+KI01+KA08,K003+KA22+KI04
random_forest,target,temperature,0.712,0.20612848539233847,0.0,,,,1,1007,K001+KI01+KA08,K003+KA22+KI04
random_forest,target,isotonic,0.6857142857142857,0.16114331898001905,0.36228571428571427,0.13249211356466878,,,1,1007,K001+KI01+KA08,K003+KA22+KI04
random_forest,target,conformal_marginal,,,,,0.9531428571428572,2.190857142857143,1,1007,K001+KI01+KA08,K003+KA22+KI04
random_forest,target,conformal_class_conditional,,,,,0.7371428571428571,1.574857142857143,1,1007,K001+KI01+KA08,K003+KA22+KI04
random_forest,combined,raw,0.712,0.13740807892146345,0.28914285714285715,0.03557312252964427,,,1,1007,K001+KI01+KA08,K003+KA22+KI04
random_forest,combined,temperature,0.712,0.10174154218134995,0.30514285714285716,0.04119850187265917,,,1,1007,K001+KI01+KA08,K003+KA22+KI04
random_forest,combined,isotonic,0.7268571428571429,0.17381816803837027,0.6102857142857143,0.11235955056179775,,,1,1007,K001+KI01+KA08,K003+KA22+KI04
random_forest,combined,conformal_marginal,,,,,0.8457142857142858,1.472,1,1007,K001+KI01+KA08,K003+KA22+KI04
random_forest,combined,conformal_class_conditional,,,,,0.8034285714285714,1.4754285714285715,1,1007,K001+KI01+KA08,K003+KA22+KI04
svm,source,raw,0.6354285714285715,0.22217800245826427,0.672,0.20748299319727892,,,1,1007,K001+KI01+KA08,K003+KA22+KI04
svm,source,temperature,0.6354285714285715,0.11874199004308576,0.6765714285714286,0.20945945945945946,,,1,1007,K001+KI01+KA08,K003+KA22+KI04
svm,source,isotonic,0.7337142857142858,0.19022843065722006,0.9851428571428571,0.26218097447795824,,,1,1007,K001+KI01+KA08,K003+KA22+KI04
svm,source,conformal_marginal,,,,,0.7988571428571428,1.326857142857143,1,1007,K001+KI01+KA08,K003+KA22+KI04
svm,source,conformal_class_conditional,,,,,0.6548571428571428,0.8422857142857143,1,1007,K001+KI01+KA08,K003+KA22+KI04
svm,target,raw,0.6354285714285715,0.22217800245826427,0.0,,,,1,1007,K001+KI01+KA08,K003+KA22+KI04
svm,target,temperature,0.6354285714285715,0.08909348956394345,0.216,0.015873015873015872,,,1,1007,K001+KI01+KA08,K003+KA22+KI04
svm,target,isotonic,0.6422857142857142,0.19144484111574306,0.0,,,,1,1007,K001+KI01+KA08,K003+KA22+KI04
svm,target,conformal_marginal,,,,,0.9622857142857143,2.402285714285714,1,1007,K001+KI01+KA08,K003+KA22+KI04
svm,target,conformal_class_conditional,,,,,0.7531428571428571,1.6034285714285714,1,1007,K001+KI01+KA08,K003+KA22+KI04
svm,combined,raw,0.6354285714285715,0.22217800245826427,0.27885714285714286,0.02459016393442623,,,1,1007,K001+KI01+KA08,K003+KA22+KI04
svm,combined,temperature,0.6354285714285715,0.08401291931677513,0.2582857142857143,0.02654867256637168,,,1,1007,K001+KI01+KA08,K003+KA22+KI04
svm,combined,isotonic,0.7451428571428571,0.115152752620342,0.44571428571428573,0.07179487179487179,,,1,1007,K001+KI01+KA08,K003+KA22+KI04
svm,combined,conformal_marginal,,,,,0.8994285714285715,1.913142857142857,1,1007,K001+KI01+KA08,K003+KA22+KI04
svm,combined,conformal_class_conditional,,,,,0.8502857142857143,1.6342857142857143,1,1007,K001+KI01+KA08,K003+KA22+KI04
xgboost,source,raw,0.7085714285714285,0.2320062424795968,0.7817142857142857,0.22807017543859648,,,1,1007,K001+KI01+KA08,K003+KA22+KI04
xgboost,source,temperature,0.7085714285714285,0.1899000118869083,0.7634285714285715,0.22005988023952097,,,1,1007,K001+KI01+KA08,K003+KA22+KI04
xgboost,source,isotonic,0.6857142857142857,0.23912676637083832,0.9965714285714286,0.3130733944954128,,,1,1007,K001+KI01+KA08,K003+KA22+KI04
xgboost,source,conformal_marginal,,,,,0.7291428571428571,1.0731428571428572,1,1007,K001+KI01+KA08,K003+KA22+KI04
xgboost,source,conformal_class_conditional,,,,,0.6468571428571429,0.8742857142857143,1,1007,K001+KI01+KA08,K003+KA22+KI04
xgboost,target,raw,0.7085714285714285,0.2320062424795968,0.24571428571428572,0.04186046511627907,,,1,1007,K001+KI01+KA08,K003+KA22+KI04
xgboost,target,temperature,0.7085714285714285,0.0536988722136478,0.2777142857142857,0.04526748971193416,,,1,1007,K001+KI01+KA08,K003+KA22+KI04
xgboost,target,isotonic,0.6788571428571428,0.09940667623810182,0.3382857142857143,0.07094594594594594,,,1,1007,K001+KI01+KA08,K003+KA22+KI04
xgboost,target,conformal_marginal,,,,,0.9508571428571428,2.157714285714286,1,1007,K001+KI01+KA08,K003+KA22+KI04
xgboost,target,conformal_class_conditional,,,,,0.7428571428571429,1.4308571428571428,1,1007,K001+KI01+KA08,K003+KA22+KI04
xgboost,combined,raw,0.7085714285714285,0.2320062424795968,0.36342857142857143,0.08490566037735849,,,1,1007,K001+KI01+KA08,K003+KA22+KI04
xgboost,combined,temperature,0.7085714285714285,0.08681858034592331,0.3851428571428571,0.08902077151335312,,,1,1007,K001+KI01+KA08,K003+KA22+KI04
xgboost,combined,isotonic,0.7302857142857143,0.1212081305780722,0.5485714285714286,0.125,,,1,1007,K001+KI01+KA08,K003+KA22+KI04
xgboost,combined,conformal_marginal,,,,,0.8571428571428571,1.616,1,1007,K001+KI01+KA08,K003+KA22+KI04
xgboost,combined,conformal_class_conditional,,,,,0.8182857142857143,1.4685714285714286,1,1007,K001+KI01+KA08,K003+KA22+KI04
random_forest,source,raw,0.658675799086758,0.1961900215439799,0.7682648401826484,0.300148588410104,,,1,1008,K002+KI01+KA05,K005+KA16+KI14
random_forest,source,temperature,0.658675799086758,0.20793287630946025,0.7751141552511416,0.3019145802650957,,,1,1008,K002+KI01+KA05,K005+KA16+KI14
random_forest,source,isotonic,0.6689497716894978,0.2517203059217355,0.9235159817351598,0.315203955500618,,,1,1008,K002+KI01+KA05,K005+KA16+KI14
random_forest,source,conformal_marginal,,,,,0.6678082191780822,1.0262557077625571,1,1008,K002+KI01+KA05,K005+KA16+KI14
random_forest,source,conformal_class_conditional,,,,,0.6666666666666666,1.0102739726027397,1,1008,K002+KI01+KA05,K005+KA16+KI14
random_forest,target,raw,0.658675799086758,0.1961900215439799,0.9851598173515982,0.33603707995365006,,,1,1008,K002+KI01+KA05,K005+KA16+KI14
random_forest,target,temperature,0.658675799086758,0.15158174755405196,0.9840182648401826,0.3352668213457077,,,1,1008,K002+KI01+KA05,K005+KA16+KI14
random_forest,target,isotonic,0.6518264840182648,0.2652398767620354,0.9509132420091324,0.3397358943577431,,,1,1008,K002+KI01+KA05,K005+KA16+KI14
random_forest,target,conformal_marginal,,,,,0.547945205479452,0.791095890410959,1,1008,K002+KI01+KA05,K005+KA16+KI14
random_forest,target,conformal_class_conditional,,,,,0.5627853881278538,0.8972602739726028,1,1008,K002+KI01+KA05,K005+KA16+KI14
random_forest,combined,raw,0.658675799086758,0.1961900215439799,0.7796803652968036,0.30307467057101023,,,1,1008,K002+KI01+KA05,K005+KA16+KI14
random_forest,combined,temperature,0.658675799086758,0.2078126984382974,0.791095890410959,0.3088023088023088,,,1,1008,K002+KI01+KA05,K005+KA16+KI14
random_forest,combined,isotonic,0.66324200913242,0.24625094590466898,0.9098173515981736,0.3174404015056462,,,1,1008,K002+KI01+KA05,K005+KA16+KI14
random_forest,combined,conformal_marginal,,,,,0.6484018264840182,0.976027397260274,1,1008,K002+KI01+KA05,K005+KA16+KI14
random_forest,combined,conformal_class_conditional,,,,,0.6449771689497716,0.9714611872146118,1,1008,K002+KI01+KA05,K005+KA16+KI14
svm,source,raw,0.569634703196347,0.25552048468515415,0.6598173515981736,0.328719723183391,,,1,1008,K002+KI01+KA05,K005+KA16+KI14
svm,source,temperature,0.569634703196347,0.17108298345477457,0.6769406392694064,0.3305227655986509,,,1,1008,K002+KI01+KA05,K005+KA16+KI14
svm,source,isotonic,0.6883561643835616,0.21715428916809565,0.906392694063927,0.2858942065491184,,,1,1008,K002+KI01+KA05,K005+KA16+KI14
svm,source,conformal_marginal,,,,,0.7271689497716894,1.3470319634703196,1,1008,K002+KI01+KA05,K005+KA16+KI14
svm,source,conformal_class_conditional,,,,,0.6917808219178082,1.0650684931506849,1,1008,K002+KI01+KA05,K005+KA16+KI14
svm,target,raw,0.569634703196347,0.25552048468515415,0.952054794520548,0.42326139088729015,,,1,1008,K002+KI01+KA05,K005+KA16+KI14
svm,target,temperature,0.569634703196347,0.280444789030115,0.9611872146118722,0.42280285035629456,,,1,1008,K002+KI01+KA05,K005+KA16+KI14
svm,target,isotonic,0.5468036529680366,0.33771876136332396,0.9851598173515982,0.45307068366164543,,,1,1008,K002+KI01+KA05,K005+KA16+KI14
svm,target,conformal_marginal,,,,,0.4463470319634703,0.66324200913242,1,1008,K002+KI01+KA05,K005+KA16+KI14
svm,target,conformal_class_conditional,,,,,0.4029680365296804,0.6678082191780822,1,1008,K002+KI01+KA05,K005+KA16+KI14
svm,combined,raw,0.569634703196347,0.25552048468515415,0.6655251141552512,0.3276157804459691,,,1,1008,K002+KI01+KA05,K005+KA16+KI14
svm,combined,temperature,0.569634703196347,0.20534264434420713,0.678082191780822,0.33164983164983164,,,1,1008,K002+KI01+KA05,K005+KA16+KI14
svm,combined,isotonic,0.6906392694063926,0.21048000199636083,0.9851598173515982,0.3047508690614137,,,1,1008,K002+KI01+KA05,K005+KA16+KI14
svm,combined,conformal_marginal,,,,,0.723744292237443,1.3390410958904109,1,1008,K002+KI01+KA05,K005+KA16+KI14
svm,combined,conformal_class_conditional,,,,,0.6666666666666666,1.0079908675799087,1,1008,K002+KI01+KA05,K005+KA16+KI14
xgboost,source,raw,0.660958904109589,0.2807768719041185,0.817351598173516,0.29329608938547486,,,1,1008,K002+KI01+KA05,K005+KA16+KI14
xgboost,source,temperature,0.660958904109589,0.22537503628407995,0.7922374429223744,0.29250720461095103,,,1,1008,K002+KI01+KA05,K005+KA16+KI14
xgboost,source,isotonic,0.66324200913242,0.24922661799526408,0.8527397260273972,0.2998661311914324,,,1,1008,K002+KI01+KA05,K005+KA16+KI14
xgboost,source,conformal_marginal,,,,,0.6963470319634704,1.1118721461187215,1,1008,K002+KI01+KA05,K005+KA16+KI14
xgboost,source,conformal_class_conditional,,,,,0.6952054794520548,1.1278538812785388,1,1008,K002+KI01+KA05,K005+KA16+KI14
xgboost,target,raw,0.660958904109589,0.2807768719041185,0.8698630136986302,0.3083989501312336,,,1,1008,K002+KI01+KA05,K005+KA16+KI14
xgboost,target,temperature,0.660958904109589,0.22751093178215936,0.8618721461187214,0.30596026490066225,,,1,1008,K002+KI01+KA05,K005+KA16+KI14
xgboost,target,isotonic,0.6278538812785388,0.29506265963180023,0.8915525114155252,0.33290653008962867,,,1,1008,K002+KI01+KA05,K005+KA16+KI14
xgboost,target,conformal_marginal,,,,,0.6244292237442922,0.9212328767123288,1,1008,K002+KI01+KA05,K005+KA16+KI14
xgboost,target,conformal_class_conditional,,,,,0.6267123287671232,0.9851598173515982,1,1008,K002+KI01+KA05,K005+KA16+KI14
xgboost,combined,raw,0.660958904109589,0.2807768719041185,0.843607305936073,0.3044654939106901,,,1,1008,K002+KI01+KA05,K005+KA16+KI14
xgboost,combined,temperature,0.660958904109589,0.22593277432983735,0.8333333333333334,0.3,,,1,1008,K002+KI01+KA05,K005+KA16+KI14
xgboost,combined,isotonic,0.656392694063927,0.2498003406543216,0.8687214611872146,0.3061760840998686,,,1,1008,K002+KI01+KA05,K005+KA16+KI14
xgboost,combined,conformal_marginal,,,,,0.6712328767123288,1.0308219178082192,1,1008,K002+KI01+KA05,K005+KA16+KI14
xgboost,combined,conformal_class_conditional,,,,,0.680365296803653,1.07648401826484,1,1008,K002+KI01+KA05,K005+KA16+KI14
random_forest,source,raw,0.7211428571428572,0.145548407996755,0.6617142857142857,0.16753022452504318,,,1,1009,K004+KI01+KA09,K006+KA22+KI04
random_forest,source,temperature,0.7211428571428572,0.14725025043006687,0.6617142857142857,0.16753022452504318,,,1,1009,K004+KI01+KA09,K006+KA22+KI04
random_forest,source,isotonic,0.656,0.24860427667266213,0.9954285714285714,0.34328358208955223,,,1,1009,K004+KI01+KA09,K006+KA22+KI04
random_forest,source,conformal_marginal,,,,,0.7291428571428571,1.0011428571428571,1,1009,K004+KI01+KA09,K006+KA22+KI04
random_forest,source,conformal_class_conditional,,,,,0.6925714285714286,1.0057142857142858,1,1009,K004+KI01+KA09,K006+KA22+KI04
random_forest,target,raw,0.7211428571428572,0.145548407996755,0.2571428571428571,0.017777777777777778,,,1,1009,K004+KI01+KA09,K006+KA22+KI04
random_forest,target,temperature,0.7211428571428572,0.16997590812718164,0.24,0.01904761904761905,,,1,1009,K004+KI01+KA09,K006+KA22+KI04
random_forest,target,isotonic,0.6765714285714286,0.1344595206469511,0.4217142857142857,0.04607046070460705,,,1,1009,K004+KI01+KA09,K006+KA22+KI04
random_forest,target,conformal_marginal,,,,,0.9497142857142857,2.069714285714286,1,1009,K004+KI01+KA09,K006+KA22+KI04
random_forest,target,conformal_class_conditional,,,,,0.7588571428571429,1.6868571428571428,1,1009,K004+KI01+KA09,K006+KA22+KI04
random_forest,combined,raw,0.7211428571428572,0.145548407996755,0.2914285714285714,0.023529411764705882,,,1,1009,K004+KI01+KA09,K006+KA22+KI04
random_forest,combined,temperature,0.7211428571428572,0.0639298483276623,0.29942857142857143,0.026717557251908396,,,1,1009,K004+KI01+KA09,K006+KA22+KI04
random_forest,combined,isotonic,0.7291428571428571,0.1035010460367993,0.39085714285714285,0.04093567251461988,,,1,1009,K004+KI01+KA09,K006+KA22+KI04
random_forest,combined,conformal_marginal,,,,,0.9017142857142857,1.7702857142857142,1,1009,K004+KI01+KA09,K006+KA22+KI04
random_forest,combined,conformal_class_conditional,,,,,0.8034285714285714,1.4982857142857142,1,1009,K004+KI01+KA09,K006+KA22+KI04
svm,source,raw,0.6537142857142857,0.20698790255223937,0.6285714285714286,0.15636363636363637,,,1,1009,K004+KI01+KA09,K006+KA22+KI04
svm,source,temperature,0.6537142857142857,0.07332514627498869,0.584,0.14285714285714285,,,1,1009,K004+KI01+KA09,K006+KA22+KI04
svm,source,isotonic,0.6857142857142857,0.22365421705877472,0.9885714285714285,0.3086705202312139,,,1,1009,K004+KI01+KA09,K006+KA22+KI04
svm,source,conformal_marginal,,,,,0.8182857142857143,1.318857142857143,1,1009,K004+KI01+KA09,K006+KA22+KI04
svm,source,conformal_class_conditional,,,,,0.7337142857142858,1.070857142857143,1,1009,K004+KI01+KA09,K006+KA22+KI04
svm,target,raw,0.6537142857142857,0.20698790255223937,0.0,,,,1,1009,K004+KI01+KA09,K006+KA22+KI04
svm,target,temperature,0.6537142857142857,0.18994837920446664,0.0,,,,1,1009,K004+KI01+KA09,K006+KA22+KI04
svm,target,isotonic,0.6445714285714286,0.18126201832408786,0.0,,,,1,1009,K004+KI01+KA09,K006+KA22+KI04
svm,target,conformal_marginal,,,,,0.9577142857142857,2.310857142857143,1,1009,K004+KI01+KA09,K006+KA22+KI04
svm,target,conformal_class_conditional,,,,,0.7782857142857142,1.672,1,1009,K004+KI01+KA09,K006+KA22+KI04
svm,combined,raw,0.6537142857142857,0.20698790255223937,0.2651428571428571,0.02586206896551724,,,1,1009,K004+KI01+KA09,K006+KA22+KI04
svm,combined,temperature,0.6537142857142857,0.09983073904435517,0.26057142857142856,0.02631578947368421,,,1,1009,K004+KI01+KA09,K006+KA22+KI04
svm,combined,isotonic,0.7485714285714286,0.032092703082345145,0.2057142857142857,0.011111111111111112,,,1,1009,K004+KI01+KA09,K006+KA22+KI04
svm,combined,conformal_marginal,,,,,0.896,1.856,1,1009,K004+KI01+KA09,K006+KA22+KI04
svm,combined,conformal_class_conditional,,,,,0.8891428571428571,1.774857142857143,1,1009,K004+KI01+KA09,K006+KA22+KI04
xgboost,source,raw,0.728,0.2149691782678877,0.7714285714285715,0.18962962962962962,,,1,1009,K004+KI01+KA09,K006+KA22+KI04
xgboost,source,temperature,0.728,0.15055022501330226,0.7542857142857143,0.18333333333333332,,,1,1009,K004+KI01+KA09,K006+KA22+KI04
xgboost,source,isotonic,0.6731428571428572,0.22162463935341997,0.992,0.3248847926267281,,,1,1009,K004+KI01+KA09,K006+KA22+KI04
xgboost,source,conformal_marginal,,,,,0.7588571428571429,1.1097142857142857,1,1009,K004+KI01+KA09,K006+KA22+KI04
xgboost,source,conformal_class_conditional,,,,,0.7188571428571429,1.054857142857143,1,1009,K004+KI01+KA09,K006+KA22+KI04
xgboost,target,raw,0.728,0.2149691782678877,0.104,0.01098901098901099,,,1,1009,K004+KI01+KA09,K006+KA22+KI04
xgboost,target,temperature,0.728,0.10235978249464704,0.26057142857142856,0.03508771929824561,,,1,1009,K004+KI01+KA09,K006+KA22+KI04
xgboost,target,isotonic,0.6857142857142857,0.08170372587705849,0.32,0.04642857142857143,,,1,1009,K004+KI01+KA09,K006+KA22+KI04
xgboost,target,conformal_marginal,,,,,0.9405714285714286,1.9942857142857142,1,1009,K004+KI01+KA09,K006+KA22+KI04
xgboost,target,conformal_class_conditional,,,,,0.776,1.5005714285714287,1,1009,K004+KI01+KA09,K006+KA22+KI04
xgboost,combined,raw,0.728,0.2149691782678877,0.3394285714285714,0.04040404040404041,,,1,1009,K004+KI01+KA09,K006+KA22+KI04
xgboost,combined,temperature,0.728,0.04653832803707563,0.35314285714285715,0.045307443365695796,,,1,1009,K004+KI01+KA09,K006+KA22+KI04
xgboost,combined,isotonic,0.6845714285714286,0.11116701100183111,0.488,0.07728337236533958,,,1,1009,K004+KI01+KA09,K006+KA22+KI04
xgboost,combined,conformal_marginal,,,,,0.8948571428571429,1.7177142857142857,1,1009,K004+KI01+KA09,K006+KA22+KI04
xgboost,combined,conformal_class_conditional,,,,,0.8457142857142858,1.5634285714285714,1,1009,K004+KI01+KA09,K006+KA22+KI04
random_forest,source,raw,0.7337142857142858,0.15177026679178424,0.6685714285714286,0.17606837606837608,,,1,1010,K004+KI01+KA05,K006+KA22+KI04
random_forest,source,temperature,0.7337142857142858,0.1194254806387797,0.6537142857142857,0.1660839160839161,,,1,1010,K004+KI01+KA05,K006+KA22+KI04
random_forest,source,isotonic,0.7462857142857143,0.17644835081913574,0.7714285714285715,0.2162962962962963,,,1,1010,K004+KI01+KA05,K006+KA22+KI04
random_forest,source,conformal_marginal,,,,,0.7702857142857142,1.12,1,1010,K004+KI01+KA05,K006+KA22+KI04
random_forest,source,conformal_class_conditional,,,,,0.7691428571428571,1.161142857142857,1,1010,K004+KI01+KA05,K006+KA22+KI04
random_forest,target,raw,0.7337142857142858,0.15177026679178424,0.2754285714285714,0.02074688796680498,,,1,1010,K004+KI01+KA05,K006+KA22+KI04
random_forest,target,temperature,0.7337142857142858,0.2532775112332754,0.256,0.017857142857142856,,,1,1010,K004+KI01+KA05,K006+KA22+KI04
random_forest,target,isotonic,0.672,0.15047596063651536,0.4502857142857143,0.06345177664974619,,,1,1010,K004+KI01+KA05,K006+KA22+KI04
random_forest,target,conformal_marginal,,,,,0.9577142857142857,2.2102857142857144,1,1010,K004+KI01+KA05,K006+KA22+KI04
random_forest,target,conformal_class_conditional,,,,,0.7462857142857143,1.5817142857142856,1,1010,K004+KI01+KA05,K006+KA22+KI04
random_forest,combined,raw,0.7337142857142858,0.15177026679178424,0.2914285714285714,0.027450980392156862,,,1,1010,K004+KI01+KA05,K006+KA22+KI04
random_forest,combined,temperature,0.7337142857142858,0.12760493657668578,0.26171428571428573,0.021834061135371178,,,1,1010,K004+KI01+KA05,K006+KA22+KI04
random_forest,combined,isotonic,0.744,0.08753050320567567,0.3977142857142857,0.040229885057471264,,,1,1010,K004+KI01+KA05,K006+KA22+KI04
random_forest,combined,conformal_marginal,,,,,0.912,1.848,1,1010,K004+KI01+KA05,K006+KA22+KI04
random_forest,combined,conformal_class_conditional,,,,,0.8765714285714286,1.8022857142857143,1,1010,K004+KI01+KA05,K006+KA22+KI04
svm,source,raw,0.6617142857142857,0.1978890600068069,0.6308571428571429,0.15579710144927536,,,1,1010,K004+KI01+KA05,K006+KA22+KI04
svm,source,temperature,0.6617142857142857,0.10991346500735588,0.616,0.15213358070500926,,,1,1010,K004+KI01+KA05,K006+KA22+KI04
svm,source,isotonic,0.7542857142857143,0.13210910413499632,0.8285714285714286,0.19586206896551725,,,1,1010,K004+KI01+KA05,K006+KA22+KI04
svm,source,conformal_marginal,,,,,0.8148571428571428,1.2971428571428572,1,1010,K004+KI01+KA05,K006+KA22+KI04
svm,source,conformal_class_conditional,,,,,0.7954285714285714,1.248,1,1010,K004+KI01+KA05,K006+KA22+KI04
svm,target,raw,0.6617142857142857,0.1978890600068069,0.0,,,,1,1010,K004+KI01+KA05,K006+KA22+KI04
svm,target,temperature,0.6617142857142857,0.1866136103430665,0.0,,,,1,1010,K004+KI01+KA05,K006+KA22+KI04
svm,target,isotonic,0.6342857142857142,0.20490916817046156,0.528,0.21645021645021645,,,1,1010,K004+KI01+KA05,K006+KA22+KI04
svm,target,conformal_marginal,,,,,0.968,2.44,1,1010,K004+KI01+KA05,K006+KA22+KI04
svm,target,conformal_class_conditional,,,,,0.7828571428571428,1.673142857142857,1,1010,K004+KI01+KA05,K006+KA22+KI04
svm,combined,raw,0.6617142857142857,0.1978890600068069,0.21485714285714286,0.0,,,1,1010,K004+KI01+KA05,K006+KA22+KI04
svm,combined,temperature,0.6617142857142857,0.0780627215700908,0.21942857142857142,0.015625,,,1,1010,K004+KI01+KA05,K006+KA22+KI04
svm,combined,isotonic,0.7508571428571429,0.025451969607487645,0.5451428571428572,0.05450733752620545,,,1,1010,K004+KI01+KA05,K006+KA22+KI04
svm,combined,conformal_marginal,,,,,0.9222857142857143,2.057142857142857,1,1010,K004+KI01+KA05,K006+KA22+KI04
svm,combined,conformal_class_conditional,,,,,0.904,1.7942857142857143,1,1010,K004+KI01+KA05,K006+KA22+KI04
xgboost,source,raw,0.7314285714285714,0.22036561523165016,0.6628571428571428,0.16551724137931034,,,1,1010,K004+KI01+KA05,K006+KA22+KI04
xgboost,source,temperature,0.7314285714285714,0.14687314537302631,0.6754285714285714,0.16412859560067683,,,1,1010,K004+KI01+KA05,K006+KA22+KI04
xgboost,source,isotonic,0.7325714285714285,0.17247563015210907,0.7748571428571429,0.20943952802359883,,,1,1010,K004+KI01+KA05,K006+KA22+KI04
xgboost,source,conformal_marginal,,,,,0.7782857142857142,1.1668571428571428,1,1010,K004+KI01+KA05,K006+KA22+KI04
xgboost,source,conformal_class_conditional,,,,,0.7862857142857143,1.2422857142857142,1,1010,K004+KI01+KA05,K006+KA22+KI04
xgboost,target,raw,0.7314285714285714,0.22036561523165016,0.2925714285714286,0.03515625,,,1,1010,K004+KI01+KA05,K006+KA22+KI04
xgboost,target,temperature,0.7314285714285714,0.10732707359017514,0.32342857142857145,0.038869257950530034,,,1,1010,K004+KI01+KA05,K006+KA22+KI04
xgboost,target,isotonic,0.6891428571428572,0.10239710742884015,0.4937142857142857,0.06944444444444445,,,1,1010,K004+KI01+KA05,K006+KA22+KI04
xgboost,target,conformal_marginal,,,,,0.9508571428571428,2.0182857142857142,1,1010,K004+KI01+KA05,K006+KA22+KI04
xgboost,target,conformal_class_conditional,,,,,0.7462857142857143,1.3931428571428572,1,1010,K004+KI01+KA05,K006+KA22+KI04
xgboost,combined,raw,0.7314285714285714,0.22036561523165016,0.30742857142857144,0.03345724907063197,,,1,1010,K004+KI01+KA05,K006+KA22+KI04
xgboost,combined,temperature,0.7314285714285714,0.07257929415383339,0.3291428571428571,0.03819444444444445,,,1,1010,K004+KI01+KA05,K006+KA22+KI04
xgboost,combined,isotonic,0.7302857142857143,0.08990928748891118,0.5588571428571428,0.08384458077709611,,,1,1010,K004+KI01+KA05,K006+KA22+KI04
xgboost,combined,conformal_marginal,,,,,0.912,1.782857142857143,1,1010,K004+KI01+KA05,K006+KA22+KI04
xgboost,combined,conformal_class_conditional,,,,,0.8491428571428571,1.5234285714285714,1,1010,K004+KI01+KA05,K006+KA22+KI04
random_forest,source,raw,0.6342857142857142,0.22204588269311437,0.888,0.34234234234234234,,,1,1011,K001+KI08+KA05,K003+KA04+KI14
random_forest,source,temperature,0.6342857142857142,0.270120694493804,0.8902857142857142,0.3453145057766367,,,1,1011,K001+KI08+KA05,K003+KA04+KI14
random_forest,source,isotonic,0.632,0.30656371870778726,0.9965714285714286,0.3669724770642202,,,1,1011,K001+KI08+KA05,K003+KA04+KI14
random_forest,source,conformal_marginal,,,,,0.5828571428571429,0.8868571428571429,1,1011,K001+KI08+KA05,K003+KA04+KI14
random_forest,source,conformal_class_conditional,,,,,0.5508571428571428,0.8422857142857143,1,1011,K001+KI08+KA05,K003+KA04+KI14
random_forest,target,raw,0.6342857142857142,0.22204588269311437,0.9931428571428571,0.36363636363636365,,,1,1011,K001+KI08+KA05,K003+KA04+KI14
random_forest,target,temperature,0.6342857142857142,0.3049266394127974,0.9874285714285714,0.3599537037037037,,,1,1011,K001+KI08+KA05,K003+KA04+KI14
random_forest,target,isotonic,0.632,0.3167971330592554,0.9805714285714285,0.3613053613053613,,,1,1011,K001+KI08+KA05,K003+KA04+KI14
random_forest,target,conformal_marginal,,,,,0.5314285714285715,0.7862857142857143,1,1011,K001+KI08+KA05,K003+KA04+KI14
random_forest,target,conformal_class_conditional,,,,,0.528,0.8068571428571428,1,1011,K001+KI08+KA05,K003+KA04+KI14
random_forest,combined,raw,0.6342857142857142,0.22204588269311437,0.9931428571428571,0.36363636363636365,,,1,1011,K001+KI08+KA05,K003+KA04+KI14
random_forest,combined,temperature,0.6342857142857142,0.2850371279973348,0.992,0.3629032258064516,,,1,1011,K001+KI08+KA05,K003+KA04+KI14
random_forest,combined,isotonic,0.6342857142857142,0.29775018298308076,0.9977142857142857,0.3654066437571592,,,1,1011,K001+KI08+KA05,K003+KA04+KI14
random_forest,combined,conformal_marginal,,,,,0.5348571428571428,0.7931428571428571,1,1011,K001+KI08+KA05,K003+KA04+KI14
random_forest,combined,conformal_class_conditional,,,,,0.5462857142857143,0.8114285714285714,1,1011,K001+KI08+KA05,K003+KA04+KI14
svm,source,raw,0.6582857142857143,0.21537124980695405,0.9714285714285714,0.33294117647058824,,,1,1011,K001+KI08+KA05,K003+KA04+KI14
svm,source,temperature,0.6582857142857143,0.26597477582005863,0.9817142857142858,0.3341094295692666,,,1,1011,K001+KI08+KA05,K003+KA04+KI14
svm,source,isotonic,0.6697142857142857,0.2594327149407861,0.9702857142857143,0.32626619552414604,,,1,1011,K001+KI08+KA05,K003+KA04+KI14
svm,source,conformal_marginal,,,,,0.5668571428571428,0.7805714285714286,1,1011,K001+KI08+KA05,K003+KA04+KI14
svm,source,conformal_class_conditional,,,,,0.5611428571428572,0.776,1,1011,K001+KI08+KA05,K003+KA04+KI14
svm,target,raw,0.6582857142857143,0.21537124980695405,0.9828571428571429,0.33488372093023255,,,1,1011,K001+KI08+KA05,K003+KA04+KI14
svm,target,temperature,0.6582857142857143,0.2820862960015804,0.9897142857142858,0.33833718244803695,,,1,1011,K001+KI08+KA05,K003+KA04+KI14
svm,target,isotonic,0.6594285714285715,0.29544075271613857,0.9988571428571429,0.33981693363844395,,,1,1011,K001+KI08+KA05,K003+KA04+KI14
svm,target,conformal_marginal,,,,,0.5748571428571428,0.8,1,1011,K001+KI08+KA05,K003+KA04+KI14
svm,target,conformal_class_conditional,,,,,0.5371428571428571,0.8148571428571428,1,1011,K001+KI08+KA05,K003+KA04+KI14
svm,combined,raw,0.6582857142857143,0.21537124980695405,0.9828571428571429,0.33488372093023255,,,1,1011,K001+KI08+KA05,K003+KA04+KI14
svm,combined,temperature,0.6582857142857143,0.27341259654616973,0.9862857142857143,0.33719582850521435,,,1,1011,K001+KI08+KA05,K003+KA04+KI14
svm,combined,isotonic,0.6674285714285715,0.27570541137288107,0.9965714285714286,0.3302752293577982,,,1,1011,K001+KI08+KA05,K003+KA04+KI14
svm,combined,conformal_marginal,,,,,0.5702857142857143,0.7897142857142857,1,1011,K001+KI08+KA05,K003+KA04+KI14
svm,combined,conformal_class_conditional,,,,,0.5611428571428572,0.7851428571428571,1,1011,K001+KI08+KA05,K003+KA04+KI14
xgboost,source,raw,0.6354285714285715,0.31564032687459675,0.8891428571428571,0.34704370179948585,,,1,1011,K001+KI08+KA05,K003+KA04+KI14
xgboost,source,temperature,0.6354285714285715,0.27635908140807003,0.8925714285714286,0.34571062740076824,,,1,1011,K001+KI08+KA05,K003+KA04+KI14
xgboost,source,isotonic,0.6285714285714286,0.28041430442118914,0.9874285714285714,0.3680555555555556,,,1,1011,K001+KI08+KA05,K003+KA04+KI14
xgboost,source,conformal_marginal,,,,,0.6022857142857143,0.9325714285714286,1,1011,K001+KI08+KA05,K003+KA04+KI14
xgboost,source,conformal_class_conditional,,,,,0.5702857142857143,0.8388571428571429,1,1011,K001+KI08+KA05,K003+KA04+KI14
xgboost,target,raw,0.6354285714285715,0.31564032687459675,0.976,0.36065573770491804,,,1,1011,K001+KI08+KA05,K003+KA04+KI14
xgboost,target,temperature,0.6354285714285715,0.2906704227690208,0.9737142857142858,0.3615023474178404,,,1,1011,K001+KI08+KA05,K003+KA04+KI14
xgboost,target,isotonic,0.6411428571428571,0.2892615924021536,0.9668571428571429,0.3546099290780142,,,1,1011,K001+KI08+KA05,K003+KA04+KI14
xgboost,target,conformal_marginal,,,,,0.5405714285714286,0.7862857142857143,1,1011,K001+KI08+KA05,K003+KA04+KI14
xgboost,target,conformal_class_conditional,,,,,0.568,0.8662857142857143,1,1011,K001+KI08+KA05,K003+KA04+KI14
xgboost,combined,raw,0.6354285714285715,0.31564032687459675,0.9314285714285714,0.35337423312883437,,,1,1011,K001+KI08+KA05,K003+KA04+KI14
xgboost,combined,temperature,0.6354285714285715,0.28456390271007936,0.9245714285714286,0.3535228677379481,,,1,1011,K001+KI08+KA05,K003+KA04+KI14
xgboost,combined,isotonic,0.632,0.2791232302140323,0.9977142857142857,0.3665521191294387,,,1,1011,K001+KI08+KA05,K003+KA04+KI14
xgboost,combined,conformal_marginal,,,,,0.5577142857142857,0.8262857142857143,1,1011,K001+KI08+KA05,K003+KA04+KI14
xgboost,combined,conformal_class_conditional,,,,,0.576,0.848,1,1011,K001+KI08+KA05,K003+KA04+KI14
random_forest,source,raw,0.6274285714285714,0.24926435351340137,0.8022857142857143,0.30626780626780625,,,1,1012,K004+KI03+KA01,K006+KA04+KI14
random_forest,source,temperature,0.6274285714285714,0.22809980553340714,0.7977142857142857,0.3008595988538682,,,1,1012,K004+KI03+KA01,K006+KA04+KI14
random_forest,source,isotonic,0.656,0.25649495026078784,0.912,0.33208020050125314,,,1,1012,K004+KI03+KA01,K006+KA04+KI14
random_forest,source,conformal_marginal,,,,,0.6182857142857143,0.9714285714285714,1,1012,K004+KI03+KA01,K006+KA04+KI14
random_forest,source,conformal_class_conditional,,,,,0.6571428571428571,1.030857142857143,1,1012,K004+KI03+KA01,K006+KA04+KI14
random_forest,target,raw,0.6274285714285714,0.24926435351340137,0.7702857142857142,0.29673590504451036,,,1,1012,K004+KI03+KA01,K006+KA04+KI14
random_forest,target,temperature,0.6274285714285714,0.23360312812076847,0.7714285714285715,0.2962962962962963,,,1,1012,K004+KI03+KA01,K006+KA04+KI14
random_forest,target,isotonic,0.608,0.3053362426934334,0.9954285714285714,0.38920780711825487,,,1,1012,K004+KI03+KA01,K006+KA04+KI14
random_forest,target,conformal_marginal,,,,,0.608,0.9337142857142857,1,1012,K004+KI03+KA01,K006+KA04+KI14
random_forest,target,conformal_class_conditional,,,,,0.5302857142857142,0.9005714285714286,1,1012,K004+KI03+KA01,K006+KA04+KI14
random_forest,combined,raw,0.6274285714285714,0.24926435351340137,0.7828571428571428,0.29927007299270075,,,1,1012,K004+KI03+KA01,K006+KA04+KI14
random_forest,combined,temperature,0.6274285714285714,0.2307363412595106,0.7931428571428571,0.29971181556195964,,,1,1012,K004+KI03+KA01,K006+KA04+KI14
random_forest,combined,isotonic,0.6274285714285714,0.2846265729991605,0.9394285714285714,0.3418491484184915,,,1,1012,K004+KI03+KA01,K006+KA04+KI14
random_forest,combined,conformal_marginal,,,,,0.608,0.9337142857142857,1,1012,K004+KI03+KA01,K006+KA04+KI14
random_forest,combined,conformal_class_conditional,,,,,0.6148571428571429,0.9828571428571429,1,1012,K004+KI03+KA01,K006+KA04+KI14
svm,source,raw,0.6548571428571428,0.22976169009936798,0.64,0.21785714285714286,,,1,1012,K004+KI03+KA01,K006+KA04+KI14
svm,source,temperature,0.6548571428571428,0.2180013283928502,0.6331428571428571,0.2148014440433213,,,1,1012,K004+KI03+KA01,K006+KA04+KI14
svm,source,isotonic,0.64,0.2686600257462325,0.8148571428571428,0.2959326788218794,,,1,1012,K004+KI03+KA01,K006+KA04+KI14
svm,source,conformal_marginal,,,,,0.6594285714285715,1.0022857142857142,1,1012,K004+KI03+KA01,K006+KA04+KI14
svm,source,conformal_class_conditional,,,,,0.7291428571428571,1.1782857142857144,1,1012,K004+KI03+KA01,K006+KA04+KI14
svm,target,raw,0.6548571428571428,0.22976169009936798,0.6297142857142857,0.21234119782214156,,,1,1012,K004+KI03+KA01,K006+KA04+KI14
svm,target,temperature,0.6548571428571428,0.1757893403961741,0.6217142857142857,0.2113970588235294,,,1,1012,K004+KI03+KA01,K006+KA04+KI14
svm,target,isotonic,0.6171428571428571,0.30471411134186216,0.9897142857142858,0.37759815242494227,,,1,1012,K004+KI03+KA01,K006+KA04+KI14
svm,target,conformal_marginal,,,,,0.6708571428571428,1.030857142857143,1,1012,K004+KI03+KA01,K006+KA04+KI14
svm,target,conformal_class_conditional,,,,,0.5451428571428572,0.9417142857142857,1,1012,K004+KI03+KA01,K006+KA04+KI14
svm,combined,raw,0.6548571428571428,0.22976169009936798,0.64,0.21785714285714286,,,1,1012,K004+KI03+KA01,K006+KA04+KI14
svm,combined,temperature,0.6548571428571428,0.1978644476769558,0.6251428571428571,0.21206581352833637,,,1,1012,K004+KI03+KA01,K006+KA04+KI14
svm,combined,isotonic,0.6411428571428571,0.2724065922208408,0.7085714285714285,0.23870967741935484,,,1,1012,K004+KI03+KA01,K006+KA04+KI14
svm,combined,conformal_marginal,,,,,0.6628571428571428,1.0091428571428571,1,1012,K004+KI03+KA01,K006+KA04+KI14
svm,combined,conformal_class_conditional,,,,,0.6731428571428572,1.1051428571428572,1,1012,K004+KI03+KA01,K006+KA04+KI14
xgboost,source,raw,0.648,0.3039000699179514,0.864,0.31084656084656087,,,1,1012,K004+KI03+KA01,K006+KA04+KI14
xgboost,source,temperature,0.648,0.23453160561619618,0.8434285714285714,0.3008130081300813,,,1,1012,K004+KI03+KA01,K006+KA04+KI14
xgboost,source,isotonic,0.6491428571428571,0.2746188094812233,0.9142857142857143,0.325,,,1,1012,K004+KI03+KA01,K006+KA04+KI14
xgboost,source,conformal_marginal,,,,,0.6434285714285715,0.9794285714285714,1,1012,K004+KI03+KA01,K006+KA04+KI14
xgboost,source,conformal_class_conditional,,,,,0.624,0.9817142857142858,1,1012,K004+KI03+KA01,K006+KA04+KI14
xgboost,target,raw,0.648,0.3039000699179514,0.8388571428571429,0.30381471389645776,,,1,1012,K004+KI03+KA01,K006+KA04+KI14
xgboost,target,temperature,0.648,0.24206262040005255,0.8137142857142857,0.29353932584269665,,,1,1012,K004+KI03+KA01,K006+KA04+KI14
xgboost,target,isotonic,0.6285714285714286,0.29944778054212223,0.9942857142857143,0.3724137931034483,,,1,1012,K004+KI03+KA01,K006+KA04+KI14
xgboost,target,conformal_marginal,,,,,0.6525714285714286,1.0194285714285714,1,1012,K004+KI03+KA01,K006+KA04+KI14
xgboost,target,conformal_class_conditional,,,,,0.5588571428571428,0.9211428571428572,1,1012,K004+KI03+KA01,K006+KA04+KI14
xgboost,combined,raw,0.648,0.3039000699179514,0.8388571428571429,0.30381471389645776,,,1,1012,K004+KI03+KA01,K006+KA04+KI14
xgboost,combined,temperature,0.648,0.23812877959372175,0.8137142857142857,0.29353932584269665,,,1,1012,K004+KI03+KA01,K006+KA04+KI14
xgboost,combined,isotonic,0.6377142857142857,0.2751075517049798,0.9291428571428572,0.33579335793357934,,,1,1012,K004+KI03+KA01,K006+KA04+KI14
xgboost,combined,conformal_marginal,,,,,0.6434285714285715,0.9794285714285714,1,1012,K004+KI03+KA01,K006+KA04+KI14
xgboost,combined,conformal_class_conditional,,,,,0.5977142857142858,0.9428571428571428,1,1012,K004+KI03+KA01,K006+KA04+KI14
random_forest,source,raw,0.589041095890411,0.25341335328971915,0.8333333333333334,0.3589041095890411,,,1,1013,K001+KI05+KA03,K003+KA16+KI18
random_forest,source,temperature,0.589041095890411,0.28328449454382626,0.8458904109589042,0.3643724696356275,,,1,1013,K001+KI05+KA03,K003+KA16+KI18
random_forest,source,isotonic,0.5878995433789954,0.2815969305318432,0.8938356164383562,0.3780332056194125,,,1,1013,K001+KI05+KA03,K003+KA16+KI18
random_forest,source,conformal_marginal,,,,,0.567351598173516,0.9246575342465754,1,1013,K001+KI05+KA03,K003+KA16+KI18
random_forest,source,conformal_class_conditional,,,,,0.5810502283105022,0.9212328767123288,1,1013,K001+KI05+KA03,K003+KA16+KI18
random_forest,target,raw,0.589041095890411,0.25341335328971915,0.8961187214611872,0.378343949044586,,,1,1013,K001+KI05+KA03,K003+KA16+KI18
random_forest,target,temperature,0.589041095890411,0.317216772979299,0.9098173515981736,0.383939774153074,,,1,1013,K001+KI05+KA03,K003+KA16+KI18
random_forest,target,isotonic,0.5593607305936074,0.40265422411336166,0.952054794520548,0.43764988009592326,,,1,1013,K001+KI05+KA03,K003+KA16+KI18
random_forest,target,conformal_marginal,,,,,0.5878995433789954,0.9874429223744292,1,1013,K001+KI05+KA03,K003+KA16+KI18
random_forest,target,conformal_class_conditional,,,,,0.4577625570776256,0.8093607305936074,1,1013,K001+KI05+KA03,K003+KA16+KI18
random_forest,combined,raw,0.589041095890411,0.25341335328971915,0.8949771689497716,0.37755102040816324,,,1,1013,K001+KI05+KA03,K003+KA16+KI18
random_forest,combined,temperature,0.589041095890411,0.29339527793164055,0.8995433789954338,0.3819796954314721,,,1,1013,K001+KI05+KA03,K003+KA16+KI18
random_forest,combined,isotonic,0.569634703196347,0.3508036306348856,1.0,0.430365296803653,,,1,1013,K001+KI05+KA03,K003+KA16+KI18
random_forest,combined,conformal_marginal,,,,,0.5787671232876712,0.9668949771689498,1,1013,K001+KI05+KA03,K003+KA16+KI18
random_forest,combined,conformal_class_conditional,,,,,0.5365296803652968,0.8812785388127854,1,1013,K001+KI05+KA03,K003+KA16+KI18
svm,source,raw,0.613013698630137,0.2500519781187249,0.9360730593607306,0.36585365853658536,,,1,1013,K001+KI05+KA03,K003+KA16+KI18
svm,source,temperature,0.613013698630137,0.28737083662988877,0.9486301369863014,0.36702767749699156,,,1,1013,K001+KI05+KA03,K003+KA16+KI18
svm,source,isotonic,0.617579908675799,0.3214864202426123,0.9965753424657534,0.38258877434135163,,,1,1013,K001+KI05+KA03,K003+KA16+KI18
svm,source,conformal_marginal,,,,,0.5171232876712328,0.7602739726027398,1,1013,K001+KI05+KA03,K003+KA16+KI18
svm,source,conformal_class_conditional,,,,,0.5525114155251142,0.8139269406392694,1,1013,K001+KI05+KA03,K003+KA16+KI18
svm,target,raw,0.613013698630137,0.2500519781187249,0.9292237442922374,0.36486486486486486,,,1,1013,K001+KI05+KA03,K003+KA16+KI18
svm,target,temperature,0.613013698630137,0.29126285984721995,0.9269406392694064,0.3633004926108374,,,1,1013,K001+KI05+KA03,K003+KA16+KI18
svm,target,isotonic,0.5445205479452054,0.4131302133556662,0.8401826484018264,0.44157608695652173,,,1,1013,K001+KI05+KA03,K003+KA16+KI18
svm,target,conformal_marginal,,,,,0.5388127853881278,0.8047945205479452,1,1013,K001+KI05+KA03,K003+KA16+KI18
svm,target,conformal_class_conditional,,,,,0.4589041095890411,0.7865296803652968,1,1013,K001+KI05+KA03,K003+KA16+KI18
svm,combined,raw,0.613013698630137,0.2500519781187249,0.9360730593607306,0.36585365853658536,,,1,1013,K001+KI05+KA03,K003+KA16+KI18
svm,combined,temperature,0.613013698630137,0.28928629085187174,0.9486301369863014,0.36702767749699156,,,1,1013,K001+KI05+KA03,K003+KA16+KI18
svm,combined,isotonic,0.6118721461187214,0.2975206253374527,0.9920091324200914,0.38550057537399307,,,1,1013,K001+KI05+KA03,K003+KA16+KI18
svm,combined,conformal_marginal,,,,,0.5296803652968036,0.7785388127853882,1,1013,K001+KI05+KA03,K003+KA16+KI18
svm,combined,conformal_class_conditional,,,,,0.5319634703196348,0.8356164383561644,1,1013,K001+KI05+KA03,K003+KA16+KI18
xgboost,source,raw,0.5878995433789954,0.3429664187983835,0.8401826484018264,0.360054347826087,,,1,1013,K001+KI05+KA03,K003+KA16+KI18
xgboost,source,temperature,0.5878995433789954,0.2844886187730731,0.8264840182648402,0.35773480662983426,,,1,1013,K001+KI05+KA03,K003+KA16+KI18
xgboost,source,isotonic,0.58675799086758,0.3138441707285667,0.8938356164383562,0.3767560664112388,,,1,1013,K001+KI05+KA03,K003+KA16+KI18
xgboost,source,conformal_marginal,,,,,0.5468036529680366,0.8721461187214612,1,1013,K001+KI05+KA03,K003+KA16+KI18
xgboost,source,conformal_class_conditional,,,,,0.6221461187214612,1.023972602739726,1,1013,K001+KI05+KA03,K003+KA16+KI18
xgboost,target,raw,0.5878995433789954,0.3429664187983835,0.9885844748858448,0.407621247113164,,,1,1013,K001+KI05+KA03,K003+KA16+KI18
xgboost,target,temperature,0.5878995433789954,0.3354476740098882,0.9885844748858448,0.407621247113164,,,1,1013,K001+KI05+KA03,K003+KA16+KI18
xgboost,target,isotonic,0.5273972602739726,0.42490218172656125,0.932648401826484,0.4479804161566707,,,1,1013,K001+KI05+KA03,K003+KA16+KI18
xgboost,target,conformal_marginal,,,,,0.5582191780821918,0.9029680365296804,1,1013,K001+KI05+KA03,K003+KA16+KI18
xgboost,target,conformal_class_conditional,,,,,0.4623287671232877,0.8093607305936074,1,1013,K001+KI05+KA03,K003+KA16+KI18
xgboost,combined,raw,0.5878995433789954,0.3429664187983835,0.9486301369863014,0.3935018050541516,,,1,1013,K001+KI05+KA03,K003+KA16+KI18
xgboost,combined,temperature,0.5878995433789954,0.30242345814914007,0.9429223744292238,0.3934624697336562,,,1,1013,K001+KI05+KA03,K003+KA16+KI18
xgboost,combined,isotonic,0.5753424657534246,0.34521652905277284,0.997716894977169,0.4233409610983982,,,1,1013,K001+KI05+KA03,K003+KA16+KI18
xgboost,combined,conformal_marginal,,,,,0.5468036529680366,0.8721461187214612,1,1013,K001+KI05+KA03,K003+KA16+KI18
xgboost,combined,conformal_class_conditional,,,,,0.5468036529680366,0.882420091324201,1,1013,K001+KI05+KA03,K003+KA16+KI18
random_forest,source,raw,0.6894977168949772,0.18690094847303837,0.9954337899543378,0.3084862385321101,,,1,1014,K002+KI07+KA09,K005+KA16+KI16
random_forest,source,temperature,0.6894977168949772,0.20727722864973797,0.9954337899543378,0.3084862385321101,,,1,1014,K002+KI07+KA09,K005+KA16+KI16
random_forest,source,isotonic,0.6678082191780822,0.27223348057444674,0.9954337899543378,0.3291284403669725,,,1,1014,K002+KI07+KA09,K005+KA16+KI16
random_forest,source,conformal_marginal,,,,,0.5605022831050228,0.7271689497716894,1,1014,K002+KI07+KA09,K005+KA16+KI16
random_forest,source,conformal_class_conditional,,,,,0.567351598173516,0.8139269406392694,1,1014,K002+KI07+KA09,K005+KA16+KI16
random_forest,target,raw,0.6894977168949772,0.18690094847303837,0.4737442922374429,0.11325301204819277,,,1,1014,K002+KI07+KA09,K005+KA16+KI16
random_forest,target,temperature,0.6894977168949772,0.09178284851931306,0.4463470319634703,0.09462915601023018,,,1,1014,K002+KI07+KA09,K005+KA16+KI16
random_forest,target,isotonic,0.6575342465753424,0.16833779915556688,0.4851598173515982,0.05411764705882353,,,1,1014,K002+KI07+KA09,K005+KA16+KI16
random_forest,target,conformal_marginal,,,,,0.819634703196347,1.4703196347031964,1,1014,K002+KI07+KA09,K005+KA16+KI16
random_forest,target,conformal_class_conditional,,,,,0.7579908675799086,1.3287671232876712,1,1014,K002+KI07+KA09,K005+KA16+KI16
random_forest,combined,raw,0.6894977168949772,0.18690094847303837,0.6118721461187214,0.1828358208955224,,,1,1014,K002+KI07+KA09,K005+KA16+KI16
random_forest,combined,temperature,0.6894977168949772,0.1387337114065906,0.6073059360730594,0.18045112781954886,,,1,1014,K002+KI07+KA09,K005+KA16+KI16
random_forest,combined,isotonic,0.70662100456621,0.1701432598307436,0.817351598173516,0.26955307262569833,,,1,1014,K002+KI07+KA09,K005+KA16+KI16
random_forest,combined,conformal_marginal,,,,,0.7420091324200914,1.1552511415525115,1,1014,K002+KI07+KA09,K005+KA16+KI16
random_forest,combined,conformal_class_conditional,,,,,0.7077625570776256,1.1666666666666667,1,1014,K002+KI07+KA09,K005+KA16+KI16
svm,source,raw,0.6963470319634704,0.18986660453044818,0.9954337899543378,0.30275229357798167,,,1,1014,K002+KI07+KA09,K005+KA16+KI16
svm,source,temperature,0.6963470319634704,0.1888640511152927,0.9954337899543378,0.30275229357798167,,,1,1014,K002+KI07+KA09,K005+KA16+KI16
svm,source,isotonic,0.6598173515981736,0.2847596196069641,0.980593607305936,0.33643771827706637,,,1,1014,K002+KI07+KA09,K005+KA16+KI16
svm,source,conformal_marginal,,,,,0.5856164383561644,0.7534246575342466,1,1014,K002+KI07+KA09,K005+KA16+KI16
svm,source,conformal_class_conditional,,,,,0.502283105022831,0.747716894977169,1,1014,K002+KI07+KA09,K005+KA16+KI16
svm,target,raw,0.6963470319634704,0.18986660453044818,0.4257990867579909,0.10991957104557641,,,1,1014,K002+KI07+KA09,K005+KA16+KI16
svm,target,temperature,0.6963470319634704,0.05457699820513168,0.4121004566210046,0.10526315789473684,,,1,1014,K002+KI07+KA09,K005+KA16+KI16
svm,target,isotonic,0.6746575342465754,0.17434174132346608,0.7557077625570776,0.2084592145015106,,,1,1014,K002+KI07+KA09,K005+KA16+KI16
svm,target,conformal_marginal,,,,,0.8139269406392694,1.437214611872146,1,1014,K002+KI07+KA09,K005+KA16+KI16
svm,target,conformal_class_conditional,,,,,0.684931506849315,1.2100456621004567,1,1014,K002+KI07+KA09,K005+KA16+KI16
svm,combined,raw,0.6963470319634704,0.18986660453044818,0.593607305936073,0.1519230769230769,,,1,1014,K002+KI07+KA09,K005+KA16+KI16
svm,combined,temperature,0.6963470319634704,0.1034120073565815,0.5970319634703196,0.16061185468451242,,,1,1014,K002+KI07+KA09,K005+KA16+KI16
svm,combined,isotonic,0.6621004566210046,0.19810255452473163,0.9885844748858448,0.33140877598152424,,,1,1014,K002+KI07+KA09,K005+KA16+KI16
svm,combined,conformal_marginal,,,,,0.7568493150684932,1.2054794520547945,1,1014,K002+KI07+KA09,K005+KA16+KI16
svm,combined,conformal_class_conditional,,,,,0.66324200913242,1.0742009132420092,1,1014,K002+KI07+KA09,K005+KA16+KI16
xgboost,source,raw,0.6906392694063926,0.25138695041338605,0.9748858447488584,0.30327868852459017,,,1,1014,K002+KI07+KA09,K005+KA16+KI16
xgboost,source,temperature,0.6906392694063926,0.21526036318470318,0.973744292237443,0.30128956623681125,,,1,1014,K002+KI07+KA09,K005+KA16+KI16
xgboost,source,isotonic,0.6769406392694064,0.2690452825646029,0.9863013698630136,0.3194444444444444,,,1,1014,K002+KI07+KA09,K005+KA16+KI16
xgboost,source,conformal_marginal,,,,,0.6164383561643836,0.8162100456621004,1,1014,K002+KI07+KA09,K005+KA16+KI16
xgboost,source,conformal_class_conditional,,,,,0.5810502283105022,0.839041095890411,1,1014,K002+KI07+KA09,K005+KA16+KI16
xgboost,target,raw,0.6906392694063926,0.25138695041338605,0.4063926940639269,0.06460674157303371,,,1,1014,K002+KI07+KA09,K005+KA16+KI16
xgboost,target,temperature,0.6906392694063926,0.10897847991289299,0.4200913242009132,0.06521739130434782,,,1,1014,K002+KI07+KA09,K005+KA16+KI16
xgboost,target,isotonic,0.6598173515981736,0.1750817042830184,0.5799086757990868,0.0984251968503937,,,1,1014,K002+KI07+KA09,K005+KA16+KI16
xgboost,target,conformal_marginal,,,,,0.8242009132420092,1.4931506849315068,1,1014,K002+KI07+KA09,K005+KA16+KI16
xgboost,target,conformal_class_conditional,,,,,0.7363013698630136,1.3059360730593608,1,1014,K002+KI07+KA09,K005+KA16+KI16
xgboost,combined,raw,0.6906392694063926,0.25138695041338605,0.636986301369863,0.1935483870967742,,,1,1014,K002+KI07+KA09,K005+KA16+KI16
xgboost,combined,temperature,0.6906392694063926,0.1527183936095408,0.6335616438356164,0.19099099099099098,,,1,1014,K002+KI07+KA09,K005+KA16+KI16
xgboost,combined,isotonic,0.682648401826484,0.19020585230364206,0.8356164383561644,0.2691256830601093,,,1,1014,K002+KI07+KA09,K005+KA16+KI16
xgboost,combined,conformal_marginal,,,,,0.752283105022831,1.187214611872146,1,1014,K002+KI07+KA09,K005+KA16+KI16
xgboost,combined,conformal_class_conditional,,,,,0.7031963470319634,1.1689497716894977,1,1014,K002+KI07+KA09,K005+KA16+KI16
random_forest,source,raw,0.7785388127853882,0.11132366605279082,0.9942922374429224,0.22043628013777267,,,1,1015,K002+KI07+KA06,K005+KA15+KI16
random_forest,source,temperature,0.7785388127853882,0.13412173287771528,0.9942922374429224,0.22043628013777267,,,1,1015,K002+KI07+KA06,K005+KA15+KI16
random_forest,source,isotonic,0.7534246575342466,0.19903317621409275,0.9920091324200914,0.24510932105868816,,,1,1015,K002+KI07+KA06,K005+KA15+KI16
random_forest,source,conformal_marginal,,,,,0.6426940639269406,0.752283105022831,1,1015,K002+KI07+KA06,K005+KA15+KI16
random_forest,source,conformal_class_conditional,,,,,0.613013698630137,0.7785388127853882,1,1015,K002+KI07+KA06,K005+KA15+KI16
random_forest,target,raw,0.7785388127853882,0.11132366605279082,0.182648401826484,0.01875,,,1,1015,K002+KI07+KA06,K005+KA15+KI16
random_forest,target,temperature,0.7785388127853882,0.3224983060486549,0.182648401826484,0.01875,,,1,1015,K002+KI07+KA06,K005+KA15+KI16
random_forest,target,isotonic,0.7682648401826484,0.15279846144608578,0.2773972602739726,0.01646090534979424,,,1,1015,K002+KI07+KA06,K005+KA15+KI16
random_forest,target,conformal_marginal,,,,,0.9748858447488584,2.1506849315068495,1,1015,K002+KI07+KA06,K005+KA15+KI16
random_forest,target,conformal_class_conditional,,,,,0.9646118721461188,2.0422374429223744,1,1015,K002+KI07+KA06,K005+KA15+KI16
random_forest,combined,raw,0.7785388127853882,0.11132366605279082,0.4360730593607306,0.04712041884816754,,,1,1015,K002+KI07+KA06,K005+KA15+KI16
random_forest,combined,temperature,0.7785388127853882,0.19337280424841294,0.3915525114155251,0.03206997084548105,,,1,1015,K002+KI07+KA06,K005+KA15+KI16
random_forest,combined,isotonic,0.7671232876712328,0.059956059292658445,0.4269406392694064,0.040106951871657755,,,1,1015,K002+KI07+KA06,K005+KA15+KI16
random_forest,combined,conformal_marginal,,,,,0.95662100456621,1.889269406392694,1,1015,K002+KI07+KA06,K005+KA15+KI16
random_forest,combined,conformal_class_conditional,,,,,0.9463470319634704,1.932648401826484,1,1015,K002+KI07+KA06,K005+KA15+KI16
svm,source,raw,0.7831050228310502,0.12001349253182395,0.9965753424657534,0.21649484536082475,,,1,1015,K002+KI07+KA06,K005+KA15+KI16
svm,source,temperature,0.7831050228310502,0.11746522685897037,0.9965753424657534,0.21649484536082475,,,1,1015,K002+KI07+KA06,K005+KA15+KI16
svm,source,isotonic,0.7488584474885844,0.21030619478307852,0.978310502283105,0.24504084014002334,,,1,1015,K002+KI07+KA06,K005+KA15+KI16
svm,source,conformal_marginal,,,,,0.6689497716894978,0.771689497716895,1,1015,K002+KI07+KA06,K005+KA15+KI16
svm,source,conformal_class_conditional,,,,,0.5365296803652968,0.7031963470319634,1,1015,K002+KI07+KA06,K005+KA15+KI16
svm,target,raw,0.7831050228310502,0.12001349253182395,0.0,,,,1,1015,K002+KI07+KA06,K005+KA15+KI16
svm,target,temperature,0.7831050228310502,0.3518676499814091,0.0,,,,1,1015,K002+KI07+KA06,K005+KA15+KI16
svm,target,isotonic,0.7808219178082192,0.14933494537363268,0.01141552511415525,0.0,,,1,1015,K002+KI07+KA06,K005+KA15+KI16
svm,target,conformal_marginal,,,,,0.9794520547945206,2.3789954337899544,1,1015,K002+KI07+KA06,K005+KA15+KI16
svm,target,conformal_class_conditional,,,,,0.9463470319634704,1.9063926940639269,1,1015,K002+KI07+KA06,K005+KA15+KI16
svm,combined,raw,0.7831050228310502,0.12001349253182395,0.4223744292237443,0.04054054054054054,,,1,1015,K002+KI07+KA06,K005+KA15+KI16
svm,combined,temperature,0.7831050228310502,0.11210026133379969,0.4212328767123288,0.051490514905149054,,,1,1015,K002+KI07+KA06,K005+KA15+KI16
svm,combined,isotonic,0.7751141552511416,0.06833627529158606,0.5627853881278538,0.04056795131845842,,,1,1015,K002+KI07+KA06,K005+KA15+KI16
svm,combined,conformal_marginal,,,,,0.9531963470319634,1.9246575342465753,1,1015,K002+KI07+KA06,K005+KA15+KI16
svm,combined,conformal_class_conditional,,,,,0.9257990867579908,1.7636986301369864,1,1015,K002+KI07+KA06,K005+KA15+KI16
xgboost,source,raw,0.7682648401826484,0.18086482907675172,0.9714611872146118,0.21739130434782608,,,1,1015,K002+KI07+KA06,K005+KA15+KI16
xgboost,source,temperature,0.7682648401826484,0.14773619025333234,0.9577625570776256,0.2133492252681764,,,1,1015,K002+KI07+KA06,K005+KA15+KI16
xgboost,source,isotonic,0.7568493150684932,0.1872437602587967,0.978310502283105,0.23687281213535588,,,1,1015,K002+KI07+KA06,K005+KA15+KI16
xgboost,source,conformal_marginal,,,,,0.6940639269406392,0.8287671232876712,1,1015,K002+KI07+KA06,K005+KA15+KI16
xgboost,source,conformal_class_conditional,,,,,0.6118721461187214,0.7796803652968036,1,1015,K002+KI07+KA06,K005+KA15+KI16
xgboost,target,raw,0.7682648401826484,0.18086482907675172,0.2180365296803653,0.010471204188481676,,,1,1015,K002+KI07+KA06,K005+KA15+KI16
xgboost,target,temperature,0.7682648401826484,0.3278609549688577,0.1917808219178082,0.005952380952380952,,,1,1015,K002+KI07+KA06,K005+KA15+KI16
xgboost,target,isotonic,0.7682648401826484,0.10452135340070566,0.2134703196347032,0.0106951871657754,,,1,1015,K002+KI07+KA06,K005+KA15+KI16
xgboost,target,conformal_marginal,,,,,0.9817351598173516,2.047945205479452,1,1015,K002+KI07+KA06,K005+KA15+KI16
xgboost,target,conformal_class_conditional,,,,,0.9554794520547946,1.8184931506849316,1,1015,K002+KI07+KA06,K005+KA15+KI16
xgboost,combined,raw,0.7682648401826484,0.18086482907675172,0.3835616438356164,0.03571428571428571,,,1,1015,K002+KI07+KA06,K005+KA15+KI16
xgboost,combined,temperature,0.7682648401826484,0.0656566807859252,0.408675799086758,0.036312849162011177,,,1,1015,K002+KI07+KA06,K005+KA15+KI16
xgboost,combined,isotonic,0.7671232876712328,0.04358981394703022,0.4988584474885845,0.034324942791762014,,,1,1015,K002+KI07+KA06,K005+KA15+KI16
xgboost,combined,conformal_marginal,,,,,0.95662100456621,1.7990867579908676,1,1015,K002+KI07+KA06,K005+KA15+KI16
xgboost,combined,conformal_class_conditional,,,,,0.934931506849315,1.6746575342465753,1,1015,K002+KI07+KA06,K005+KA15+KI16
random_forest,source,raw,0.6461187214611872,0.21571745277828946,0.9885844748858448,0.3510392609699769,,,1,1016,K002+KI08+KA07,K005+KA30+KI14
random_forest,source,temperature,0.6461187214611872,0.23876770884043053,0.9874429223744292,0.3514450867052023,,,1,1016,K002+KI08+KA07,K005+KA30+KI14
random_forest,source,isotonic,0.639269406392694,0.28228076047734174,0.9954337899543378,0.3577981651376147,,,1,1016,K002+KI08+KA07,K005+KA30+KI14
random_forest,source,conformal_marginal,,,,,0.523972602739726,0.70662100456621,1,1016,K002+KI08+KA07,K005+KA30+KI14
random_forest,source,conformal_class_conditional,,,,,0.5593607305936074,0.8036529680365296,1,1016,K002+KI08+KA07,K005+KA30+KI14
random_forest,target,raw,0.6461187214611872,0.21571745277828946,0.7374429223744292,0.2693498452012384,,,1,1016,K002+KI08+KA07,K005+KA30+KI14
random_forest,target,temperature,0.6461187214611872,0.20424425371791882,0.7340182648401826,0.26749611197511663,,,1,1016,K002+KI08+KA07,K005+KA30+KI14
random_forest,target,isotonic,0.6301369863013698,0.25291737351422716,0.8230593607305936,0.34674063800277394,,,1,1016,K002+KI08+KA07,K005+KA30+KI14
random_forest,target,conformal_marginal,,,,,0.6883561643835616,1.11986301369863,1,1016,K002+KI08+KA07,K005+KA30+KI14
random_forest,target,conformal_class_conditional,,,,,0.6621004566210046,1.143835616438356,1,1016,K002+KI08+KA07,K005+KA30+KI14
random_forest,combined,raw,0.6461187214611872,0.21571745277828946,0.865296803652968,0.3153034300791557,,,1,1016,K002+KI08+KA07,K005+KA30+KI14
random_forest,combined,temperature,0.6461187214611872,0.2171599007524433,0.8641552511415526,0.3143989431968296,,,1,1016,K002+KI08+KA07,K005+KA30+KI14
random_forest,combined,isotonic,0.6404109589041096,0.2420488556056276,0.9018264840182648,0.3468354430379747,,,1,1016,K002+KI08+KA07,K005+KA30+KI14
random_forest,combined,conformal_marginal,,,,,0.6187214611872146,0.9223744292237442,1,1016,K002+KI08+KA07,K005+KA30+KI14
random_forest,combined,conformal_class_conditional,,,,,0.615296803652968,0.980593607305936,1,1016,K002+KI08+KA07,K005+KA30+KI14
svm,source,raw,0.6598173515981736,0.22364803279298173,0.997716894977169,0.33981693363844395,,,1,1016,K002+KI08+KA07,K005+KA30+KI14
svm,source,temperature,0.6598173515981736,0.22715420107463347,0.997716894977169,0.33981693363844395,,,1,1016,K002+KI08+KA07,K005+KA30+KI14
svm,source,isotonic,0.6757990867579908,0.26664385558006665,0.9474885844748858,0.2987951807228916,,,1,1016,K002+KI08+KA07,K005+KA30+KI14
svm,source,conformal_marginal,,,,,0.5764840182648402,0.791095890410959,1,1016,K002+KI08+KA07,K005+KA30+KI14
svm,source,conformal_class_conditional,,,,,0.6015981735159818,0.8287671232876712,1,1016,K002+KI08+KA07,K005+KA30+KI14
svm,target,raw,0.6598173515981736,0.22364803279298173,0.7614155251141552,0.25787106446776614,,,1,1016,K002+KI08+KA07,K005+KA30+KI14
svm,target,temperature,0.6598173515981736,0.20623679854470037,0.769406392694064,0.26409495548961426,,,1,1016,K002+KI08+KA07,K005+KA30+KI14
svm,target,isotonic,0.6221461187214612,0.25917516184173317,0.9041095890410958,0.3560606060606061,,,1,1016,K002+KI08+KA07,K005+KA30+KI14
svm,target,conformal_marginal,,,,,0.6723744292237442,1.0410958904109588,1,1016,K002+KI08+KA07,K005+KA30+KI14
svm,target,conformal_class_conditional,,,,,0.6495433789954338,1.067351598173516,1,1016,K002+KI08+KA07,K005+KA30+KI14
svm,combined,raw,0.6598173515981736,0.22364803279298173,0.8961187214611872,0.30445859872611464,,,1,1016,K002+KI08+KA07,K005+KA30+KI14
svm,combined,temperature,0.6598173515981736,0.21393196867599173,0.889269406392694,0.3042362002567394,,,1,1016,K002+KI08+KA07,K005+KA30+KI14
svm,combined,isotonic,0.639269406392694,0.2527886615680466,0.9486301369863014,0.34777376654632974,,,1,1016,K002+KI08+KA07,K005+KA30+KI14
svm,combined,conformal_marginal,,,,,0.634703196347032,0.930365296803653,1,1016,K002+KI08+KA07,K005+KA30+KI14
svm,combined,conformal_class_conditional,,,,,0.6255707762557078,0.9554794520547946,1,1016,K002+KI08+KA07,K005+KA30+KI14
xgboost,source,raw,0.6575342465753424,0.2810791266835444,0.906392694063927,0.3161209068010076,,,1,1016,K002+KI08+KA07,K005+KA30+KI14
xgboost,source,temperature,0.6575342465753424,0.23472992321014535,0.889269406392694,0.306803594351733,,,1,1016,K002+KI08+KA07,K005+KA30+KI14
xgboost,source,isotonic,0.6415525114155252,0.26328031238532107,0.9942922374429224,0.3559127439724455,,,1,1016,K002+KI08+KA07,K005+KA30+KI14
xgboost,source,conformal_marginal,,,,,0.5901826484018264,0.83675799086758,1,1016,K002+KI08+KA07,K005+KA30+KI14
xgboost,source,conformal_class_conditional,,,,,0.589041095890411,0.860730593607306,1,1016,K002+KI08+KA07,K005+KA30+KI14
xgboost,target,raw,0.6575342465753424,0.2810791266835444,0.682648401826484,0.23244147157190637,,,1,1016,K002+KI08+KA07,K005+KA30+KI14
xgboost,target,temperature,0.6575342465753424,0.2058529733468485,0.70662100456621,0.2407108239095315,,,1,1016,K002+KI08+KA07,K005+KA30+KI14
xgboost,target,isotonic,0.613013698630137,0.25941430715115943,0.7819634703196348,0.310948905109489,,,1,1016,K002+KI08+KA07,K005+KA30+KI14
xgboost,target,conformal_marginal,,,,,0.7009132420091324,1.1278538812785388,1,1016,K002+KI08+KA07,K005+KA30+KI14
xgboost,target,conformal_class_conditional,,,,,0.70662100456621,1.1917808219178083,1,1016,K002+KI08+KA07,K005+KA30+KI14
xgboost,combined,raw,0.6575342465753424,0.2810791266835444,0.8162100456621004,0.2923076923076923,,,1,1016,K002+KI08+KA07,K005+KA30+KI14
xgboost,combined,temperature,0.6575342465753424,0.2169364362177622,0.8264840182648402,0.2969613259668508,,,1,1016,K002+KI08+KA07,K005+KA30+KI14
xgboost,combined,isotonic,0.6210045662100456,0.25443619353518676,0.815068493150685,0.3067226890756303,,,1,1016,K002+KI08+KA07,K005+KA30+KI14
xgboost,combined,conformal_marginal,,,,,0.6655251141552512,1.0251141552511416,1,1016,K002+KI08+KA07,K005+KA30+KI14
xgboost,combined,conformal_class_conditional,,,,,0.6461187214611872,1.0262557077625571,1,1016,K002+KI08+KA07,K005+KA30+KI14
random_forest,source,raw,0.6659064994298746,0.21354694072038277,0.863169897377423,0.285336856010568,,,1,1017,K004+KI08+KA08,K006+KA16+KI21
random_forest,source,temperature,0.6659064994298746,0.16794798523563623,0.8483466362599772,0.28091397849462363,,,1,1017,K004+KI08+KA08,K006+KA16+KI21
random_forest,source,isotonic,0.6282782212086659,0.3224202785435463,0.9863169897377423,0.37109826589595374,,,1,1017,K004+KI08+KA08,K006+KA16+KI21
random_forest,source,conformal_marginal,,,,,0.5917901938426454,0.8107183580387686,1,1017,K004+KI08+KA08,K006+KA16+KI21
random_forest,source,conformal_class_conditional,,,,,0.5689851767388826,0.9156214367160775,1,1017,K004+KI08+KA08,K006+KA16+KI21
random_forest,target,raw,0.6659064994298746,0.21354694072038277,0.6818700114025086,0.22073578595317725,,,1,1017,K004+KI08+KA08,K006+KA16+KI21
random_forest,target,temperature,0.6659064994298746,0.16645622008340133,0.6841505131128849,0.22166666666666668,,,1,1017,K004+KI08+KA08,K006+KA16+KI21
random_forest,target,isotonic,0.669327251995439,0.19274425876841284,0.7377423033067275,0.250386398763524,,,1,1017,K004+KI08+KA08,K006+KA16+KI21
random_forest,target,conformal_marginal,,,,,0.7457240592930444,1.2554161915621436,1,1017,K004+KI08+KA08,K006+KA16+KI21
random_forest,target,conformal_class_conditional,,,,,0.7263397947548461,1.22690992018244,1,1017,K004+KI08+KA08,K006+KA16+KI21
random_forest,combined,raw,0.6659064994298746,0.21354694072038277,0.7172177879133409,0.23211446740858505,,,1,1017,K004+KI08+KA08,K006+KA16+KI21
random_forest,combined,temperature,0.6659064994298746,0.16717297671321352,0.7126567844925884,0.232,,,1,1017,K004+KI08+KA08,K006+KA16+KI21
random_forest,combined,isotonic,0.6396807297605474,0.23456782019780484,0.8654503990877993,0.30434782608695654,,,1,1017,K004+KI08+KA08,K006+KA16+KI21
random_forest,combined,conformal_marginal,,,,,0.7092360319270239,1.1174458380843786,1,1017,K004+KI08+KA08,K006+KA16+KI21
random_forest,combined,conformal_class_conditional,,,,,0.6738882554161916,1.1071835803876853,1,1017,K004+KI08+KA08,K006+KA16+KI21
svm,source,raw,0.6738882554161916,0.20608914898958827,0.8152793614595211,0.24895104895104894,,,1,1017,K004+KI08+KA08,K006+KA16+KI21
svm,source,temperature,0.6738882554161916,0.17850394203213282,0.7879133409350056,0.2402315484804631,,,1,1017,K004+KI08+KA08,K006+KA16+KI21
svm,source,isotonic,0.6180159635119726,0.3318325681914949,0.9942987457240593,0.38073394495412843,,,1,1017,K004+KI08+KA08,K006+KA16+KI21
svm,source,conformal_marginal,,,,,0.6533637400228051,0.9327251995438997,1,1017,K004+KI08+KA08,K006+KA16+KI21
svm,source,conformal_class_conditional,,,,,0.5781071835803877,0.8939566704675028,1,1017,K004+KI08+KA08,K006+KA16+KI21
svm,target,raw,0.6738882554161916,0.20608914898958827,0.6476624857468644,0.1795774647887324,,,1,1017,K004+KI08+KA08,K006+KA16+KI21
svm,target,temperature,0.6738882554161916,0.16247112859186505,0.6510832383124288,0.18388791593695272,,,1,1017,K004+KI08+KA08,K006+KA16+KI21
svm,target,isotonic,0.6647662485746865,0.22049931259568611,0.9863169897377423,0.3283236994219653,,,1,1017,K004+KI08+KA08,K006+KA16+KI21
svm,target,conformal_marginal,,,,,0.7331812998859749,1.185860889395667,1,1017,K004+KI08+KA08,K006+KA16+KI21
svm,target,conformal_class_conditional,,,,,0.6465222348916762,1.1026225769669327,1,1017,K004+KI08+KA08,K006+KA16+KI21
svm,combined,raw,0.6738882554161916,0.20608914898958827,0.7628278221208666,0.23019431988041852,,,1,1017,K004+KI08+KA08,K006+KA16+KI21
svm,combined,temperature,0.6738882554161916,0.16921020171682782,0.758266818700114,0.23007518796992482,,,1,1017,K004+KI08+KA08,K006+KA16+KI21
svm,combined,isotonic,0.6419612314709237,0.2519081741717782,0.9692132269099202,0.34823529411764703,,,1,1017,K004+KI08+KA08,K006+KA16+KI21
svm,combined,conformal_marginal,,,,,0.7001140250855188,1.0935005701254277,1,1017,K004+KI08+KA08,K006+KA16+KI21
svm,combined,conformal_class_conditional,,,,,0.6237172177879133,1.017103762827822,1,1017,K004+KI08+KA08,K006+KA16+KI21
xgboost,source,raw,0.6716077537058153,0.27629615657006057,0.9908779931584949,0.32681242807825084,,,1,1017,K004+KI08+KA08,K006+KA16+KI21
xgboost,source,temperature,0.6716077537058153,0.2321067764616228,0.9806157354618016,0.3244186046511628,,,1,1017,K004+KI08+KA08,K006+KA16+KI21
xgboost,source,isotonic,0.6157354618015963,0.3311344295642081,1.0,0.38426453819840367,,,1,1017,K004+KI08+KA08,K006+KA16+KI21
xgboost,source,conformal_marginal,,,,,0.6111744583808438,0.8517673888255416,1,1017,K004+KI08+KA08,K006+KA16+KI21
xgboost,source,conformal_class_conditional,,,,,0.5621436716077537,0.9019384264538198,1,1017,K004+KI08+KA08,K006+KA16+KI21
xgboost,target,raw,0.6716077537058153,0.27629615657006057,0.734321550741163,0.2406832298136646,,,1,1017,K004+KI08+KA08,K006+KA16+KI21
xgboost,target,temperature,0.6716077537058153,0.18681627791141298,0.7092360319270239,0.22508038585209003,,,1,1017,K004+KI08+KA08,K006+KA16+KI21
xgboost,target,isotonic,0.6659064994298746,0.20721724954670717,0.798175598631699,0.26571428571428574,,,1,1017,K004+KI08+KA08,K006+KA16+KI21
xgboost,target,conformal_marginal,,,,,0.7274800456100342,1.2086659064994298,1,1017,K004+KI08+KA08,K006+KA16+KI21
xgboost,target,conformal_class_conditional,,,,,0.7035347776510832,1.1915621436716077,1,1017,K004+KI08+KA08,K006+KA16+KI21
xgboost,combined,raw,0.6716077537058153,0.27629615657006057,0.758266818700114,0.24360902255639097,,,1,1017,K004+KI08+KA08,K006+KA16+KI21
xgboost,combined,temperature,0.6716077537058153,0.2053345989511421,0.7605473204104903,0.24287856071964017,,,1,1017,K004+KI08+KA08,K006+KA16+KI21
xgboost,combined,isotonic,0.6556442417331813,0.2348025896740363,0.9372862029646523,0.32968369829683697,,,1,1017,K004+KI08+KA08,K006+KA16+KI21
xgboost,combined,conformal_marginal,,,,,0.685290763968073,1.0421892816419613,1,1017,K004+KI08+KA08,K006+KA16+KI21
xgboost,combined,conformal_class_conditional,,,,,0.6465222348916762,1.072976054732041,1,1017,K004+KI08+KA08,K006+KA16+KI21
random_forest,source,raw,0.6917808219178082,0.19957464920457746,0.7568493150684932,0.2277526395173454,,,1,1018,K004+KI07+KA05,K006+KA04+KI17
random_forest,source,temperature,0.6917808219178082,0.18052998538852738,0.7945205479452054,0.24568965517241378,,,1,1018,K004+KI07+KA05,K006+KA04+KI17
random_forest,source,isotonic,0.632420091324201,0.24994286573737626,0.9863013698630136,0.3611111111111111,,,1,1018,K004+KI07+KA05,K006+KA04+KI17
random_forest,source,conformal_marginal,,,,,0.7111872146118722,1.0536529680365296,1,1018,K004+KI07+KA05,K006+KA04+KI17
random_forest,source,conformal_class_conditional,,,,,0.6118721461187214,0.9897260273972602,1,1018,K004+KI07+KA05,K006+KA04+KI17
random_forest,target,raw,0.6917808219178082,0.19957464920457746,0.3858447488584475,0.07692307692307693,,,1,1018,K004+KI07+KA05,K006+KA04+KI17
random_forest,target,temperature,0.6917808219178082,0.05953298189688364,0.3105022831050228,0.05514705882352941,,,1,1018,K004+KI07+KA05,K006+KA04+KI17
random_forest,target,isotonic,0.6974885844748858,0.11083963212302468,0.6095890410958904,0.1441947565543071,,,1,1018,K004+KI07+KA05,K006+KA04+KI17
random_forest,target,conformal_marginal,,,,,0.8162100456621004,1.5582191780821917,1,1018,K004+KI07+KA05,K006+KA04+KI17
random_forest,target,conformal_class_conditional,,,,,0.6872146118721462,1.2796803652968036,1,1018,K004+KI07+KA05,K006+KA04+KI17
random_forest,combined,raw,0.6917808219178082,0.19957464920457746,0.4703196347031963,0.10194174757281553,,,1,1018,K004+KI07+KA05,K006+KA04+KI17
random_forest,combined,temperature,0.6917808219178082,0.10722013426579663,0.4680365296803653,0.0975609756097561,,,1,1018,K004+KI07+KA05,K006+KA04+KI17
random_forest,combined,isotonic,0.70662100456621,0.12066284257708543,0.5182648401826484,0.10572687224669604,,,1,1018,K004+KI07+KA05,K006+KA04+KI17
random_forest,combined,conformal_marginal,,,,,0.7659817351598174,1.3230593607305936,1,1018,K004+KI07+KA05,K006+KA04+KI17
random_forest,combined,conformal_class_conditional,,,,,0.7557077625570776,1.3253424657534247,1,1018,K004+KI07+KA05,K006+KA04+KI17
svm,source,raw,0.7214611872146118,0.1680150156903762,0.815068493150685,0.20588235294117646,,,1,1018,K004+KI07+KA05,K006+KA04+KI17
svm,source,temperature,0.7214611872146118,0.15067419303277868,0.8139269406392694,0.20757363253856942,,,1,1018,K004+KI07+KA05,K006+KA04+KI17
svm,source,isotonic,0.6689497716894978,0.2240782277051096,0.958904109589041,0.31547619047619047,,,1,1018,K004+KI07+KA05,K006+KA04+KI17
svm,source,conformal_marginal,,,,,0.7031963470319634,0.954337899543379,1,1018,K004+KI07+KA05,K006+KA04+KI17
svm,source,conformal_class_conditional,,,,,0.5125570776255708,0.7876712328767124,1,1018,K004+KI07+KA05,K006+KA04+KI17
svm,target,raw,0.7214611872146118,0.1680150156903762,0.3835616438356164,0.10119047619047619,,,1,1018,K004+KI07+KA05,K006+KA04+KI17
svm,target,temperature,0.7214611872146118,0.04391055476256371,0.3344748858447489,0.07849829351535836,,,1,1018,K004+KI07+KA05,K006+KA04+KI17
svm,target,isotonic,0.6929223744292238,0.13812292589000966,0.593607305936073,0.11730769230769231,,,1,1018,K004+KI07+KA05,K006+KA04+KI17
svm,target,conformal_marginal,,,,,0.815068493150685,1.4189497716894977,1,1018,K004+KI07+KA05,K006+KA04+KI17
svm,target,conformal_class_conditional,,,,,0.704337899543379,1.2910958904109588,1,1018,K004+KI07+KA05,K006+KA04+KI17
svm,combined,raw,0.7214611872146118,0.1680150156903762,0.5856164383561644,0.12280701754385964,,,1,1018,K004+KI07+KA05,K006+KA04+KI17
svm,combined,temperature,0.7214611872146118,0.08390139504101443,0.5764840182648402,0.12079207920792079,,,1,1018,K004+KI07+KA05,K006+KA04+KI17
svm,combined,isotonic,0.7191780821917808,0.1245171665650619,0.6289954337899544,0.13430127041742287,,,1,1018,K004+KI07+KA05,K006+KA04+KI17
svm,combined,conformal_marginal,,,,,0.773972602739726,1.2043378995433789,1,1018,K004+KI07+KA05,K006+KA04+KI17
svm,combined,conformal_class_conditional,,,,,0.75,1.278538812785388,1,1018,K004+KI07+KA05,K006+KA04+KI17
xgboost,source,raw,0.6940639269406392,0.2662724034358922,0.702054794520548,0.19349593495934958,,,1,1018,K004+KI07+KA05,K006+KA04+KI17
xgboost,source,temperature,0.6940639269406392,0.1962028272497996,0.6894977168949772,0.1870860927152318,,,1,1018,K004+KI07+KA05,K006+KA04+KI17
xgboost,source,isotonic,0.6678082191780822,0.2222706849755546,0.9189497716894978,0.2981366459627329,,,1,1018,K004+KI07+KA05,K006+KA04+KI17
xgboost,source,conformal_marginal,,,,,0.7134703196347032,1.0593607305936072,1,1018,K004+KI07+KA05,K006+KA04+KI17
xgboost,source,conformal_class_conditional,,,,,0.6495433789954338,1.0365296803652968,1,1018,K004+KI07+KA05,K006+KA04+KI17
xgboost,target,raw,0.6940639269406392,0.2662724034358922,0.3378995433789954,0.05067567567567568,,,1,1018,K004+KI07+KA05,K006+KA04+KI17
xgboost,target,temperature,0.6940639269406392,0.09001113779777017,0.3584474885844749,0.04777070063694268,,,1,1018,K004+KI07+KA05,K006+KA04+KI17
xgboost,target,isotonic,0.6837899543378996,0.12781736443962044,0.569634703196347,0.11422845691382766,,,1,1018,K004+KI07+KA05,K006+KA04+KI17
xgboost,target,conformal_marginal,,,,,0.8481735159817352,1.6472602739726028,1,1018,K004+KI07+KA05,K006+KA04+KI17
xgboost,target,conformal_class_conditional,,,,,0.6815068493150684,1.2705479452054795,1,1018,K004+KI07+KA05,K006+KA04+KI17
xgboost,combined,raw,0.6940639269406392,0.2662724034358922,0.4794520547945205,0.10714285714285714,,,1,1018,K004+KI07+KA05,K006+KA04+KI17
xgboost,combined,temperature,0.6940639269406392,0.13074555870262092,0.454337899543379,0.0829145728643216,,,1,1018,K004+KI07+KA05,K006+KA04+KI17
xgboost,combined,isotonic,0.7009132420091324,0.11687895968754508,0.547945205479452,0.11875,,,1,1018,K004+KI07+KA05,K006+KA04+KI17
xgboost,combined,conformal_marginal,,,,,0.7751141552511416,1.360730593607306,1,1018,K004+KI07+KA05,K006+KA04+KI17
xgboost,combined,conformal_class_conditional,,,,,0.7545662100456622,1.3333333333333333,1,1018,K004+KI07+KA05,K006+KA04+KI17
random_forest,source,raw,0.6468571428571429,0.19854564268732644,0.8262857142857143,0.313969571230982,,,1,1019,K002+KI01+KA01,K005+KA04+KI14
random_forest,source,temperature,0.6468571428571429,0.2215582864871094,0.8342857142857143,0.3150684931506849,,,1,1019,K002+KI01+KA01,K005+KA04+KI14
random_forest,source,isotonic,0.5405714285714286,0.38038897331211874,0.9908571428571429,0.4555940023068051,,,1,1019,K002+KI01+KA01,K005+KA04+KI14
random_forest,source,conformal_marginal,,,,,0.6308571428571429,0.9645714285714285,1,1019,K002+KI01+KA01,K005+KA04+KI14
random_forest,source,conformal_class_conditional,,,,,0.5828571428571429,0.872,1,1019,K002+KI01+KA01,K005+KA04+KI14
random_forest,target,raw,0.6468571428571429,0.19854564268732644,0.9714285714285714,0.34941176470588237,,,1,1019,K002+KI01+KA01,K005+KA04+KI14
random_forest,target,temperature,0.6468571428571429,0.14329231015972949,0.9691428571428572,0.34787735849056606,,,1,1019,K002+KI01+KA01,K005+KA04+KI14
random_forest,target,isotonic,0.6228571428571429,0.28504604825344726,0.976,0.36885245901639346,,,1,1019,K002+KI01+KA01,K005+KA04+KI14
random_forest,target,conformal_marginal,,,,,0.552,0.7977142857142857,1,1019,K002+KI01+KA01,K005+KA04+KI14
random_forest,target,conformal_class_conditional,,,,,0.512,0.8377142857142857,1,1019,K002+KI01+KA01,K005+KA04+KI14
random_forest,combined,raw,0.6468571428571429,0.19854564268732644,0.84,0.31700680272108844,,,1,1019,K002+KI01+KA01,K005+KA04+KI14
random_forest,combined,temperature,0.6468571428571429,0.2161506056141735,0.8468571428571429,0.3184885290148448,,,1,1019,K002+KI01+KA01,K005+KA04+KI14
random_forest,combined,isotonic,0.6514285714285715,0.276944945120486,0.9897142857142858,0.34295612009237875,,,1,1019,K002+KI01+KA01,K005+KA04+KI14
random_forest,combined,conformal_marginal,,,,,0.6137142857142858,0.9257142857142857,1,1019,K002+KI01+KA01,K005+KA04+KI14
random_forest,combined,conformal_class_conditional,,,,,0.5828571428571429,0.8868571428571429,1,1019,K002+KI01+KA01,K005+KA04+KI14
svm,source,raw,0.5428571428571428,0.26847810477818357,0.7142857142857143,0.3664,,,1,1019,K002+KI01+KA01,K005+KA04+KI14
svm,source,temperature,0.5428571428571428,0.2502843261240119,0.7188571428571429,0.3656597774244833,,,1,1019,K002+KI01+KA01,K005+KA04+KI14
svm,source,isotonic,0.64,0.28337747511228223,0.9817142857142858,0.35157159487776485,,,1,1019,K002+KI01+KA01,K005+KA04+KI14
svm,source,conformal_marginal,,,,,0.7017142857142857,1.3051428571428572,1,1019,K002+KI01+KA01,K005+KA04+KI14
svm,source,conformal_class_conditional,,,,,0.6662857142857143,1.0297142857142858,1,1019,K002+KI01+KA01,K005+KA04+KI14
svm,target,raw,0.5428571428571428,0.26847810477818357,0.968,0.45218417945690675,,,1,1019,K002+KI01+KA01,K005+KA04+KI14
svm,target,temperature,0.5428571428571428,0.29780233500721665,0.9588571428571429,0.44815256257449343,,,1,1019,K002+KI01+KA01,K005+KA04+KI14
svm,target,isotonic,0.5337142857142857,0.3409455085860824,0.9108571428571428,0.4190715181932246,,,1,1019,K002+KI01+KA01,K005+KA04+KI14
svm,target,conformal_marginal,,,,,0.44685714285714284,0.7028571428571428,1,1019,K002+KI01+KA01,K005+KA04+KI14
svm,target,conformal_class_conditional,,,,,0.3554285714285714,0.6068571428571429,1,1019,K002+KI01+KA01,K005+KA04+KI14
svm,combined,raw,0.5428571428571428,0.26847810477818357,0.7177142857142857,0.3662420382165605,,,1,1019,K002+KI01+KA01,K005+KA04+KI14
svm,combined,temperature,0.5428571428571428,0.2645225838599238,0.7177142857142857,0.3662420382165605,,,1,1019,K002+KI01+KA01,K005+KA04+KI14
svm,combined,isotonic,0.6662857142857143,0.2647656729701364,0.9931428571428571,0.33256616800920596,,,1,1019,K002+KI01+KA01,K005+KA04+KI14
svm,combined,conformal_marginal,,,,,0.7005714285714286,1.2971428571428572,1,1019,K002+KI01+KA01,K005+KA04+KI14
svm,combined,conformal_class_conditional,,,,,0.664,1.0194285714285714,1,1019,K002+KI01+KA01,K005+KA04+KI14
xgboost,source,raw,0.6434285714285715,0.2880941474437713,0.7954285714285714,0.29310344827586204,,,1,1019,K002+KI01+KA01,K005+KA04+KI14
xgboost,source,temperature,0.6434285714285715,0.22940185998461868,0.7748571428571429,0.28761061946902655,,,1,1019,K002+KI01+KA01,K005+KA04+KI14
xgboost,source,isotonic,0.5851428571428572,0.3223181631824085,0.9508571428571428,0.38822115384615385,,,1,1019,K002+KI01+KA01,K005+KA04+KI14
xgboost,source,conformal_marginal,,,,,0.6731428571428572,1.0765714285714285,1,1019,K002+KI01+KA01,K005+KA04+KI14
xgboost,source,conformal_class_conditional,,,,,0.5988571428571429,0.96,1,1019,K002+KI01+KA01,K005+KA04+KI14
xgboost,target,raw,0.6434285714285715,0.2880941474437713,0.8525714285714285,0.3136729222520107,,,1,1019,K002+KI01+KA01,K005+KA04+KI14
xgboost,target,temperature,0.6434285714285715,0.22908741924403062,0.8617142857142858,0.3183023872679045,,,1,1019,K002+KI01+KA01,K005+KA04+KI14
xgboost,target,isotonic,0.632,0.287907074295104,0.928,0.34236453201970446,,,1,1019,K002+KI01+KA01,K005+KA04+KI14
xgboost,target,conformal_marginal,,,,,0.6171428571428571,0.9405714285714286,1,1019,K002+KI01+KA01,K005+KA04+KI14
xgboost,target,conformal_class_conditional,,,,,0.5497142857142857,0.8571428571428571,1,1019,K002+KI01+KA01,K005+KA04+KI14
xgboost,combined,raw,0.6434285714285715,0.2880941474437713,0.7954285714285714,0.29310344827586204,,,1,1019,K002+KI01+KA01,K005+KA04+KI14
xgboost,combined,temperature,0.6434285714285715,0.22924473815307977,0.792,0.29148629148629146,,,1,1019,K002+KI01+KA01,K005+KA04+KI14
xgboost,combined,isotonic,0.6468571428571429,0.25765236356794785,0.9988571428571429,0.3524027459954233,,,1,1019,K002+KI01+KA01,K005+KA04+KI14
xgboost,combined,conformal_marginal,,,,,0.6628571428571428,1.0525714285714285,1,1019,K002+KI01+KA01,K005+KA04+KI14
xgboost,combined,conformal_class_conditional,,,,,0.5862857142857143,0.912,1,1019,K002+KI01+KA01,K005+KA04+KI14
random_forest,source,raw,0.701254275940707,0.18662786666516457,0.790193842645382,0.2049062049062049,,,1,1020,K004+KI05+KA08,K006+KA30+KI17
random_forest,source,temperature,0.701254275940707,0.1692433057957881,0.7924743443557583,0.20431654676258992,,,1,1020,K004+KI05+KA08,K006+KA30+KI17
random_forest,source,isotonic,0.7206385404789054,0.19864749078664215,0.9201824401368301,0.26765799256505574,,,1,1020,K004+KI05+KA08,K006+KA30+KI17
random_forest,source,conformal_marginal,,,,,0.6807297605473204,0.9327251995438997,1,1020,K004+KI05+KA08,K006+KA30+KI17
random_forest,source,conformal_class_conditional,,,,,0.6841505131128849,0.9669327251995439,1,1020,K004+KI05+KA08,K006+KA30+KI17
random_forest,target,raw,0.701254275940707,0.18662786666516457,0.23603192702394526,0.03864734299516908,,,1,1020,K004+KI05+KA08,K006+KA30+KI17
random_forest,target,temperature,0.701254275940707,0.05414858411427232,0.2063854047890536,0.022099447513812154,,,1,1020,K004+KI05+KA08,K006+KA30+KI17
random_forest,target,isotonic,0.7172177879133409,0.050080925906157314,0.5142531356898518,0.050997782705099776,,,1,1020,K004+KI05+KA08,K006+KA30+KI17
random_forest,target,conformal_marginal,,,,,0.8643101482326112,1.669327251995439,1,1020,K004+KI05+KA08,K006+KA30+KI17
random_forest,target,conformal_class_conditional,,,,,0.8426453819840365,1.5667046750285063,1,1020,K004+KI05+KA08,K006+KA30+KI17
random_forest,combined,raw,0.701254275940707,0.18662786666516457,0.4549600912200684,0.07518796992481203,,,1,1020,K004+KI05+KA08,K006+KA30+KI17
random_forest,combined,temperature,0.701254275940707,0.0702562446307895,0.40935005701254273,0.04735376044568245,,,1,1020,K004+KI05+KA08,K006+KA30+KI17
random_forest,combined,isotonic,0.7103762827822121,0.08511182957163121,0.5781071835803877,0.09664694280078895,,,1,1020,K004+KI05+KA08,K006+KA30+KI17
random_forest,combined,conformal_marginal,,,,,0.8437856328392246,1.557582668187001,1,1020,K004+KI05+KA08,K006+KA30+KI17
random_forest,combined,conformal_class_conditional,,,,,0.8152793614595211,1.403648802736602,1,1020,K004+KI05+KA08,K006+KA30+KI17
svm,source,raw,0.7206385404789054,0.1759154392440182,0.7924743443557583,0.19136690647482013,,,1,1020,K004+KI05+KA08,K006+KA30+KI17
svm,source,temperature,0.7206385404789054,0.1582710286759445,0.798175598631699,0.19285714285714287,,,1,1020,K004+KI05+KA08,K006+KA30+KI17
svm,source,isotonic,0.7183580387685291,0.20315672285210318,0.8825541619156214,0.22868217054263565,,,1,1020,K004+KI05+KA08,K006+KA30+KI17
svm,source,conformal_marginal,,,,,0.7103762827822121,0.9703534777651083,1,1020,K004+KI05+KA08,K006+KA30+KI17
svm,source,conformal_class_conditional,,,,,0.7035347776510832,0.9897377423033067,1,1020,K004+KI05+KA08,K006+KA30+KI17
svm,target,raw,0.7206385404789054,0.1759154392440182,0.22462941847206386,0.005076142131979695,,,1,1020,K004+KI05+KA08,K006+KA30+KI17
svm,target,temperature,0.7206385404789054,0.0707933364391453,0.2314709236031927,0.0049261083743842365,,,1,1020,K004+KI05+KA08,K006+KA30+KI17
svm,target,isotonic,0.7206385404789054,0.0732313540832667,0.5165336374002281,0.037527593818984545,,,1,1020,K004+KI05+KA08,K006+KA30+KI17
svm,target,conformal_marginal,,,,,0.887115165336374,1.8608893956670467,1,1020,K004+KI05+KA08,K006+KA30+KI17
svm,target,conformal_class_conditional,,,,,0.8460661345496009,1.5849486887115165,1,1020,K004+KI05+KA08,K006+KA30+KI17
svm,combined,raw,0.7206385404789054,0.1759154392440182,0.3272519954389966,0.06620209059233449,,,1,1020,K004+KI05+KA08,K006+KA30+KI17
svm,combined,temperature,0.7206385404789054,0.061036740154097886,0.31584948688711517,0.06498194945848375,,,1,1020,K004+KI05+KA08,K006+KA30+KI17
svm,combined,isotonic,0.7240592930444698,0.07326394827890644,0.5575826681870011,0.07566462167689161,,,1,1020,K004+KI05+KA08,K006+KA30+KI17
svm,combined,conformal_marginal,,,,,0.8198403648802737,1.4002280501710376,1,1020,K004+KI05+KA08,K006+KA30+KI17
svm,combined,conformal_class_conditional,,,,,0.82212086659065,1.4093500570125428,1,1020,K004+KI05+KA08,K006+KA30+KI17
xgboost,source,raw,0.7046750285062714,0.24276394929690132,0.7651083238312428,0.19672131147540983,,,1,1020,K004+KI05+KA08,K006+KA30+KI17
xgboost,source,temperature,0.7046750285062714,0.1668078394468138,0.7696693272519954,0.19703703703703704,,,1,1020,K004+KI05+KA08,K006+KA30+KI17
xgboost,source,isotonic,0.7035347776510832,0.19794959866334727,0.8586088939566705,0.2456839309428951,,,1,1020,K004+KI05+KA08,K006+KA30+KI17
xgboost,source,conformal_marginal,,,,,0.7137970353477765,1.0273660205245154,1,1020,K004+KI05+KA08,K006+KA30+KI17
xgboost,source,conformal_class_conditional,,,,,0.7115165336374002,1.0433295324971494,1,1020,K004+KI05+KA08,K006+KA30+KI17
xgboost,target,raw,0.7046750285062714,0.24276394929690132,0.09578107183580388,0.0,,,1,1020,K004+KI05+KA08,K006+KA30+KI17
xgboost,target,temperature,0.7046750285062714,0.12785224952735091,0.10262257696693272,0.0,,,1,1020,K004+KI05+KA08,K006+KA30+KI17
xgboost,target,isotonic,0.7069555302166477,0.05657152579789872,0.4811858608893957,0.023696682464454975,,,1,1020,K004+KI05+KA08,K006+KA30+KI17
xgboost,target,conformal_marginal,,,,,0.9042189281641961,1.8335233751425313,1,1020,K004+KI05+KA08,K006+KA30+KI17
xgboost,target,conformal_class_conditional,,,,,0.8586088939566705,1.6875712656784492,1,1020,K004+KI05+KA08,K006+KA30+KI17
xgboost,combined,raw,0.7046750285062714,0.24276394929690132,0.11972633979475485,0.009523809523809525,,,1,1020,K004+KI05+KA08,K006+KA30+KI17
xgboost,combined,temperature,0.7046750285062714,0.0692921610730519,0.14367160775370583,0.015873015873015872,,,1,1020,K004+KI05+KA08,K006+KA30+KI17
xgboost,combined,isotonic,0.7080957810718358,0.08645891660817465,0.5017103762827823,0.03636363636363636,,,1,1020,K004+KI05+KA08,K006+KA30+KI17
xgboost,combined,conformal_marginal,,,,,0.8608893956670467,1.5826681870011403,1,1020,K004+KI05+KA08,K006+KA30+KI17
xgboost,combined,conformal_class_conditional,,,,,0.8289623717217788,1.4948688711516533,1,1020,K004+KI05+KA08,K006+KA30+KI17
random_forest,source,raw,0.6518264840182648,0.2219788193101222,0.9223744292237442,0.32054455445544555,,,1,1021,K001+KI05+KA07,K003+KA16+KI16
random_forest,source,temperature,0.6518264840182648,0.24119998295129755,0.9223744292237442,0.32054455445544555,,,1,1021,K001+KI05+KA07,K003+KA16+KI16
random_forest,source,isotonic,0.6689497716894978,0.21381850236657923,0.9748858447488584,0.32435597189695553,,,1,1021,K001+KI05+KA07,K003+KA16+KI16
random_forest,source,conformal_marginal,,,,,0.6061643835616438,0.8721461187214612,1,1021,K001+KI05+KA07,K003+KA16+KI16
random_forest,source,conformal_class_conditional,,,,,0.5924657534246576,0.884703196347032,1,1021,K001+KI05+KA07,K003+KA16+KI16
random_forest,target,raw,0.6518264840182648,0.2219788193101222,0.4680365296803653,0.13414634146341464,,,1,1021,K001+KI05+KA07,K003+KA16+KI16
random_forest,target,temperature,0.6518264840182648,0.06953972085564576,0.45662100456621,0.1175,,,1,1021,K001+KI05+KA07,K003+KA16+KI16
random_forest,target,isotonic,0.6426940639269406,0.17799537177118133,0.476027397260274,0.07673860911270983,,,1,1021,K001+KI05+KA07,K003+KA16+KI16
random_forest,target,conformal_marginal,,,,,0.8333333333333334,1.5947488584474885,1,1021,K001+KI05+KA07,K003+KA16+KI16
random_forest,target,conformal_class_conditional,,,,,0.7579908675799086,1.4383561643835616,1,1021,K001+KI05+KA07,K003+KA16+KI16
random_forest,combined,raw,0.6518264840182648,0.2219788193101222,0.6906392694063926,0.2413223140495868,,,1,1021,K001+KI05+KA07,K003+KA16+KI16
random_forest,combined,temperature,0.6518264840182648,0.14639901905340907,0.702054794520548,0.24552845528455283,,,1,1021,K001+KI05+KA07,K003+KA16+KI16
random_forest,combined,isotonic,0.6506849315068494,0.1884622340064656,0.7659817351598174,0.28017883755588674,,,1,1021,K001+KI05+KA07,K003+KA16+KI16
random_forest,combined,conformal_marginal,,,,,0.7796803652968036,1.3378995433789955,1,1021,K001+KI05+KA07,K003+KA16+KI16
random_forest,combined,conformal_class_conditional,,,,,0.6940639269406392,1.2488584474885844,1,1021,K001+KI05+KA07,K003+KA16+KI16
svm,source,raw,0.6735159817351598,0.21426504638391808,0.95662100456621,0.31145584725536996,,,1,1021,K001+KI05+KA07,K003+KA16+KI16
svm,source,temperature,0.6735159817351598,0.2536277787655431,0.9600456621004566,0.31272294887039237,,,1,1021,K001+KI05+KA07,K003+KA16+KI16
svm,source,isotonic,0.6792237442922374,0.27539782023489984,0.9657534246575342,0.3120567375886525,,,1,1021,K001+KI05+KA07,K003+KA16+KI16
svm,source,conformal_marginal,,,,,0.5856164383561644,0.797945205479452,1,1021,K001+KI05+KA07,K003+KA16+KI16
svm,source,conformal_class_conditional,,,,,0.5627853881278538,0.7808219178082192,1,1021,K001+KI05+KA07,K003+KA16+KI16
svm,target,raw,0.6735159817351598,0.21426504638391808,0.4600456621004566,0.13647642679900746,,,1,1021,K001+KI05+KA07,K003+KA16+KI16
svm,target,temperature,0.6735159817351598,0.053567998609360526,0.3858447488584475,0.14497041420118342,,,1,1021,K001+KI05+KA07,K003+KA16+KI16
svm,target,isotonic,0.6518264840182648,0.19075270516035492,0.8002283105022832,0.2582025677603424,,,1,1021,K001+KI05+KA07,K003+KA16+KI16
svm,target,conformal_marginal,,,,,0.8025114155251142,1.45662100456621,1,1021,K001+KI05+KA07,K003+KA16+KI16
svm,target,conformal_class_conditional,,,,,0.678082191780822,1.2465753424657535,1,1021,K001+KI05+KA07,K003+KA16+KI16
svm,combined,raw,0.6735159817351598,0.21426504638391808,0.7123287671232876,0.23557692307692307,,,1,1021,K001+KI05+KA07,K003+KA16+KI16
svm,combined,temperature,0.6735159817351598,0.14166986231854034,0.6997716894977168,0.233278955954323,,,1,1021,K001+KI05+KA07,K003+KA16+KI16
svm,combined,isotonic,0.6621004566210046,0.2109041005381409,0.9394977168949772,0.3134872417982989,,,1,1021,K001+KI05+KA07,K003+KA16+KI16
svm,combined,conformal_marginal,,,,,0.7408675799086758,1.2157534246575343,1,1021,K001+KI05+KA07,K003+KA16+KI16
svm,combined,conformal_class_conditional,,,,,0.656392694063927,1.1335616438356164,1,1021,K001+KI05+KA07,K003+KA16+KI16
xgboost,source,raw,0.6472602739726028,0.30028615388423885,0.9189497716894978,0.3217391304347826,,,1,1021,K001+KI05+KA07,K003+KA16+KI16
xgboost,source,temperature,0.6472602739726028,0.24040115059714065,0.906392694063927,0.31738035264483627,,,1,1021,K001+KI05+KA07,K003+KA16+KI16
xgboost,source,isotonic,0.656392694063927,0.24102804358594968,0.9257990867579908,0.3218249075215783,,,1,1021,K001+KI05+KA07,K003+KA16+KI16
xgboost,source,conformal_marginal,,,,,0.6221461187214612,0.910958904109589,1,1021,K001+KI05+KA07,K003+KA16+KI16
xgboost,source,conformal_class_conditional,,,,,0.5947488584474886,0.9166666666666666,1,1021,K001+KI05+KA07,K003+KA16+KI16
xgboost,target,raw,0.6472602739726028,0.30028615388423885,0.3755707762557078,0.15501519756838905,,,1,1021,K001+KI05+KA07,K003+KA16+KI16
xgboost,target,temperature,0.6472602739726028,0.08766069814117843,0.3595890410958904,0.13968253968253969,,,1,1021,K001+KI05+KA07,K003+KA16+KI16
xgboost,target,isotonic,0.6255707762557078,0.2014729247128489,0.502283105022831,0.14545454545454545,,,1,1021,K001+KI05+KA07,K003+KA16+KI16
xgboost,target,conformal_marginal,,,,,0.8070776255707762,1.5365296803652968,1,1021,K001+KI05+KA07,K003+KA16+KI16
xgboost,target,conformal_class_conditional,,,,,0.7568493150684932,1.4337899543378996,1,1021,K001+KI05+KA07,K003+KA16+KI16
xgboost,combined,raw,0.6472602739726028,0.30028615388423885,0.6095890410958904,0.2247191011235955,,,1,1021,K001+KI05+KA07,K003+KA16+KI16
xgboost,combined,temperature,0.6472602739726028,0.16492066838289512,0.6358447488584474,0.22621184919210055,,,1,1021,K001+KI05+KA07,K003+KA16+KI16
xgboost,combined,isotonic,0.6461187214611872,0.20357640156371087,0.5399543378995434,0.1522198731501057,,,1,1021,K001+KI05+KA07,K003+KA16+KI16
xgboost,combined,conformal_marginal,,,,,0.7671232876712328,1.3105022831050228,1,1021,K001+KI05+KA07,K003+KA16+KI16
xgboost,combined,conformal_class_conditional,,,,,0.6769406392694064,1.2602739726027397,1,1021,K001+KI05+KA07,K003+KA16+KI16
random_forest,source,raw,0.7226027397260274,0.15471757956288743,0.9680365296803652,0.267688679245283,,,1,1022,K004+KI07+KA01,K006+KA15+KI04
random_forest,source,temperature,0.7226027397260274,0.1572663314702239,0.9691780821917808,0.26855123674911663,,,1,1022,K004+KI07+KA01,K006+KA15+KI04
random_forest,source,isotonic,0.66324200913242,0.25826038364025117,0.9623287671232876,0.3238434163701068,,,1,1022,K004+KI07+KA01,K006+KA15+KI04
random_forest,source,conformal_marginal,,,,,0.6312785388127854,0.7945205479452054,1,1022,K004+KI07+KA01,K006+KA15+KI04
random_forest,source,conformal_class_conditional,,,,,0.6061643835616438,0.9029680365296804,1,1022,K004+KI07+KA01,K006+KA15+KI04
random_forest,target,raw,0.7226027397260274,0.15471757956288743,0.22945205479452055,0.014925373134328358,,,1,1022,K004+KI07+KA01,K006+KA15+KI04
random_forest,target,temperature,0.7226027397260274,0.19695234257381108,0.3493150684931507,0.0392156862745098,,,1,1022,K004+KI07+KA01,K006+KA15+KI04
random_forest,target,isotonic,0.6244292237442922,0.14423148043183193,0.0,,,,1,1022,K004+KI07+KA01,K006+KA15+KI04
random_forest,target,conformal_marginal,,,,,0.9817351598173516,2.2739726027397262,1,1022,K004+KI07+KA01,K006+KA15+KI04
random_forest,target,conformal_class_conditional,,,,,0.7191780821917808,1.6187214611872147,1,1022,K004+KI07+KA01,K006+KA15+KI04
random_forest,combined,raw,0.7226027397260274,0.15471757956288743,0.4006849315068493,0.05128205128205128,,,1,1022,K004+KI07+KA01,K006+KA15+KI04
random_forest,combined,temperature,0.7226027397260274,0.07501347126706143,0.3995433789954338,0.05142857142857143,,,1,1022,K004+KI07+KA01,K006+KA15+KI04
random_forest,combined,isotonic,0.639269406392694,0.15880974970713735,0.4737442922374429,0.07710843373493977,,,1,1022,K004+KI07+KA01,K006+KA15+KI04
random_forest,combined,conformal_marginal,,,,,0.95662100456621,1.9737442922374429,1,1022,K004+KI07+KA01,K006+KA15+KI04
random_forest,combined,conformal_class_conditional,,,,,0.7123287671232876,1.4018264840182648,1,1022,K004+KI07+KA01,K006+KA15+KI04
svm,source,raw,0.7454337899543378,0.14351693805443583,0.776255707762557,0.16176470588235295,,,1,1022,K004+KI07+KA01,K006+KA15+KI04
svm,source,temperature,0.7454337899543378,0.16463066711838695,0.7705479452054794,0.16296296296296298,,,1,1022,K004+KI07+KA01,K006+KA15+KI04
svm,source,isotonic,0.684931506849315,0.24942433692206464,0.973744292237443,0.3048065650644783,,,1,1022,K004+KI07+KA01,K006+KA15+KI04
svm,source,conformal_marginal,,,,,0.7374429223744292,0.9771689497716894,1,1022,K004+KI07+KA01,K006+KA15+KI04
svm,source,conformal_class_conditional,,,,,0.5365296803652968,0.8242009132420092,1,1022,K004+KI07+KA01,K006+KA15+KI04
svm,target,raw,0.7454337899543378,0.14351693805443583,0.2511415525114155,0.013636363636363636,,,1,1022,K004+KI07+KA01,K006+KA15+KI04
svm,target,temperature,0.7454337899543378,0.2075253966943262,0.18378995433789955,0.0,,,1,1022,K004+KI07+KA01,K006+KA15+KI04
svm,target,isotonic,0.5764840182648402,0.23896547264552973,0.3436073059360731,0.0664451827242525,,,1,1022,K004+KI07+KA01,K006+KA15+KI04
svm,target,conformal_marginal,,,,,0.9863013698630136,2.5114155251141552,1,1022,K004+KI07+KA01,K006+KA15+KI04
svm,target,conformal_class_conditional,,,,,0.6472602739726028,1.5102739726027397,1,1022,K004+KI07+KA01,K006+KA15+KI04
svm,combined,raw,0.7454337899543378,0.14351693805443583,0.3458904109589041,0.04950495049504951,,,1,1022,K004+KI07+KA01,K006+KA15+KI04
svm,combined,temperature,0.7454337899543378,0.07746340824288808,0.3105022831050228,0.03676470588235294,,,1,1022,K004+KI07+KA01,K006+KA15+KI04
svm,combined,isotonic,0.6164383561643836,0.18645223959417775,0.3984018264840183,0.08882521489971347,,,1,1022,K004+KI07+KA01,K006+KA15+KI04
svm,combined,conformal_marginal,,,,,0.958904109589041,2.228310502283105,1,1022,K004+KI07+KA01,K006+KA15+KI04
svm,combined,conformal_class_conditional,,,,,0.6404109589041096,1.4417808219178083,1,1022,K004+KI07+KA01,K006+KA15+KI04
xgboost,source,raw,0.730593607305936,0.22025812982015963,0.9954337899543378,0.268348623853211,,,1,1022,K004+KI07+KA01,K006+KA15+KI04
xgboost,source,temperature,0.730593607305936,0.1797589543552849,0.9920091324200914,0.2681242807825086,,,1,1022,K004+KI07+KA01,K006+KA15+KI04
xgboost,source,isotonic,0.6666666666666666,0.28198403570087716,0.9657534246575342,0.3215130023640662,,,1,1022,K004+KI07+KA01,K006+KA15+KI04
xgboost,source,conformal_marginal,,,,,0.6643835616438356,0.8527397260273972,1,1022,K004+KI07+KA01,K006+KA15+KI04
xgboost,source,conformal_class_conditional,,,,,0.5970319634703196,0.863013698630137,1,1022,K004+KI07+KA01,K006+KA15+KI04
xgboost,target,raw,0.730593607305936,0.22025812982015963,0.3470319634703196,0.03618421052631579,,,1,1022,K004+KI07+KA01,K006+KA15+KI04
xgboost,target,temperature,0.730593607305936,0.14030537281294425,0.3436073059360731,0.029900332225913623,,,1,1022,K004+KI07+KA01,K006+KA15+KI04
xgboost,target,isotonic,0.6358447488584474,0.11348261965855357,0.3675799086757991,0.049689440993788817,,,1,1022,K004+KI07+KA01,K006+KA15+KI04
xgboost,target,conformal_marginal,,,,,0.9611872146118722,2.0273972602739727,1,1022,K004+KI07+KA01,K006+KA15+KI04
xgboost,target,conformal_class_conditional,,,,,0.7146118721461188,1.4394977168949772,1,1022,K004+KI07+KA01,K006+KA15+KI04
xgboost,combined,raw,0.730593607305936,0.22025812982015963,0.430365296803653,0.058355437665782495,,,1,1022,K004+KI07+KA01,K006+KA15+KI04
xgboost,combined,temperature,0.730593607305936,0.06632774916598101,0.4223744292237443,0.05675675675675676,,,1,1022,K004+KI07+KA01,K006+KA15+KI04
xgboost,combined,isotonic,0.6678082191780822,0.12728516936389822,0.4726027397260274,0.0748792270531401,,,1,1022,K004+KI07+KA01,K006+KA15+KI04
xgboost,combined,conformal_marginal,,,,,0.9360730593607306,1.8310502283105023,1,1022,K004+KI07+KA01,K006+KA15+KI04
xgboost,combined,conformal_class_conditional,,,,,0.723744292237443,1.3881278538812785,1,1022,K004+KI07+KA01,K006+KA15+KI04
random_forest,source,raw,0.7611428571428571,0.12807074772123248,0.9874285714285714,0.2337962962962963,,,1,1023,K001+KI07+KA09,K003+KA22+KI16
random_forest,source,temperature,0.7611428571428571,0.19341480473614509,0.9931428571428571,0.238204833141542,,,1,1023,K001+KI07+KA09,K003+KA22+KI16
random_forest,source,isotonic,0.7348571428571429,0.2348404372729132,0.9954285714285714,0.2617680826636051,,,1,1023,K001+KI07+KA09,K003+KA22+KI16
random_forest,source,conformal_marginal,,,,,0.6788571428571428,0.8365714285714285,1,1023,K001+KI07+KA09,K003+KA22+KI16
random_forest,source,conformal_class_conditional,,,,,0.6434285714285715,0.8171428571428572,1,1023,K001+KI07+KA09,K003+KA22+KI16
random_forest,target,raw,0.7611428571428571,0.12807074772123248,0.0,,,,1,1023,K001+KI07+KA09,K003+KA22+KI16
random_forest,target,temperature,0.7611428571428571,0.31113749620642306,0.0,,,,1,1023,K001+KI07+KA09,K003+KA22+KI16
random_forest,target,isotonic,0.7714285714285715,0.09493976970301435,0.34514285714285714,0.009933774834437087,,,1,1023,K001+KI07+KA09,K003+KA22+KI16
random_forest,target,conformal_marginal,,,,,0.9451428571428572,2.0274285714285716,1,1023,K001+KI07+KA09,K003+KA22+KI16
random_forest,target,conformal_class_conditional,,,,,0.9531428571428572,2.0205714285714285,1,1023,K001+KI07+KA09,K003+KA22+KI16
random_forest,combined,raw,0.7611428571428571,0.12807074772123248,0.328,0.024390243902439025,,,1,1023,K001+KI07+KA09,K003+KA22+KI16
random_forest,combined,temperature,0.7611428571428571,0.10129202235251156,0.3554285714285714,0.02572347266881029,,,1,1023,K001+KI07+KA09,K003+KA22+KI16
random_forest,combined,isotonic,0.7668571428571429,0.07067176124076602,0.5862857142857143,0.05847953216374269,,,1,1023,K001+KI07+KA09,K003+KA22+KI16
random_forest,combined,conformal_marginal,,,,,0.9051428571428571,1.6902857142857144,1,1023,K001+KI07+KA09,K003+KA22+KI16
random_forest,combined,conformal_class_conditional,,,,,0.9131428571428571,1.6422857142857143,1,1023,K001+KI07+KA09,K003+KA22+KI16
svm,source,raw,0.7714285714285715,0.13245405001479973,0.9794285714285714,0.21703617269544925,,,1,1023,K001+KI07+KA09,K003+KA22+KI16
svm,source,temperature,0.7714285714285715,0.17668951542212213,0.9577142857142857,0.2052505966587112,,,1,1023,K001+KI07+KA09,K003+KA22+KI16
svm,source,isotonic,0.7668571428571429,0.18817209409403216,0.9805714285714285,0.2202797202797203,,,1,1023,K001+KI07+KA09,K003+KA22+KI16
svm,source,conformal_marginal,,,,,0.6171428571428571,0.6925714285714286,1,1023,K001+KI07+KA09,K003+KA22+KI16
svm,source,conformal_class_conditional,,,,,0.536,0.6422857142857142,1,1023,K001+KI07+KA09,K003+KA22+KI16
svm,target,raw,0.7714285714285715,0.13245405001479973,0.24114285714285713,0.004739336492890996,,,1,1023,K001+KI07+KA09,K003+KA22+KI16
svm,target,temperature,0.7714285714285715,0.31866673750760055,0.29942857142857143,0.007633587786259542,,,1,1023,K001+KI07+KA09,K003+KA22+KI16
svm,target,isotonic,0.7794285714285715,0.12538572946062446,0.0,,,,1,1023,K001+KI07+KA09,K003+KA22+KI16
svm,target,conformal_marginal,,,,,0.9611428571428572,2.230857142857143,1,1023,K001+KI07+KA09,K003+KA22+KI16
svm,target,conformal_class_conditional,,,,,0.9428571428571428,1.8765714285714286,1,1023,K001+KI07+KA09,K003+KA22+KI16
svm,combined,raw,0.7714285714285715,0.13245405001479973,0.36342857142857143,0.015723270440251572,,,1,1023,K001+KI07+KA09,K003+KA22+KI16
svm,combined,temperature,0.7714285714285715,0.07128252875978984,0.38285714285714284,0.023880597014925373,,,1,1023,K001+KI07+KA09,K003+KA22+KI16
svm,combined,isotonic,0.7828571428571428,0.06290423352333901,0.6045714285714285,0.04725897920604915,,,1,1023,K001+KI07+KA09,K003+KA22+KI16
svm,combined,conformal_marginal,,,,,0.9142857142857143,1.6937142857142857,1,1023,K001+KI07+KA09,K003+KA22+KI16
svm,combined,conformal_class_conditional,,,,,0.9051428571428571,1.712,1,1023,K001+KI07+KA09,K003+KA22+KI16
xgboost,source,raw,0.7588571428571429,0.1947651379449027,0.9588571428571429,0.22884386174016685,,,1,1023,K001+KI07+KA09,K003+KA22+KI16
xgboost,source,temperature,0.7588571428571429,0.20144867708210804,0.9622857142857143,0.23040380047505937,,,1,1023,K001+KI07+KA09,K003+KA22+KI16
xgboost,source,isotonic,0.7531428571428571,0.2176547435099614,0.9851428571428571,0.24245939675174014,,,1,1023,K001+KI07+KA09,K003+KA22+KI16
xgboost,source,conformal_marginal,,,,,0.6502857142857142,0.7725714285714286,1,1023,K001+KI07+KA09,K003+KA22+KI16
xgboost,source,conformal_class_conditional,,,,,0.6262857142857143,0.7668571428571429,1,1023,K001+KI07+KA09,K003+KA22+KI16
xgboost,target,raw,0.7588571428571429,0.1947651379449027,0.0,,,,1,1023,K001+KI07+KA09,K003+KA22+KI16
xgboost,target,temperature,0.7588571428571429,0.2758021447358074,0.07542857142857143,0.0,,,1,1023,K001+KI07+KA09,K003+KA22+KI16
xgboost,target,isotonic,0.7691428571428571,0.08524700821017052,0.3097142857142857,0.0036900369003690036,,,1,1023,K001+KI07+KA09,K003+KA22+KI16
xgboost,target,conformal_marginal,,,,,0.9542857142857143,1.9554285714285715,1,1023,K001+KI07+KA09,K003+KA22+KI16
xgboost,target,conformal_class_conditional,,,,,0.944,1.792,1,1023,K001+KI07+KA09,K003+KA22+KI16
xgboost,combined,raw,0.7588571428571429,0.1947651379449027,0.416,0.0521978021978022,,,1,1023,K001+KI07+KA09,K003+KA22+KI16
xgboost,combined,temperature,0.7588571428571429,0.06267985826251524,0.448,0.05102040816326531,,,1,1023,K001+KI07+KA09,K003+KA22+KI16
xgboost,combined,isotonic,0.7714285714285715,0.036838752365367516,0.42742857142857144,0.0481283422459893,,,1,1023,K001+KI07+KA09,K003+KA22+KI16
xgboost,combined,conformal_marginal,,,,,0.904,1.6594285714285715,1,1023,K001+KI07+KA09,K003+KA22+KI16
xgboost,combined,conformal_class_conditional,,,,,0.8982857142857142,1.5942857142857143,1,1023,K001+KI07+KA09,K003+KA22+KI16
random_forest,source,raw,0.684931506849315,0.19220108419400123,0.9828767123287672,0.3124274099883856,,,1,1024,K002+KI07+KA05,K005+KA30+KI14
random_forest,source,temperature,0.684931506849315,0.22427701408886921,0.9828767123287672,0.3124274099883856,,,1,1024,K002+KI07+KA05,K005+KA30+KI14
random_forest,source,isotonic,0.6541095890410958,0.2758879111401443,0.9908675799086758,0.34101382488479265,,,1,1024,K002+KI07+KA05,K005+KA30+KI14
random_forest,source,conformal_marginal,,,,,0.6312785388127854,0.8926940639269406,1,1024,K002+KI07+KA05,K005+KA30+KI14
random_forest,source,conformal_class_conditional,,,,,0.5799086757990868,0.8664383561643836,1,1024,K002+KI07+KA05,K005+KA30+KI14
random_forest,target,raw,0.684931506849315,0.19220108419400123,0.610730593607306,0.19439252336448598,,,1,1024,K002+KI07+KA05,K005+KA30+KI14
random_forest,target,temperature,0.684931506849315,0.16095782153653243,0.5342465753424658,0.1517094017094017,,,1,1024,K002+KI07+KA05,K005+KA30+KI14
random_forest,target,isotonic,0.6050228310502284,0.2718854586700756,0.7294520547945206,0.323943661971831,,,1,1024,K002+KI07+KA05,K005+KA30+KI14
random_forest,target,conformal_marginal,,,,,0.75,1.2705479452054795,1,1024,K002+KI07+KA05,K005+KA30+KI14
random_forest,target,conformal_class_conditional,,,,,0.6837899543378996,1.2077625570776256,1,1024,K002+KI07+KA05,K005+KA30+KI14
random_forest,combined,raw,0.684931506849315,0.19220108419400123,0.8162100456621004,0.27972027972027974,,,1,1024,K002+KI07+KA05,K005+KA30+KI14
random_forest,combined,temperature,0.684931506849315,0.1810822938013493,0.8139269406392694,0.2805049088359046,,,1,1024,K002+KI07+KA05,K005+KA30+KI14
random_forest,combined,isotonic,0.6244292237442922,0.26223399702706035,0.9178082191780822,0.3706467661691542,,,1,1024,K002+KI07+KA05,K005+KA30+KI14
random_forest,combined,conformal_marginal,,,,,0.682648401826484,1.0114155251141552,1,1024,K002+KI07+KA05,K005+KA30+KI14
random_forest,combined,conformal_class_conditional,,,,,0.6073059360730594,1.0068493150684932,1,1024,K002+KI07+KA05,K005+KA30+KI14
svm,source,raw,0.6963470319634704,0.20226112648691774,0.9497716894977168,0.2920673076923077,,,1,1024,K002+KI07+KA05,K005+KA30+KI14
svm,source,temperature,0.6963470319634704,0.21057184718943914,0.952054794520548,0.29136690647482016,,,1,1024,K002+KI07+KA05,K005+KA30+KI14
svm,source,isotonic,0.6655251141552512,0.24357776840930098,0.9954337899543378,0.33256880733944955,,,1,1024,K002+KI07+KA05,K005+KA30+KI14
svm,source,conformal_marginal,,,,,0.6027397260273972,0.79337899543379,1,1024,K002+KI07+KA05,K005+KA30+KI14
svm,source,conformal_class_conditional,,,,,0.5365296803652968,0.8002283105022832,1,1024,K002+KI07+KA05,K005+KA30+KI14
svm,target,raw,0.6963470319634704,0.20226112648691774,0.7123287671232876,0.20352564102564102,,,1,1024,K002+KI07+KA05,K005+KA30+KI14
svm,target,temperature,0.6963470319634704,0.1712713946850753,0.7214611872146118,0.2088607594936709,,,1,1024,K002+KI07+KA05,K005+KA30+KI14
svm,target,isotonic,0.6426940639269406,0.22910528199238983,0.889269406392694,0.34146341463414637,,,1,1024,K002+KI07+KA05,K005+KA30+KI14
svm,target,conformal_marginal,,,,,0.7203196347031964,1.106164383561644,1,1024,K002+KI07+KA05,K005+KA30+KI14
svm,target,conformal_class_conditional,,,,,0.6872146118721462,1.1210045662100456,1,1024,K002+KI07+KA05,K005+KA30+KI14
svm,combined,raw,0.6963470319634704,0.20226112648691774,0.8778538812785388,0.2743823146944083,,,1,1024,K002+KI07+KA05,K005+KA30+KI14
svm,combined,temperature,0.6963470319634704,0.191381195933634,0.8664383561643836,0.26877470355731226,,,1,1024,K002+KI07+KA05,K005+KA30+KI14
svm,combined,isotonic,0.6426940639269406,0.23199081386630993,0.932648401826484,0.3317013463892289,,,1,1024,K002+KI07+KA05,K005+KA30+KI14
svm,combined,conformal_marginal,,,,,0.6700913242009132,0.9452054794520548,1,1024,K002+KI07+KA05,K005+KA30+KI14
svm,combined,conformal_class_conditional,,,,,0.6381278538812786,0.9817351598173516,1,1024,K002+KI07+KA05,K005+KA30+KI14
xgboost,source,raw,0.6940639269406392,0.26069933679550206,0.9235159817351598,0.2880098887515451,,,1,1024,K002+KI07+KA05,K005+KA30+KI14
xgboost,source,temperature,0.6940639269406392,0.2213505356326711,0.9178082191780822,0.2860696517412935,,,1,1024,K002+KI07+KA05,K005+KA30+KI14
xgboost,source,isotonic,0.6506849315068494,0.2515771525047029,0.9965753424657534,0.34936998854524626,,,1,1024,K002+KI07+KA05,K005+KA30+KI14
xgboost,source,conformal_marginal,,,,,0.6860730593607306,0.9840182648401826,1,1024,K002+KI07+KA05,K005+KA30+KI14
xgboost,source,conformal_class_conditional,,,,,0.6232876712328768,0.9166666666666666,1,1024,K002+KI07+KA05,K005+KA30+KI14
xgboost,target,raw,0.6940639269406392,0.26069933679550206,0.6529680365296804,0.19230769230769232,,,1,1024,K002+KI07+KA05,K005+KA30+KI14
xgboost,target,temperature,0.6940639269406392,0.16778639091951636,0.660958904109589,0.19343696027633853,,,1,1024,K002+KI07+KA05,K005+KA30+KI14
xgboost,target,isotonic,0.632420091324201,0.24226405407734602,0.75,0.2678843226788432,,,1,1024,K002+KI07+KA05,K005+KA30+KI14
xgboost,target,conformal_marginal,,,,,0.7591324200913242,1.2636986301369864,1,1024,K002+KI07+KA05,K005+KA30+KI14
xgboost,target,conformal_class_conditional,,,,,0.7317351598173516,1.2157534246575343,1,1024,K002+KI07+KA05,K005+KA30+KI14
xgboost,combined,raw,0.6940639269406392,0.26069933679550206,0.769406392694064,0.23738872403560832,,,1,1024,K002+KI07+KA05,K005+KA30+KI14
xgboost,combined,temperature,0.6940639269406392,0.19063793420720682,0.7785388127853882,0.2404692082111437,,,1,1024,K002+KI07+KA05,K005+KA30+KI14
xgboost,combined,isotonic,0.634703196347032,0.24739233646878012,0.843607305936073,0.3004059539918809,,,1,1024,K002+KI07+KA05,K005+KA30+KI14
xgboost,combined,conformal_marginal,,,,,0.7157534246575342,1.067351598173516,1,1024,K002+KI07+KA05,K005+KA30+KI14
xgboost,combined,conformal_class_conditional,,,,,0.6495433789954338,1.0536529680365296,1,1024,K002+KI07+KA05,K005+KA30+KI14
random_forest,source,raw,0.712,0.17057637185671787,0.8102857142857143,0.21720733427362482,,,1,1025,K004+KI03+KA01,K006+KA22+KI18
random_forest,source,temperature,0.712,0.1502407907193518,0.808,0.21357850070721357,,,1,1025,K004+KI03+KA01,K006+KA22+KI18
random_forest,source,isotonic,0.7405714285714285,0.18096908079979585,0.9131428571428571,0.2453066332916145,,,1,1025,K004+KI03+KA01,K006+KA22+KI18
random_forest,source,conformal_marginal,,,,,0.704,0.9725714285714285,1,1025,K004+KI03+KA01,K006+KA22+KI18
random_forest,source,conformal_class_conditional,,,,,0.7417142857142857,1.0285714285714285,1,1025,K004+KI03+KA01,K006+KA22+KI18
random_forest,target,raw,0.712,0.17057637185671787,0.208,0.005494505494505495,,,1,1025,K004+KI03+KA01,K006+KA22+KI18
random_forest,target,temperature,0.712,0.14637612027548505,0.23085714285714284,0.0049504950495049506,,,1,1025,K004+KI03+KA01,K006+KA22+KI18
random_forest,target,isotonic,0.5988571428571429,0.12006892788322872,0.33371428571428574,0.06164383561643835,,,1,1025,K004+KI03+KA01,K006+KA22+KI18
random_forest,target,conformal_marginal,,,,,0.9417142857142857,1.9257142857142857,1,1025,K004+KI03+KA01,K006+KA22+KI18
random_forest,target,conformal_class_conditional,,,,,0.6571428571428571,1.4377142857142857,1,1025,K004+KI03+KA01,K006+KA22+KI18
random_forest,combined,raw,0.712,0.17057637185671787,0.28685714285714287,0.02390438247011952,,,1,1025,K004+KI03+KA01,K006+KA22+KI18
random_forest,combined,temperature,0.712,0.042403455249761274,0.3028571428571429,0.03018867924528302,,,1,1025,K004+KI03+KA01,K006+KA22+KI18
random_forest,combined,isotonic,0.6925714285714286,0.06317274539111992,0.392,0.04956268221574344,,,1,1025,K004+KI03+KA01,K006+KA22+KI18
random_forest,combined,conformal_marginal,,,,,0.896,1.6822857142857144,1,1025,K004+KI03+KA01,K006+KA22+KI18
random_forest,combined,conformal_class_conditional,,,,,0.7851428571428571,1.457142857142857,1,1025,K004+KI03+KA01,K006+KA22+KI18
svm,source,raw,0.7348571428571429,0.16209512695937353,0.6697142857142857,0.13651877133105803,,,1,1025,K004+KI03+KA01,K006+KA22+KI18
svm,source,temperature,0.7348571428571429,0.15203249185391954,0.664,0.1342512908777969,,,1,1025,K004+KI03+KA01,K006+KA22+KI18
svm,source,isotonic,0.7154285714285714,0.20065935145881397,0.8262857142857143,0.21300138312586445,,,1,1025,K004+KI03+KA01,K006+KA22+KI18
svm,source,conformal_marginal,,,,,0.7394285714285714,1.0011428571428571,1,1025,K004+KI03+KA01,K006+KA22+KI18
svm,source,conformal_class_conditional,,,,,0.8137142857142857,1.1577142857142857,1,1025,K004+KI03+KA01,K006+KA22+KI18
svm,target,raw,0.7348571428571429,0.16209512695937353,0.0,,,,1,1025,K004+KI03+KA01,K006+KA22+KI18
svm,target,temperature,0.7348571428571429,0.15139822311603734,0.0,,,,1,1025,K004+KI03+KA01,K006+KA22+KI18
svm,target,isotonic,0.6697142857142857,0.15622320334599707,0.448,0.04081632653061224,,,1,1025,K004+KI03+KA01,K006+KA22+KI18
svm,target,conformal_marginal,,,,,0.9611428571428572,2.3097142857142856,1,1025,K004+KI03+KA01,K006+KA22+KI18
svm,target,conformal_class_conditional,,,,,0.7622857142857142,1.648,1,1025,K004+KI03+KA01,K006+KA22+KI18
svm,combined,raw,0.7348571428571429,0.16209512695937353,0.13942857142857143,0.0,,,1,1025,K004+KI03+KA01,K006+KA22+KI18
svm,combined,temperature,0.7348571428571429,0.04883379485050466,0.14742857142857144,0.0,,,1,1025,K004+KI03+KA01,K006+KA22+KI18
svm,combined,isotonic,0.7131428571428572,0.11154189012993442,0.12571428571428572,0.0,,,1,1025,K004+KI03+KA01,K006+KA22+KI18
svm,combined,conformal_marginal,,,,,0.9028571428571428,1.7485714285714287,1,1025,K004+KI03+KA01,K006+KA22+KI18
svm,combined,conformal_class_conditional,,,,,0.8022857142857143,1.5885714285714285,1,1025,K004+KI03+KA01,K006+KA22+KI18
xgboost,source,raw,0.7291428571428571,0.22693692541122432,0.8777142857142857,0.23046875,,,1,1025,K004+KI03+KA01,K006+KA22+KI18
xgboost,source,temperature,0.7291428571428571,0.1605728907515769,0.8571428571428571,0.21866666666666668,,,1,1025,K004+KI03+KA01,K006+KA22+KI18
xgboost,source,isotonic,0.7325714285714285,0.1937398008169328,0.912,0.23934837092731828,,,1,1025,K004+KI03+KA01,K006+KA22+KI18
xgboost,source,conformal_marginal,,,,,0.7245714285714285,0.984,1,1025,K004+KI03+KA01,K006+KA22+KI18
xgboost,source,conformal_class_conditional,,,,,0.7108571428571429,0.9805714285714285,1,1025,K004+KI03+KA01,K006+KA22+KI18
xgboost,target,raw,0.7291428571428571,0.22693692541122432,0.09257142857142857,0.024691358024691357,,,1,1025,K004+KI03+KA01,K006+KA22+KI18
xgboost,target,temperature,0.7291428571428571,0.09735871095175158,0.13257142857142856,0.02586206896551724,,,1,1025,K004+KI03+KA01,K006+KA22+KI18
xgboost,target,isotonic,0.6251428571428571,0.1404042766852657,0.38742857142857146,0.06489675516224189,,,1,1025,K004+KI03+KA01,K006+KA22+KI18
xgboost,target,conformal_marginal,,,,,0.9417142857142857,1.921142857142857,1,1025,K004+KI03+KA01,K006+KA22+KI18
xgboost,target,conformal_class_conditional,,,,,0.6685714285714286,1.3977142857142857,1,1025,K004+KI03+KA01,K006+KA22+KI18
xgboost,combined,raw,0.7291428571428571,0.22693692541122432,0.15657142857142858,0.043795620437956206,,,1,1025,K004+KI03+KA01,K006+KA22+KI18
xgboost,combined,temperature,0.7291428571428571,0.05020551012764458,0.18857142857142858,0.03636363636363636,,,1,1025,K004+KI03+KA01,K006+KA22+KI18
xgboost,combined,isotonic,0.7222857142857143,0.08720425941043125,0.496,0.07603686635944701,,,1,1025,K004+KI03+KA01,K006+KA22+KI18
xgboost,combined,conformal_marginal,,,,,0.9028571428571428,1.672,1,1025,K004+KI03+KA01,K006+KA22+KI18
xgboost,combined,conformal_class_conditional,,,,,0.8148571428571428,1.465142857142857,1,1025,K004+KI03+KA01,K006+KA22+KI18
random_forest,source,raw,0.752,0.12821673388143437,0.9714285714285714,0.24352941176470588,,,1,1026,K002+KI08+KA05,K005+KA22+KI14
random_forest,source,temperature,0.752,0.15103902729488258,0.9634285714285714,0.2443653618030842,,,1,1026,K002+KI08+KA05,K005+KA22+KI14
random_forest,source,isotonic,0.7314285714285714,0.20385893384771728,0.984,0.26480836236933797,,,1,1026,K002+KI08+KA05,K005+KA22+KI14
random_forest,source,conformal_marginal,,,,,0.7028571428571428,0.9177142857142857,1,1026,K002+KI08+KA05,K005+KA22+KI14
random_forest,source,conformal_class_conditional,,,,,0.6697142857142857,0.8868571428571429,1,1026,K002+KI08+KA05,K005+KA22+KI14
random_forest,target,raw,0.752,0.12821673388143437,0.2571428571428571,0.0044444444444444444,,,1,1026,K002+KI08+KA05,K005+KA22+KI14
random_forest,target,temperature,0.752,0.25191127030153015,0.24914285714285714,0.0,,,1,1026,K002+KI08+KA05,K005+KA22+KI14
random_forest,target,isotonic,0.6388571428571429,0.11412112408971434,0.4102857142857143,0.06406685236768803,,,1,1026,K002+KI08+KA05,K005+KA22+KI14
random_forest,target,conformal_marginal,,,,,0.9634285714285714,2.2297142857142855,1,1026,K002+KI08+KA05,K005+KA22+KI14
random_forest,target,conformal_class_conditional,,,,,0.8342857142857143,1.721142857142857,1,1026,K002+KI08+KA05,K005+KA22+KI14
random_forest,combined,raw,0.752,0.12821673388143437,0.36457142857142855,0.02821316614420063,,,1,1026,K002+KI08+KA05,K005+KA22+KI14
random_forest,combined,temperature,0.752,0.11806521673996417,0.36228571428571427,0.05993690851735016,,,1,1026,K002+KI08+KA05,K005+KA22+KI14
random_forest,combined,isotonic,0.6982857142857143,0.11303303951327845,0.416,0.07967032967032966,,,1,1026,K002+KI08+KA05,K005+KA22+KI14
random_forest,combined,conformal_marginal,,,,,0.92,1.912,1,1026,K002+KI08+KA05,K005+KA22+KI14
random_forest,combined,conformal_class_conditional,,,,,0.776,1.4137142857142857,1,1026,K002+KI08+KA05,K005+KA22+KI14
svm,source,raw,0.7611428571428571,0.13455863491892772,0.9611428571428572,0.23067776456599287,,,1,1026,K002+KI08+KA05,K005+KA22+KI14
svm,source,temperature,0.7611428571428571,0.14939986652976855,0.9611428571428572,0.23067776456599287,,,1,1026,K002+KI08+KA05,K005+KA22+KI14
svm,source,isotonic,0.7417142857142857,0.17278889179710724,0.9497142857142857,0.24067388688327315,,,1,1026,K002+KI08+KA05,K005+KA22+KI14
svm,source,conformal_marginal,,,,,0.6514285714285715,0.7908571428571428,1,1026,K002+KI08+KA05,K005+KA22+KI14
svm,source,conformal_class_conditional,,,,,0.6902857142857143,0.8777142857142857,1,1026,K002+KI08+KA05,K005+KA22+KI14
svm,target,raw,0.7611428571428571,0.13455863491892772,0.24914285714285714,0.01834862385321101,,,1,1026,K002+KI08+KA05,K005+KA22+KI14
svm,target,temperature,0.7611428571428571,0.1409223879986626,0.2754285714285714,0.02074688796680498,,,1,1026,K002+KI08+KA05,K005+KA22+KI14
svm,target,isotonic,0.6365714285714286,0.1312328448128769,0.35085714285714287,0.18241042345276873,,,1,1026,K002+KI08+KA05,K005+KA22+KI14
svm,target,conformal_marginal,,,,,0.9657142857142857,2.44,1,1026,K002+KI08+KA05,K005+KA22+KI14
svm,target,conformal_class_conditional,,,,,0.8194285714285714,1.6182857142857143,1,1026,K002+KI08+KA05,K005+KA22+KI14
svm,combined,raw,0.7611428571428571,0.13455863491892772,0.3497142857142857,0.049019607843137254,,,1,1026,K002+KI08+KA05,K005+KA22+KI14
svm,combined,temperature,0.7611428571428571,0.04310980579609676,0.3211428571428571,0.042704626334519574,,,1,1026,K002+KI08+KA05,K005+KA22+KI14
svm,combined,isotonic,0.7108571428571429,0.14434588925100855,0.3382857142857143,0.15878378378378377,,,1,1026,K002+KI08+KA05,K005+KA22+KI14
svm,combined,conformal_marginal,,,,,0.9108571428571428,1.84,1,1026,K002+KI08+KA05,K005+KA22+KI14
svm,combined,conformal_class_conditional,,,,,0.8068571428571428,1.5862857142857143,1,1026,K002+KI08+KA05,K005+KA22+KI14
xgboost,source,raw,0.7462857142857143,0.19874530662809095,0.8891428571428571,0.2185089974293059,,,1,1026,K002+KI08+KA05,K005+KA22+KI14
xgboost,source,temperature,0.7462857142857143,0.15629606046755387,0.8902857142857142,0.21822849807445444,,,1,1026,K002+KI08+KA05,K005+KA22+KI14
xgboost,source,isotonic,0.7371428571428571,0.15779456747136184,0.9051428571428571,0.2335858585858586,,,1,1026,K002+KI08+KA05,K005+KA22+KI14
xgboost,source,conformal_marginal,,,,,0.7462857142857143,0.9942857142857143,1,1026,K002+KI08+KA05,K005+KA22+KI14
xgboost,source,conformal_class_conditional,,,,,0.7211428571428572,0.984,1,1026,K002+KI08+KA05,K005+KA22+KI14
xgboost,target,raw,0.7462857142857143,0.19874530662809095,0.1737142857142857,0.019736842105263157,,,1,1026,K002+KI08+KA05,K005+KA22+KI14
xgboost,target,temperature,0.7462857142857143,0.1256020847108656,0.18057142857142858,0.006329113924050633,,,1,1026,K002+KI08+KA05,K005+KA22+KI14
xgboost,target,isotonic,0.6468571428571429,0.11105186276926243,0.44571428571428573,0.07179487179487179,,,1,1026,K002+KI08+KA05,K005+KA22+KI14
xgboost,target,conformal_marginal,,,,,0.952,1.969142857142857,1,1026,K002+KI08+KA05,K005+KA22+KI14
xgboost,target,conformal_class_conditional,,,,,0.8754285714285714,1.5862857142857143,1,1026,K002+KI08+KA05,K005+KA22+KI14
xgboost,combined,raw,0.7462857142857143,0.19874530662809095,0.392,0.04081632653061224,,,1,1026,K002+KI08+KA05,K005+KA22+KI14
xgboost,combined,temperature,0.7462857142857143,0.05545034768576826,0.4045714285714286,0.03672316384180791,,,1,1026,K002+KI08+KA05,K005+KA22+KI14
xgboost,combined,isotonic,0.688,0.097512376275797,0.472,0.09200968523002422,,,1,1026,K002+KI08+KA05,K005+KA22+KI14
xgboost,combined,conformal_marginal,,,,,0.9074285714285715,1.7188571428571429,1,1026,K002+KI08+KA05,K005+KA22+KI14
xgboost,combined,conformal_class_conditional,,,,,0.8091428571428572,1.4217142857142857,1,1026,K002+KI08+KA05,K005+KA22+KI14
random_forest,source,raw,0.6365714285714286,0.20228920984244253,0.9931428571428571,0.3613348676639816,,,1,1027,K002+KI08+KA03,K005+KA04+KI04
random_forest,source,temperature,0.6365714285714286,0.23997925845668755,0.992,0.3617511520737327,,,1,1027,K002+KI08+KA03,K005+KA04+KI04
random_forest,source,isotonic,0.6068571428571429,0.3002398175427813,1.0,0.3931428571428571,,,1,1027,K002+KI08+KA03,K005+KA04+KI04
random_forest,source,conformal_marginal,,,,,0.5291428571428571,0.7657142857142857,1,1027,K002+KI08+KA03,K005+KA04+KI04
random_forest,source,conformal_class_conditional,,,,,0.5268571428571428,0.8182857142857143,1,1027,K002+KI08+KA03,K005+KA04+KI04
random_forest,target,raw,0.6365714285714286,0.20228920984244253,1.0,0.36342857142857143,,,1,1027,K002+KI08+KA03,K005+KA04+KI04
random_forest,target,temperature,0.6365714285714286,0.21023164685166718,1.0,0.36342857142857143,,,1,1027,K002+KI08+KA03,K005+KA04+KI04
random_forest,target,isotonic,0.5051428571428571,0.43316238271925533,0.944,0.4745762711864407,,,1,1027,K002+KI08+KA03,K005+KA04+KI04
random_forest,target,conformal_marginal,,,,,0.5108571428571429,0.7177142857142857,1,1027,K002+KI08+KA03,K005+KA04+KI04
random_forest,target,conformal_class_conditional,,,,,0.408,0.7131428571428572,1,1027,K002+KI08+KA03,K005+KA04+KI04
random_forest,combined,raw,0.6365714285714286,0.20228920984244253,1.0,0.36342857142857143,,,1,1027,K002+KI08+KA03,K005+KA04+KI04
random_forest,combined,temperature,0.6365714285714286,0.2255696338364524,1.0,0.36342857142857143,,,1,1027,K002+KI08+KA03,K005+KA04+KI04
random_forest,combined,isotonic,0.5977142857142858,0.3116766517923289,1.0,0.4022857142857143,,,1,1027,K002+KI08+KA03,K005+KA04+KI04
random_forest,combined,conformal_marginal,,,,,0.512,0.7222857142857143,1,1027,K002+KI08+KA03,K005+KA04+KI04
random_forest,combined,conformal_class_conditional,,,,,0.5051428571428571,0.8182857142857143,1,1027,K002+KI08+KA03,K005+KA04+KI04
svm,source,raw,0.6525714285714286,0.20838523452788338,0.976,0.34192037470725994,,,1,1027,K002+KI08+KA03,K005+KA04+KI04
svm,source,temperature,0.6525714285714286,0.22026724040630866,0.9748571428571429,0.34114888628370454,,,1,1027,K002+KI08+KA03,K005+KA04+KI04
svm,source,isotonic,0.6331428571428571,0.25498131261066037,0.9691428571428572,0.3596698113207547,,,1,1027,K002+KI08+KA03,K005+KA04+KI04
svm,source,conformal_marginal,,,,,0.5497142857142857,0.7645714285714286,1,1027,K002+KI08+KA03,K005+KA04+KI04
svm,source,conformal_class_conditional,,,,,0.5645714285714286,0.8354285714285714,1,1027,K002+KI08+KA03,K005+KA04+KI04
svm,target,raw,0.6525714285714286,0.20838523452788338,0.9611428571428572,0.33531510107015455,,,1,1027,K002+KI08+KA03,K005+KA04+KI04
svm,target,temperature,0.6525714285714286,0.22293314471940637,0.9634285714285714,0.3368920521945433,,,1,1027,K002+KI08+KA03,K005+KA04+KI04
svm,target,isotonic,0.4742857142857143,0.4517232861160577,0.7051428571428572,0.5672609400324149,,,1,1027,K002+KI08+KA03,K005+KA04+KI04
svm,target,conformal_marginal,,,,,0.5405714285714286,0.7485714285714286,1,1027,K002+KI08+KA03,K005+KA04+KI04
svm,target,conformal_class_conditional,,,,,0.29942857142857143,0.5542857142857143,1,1027,K002+KI08+KA03,K005+KA04+KI04
svm,combined,raw,0.6525714285714286,0.20838523452788338,0.976,0.34192037470725994,,,1,1027,K002+KI08+KA03,K005+KA04+KI04
svm,combined,temperature,0.6525714285714286,0.22137049705179113,0.9748571428571429,0.34114888628370454,,,1,1027,K002+KI08+KA03,K005+KA04+KI04
svm,combined,isotonic,0.6262857142857143,0.2668470382985354,0.9874285714285714,0.3726851851851852,,,1,1027,K002+KI08+KA03,K005+KA04+KI04
svm,combined,conformal_marginal,,,,,0.5405714285714286,0.7485714285714286,1,1027,K002+KI08+KA03,K005+KA04+KI04
svm,combined,conformal_class_conditional,,,,,0.42514285714285716,0.6754285714285714,1,1027,K002+KI08+KA03,K005+KA04+KI04
xgboost,source,raw,0.6262857142857143,0.29947953268459865,0.8457142857142858,0.31756756756756754,,,1,1027,K002+KI08+KA03,K005+KA04+KI04
xgboost,source,temperature,0.6262857142857143,0.2539460385544595,0.8342857142857143,0.31643835616438354,,,1,1027,K002+KI08+KA03,K005+KA04+KI04
xgboost,source,isotonic,0.608,0.2687888360565587,0.9988571428571429,0.39244851258581237,,,1,1027,K002+KI08+KA03,K005+KA04+KI04
xgboost,source,conformal_marginal,,,,,0.5874285714285714,0.888,1,1027,K002+KI08+KA03,K005+KA04+KI04
xgboost,source,conformal_class_conditional,,,,,0.6011428571428571,0.9554285714285714,1,1027,K002+KI08+KA03,K005+KA04+KI04
xgboost,target,raw,0.6262857142857143,0.29947953268459865,0.976,0.3629976580796253,,,1,1027,K002+KI08+KA03,K005+KA04+KI04
xgboost,target,temperature,0.6262857142857143,0.24956035841862306,0.9725714285714285,0.36310223266745006,,,1,1027,K002+KI08+KA03,K005+KA04+KI04
xgboost,target,isotonic,0.4948571428571429,0.43857519250925076,0.8502857142857143,0.4932795698924731,,,1,1027,K002+KI08+KA03,K005+KA04+KI04
xgboost,target,conformal_marginal,,,,,0.5828571428571429,0.8685714285714285,1,1027,K002+KI08+KA03,K005+KA04+KI04
xgboost,target,conformal_class_conditional,,,,,0.4114285714285714,0.6811428571428572,1,1027,K002+KI08+KA03,K005+KA04+KI04
xgboost,combined,raw,0.6262857142857143,0.29947953268459865,0.9371428571428572,0.35121951219512193,,,1,1027,K002+KI08+KA03,K005+KA04+KI04
xgboost,combined,temperature,0.6262857142857143,0.25207053794824263,0.9428571428571428,0.3503030303030303,,,1,1027,K002+KI08+KA03,K005+KA04+KI04
xgboost,combined,isotonic,0.5977142857142858,0.29417423154877864,0.992,0.4009216589861751,,,1,1027,K002+KI08+KA03,K005+KA04+KI04
xgboost,combined,conformal_marginal,,,,,0.5828571428571429,0.8685714285714285,1,1027,K002+KI08+KA03,K005+KA04+KI04
xgboost,combined,conformal_class_conditional,,,,,0.48914285714285716,0.776,1,1027,K002+KI08+KA03,K005+KA04+KI04
random_forest,source,raw,0.6472602739726028,0.21408291453801354,0.9954337899543378,0.35206422018348627,,,1,1028,K002+KI07+KA08,K005+KA30+KI18
random_forest,source,temperature,0.6472602739726028,0.23485468378916352,0.9954337899543378,0.35206422018348627,,,1,1028,K002+KI07+KA08,K005+KA30+KI18
random_forest,source,isotonic,0.6404109589041096,0.32644511117310354,0.9931506849315068,0.35517241379310344,,,1,1028,K002+KI07+KA08,K005+KA30+KI18
random_forest,source,conformal_marginal,,,,,0.5045662100456622,0.6712328767123288,1,1028,K002+KI07+KA08,K005+KA30+KI18
random_forest,source,conformal_class_conditional,,,,,0.5136986301369864,0.776255707762557,1,1028,K002+KI07+KA08,K005+KA30+KI18
random_forest,target,raw,0.6472602739726028,0.21408291453801354,0.7853881278538812,0.28924418604651164,,,1,1028,K002+KI07+KA08,K005+KA30+KI18
random_forest,target,temperature,0.6472602739726028,0.19338461919367467,0.776255707762557,0.2823529411764706,,,1,1028,K002+KI07+KA08,K005+KA30+KI18
random_forest,target,isotonic,0.5547945205479452,0.3200202187856349,0.9531963470319634,0.43952095808383235,,,1,1028,K002+KI07+KA08,K005+KA30+KI18
random_forest,target,conformal_marginal,,,,,0.660958904109589,1.0570776255707763,1,1028,K002+KI07+KA08,K005+KA30+KI18
random_forest,target,conformal_class_conditional,,,,,0.5365296803652968,1.0114155251141552,1,1028,K002+KI07+KA08,K005+KA30+KI18
random_forest,combined,raw,0.6472602739726028,0.21408291453801354,0.843607305936073,0.3085250338294993,,,1,1028,K002+KI07+KA08,K005+KA30+KI18
random_forest,combined,temperature,0.6472602739726028,0.20687121421948976,0.841324200913242,0.30800542740841247,,,1,1028,K002+KI07+KA08,K005+KA30+KI18
random_forest,combined,isotonic,0.5844748858447488,0.29043684226738187,0.9863013698630136,0.4085648148148148,,,1,1028,K002+KI07+KA08,K005+KA30+KI18
random_forest,combined,conformal_marginal,,,,,0.589041095890411,0.863013698630137,1,1028,K002+KI07+KA08,K005+KA30+KI18
random_forest,combined,conformal_class_conditional,,,,,0.54337899543379,0.8995433789954338,1,1028,K002+KI07+KA08,K005+KA30+KI18
svm,source,raw,0.658675799086758,0.22336708708615383,0.9954337899543378,0.34059633027522934,,,1,1028,K002+KI07+KA08,K005+KA30+KI18
svm,source,temperature,0.658675799086758,0.22026308206312967,0.9954337899543378,0.34059633027522934,,,1,1028,K002+KI07+KA08,K005+KA30+KI18
svm,source,isotonic,0.6210045662100456,0.31034699219723594,0.9897260273972602,0.3737024221453287,,,1,1028,K002+KI07+KA08,K005+KA30+KI18
svm,source,conformal_marginal,,,,,0.5513698630136986,0.7454337899543378,1,1028,K002+KI07+KA08,K005+KA30+KI18
svm,source,conformal_class_conditional,,,,,0.5228310502283106,0.7602739726027398,1,1028,K002+KI07+KA08,K005+KA30+KI18
svm,target,raw,0.658675799086758,0.22336708708615383,0.7602739726027398,0.26426426426426425,,,1,1028,K002+KI07+KA08,K005+KA30+KI18
svm,target,temperature,0.658675799086758,0.21294526943694714,0.7636986301369864,0.26606875934230195,,,1,1028,K002+KI07+KA08,K005+KA30+KI18
svm,target,isotonic,0.593607305936073,0.3284277296064772,1.0,0.4063926940639269,,,1,1028,K002+KI07+KA08,K005+KA30+KI18
svm,target,conformal_marginal,,,,,0.660958904109589,1.0022831050228311,1,1028,K002+KI07+KA08,K005+KA30+KI18
svm,target,conformal_class_conditional,,,,,0.58675799086758,0.9988584474885844,1,1028,K002+KI07+KA08,K005+KA30+KI18
svm,combined,raw,0.658675799086758,0.22336708708615383,0.882420091324201,0.3040103492884864,,,1,1028,K002+KI07+KA08,K005+KA30+KI18
svm,combined,temperature,0.658675799086758,0.21495646490638493,0.886986301369863,0.30373230373230375,,,1,1028,K002+KI07+KA08,K005+KA30+KI18
svm,combined,isotonic,0.5970319634703196,0.30519041684044457,0.997716894977169,0.40160183066361554,,,1,1028,K002+KI07+KA08,K005+KA30+KI18
svm,combined,conformal_marginal,,,,,0.6232876712328768,0.9029680365296804,1,1028,K002+KI07+KA08,K005+KA30+KI18
svm,combined,conformal_class_conditional,,,,,0.5616438356164384,0.9041095890410958,1,1028,K002+KI07+KA08,K005+KA30+KI18
xgboost,source,raw,0.6575342465753424,0.27949438210083466,0.9817351598173516,0.3372093023255814,,,1,1028,K002+KI07+KA08,K005+KA30+KI18
xgboost,source,temperature,0.6575342465753424,0.23809193155267835,0.980593607305936,0.33643771827706637,,,1,1028,K002+KI07+KA08,K005+KA30+KI18
xgboost,source,isotonic,0.6358447488584474,0.3236786470872674,0.9828767123287672,0.3588850174216028,,,1,1028,K002+KI07+KA08,K005+KA30+KI18
xgboost,source,conformal_marginal,,,,,0.5490867579908676,0.7420091324200914,1,1028,K002+KI07+KA08,K005+KA30+KI18
xgboost,source,conformal_class_conditional,,,,,0.5445205479452054,0.7922374429223744,1,1028,K002+KI07+KA08,K005+KA30+KI18
xgboost,target,raw,0.6575342465753424,0.27949438210083466,0.7100456621004566,0.24758842443729903,,,1,1028,K002+KI07+KA08,K005+KA30+KI18
xgboost,target,temperature,0.6575342465753424,0.19565901103884203,0.7111872146118722,0.24558587479935795,,,1,1028,K002+KI07+KA08,K005+KA30+KI18
xgboost,target,isotonic,0.54337899543379,0.3373952022584785,0.9611872146118722,0.4477434679334917,,,1,1028,K002+KI07+KA08,K005+KA30+KI18
xgboost,target,conformal_marginal,,,,,0.6986301369863014,1.1015981735159817,1,1028,K002+KI07+KA08,K005+KA30+KI18
xgboost,target,conformal_class_conditional,,,,,0.521689497716895,0.9874429223744292,1,1028,K002+KI07+KA08,K005+KA30+KI18
xgboost,combined,raw,0.6575342465753424,0.27949438210083466,0.860730593607306,0.29708222811671087,,,1,1028,K002+KI07+KA08,K005+KA30+KI18
xgboost,combined,temperature,0.6575342465753424,0.21372887172413424,0.8641552511415526,0.30250990752972257,,,1,1028,K002+KI07+KA08,K005+KA30+KI18
xgboost,combined,isotonic,0.6095890410958904,0.27220875144947854,0.9657534246575342,0.38534278959810875,,,1,1028,K002+KI07+KA08,K005+KA30+KI18
xgboost,combined,conformal_marginal,,,,,0.6506849315068494,0.9817351598173516,1,1028,K002+KI07+KA08,K005+KA30+KI18
xgboost,combined,conformal_class_conditional,,,,,0.5707762557077626,0.9360730593607306,1,1028,K002+KI07+KA08,K005+KA30+KI18
random_forest,source,raw,0.6769406392694064,0.19347252600882275,0.9794520547945206,0.32051282051282054,,,1,1029,K002+KI07+KA05,K005+KA04+KI21
random_forest,source,temperature,0.6769406392694064,0.226702793662658,0.9794520547945206,0.32051282051282054,,,1,1029,K002+KI07+KA05,K005+KA04+KI21
random_forest,source,isotonic,0.6552511415525114,0.2741193539831956,0.9908675799086758,0.33986175115207373,,,1,1029,K002+KI07+KA05,K005+KA04+KI21
random_forest,source,conformal_marginal,,,,,0.6210045662100456,0.886986301369863,1,1029,K002+KI07+KA05,K005+KA04+KI21
random_forest,source,conformal_class_conditional,,,,,0.5878995433789954,0.8755707762557078,1,1029,K002+KI07+KA05,K005+KA04+KI21
random_forest,target,raw,0.6769406392694064,0.19347252600882275,0.7157534246575342,0.25996810207336524,,,1,1029,K002+KI07+KA05,K005+KA04+KI21
random_forest,target,temperature,0.6769406392694064,0.17364315373662803,0.7111872146118722,0.2568218298555377,,,1,1029,K002+KI07+KA05,K005+KA04+KI21
random_forest,target,isotonic,0.6575342465753424,0.22880671945144165,0.889269406392694,0.31065468549422337,,,1,1029,K002+KI07+KA05,K005+KA04+KI21
random_forest,target,conformal_marginal,,,,,0.7077625570776256,1.1073059360730593,1,1029,K002+KI07+KA05,K005+KA04+KI21
random_forest,target,conformal_class_conditional,,,,,0.6164383561643836,1.0376712328767124,1,1029,K002+KI07+KA05,K005+KA04+KI21
random_forest,combined,raw,0.6769406392694064,0.19347252600882275,0.860730593607306,0.29973474801061006,,,1,1029,K002+KI07+KA05,K005+KA04+KI21
random_forest,combined,temperature,0.6769406392694064,0.19650376413144077,0.860730593607306,0.29973474801061006,,,1,1029,K002+KI07+KA05,K005+KA04+KI21
random_forest,combined,isotonic,0.680365296803653,0.22739096018135113,0.8995433789954338,0.30583756345177665,,,1,1029,K002+KI07+KA05,K005+KA04+KI21
random_forest,combined,conformal_marginal,,,,,0.6621004566210046,0.9828767123287672,1,1029,K002+KI07+KA05,K005+KA04+KI21
random_forest,combined,conformal_class_conditional,,,,,0.6700913242009132,1.0079908675799087,1,1029,K002+KI07+KA05,K005+KA04+KI21
svm,source,raw,0.682648401826484,0.20245365898193407,0.952054794520548,0.30335731414868106,,,1,1029,K002+KI07+KA05,K005+KA04+KI21
svm,source,temperature,0.682648401826484,0.21283719280847269,0.9554794520547946,0.3034647550776583,,,1,1029,K002+KI07+KA05,K005+KA04+KI21
svm,source,isotonic,0.6598173515981736,0.2426413114830101,0.997716894977169,0.33981693363844395,,,1,1029,K002+KI07+KA05,K005+KA04+KI21
svm,source,conformal_marginal,,,,,0.5799086757990868,0.773972602739726,1,1029,K002+KI07+KA05,K005+KA04+KI21
svm,source,conformal_class_conditional,,,,,0.523972602739726,0.7968036529680366,1,1029,K002+KI07+KA05,K005+KA04+KI21
svm,target,raw,0.682648401826484,0.20245365898193407,0.8493150684931506,0.27553763440860213,,,1,1029,K002+KI07+KA05,K005+KA04+KI21
svm,target,temperature,0.682648401826484,0.20152118343610742,0.8493150684931506,0.27553763440860213,,,1,1029,K002+KI07+KA05,K005+KA04+KI21
svm,target,isotonic,0.6940639269406392,0.2265780438989583,0.8812785388127854,0.26813471502590674,,,1,1029,K002+KI07+KA05,K005+KA04+KI21
svm,target,conformal_marginal,,,,,0.6746575342465754,0.9828767123287672,1,1029,K002+KI07+KA05,K005+KA04+KI21
svm,target,conformal_class_conditional,,,,,0.6255707762557078,0.954337899543379,1,1029,K002+KI07+KA05,K005+KA04+KI21
svm,combined,raw,0.682648401826484,0.20245365898193407,0.930365296803653,0.298159509202454,,,1,1029,K002+KI07+KA05,K005+KA04+KI21
svm,combined,temperature,0.682648401826484,0.2059100397311698,0.9052511415525114,0.29255989911727615,,,1,1029,K002+KI07+KA05,K005+KA04+KI21
svm,combined,isotonic,0.684931506849315,0.22855396671183908,0.9863013698630136,0.3101851851851852,,,1,1029,K002+KI07+KA05,K005+KA04+KI21
svm,combined,conformal_marginal,,,,,0.6449771689497716,0.9121004566210046,1,1029,K002+KI07+KA05,K005+KA04+KI21
svm,combined,conformal_class_conditional,,,,,0.6415525114155252,0.9178082191780822,1,1029,K002+KI07+KA05,K005+KA04+KI21
xgboost,source,raw,0.6655251141552512,0.2802998632464779,0.9121004566210046,0.30663329161451813,,,1,1029,K002+KI07+KA05,K005+KA04+KI21
xgboost,source,temperature,0.6655251141552512,0.23688568410672897,0.9052511415525114,0.30390920554854983,,,1,1029,K002+KI07+KA05,K005+KA04+KI21
xgboost,source,isotonic,0.656392694063927,0.24771761734543585,0.9965753424657534,0.3436426116838488,,,1,1029,K002+KI07+KA05,K005+KA04+KI21
xgboost,source,conformal_marginal,,,,,0.6598173515981736,0.9840182648401826,1,1029,K002+KI07+KA05,K005+KA04+KI21
xgboost,source,conformal_class_conditional,,,,,0.615296803652968,0.930365296803653,1,1029,K002+KI07+KA05,K005+KA04+KI21
xgboost,target,raw,0.6655251141552512,0.2802998632464779,0.7511415525114156,0.24924012158054712,,,1,1029,K002+KI07+KA05,K005+KA04+KI21
xgboost,target,temperature,0.6655251141552512,0.21635830296780656,0.7454337899543378,0.24808575803981622,,,1,1029,K002+KI07+KA05,K005+KA04+KI21
xgboost,target,isotonic,0.6541095890410958,0.2543154422073234,0.9372146118721462,0.32886723507917176,,,1,1029,K002+KI07+KA05,K005+KA04+KI21
xgboost,target,conformal_marginal,,,,,0.6643835616438356,0.9965753424657534,1,1029,K002+KI07+KA05,K005+KA04+KI21
xgboost,target,conformal_class_conditional,,,,,0.6255707762557078,1.0353881278538812,1,1029,K002+KI07+KA05,K005+KA04+KI21
xgboost,combined,raw,0.6655251141552512,0.2802998632464779,0.8527397260273972,0.28647925033467203,,,1,1029,K002+KI07+KA05,K005+KA04+KI21
xgboost,combined,temperature,0.6655251141552512,0.22630662464034584,0.867579908675799,0.2894736842105263,,,1,1029,K002+KI07+KA05,K005+KA04+KI21
xgboost,combined,isotonic,0.6655251141552512,0.23543792503894728,0.884703196347032,0.3058064516129032,,,1,1029,K002+KI07+KA05,K005+KA04+KI21
xgboost,combined,conformal_marginal,,,,,0.660958904109589,0.9897260273972602,1,1029,K002+KI07+KA05,K005+KA04+KI21
xgboost,combined,conformal_class_conditional,,,,,0.6643835616438356,1.0114155251141552,1,1029,K002+KI07+KA05,K005+KA04+KI21
random_forest,source,raw,0.7337142857142858,0.12573194833522097,0.8274285714285714,0.21823204419889503,,,1,1030,K002+KI01+KA06,K005+KA22+KI14
random_forest,source,temperature,0.7337142857142858,0.1395004836920552,0.8308571428571428,0.218707015130674,,,1,1030,K002+KI01+KA06,K005+KA22+KI14
random_forest,source,isotonic,0.6468571428571429,0.26505805202892974,0.9965714285714286,0.3532110091743119,,,1,1030,K002+KI01+KA06,K005+KA22+KI14
random_forest,source,conformal_marginal,,,,,0.72,0.9828571428571429,1,1030,K002+KI01+KA06,K005+KA22+KI14
random_forest,source,conformal_class_conditional,,,,,0.6445714285714286,0.8434285714285714,1,1030,K002+KI01+KA06,K005+KA22+KI14
random_forest,target,raw,0.7337142857142858,0.12573194833522097,0.0,,,,1,1030,K002+KI01+KA06,K005+KA22+KI14
random_forest,target,temperature,0.7337142857142858,0.21695779371194487,0.0,,,,1,1030,K002+KI01+KA06,K005+KA22+KI14
random_forest,target,isotonic,0.5622857142857143,0.18241043666504392,0.36342857142857143,0.06918238993710692,,,1,1030,K002+KI01+KA06,K005+KA22+KI14
random_forest,target,conformal_marginal,,,,,0.9542857142857143,2.136,1,1030,K002+KI01+KA06,K005+KA22+KI14
random_forest,target,conformal_class_conditional,,,,,0.7954285714285714,1.665142857142857,1,1030,K002+KI01+KA06,K005+KA22+KI14
random_forest,combined,raw,0.7337142857142858,0.12573194833522097,0.3485714285714286,0.04590163934426229,,,1,1030,K002+KI01+KA06,K005+KA22+KI14
random_forest,combined,temperature,0.7337142857142858,0.14004124612537613,0.3222857142857143,0.0425531914893617,,,1,1030,K002+KI01+KA06,K005+KA22+KI14
random_forest,combined,isotonic,0.7485714285714286,0.08399923280371549,0.35085714285714287,0.04560260586319218,,,1,1030,K002+KI01+KA06,K005+KA22+KI14
random_forest,combined,conformal_marginal,,,,,0.9017142857142857,1.8114285714285714,1,1030,K002+KI01+KA06,K005+KA22+KI14
random_forest,combined,conformal_class_conditional,,,,,0.8205714285714286,1.5234285714285714,1,1030,K002+KI01+KA06,K005+KA22+KI14
svm,source,raw,0.632,0.20818793111161354,0.6548571428571428,0.23909249563699825,,,1,1030,K002+KI01+KA06,K005+KA22+KI14
svm,source,temperature,0.632,0.0810129679902499,0.6765714285714286,0.24324324324324326,,,1,1030,K002+KI01+KA06,K005+KA22+KI14
svm,source,isotonic,0.6891428571428572,0.2358895038410514,0.9988571428571429,0.3100686498855835,,,1,1030,K002+KI01+KA06,K005+KA22+KI14
svm,source,conformal_marginal,,,,,0.7988571428571428,1.352,1,1030,K002+KI01+KA06,K005+KA22+KI14
svm,source,conformal_class_conditional,,,,,0.6834285714285714,0.9108571428571428,1,1030,K002+KI01+KA06,K005+KA22+KI14
svm,target,raw,0.632,0.20818793111161354,0.21942857142857142,0.03125,,,1,1030,K002+KI01+KA06,K005+KA22+KI14
svm,target,temperature,0.632,0.039592479940319045,0.20114285714285715,0.03409090909090909,,,1,1030,K002+KI01+KA06,K005+KA22+KI14
svm,target,isotonic,0.46514285714285714,0.2979240995291762,0.5154285714285715,0.42572062084257206,,,1,1030,K002+KI01+KA06,K005+KA22+KI14
svm,target,conformal_marginal,,,,,0.9611428571428572,2.490285714285714,1,1030,K002+KI01+KA06,K005+KA22+KI14
svm,target,conformal_class_conditional,,,,,0.6377142857142857,1.433142857142857,1,1030,K002+KI01+KA06,K005+KA22+KI14
svm,combined,raw,0.632,0.20818793111161354,0.248,0.04608294930875576,,,1,1030,K002+KI01+KA06,K005+KA22+KI14
svm,combined,temperature,0.632,0.05254615815942819,0.22857142857142856,0.035,,,1,1030,K002+KI01+KA06,K005+KA22+KI14
svm,combined,isotonic,0.7611428571428571,0.14420931147978522,0.2857142857142857,0.108,,,1,1030,K002+KI01+KA06,K005+KA22+KI14
svm,combined,conformal_marginal,,,,,0.8868571428571429,1.977142857142857,1,1030,K002+KI01+KA06,K005+KA22+KI14
svm,combined,conformal_class_conditional,,,,,0.8617142857142858,1.7017142857142857,1,1030,K002+KI01+KA06,K005+KA22+KI14
xgboost,source,raw,0.7177142857142857,0.22010020007405964,0.8091428571428572,0.2076271186440678,,,1,1030,K002+KI01+KA06,K005+KA22+KI14
xgboost,source,temperature,0.7177142857142857,0.15963434267274923,0.7885714285714286,0.19855072463768117,,,1,1030,K002+KI01+KA06,K005+KA22+KI14
xgboost,source,isotonic,0.6685714285714286,0.2342568773707756,0.9965714285714286,0.3302752293577982,,,1,1030,K002+KI01+KA06,K005+KA22+KI14
xgboost,source,conformal_marginal,,,,,0.7622857142857142,1.0891428571428572,1,1030,K002+KI01+KA06,K005+KA22+KI14
xgboost,source,conformal_class_conditional,,,,,0.6731428571428572,0.9382857142857143,1,1030,K002+KI01+KA06,K005+KA22+KI14
xgboost,target,raw,0.7177142857142857,0.22010020007405964,0.12228571428571429,0.0,,,1,1030,K002+KI01+KA06,K005+KA22+KI14
xgboost,target,temperature,0.7177142857142857,0.08367435814957638,0.12685714285714286,0.0,,,1,1030,K002+KI01+KA06,K005+KA22+KI14
xgboost,target,isotonic,0.6331428571428571,0.1370298536586515,0.456,0.12030075187969924,,,1,1030,K002+KI01+KA06,K005+KA22+KI14
xgboost,target,conformal_marginal,,,,,0.9405714285714286,1.9805714285714286,1,1030,K002+KI01+KA06,K005+KA22+KI14
xgboost,target,conformal_class_conditional,,,,,0.8331428571428572,1.5257142857142858,1,1030,K002+KI01+KA06,K005+KA22+KI14
xgboost,combined,raw,0.7177142857142857,0.22010020007405964,0.40114285714285713,0.07122507122507123,,,1,1030,K002+KI01+KA06,K005+KA22+KI14
xgboost,combined,temperature,0.7177142857142857,0.07194840685196449,0.42742857142857144,0.0748663101604278,,,1,1030,K002+KI01+KA06,K005+KA22+KI14
xgboost,combined,isotonic,0.7531428571428571,0.0582277792287233,0.42514285714285716,0.10752688172043011,,,1,1030,K002+KI01+KA06,K005+KA22+KI14
xgboost,combined,conformal_marginal,,,,,0.8811428571428571,1.6674285714285715,1,1030,K002+KI01+KA06,K005+KA22+KI14
xgboost,combined,conformal_class_conditional,,,,,0.8388571428571429,1.5085714285714287,1,1030,K002+KI01+KA06,K005+KA22+KI14
random_forest,source,raw,0.658675799086758,0.21439825078304908,0.906392694063927,0.3148614609571788,,,1,1031,K004+KI07+KA06,K006+KA30+KI18
random_forest,source,temperature,0.658675799086758,0.20446295643781542,0.9029680365296804,0.3122629582806574,,,1,1031,K004+KI07+KA06,K006+KA30+KI18
random_forest,source,isotonic,0.5958904109589042,0.32631265948376315,0.9874429223744292,0.3988439306358382,,,1,1031,K004+KI07+KA06,K006+KA30+KI18
random_forest,source,conformal_marginal,,,,,0.5684931506849316,0.7819634703196348,1,1031,K004+KI07+KA06,K006+KA30+KI18
random_forest,source,conformal_class_conditional,,,,,0.5273972602739726,0.8767123287671232,1,1031,K004+KI07+KA06,K006+KA30+KI18
random_forest,target,raw,0.658675799086758,0.21439825078304908,0.6735159817351598,0.23389830508474577,,,1,1031,K004+KI07+KA06,K006+KA30+KI18
random_forest,target,temperature,0.658675799086758,0.1737523747234665,0.6860730593607306,0.23460898502495842,,,1,1031,K004+KI07+KA06,K006+KA30+KI18
random_forest,target,isotonic,0.5856164383561644,0.30532047787825156,0.7819634703196348,0.3357664233576642,,,1,1031,K004+KI07+KA06,K006+KA30+KI18
random_forest,target,conformal_marginal,,,,,0.728310502283105,1.202054794520548,1,1031,K004+KI07+KA06,K006+KA30+KI18
random_forest,target,conformal_class_conditional,,,,,0.5730593607305936,1.0502283105022832,1,1031,K004+KI07+KA06,K006+KA30+KI18
random_forest,combined,raw,0.658675799086758,0.21439825078304908,0.7431506849315068,0.2565284178187404,,,1,1031,K004+KI07+KA06,K006+KA30+KI18
random_forest,combined,temperature,0.658675799086758,0.18533663874512624,0.7534246575342466,0.25606060606060604,,,1,1031,K004+KI07+KA06,K006+KA30+KI18
random_forest,combined,isotonic,0.5981735159817352,0.2790045036043558,0.8721461187214612,0.35471204188481675,,,1,1031,K004+KI07+KA06,K006+KA30+KI18
random_forest,combined,conformal_marginal,,,,,0.6712328767123288,1.0342465753424657,1,1031,K004+KI07+KA06,K006+KA30+KI18
random_forest,combined,conformal_class_conditional,,,,,0.5616438356164384,0.976027397260274,1,1031,K004+KI07+KA06,K006+KA30+KI18
svm,source,raw,0.6769406392694064,0.20806087358850323,0.815068493150685,0.24509803921568626,,,1,1031,K004+KI07+KA06,K006+KA30+KI18
svm,source,temperature,0.6769406392694064,0.1746222393431092,0.8070776255707762,0.2446958981612447,,,1,1031,K004+KI07+KA06,K006+KA30+KI18
svm,source,isotonic,0.6198630136986302,0.3466968234189724,0.9463470319634704,0.37394451145958985,,,1,1031,K004+KI07+KA06,K006+KA30+KI18
svm,source,conformal_marginal,,,,,0.6506849315068494,0.9098173515981736,1,1031,K004+KI07+KA06,K006+KA30+KI18
svm,source,conformal_class_conditional,,,,,0.5125570776255708,0.8025114155251142,1,1031,K004+KI07+KA06,K006+KA30+KI18
svm,target,raw,0.6769406392694064,0.20806087358850323,0.6484018264840182,0.1742957746478873,,,1,1031,K004+KI07+KA06,K006+KA30+KI18
svm,target,temperature,0.6769406392694064,0.1777938848641065,0.636986301369863,0.17025089605734767,,,1,1031,K004+KI07+KA06,K006+KA30+KI18
svm,target,isotonic,0.6312785388127854,0.2806989093390214,0.8561643835616438,0.29733333333333334,,,1,1031,K004+KI07+KA06,K006+KA30+KI18
svm,target,conformal_marginal,,,,,0.75,1.221461187214612,1,1031,K004+KI07+KA06,K006+KA30+KI18
svm,target,conformal_class_conditional,,,,,0.6278538812785388,1.095890410958904,1,1031,K004+KI07+KA06,K006+KA30+KI18
svm,combined,raw,0.6769406392694064,0.20806087358850323,0.7054794520547946,0.19741100323624594,,,1,1031,K004+KI07+KA06,K006+KA30+KI18
svm,combined,temperature,0.6769406392694064,0.17695934414996764,0.70662100456621,0.20032310177705978,,,1,1031,K004+KI07+KA06,K006+KA30+KI18
svm,combined,isotonic,0.6164383561643836,0.2834675634608719,0.8938356164383562,0.3282247765006386,,,1,1031,K004+KI07+KA06,K006+KA30+KI18
svm,combined,conformal_marginal,,,,,0.7168949771689498,1.11986301369863,1,1031,K004+KI07+KA06,K006+KA30+KI18
svm,combined,conformal_class_conditional,,,,,0.6027397260273972,0.9874429223744292,1,1031,K004+KI07+KA06,K006+KA30+KI18
xgboost,source,raw,0.658675799086758,0.2857983016396223,0.9965753424657534,0.33906071019473083,,,1,1031,K004+KI07+KA06,K006+KA30+KI18
xgboost,source,temperature,0.658675799086758,0.23887270162870355,0.9954337899543378,0.338302752293578,,,1,1031,K004+KI07+KA06,K006+KA30+KI18
xgboost,source,isotonic,0.617579908675799,0.31369060133385096,0.978310502283105,0.37222870478413067,,,1,1031,K004+KI07+KA06,K006+KA30+KI18
xgboost,source,conformal_marginal,,,,,0.6027397260273972,0.8493150684931506,1,1031,K004+KI07+KA06,K006+KA30+KI18
xgboost,source,conformal_class_conditional,,,,,0.5388127853881278,0.8527397260273972,1,1031,K004+KI07+KA06,K006+KA30+KI18
xgboost,target,raw,0.658675799086758,0.2857983016396223,0.704337899543379,0.24149108589951376,,,1,1031,K004+KI07+KA06,K006+KA30+KI18
xgboost,target,temperature,0.658675799086758,0.19572845475790696,0.7134703196347032,0.2448,,,1,1031,K004+KI07+KA06,K006+KA30+KI18
xgboost,target,isotonic,0.5878995433789954,0.30288623377151824,0.7922374429223744,0.33285302593659943,,,1,1031,K004+KI07+KA06,K006+KA30+KI18
xgboost,target,conformal_marginal,,,,,0.726027397260274,1.2180365296803652,1,1031,K004+KI07+KA06,K006+KA30+KI18
xgboost,target,conformal_class_conditional,,,,,0.5616438356164384,1.0570776255707763,1,1031,K004+KI07+KA06,K006+KA30+KI18
xgboost,combined,raw,0.658675799086758,0.2857983016396223,0.7796803652968036,0.2664714494875549,,,1,1031,K004+KI07+KA06,K006+KA30+KI18
xgboost,combined,temperature,0.658675799086758,0.21154683216169673,0.7808219178082192,0.26608187134502925,,,1,1031,K004+KI07+KA06,K006+KA30+KI18
xgboost,combined,isotonic,0.6232876712328768,0.26832327144081414,0.8299086757990868,0.31636863823933975,,,1,1031,K004+KI07+KA06,K006+KA30+KI18
xgboost,combined,conformal_marginal,,,,,0.6678082191780822,1.0228310502283104,1,1031,K004+KI07+KA06,K006+KA30+KI18
xgboost,combined,conformal_class_conditional,,,,,0.571917808219178,0.976027397260274,1,1031,K004+KI07+KA06,K006+KA30+KI18
random_forest,source,raw,0.7682648401826484,0.13270542243840047,0.7785388127853882,0.17595307917888564,,,1,1032,K002+KI03+KA05,K005+KA22+KI21
random_forest,source,temperature,0.7682648401826484,0.11663253583251665,0.7751141552511416,0.17378497790868924,,,1,1032,K002+KI03+KA05,K005+KA22+KI21
random_forest,source,isotonic,0.7625570776255708,0.14459174146521553,0.9075342465753424,0.20125786163522014,,,1,1032,K002+KI03+KA05,K005+KA22+KI21
random_forest,source,conformal_marginal,,,,,0.7705479452054794,1.0296803652968036,1,1032,K002+KI03+KA05,K005+KA22+KI21
random_forest,source,conformal_class_conditional,,,,,0.7682648401826484,0.9988584474885844,1,1032,K002+KI03+KA05,K005+KA22+KI21
random_forest,target,raw,0.7682648401826484,0.13270542243840047,0.0,,,,1,1032,K002+KI03+KA05,K005+KA22+KI21
random_forest,target,temperature,0.7682648401826484,0.2855963200655908,0.0,,,,1,1032,K002+KI03+KA05,K005+KA22+KI21
random_forest,target,isotonic,0.7031963470319634,0.1159284207828491,0.3881278538812785,0.014705882352941176,,,1,1032,K002+KI03+KA05,K005+KA22+KI21
random_forest,target,conformal_marginal,,,,,0.9646118721461188,2.0993150684931505,1,1032,K002+KI03+KA05,K005+KA22+KI21
random_forest,target,conformal_class_conditional,,,,,0.9246575342465754,1.8515981735159817,1,1032,K002+KI03+KA05,K005+KA22+KI21
random_forest,combined,raw,0.7682648401826484,0.13270542243840047,0.0,,,,1,1032,K002+KI03+KA05,K005+KA22+KI21
random_forest,combined,temperature,0.7682648401826484,0.1199921629595012,0.0,,,,1,1032,K002+KI03+KA05,K005+KA22+KI21
random_forest,combined,isotonic,0.75,0.06265361853143826,0.3938356164383562,0.011594202898550725,,,1,1032,K002+KI03+KA05,K005+KA22+KI21
random_forest,combined,conformal_marginal,,,,,0.9098173515981736,1.7602739726027397,1,1032,K002+KI03+KA05,K005+KA22+KI21
random_forest,combined,conformal_class_conditional,,,,,0.908675799086758,1.8116438356164384,1,1032,K002+KI03+KA05,K005+KA22+KI21
svm,source,raw,0.769406392694064,0.14490286588913556,0.791095890410959,0.1673881673881674,,,1,1032,K002+KI03+KA05,K005+KA22+KI21
svm,source,temperature,0.769406392694064,0.11771049443914375,0.7831050228310502,0.1661807580174927,,,1,1032,K002+KI03+KA05,K005+KA22+KI21
svm,source,isotonic,0.7682648401826484,0.13788379416733348,0.821917808219178,0.14305555555555555,,,1,1032,K002+KI03+KA05,K005+KA22+KI21
svm,source,conformal_marginal,,,,,0.7374429223744292,0.932648401826484,1,1032,K002+KI03+KA05,K005+KA22+KI21
svm,source,conformal_class_conditional,,,,,0.7728310502283106,1.0171232876712328,1,1032,K002+KI03+KA05,K005+KA22+KI21
svm,target,raw,0.769406392694064,0.14490286588913556,0.1963470319634703,0.005813953488372093,,,1,1032,K002+KI03+KA05,K005+KA22+KI21
svm,target,temperature,0.769406392694064,0.14410570852399546,0.23972602739726026,0.004761904761904762,,,1,1032,K002+KI03+KA05,K005+KA22+KI21
svm,target,isotonic,0.7146118721461188,0.09389042199005905,0.408675799086758,0.055865921787709494,,,1,1032,K002+KI03+KA05,K005+KA22+KI21
svm,target,conformal_marginal,,,,,0.9634703196347032,2.319634703196347,1,1032,K002+KI03+KA05,K005+KA22+KI21
svm,target,conformal_class_conditional,,,,,0.906392694063927,1.7203196347031964,1,1032,K002+KI03+KA05,K005+KA22+KI21
svm,combined,raw,0.769406392694064,0.14490286588913556,0.2146118721461187,0.02127659574468085,,,1,1032,K002+KI03+KA05,K005+KA22+KI21
svm,combined,temperature,0.769406392694064,0.03685729986339285,0.2591324200913242,0.01762114537444934,,,1,1032,K002+KI03+KA05,K005+KA22+KI21
svm,combined,isotonic,0.7579908675799086,0.04519169053463454,0.4075342465753425,0.047619047619047616,,,1,1032,K002+KI03+KA05,K005+KA22+KI21
svm,combined,conformal_marginal,,,,,0.906392694063927,1.6461187214611872,1,1032,K002+KI03+KA05,K005+KA22+KI21
svm,combined,conformal_class_conditional,,,,,0.8778538812785388,1.6335616438356164,1,1032,K002+KI03+KA05,K005+KA22+KI21
xgboost,source,raw,0.7557077625570776,0.20211605312617392,0.860730593607306,0.1856763925729443,,,1,1032,K002+KI03+KA05,K005+KA22+KI21
xgboost,source,temperature,0.7557077625570776,0.13834363598082297,0.8470319634703196,0.18328840970350405,,,1,1032,K002+KI03+KA05,K005+KA22+KI21
xgboost,source,isotonic,0.7728310502283106,0.14529315537967435,0.863013698630137,0.18253968253968253,,,1,1032,K002+KI03+KA05,K005+KA22+KI21
xgboost,source,conformal_marginal,,,,,0.7591324200913242,1.0102739726027397,1,1032,K002+KI03+KA05,K005+KA22+KI21
xgboost,source,conformal_class_conditional,,,,,0.7659817351598174,1.0091324200913243,1,1032,K002+KI03+KA05,K005+KA22+KI21
xgboost,target,raw,0.7557077625570776,0.20211605312617392,0.08447488584474885,0.013513513513513514,,,1,1032,K002+KI03+KA05,K005+KA22+KI21
xgboost,target,temperature,0.7557077625570776,0.17453177527843647,0.3047945205479452,0.026217228464419477,,,1,1032,K002+KI03+KA05,K005+KA22+KI21
xgboost,target,isotonic,0.7054794520547946,0.07727059035607296,0.408675799086758,0.027932960893854747,,,1,1032,K002+KI03+KA05,K005+KA22+KI21
xgboost,target,conformal_marginal,,,,,0.9337899543378996,1.961187214611872,1,1032,K002+KI03+KA05,K005+KA22+KI21
xgboost,target,conformal_class_conditional,,,,,0.9200913242009132,1.7077625570776256,1,1032,K002+KI03+KA05,K005+KA22+KI21
xgboost,combined,raw,0.7557077625570776,0.20211605312617392,0.2968036529680365,0.038461538461538464,,,1,1032,K002+KI03+KA05,K005+KA22+KI21
xgboost,combined,temperature,0.7557077625570776,0.0448708067099802,0.3116438356164384,0.03296703296703297,,,1,1032,K002+KI03+KA05,K005+KA22+KI21
xgboost,combined,isotonic,0.7842465753424658,0.061646325131068255,0.4292237442922374,0.05851063829787234,,,1,1032,K002+KI03+KA05,K005+KA22+KI21
xgboost,combined,conformal_marginal,,,,,0.908675799086758,1.7100456621004567,1,1032,K002+KI03+KA05,K005+KA22+KI21
xgboost,combined,conformal_class_conditional,,,,,0.8789954337899544,1.5102739726027397,1,1032,K002+KI03+KA05,K005+KA22+KI21
random_forest,source,raw,0.6358447488584474,0.2152172954744,0.9954337899543378,0.3623853211009174,,,1,1033,K002+KI07+KA09,K005+KA16+KI18
random_forest,source,temperature,0.6358447488584474,0.23776826322733108,0.9954337899543378,0.3623853211009174,,,1,1033,K002+KI07+KA09,K005+KA16+KI18
random_forest,source,isotonic,0.6015981735159818,0.31955623216802054,0.9897260273972602,0.39215686274509803,,,1,1033,K002+KI07+KA09,K005+KA16+KI18
random_forest,source,conformal_marginal,,,,,0.4840182648401826,0.6700913242009132,1,1033,K002+KI07+KA09,K005+KA16+KI18
random_forest,source,conformal_class_conditional,,,,,0.4897260273972603,0.7591324200913242,1,1033,K002+KI07+KA09,K005+KA16+KI18
random_forest,target,raw,0.6358447488584474,0.2152172954744,0.9531963470319634,0.3532934131736527,,,1,1033,K002+KI07+KA09,K005+KA16+KI18
random_forest,target,temperature,0.6358447488584474,0.21776667665832444,0.9531963470319634,0.3532934131736527,,,1,1033,K002+KI07+KA09,K005+KA16+KI18
random_forest,target,isotonic,0.5136986301369864,0.39250415320456145,0.867579908675799,0.4486842105263158,,,1,1033,K002+KI07+KA09,K005+KA16+KI18
random_forest,target,conformal_marginal,,,,,0.54337899543379,0.7899543378995434,1,1033,K002+KI07+KA09,K005+KA16+KI18
random_forest,target,conformal_class_conditional,,,,,0.4691780821917808,0.8184931506849316,1,1033,K002+KI07+KA09,K005+KA16+KI18
random_forest,combined,raw,0.6358447488584474,0.2152172954744,0.9840182648401826,0.3619489559164733,,,1,1033,K002+KI07+KA09,K005+KA16+KI18
random_forest,combined,temperature,0.6358447488584474,0.22806174463324333,0.9828767123287672,0.3612078977932636,,,1,1033,K002+KI07+KA09,K005+KA16+KI18
random_forest,combined,isotonic,0.5810502283105022,0.3399140208759223,0.9920091324200914,0.4177215189873418,,,1,1033,K002+KI07+KA09,K005+KA16+KI18
random_forest,combined,conformal_marginal,,,,,0.5251141552511416,0.7454337899543378,1,1033,K002+KI07+KA09,K005+KA16+KI18
random_forest,combined,conformal_class_conditional,,,,,0.4703196347031963,0.7511415525114156,1,1033,K002+KI07+KA09,K005+KA16+KI18
svm,source,raw,0.6415525114155252,0.2266945748202523,0.9942922374429224,0.35706084959816303,,,1,1033,K002+KI07+KA09,K005+KA16+KI18
svm,source,temperature,0.6415525114155252,0.22429511380935924,0.9942922374429224,0.35706084959816303,,,1,1033,K002+KI07+KA09,K005+KA16+KI18
svm,source,isotonic,0.5947488584474886,0.3285918631832404,0.9703196347031964,0.3988235294117647,,,1,1033,K002+KI07+KA09,K005+KA16+KI18
svm,source,conformal_marginal,,,,,0.5182648401826484,0.7123287671232876,1,1033,K002+KI07+KA09,K005+KA16+KI18
svm,source,conformal_class_conditional,,,,,0.4509132420091324,0.7054794520547946,1,1033,K002+KI07+KA09,K005+KA16+KI18
svm,target,raw,0.6415525114155252,0.2266945748202523,0.9680365296803652,0.35023584905660377,,,1,1033,K002+KI07+KA09,K005+KA16+KI18
svm,target,temperature,0.6415525114155252,0.2503341554264888,0.9794520547945206,0.3531468531468531,,,1,1033,K002+KI07+KA09,K005+KA16+KI18
svm,target,isotonic,0.541095890410959,0.37394572345146787,0.9440639269406392,0.44256348246674726,,,1,1033,K002+KI07+KA09,K005+KA16+KI18
svm,target,conformal_marginal,,,,,0.5582191780821918,0.7888127853881278,1,1033,K002+KI07+KA09,K005+KA16+KI18
svm,target,conformal_class_conditional,,,,,0.4680365296803653,0.7180365296803652,1,1033,K002+KI07+KA09,K005+KA16+KI18
svm,combined,raw,0.6415525114155252,0.2266945748202523,0.9942922374429224,0.35706084959816303,,,1,1033,K002+KI07+KA09,K005+KA16+KI18
svm,combined,temperature,0.6415525114155252,0.23955607463509057,0.9942922374429224,0.35706084959816303,,,1,1033,K002+KI07+KA09,K005+KA16+KI18
svm,combined,isotonic,0.5856164383561644,0.3391342814054259,1.0,0.4143835616438356,,,1,1033,K002+KI07+KA09,K005+KA16+KI18
svm,combined,conformal_marginal,,,,,0.521689497716895,0.7214611872146118,1,1033,K002+KI07+KA09,K005+KA16+KI18
svm,combined,conformal_class_conditional,,,,,0.4520547945205479,0.6815068493150684,1,1033,K002+KI07+KA09,K005+KA16+KI18
xgboost,source,raw,0.6404109589041096,0.2881058122129201,0.9714611872146118,0.3537015276145711,,,1,1033,K002+KI07+KA09,K005+KA16+KI18
xgboost,source,temperature,0.6404109589041096,0.24753938759632776,0.9714611872146118,0.3525264394829612,,,1,1033,K002+KI07+KA09,K005+KA16+KI18
xgboost,source,isotonic,0.6187214611872146,0.3107611699078879,0.9771689497716894,0.375,,,1,1033,K002+KI07+KA09,K005+KA16+KI18
xgboost,source,conformal_marginal,,,,,0.547945205479452,0.7705479452054794,1,1033,K002+KI07+KA09,K005+KA16+KI18
xgboost,source,conformal_class_conditional,,,,,0.5034246575342466,0.771689497716895,1,1033,K002+KI07+KA09,K005+KA16+KI18
xgboost,target,raw,0.6404109589041096,0.2881058122129201,0.9166666666666666,0.33872976338729766,,,1,1033,K002+KI07+KA09,K005+KA16+KI18
xgboost,target,temperature,0.6404109589041096,0.23296271803624563,0.9041095890410958,0.33585858585858586,,,1,1033,K002+KI07+KA09,K005+KA16+KI18
xgboost,target,isotonic,0.5102739726027398,0.41082194571053404,0.9269406392694064,0.47167487684729065,,,1,1033,K002+KI07+KA09,K005+KA16+KI18
xgboost,target,conformal_marginal,,,,,0.5947488584474886,0.886986301369863,1,1033,K002+KI07+KA09,K005+KA16+KI18
xgboost,target,conformal_class_conditional,,,,,0.4315068493150685,0.7465753424657534,1,1033,K002+KI07+KA09,K005+KA16+KI18
xgboost,combined,raw,0.6404109589041096,0.2881058122129201,0.9554794520547946,0.35005973715651134,,,1,1033,K002+KI07+KA09,K005+KA16+KI18
xgboost,combined,temperature,0.6404109589041096,0.24019756318332275,0.9360730593607306,0.34512195121951217,,,1,1033,K002+KI07+KA09,K005+KA16+KI18
xgboost,combined,isotonic,0.6004566210045662,0.318618285077279,0.9748858447488584,0.38992974238875877,,,1,1033,K002+KI07+KA09,K005+KA16+KI18
xgboost,combined,conformal_marginal,,,,,0.5616438356164384,0.8025114155251142,1,1033,K002+KI07+KA09,K005+KA16+KI18
xgboost,combined,conformal_class_conditional,,,,,0.5045662100456622,0.7990867579908676,1,1033,K002+KI07+KA09,K005+KA16+KI18
random_forest,source,raw,0.6761687571265679,0.20038318613875875,0.9942987457240593,0.32224770642201833,,,1,1034,K002+KI08+KA01,K005+KA30+KI21
random_forest,source,temperature,0.6761687571265679,0.2322352201743803,0.9942987457240593,0.32224770642201833,,,1,1034,K002+KI08+KA01,K005+KA30+KI21
random_forest,source,isotonic,0.6795895096921323,0.26395483746842724,0.992018244013683,0.3160919540229885,,,1,1034,K002+KI08+KA01,K005+KA30+KI21
random_forest,source,conformal_marginal,,,,,0.5507411630558723,0.7206385404789054,1,1034,K002+KI08+KA01,K005+KA30+KI21
random_forest,source,conformal_class_conditional,,,,,0.6123147092360319,0.8688711516533637,1,1034,K002+KI08+KA01,K005+KA30+KI21
random_forest,target,raw,0.6761687571265679,0.20038318613875875,0.5393386545039909,0.1331923890063425,,,1,1034,K002+KI08+KA01,K005+KA30+KI21
random_forest,target,temperature,0.6761687571265679,0.17399124271359626,0.5655644241733181,0.15120967741935484,,,1,1034,K002+KI08+KA01,K005+KA30+KI21
random_forest,target,isotonic,0.6887115165336374,0.17155635017597748,0.5530216647662486,0.1711340206185567,,,1,1034,K002+KI08+KA01,K005+KA30+KI21
random_forest,target,conformal_marginal,,,,,0.7673888255416191,1.2690992018244014,1,1034,K002+KI08+KA01,K005+KA30+KI21
random_forest,target,conformal_class_conditional,,,,,0.7673888255416191,1.272519954389966,1,1034,K002+KI08+KA01,K005+KA30+KI21
random_forest,combined,raw,0.6761687571265679,0.20038318613875875,0.7787913340935005,0.2562225475841874,,,1,1034,K002+KI08+KA01,K005+KA30+KI21
random_forest,combined,temperature,0.6761687571265679,0.19512266142025173,0.7810718358038768,0.25547445255474455,,,1,1034,K002+KI08+KA01,K005+KA30+KI21
random_forest,combined,isotonic,0.6909920182440137,0.1903459582297607,0.8038768529076397,0.251063829787234,,,1,1034,K002+KI08+KA01,K005+KA30+KI21
random_forest,combined,conformal_marginal,,,,,0.7172177879133409,1.1117445838084379,1,1034,K002+KI08+KA01,K005+KA30+KI21
random_forest,combined,conformal_class_conditional,,,,,0.7263397947548461,1.112884834663626,1,1034,K002+KI08+KA01,K005+KA30+KI21
svm,source,raw,0.677309007981756,0.21510872351088806,0.9942987457240593,0.31995412844036697,,,1,1034,K002+KI08+KA01,K005+KA30+KI21
svm,source,temperature,0.677309007981756,0.2666073190924536,0.9942987457240593,0.31995412844036697,,,1,1034,K002+KI08+KA01,K005+KA30+KI21
svm,source,isotonic,0.6716077537058153,0.2881888702345665,0.9521094640820981,0.3089820359281437,,,1,1034,K002+KI08+KA01,K005+KA30+KI21
svm,source,conformal_marginal,,,,,0.6545039908779932,0.9315849486887116,1,1034,K002+KI08+KA01,K005+KA30+KI21
svm,source,conformal_class_conditional,,,,,0.6499429874572406,0.9498289623717218,1,1034,K002+KI08+KA01,K005+KA30+KI21
svm,target,raw,0.677309007981756,0.21510872351088806,0.7377423033067275,0.22720247295208656,,,1,1034,K002+KI08+KA01,K005+KA30+KI21
svm,target,temperature,0.677309007981756,0.18247326390319857,0.7286202964652223,0.2237871674491393,,,1,1034,K002+KI08+KA01,K005+KA30+KI21
svm,target,isotonic,0.6750285062713797,0.20382578890044578,0.7810718358038768,0.25255474452554744,,,1,1034,K002+KI08+KA01,K005+KA30+KI21
svm,target,conformal_marginal,,,,,0.7388825541619156,1.2029646522234891,1,1034,K002+KI08+KA01,K005+KA30+KI21
svm,target,conformal_class_conditional,,,,,0.7354618015963512,1.184720638540479,1,1034,K002+KI08+KA01,K005+KA30+KI21
svm,combined,raw,0.677309007981756,0.21510872351088806,0.7628278221208666,0.23766816143497757,,,1,1034,K002+KI08+KA01,K005+KA30+KI21
svm,combined,temperature,0.677309007981756,0.2179791674336123,0.7628278221208666,0.23766816143497757,,,1,1034,K002+KI08+KA01,K005+KA30+KI21
svm,combined,isotonic,0.677309007981756,0.23620348009906708,0.8050171037628279,0.273371104815864,,,1,1034,K002+KI08+KA01,K005+KA30+KI21
svm,combined,conformal_marginal,,,,,0.6875712656784493,1.0444697833523375,1,1034,K002+KI08+KA01,K005+KA30+KI21
svm,combined,conformal_class_conditional,,,,,0.6978335233751425,1.0649942987457242,1,1034,K002+KI08+KA01,K005+KA30+KI21
xgboost,source,raw,0.6738882554161916,0.27234489017908503,0.9372862029646523,0.3029197080291971,,,1,1034,K002+KI08+KA01,K005+KA30+KI21
xgboost,source,temperature,0.6738882554161916,0.23682292263948473,0.9213226909920182,0.297029702970297,,,1,1034,K002+KI08+KA01,K005+KA30+KI21
xgboost,source,isotonic,0.6830102622576967,0.26451537139355447,1.0,0.3169897377423033,,,1,1034,K002+KI08+KA01,K005+KA30+KI21
xgboost,source,conformal_marginal,,,,,0.6202964652223489,0.8540478905359179,1,1034,K002+KI08+KA01,K005+KA30+KI21
xgboost,source,conformal_class_conditional,,,,,0.6499429874572406,0.9144811858608894,1,1034,K002+KI08+KA01,K005+KA30+KI21
xgboost,target,raw,0.6738882554161916,0.27234489017908503,0.540478905359179,0.1308016877637131,,,1,1034,K002+KI08+KA01,K005+KA30+KI21
xgboost,target,temperature,0.6738882554161916,0.18567639109723627,0.5381984036488028,0.1271186440677966,,,1,1034,K002+KI08+KA01,K005+KA30+KI21
xgboost,target,isotonic,0.6670467502850627,0.21145816713955473,0.6157354618015963,0.15925925925925927,,,1,1034,K002+KI08+KA01,K005+KA30+KI21
xgboost,target,conformal_marginal,,,,,0.7616875712656784,1.2656784492588369,1,1034,K002+KI08+KA01,K005+KA30+KI21
xgboost,target,conformal_class_conditional,,,,,0.7708095781071835,1.2759407069555302,1,1034,K002+KI08+KA01,K005+KA30+KI21
xgboost,combined,raw,0.6738882554161916,0.27234489017908503,0.7309007981755986,0.21684867394695787,,,1,1034,K002+KI08+KA01,K005+KA30+KI21
xgboost,combined,temperature,0.6738882554161916,0.20953507882896938,0.7457240592930444,0.22324159021406728,,,1,1034,K002+KI08+KA01,K005+KA30+KI21
xgboost,combined,isotonic,0.6750285062713797,0.21081730123748624,0.7753705815279361,0.2411764705882353,,,1,1034,K002+KI08+KA01,K005+KA30+KI21
xgboost,combined,conformal_marginal,,,,,0.7046750285062714,1.0763968072976056,1,1034,K002+KI08+KA01,K005+KA30+KI21
xgboost,combined,conformal_class_conditional,,,,,0.7137970353477765,1.0935005701254277,1,1034,K002+KI08+KA01,K005+KA30+KI21
random_forest,source,raw,0.6210045662100456,0.24708438468350336,0.9189497716894978,0.3577639751552795,,,1,1035,K001+KI05+KA09,K003+KA30+KI14
random_forest,source,temperature,0.6210045662100456,0.27413352018633563,0.9292237442922374,0.35995085995085996,,,1,1035,K001+KI05+KA09,K003+KA30+KI14
random_forest,source,isotonic,0.6438356164383562,0.25209694398005766,0.9988584474885844,0.3554285714285714,,,1,1035,K001+KI05+KA09,K003+KA30+KI14
random_forest,source,conformal_marginal,,,,,0.5536529680365296,0.8127853881278538,1,1035,K001+KI05+KA09,K003+KA30+KI14
random_forest,source,conformal_class_conditional,,,,,0.6061643835616438,0.8972602739726028,1,1035,K001+KI05+KA09,K003+KA30+KI14
random_forest,target,raw,0.6210045662100456,0.24708438468350336,0.7579908675799086,0.29518072289156627,,,1,1035,K001+KI05+KA09,K003+KA30+KI14
random_forest,target,temperature,0.6210045662100456,0.2365452729113125,0.7511415525114156,0.29635258358662614,,,1,1035,K001+KI05+KA09,K003+KA30+KI14
random_forest,target,isotonic,0.6187214611872146,0.2545788578442948,0.730593607305936,0.3203125,,,1,1035,K001+KI05+KA09,K003+KA30+KI14
random_forest,target,conformal_marginal,,,,,0.6575342465753424,1.115296803652968,1,1035,K001+KI05+KA09,K003+KA30+KI14
random_forest,target,conformal_class_conditional,,,,,0.6643835616438356,1.1952054794520548,1,1035,K001+KI05+KA09,K003+KA30+KI14
random_forest,combined,raw,0.6210045662100456,0.24708438468350336,0.8333333333333334,0.32602739726027397,,,1,1035,K001+KI05+KA09,K003+KA30+KI14
random_forest,combined,temperature,0.6210045662100456,0.2534120223484989,0.8378995433789954,0.329700272479564,,,1,1035,K001+KI05+KA09,K003+KA30+KI14
random_forest,combined,isotonic,0.6267123287671232,0.26316916795131823,0.884703196347032,0.3406451612903226,,,1,1035,K001+KI05+KA09,K003+KA30+KI14
random_forest,combined,conformal_marginal,,,,,0.6267123287671232,1.0182648401826484,1,1035,K001+KI05+KA09,K003+KA30+KI14
random_forest,combined,conformal_class_conditional,,,,,0.636986301369863,1.0616438356164384,1,1035,K001+KI05+KA09,K003+KA30+KI14
svm,source,raw,0.6358447488584474,0.24933235090348763,0.9452054794520548,0.3417874396135266,,,1,1035,K001+KI05+KA09,K003+KA30+KI14
svm,source,temperature,0.6358447488584474,0.28486431890832176,0.954337899543379,0.34688995215311,,,1,1035,K001+KI05+KA09,K003+KA30+KI14
svm,source,isotonic,0.6495433789954338,0.2933680780389748,0.9828767123287672,0.34610917537746805,,,1,1035,K001+KI05+KA09,K003+KA30+KI14
svm,source,conformal_marginal,,,,,0.5559360730593608,0.7831050228310502,1,1035,K001+KI05+KA09,K003+KA30+KI14
svm,source,conformal_class_conditional,,,,,0.5753424657534246,0.7728310502283106,1,1035,K001+KI05+KA09,K003+KA30+KI14
svm,target,raw,0.6358447488584474,0.24933235090348763,0.7831050228310502,0.29008746355685133,,,1,1035,K001+KI05+KA09,K003+KA30+KI14
svm,target,temperature,0.6358447488584474,0.23583292083441743,0.7842465753424658,0.28966521106259097,,,1,1035,K001+KI05+KA09,K003+KA30+KI14
svm,target,isotonic,0.6164383561643836,0.2669859152448999,0.8002283105022832,0.31098430813124106,,,1,1035,K001+KI05+KA09,K003+KA30+KI14
svm,target,conformal_marginal,,,,,0.66324200913242,1.1027397260273972,1,1035,K001+KI05+KA09,K003+KA30+KI14
svm,target,conformal_class_conditional,,,,,0.6426940639269406,1.106164383561644,1,1035,K001+KI05+KA09,K003+KA30+KI14
svm,combined,raw,0.6358447488584474,0.24933235090348763,0.884703196347032,0.32387096774193547,,,1,1035,K001+KI05+KA09,K003+KA30+KI14
svm,combined,temperature,0.6358447488584474,0.25297854795187524,0.8858447488584474,0.3234536082474227,,,1,1035,K001+KI05+KA09,K003+KA30+KI14
svm,combined,isotonic,0.6301369863013698,0.26159577791381333,0.906392694063927,0.3337531486146096,,,1,1035,K001+KI05+KA09,K003+KA30+KI14
svm,combined,conformal_marginal,,,,,0.6312785388127854,0.976027397260274,1,1035,K001+KI05+KA09,K003+KA30+KI14
svm,combined,conformal_class_conditional,,,,,0.6255707762557078,1.004566210045662,1,1035,K001+KI05+KA09,K003+KA30+KI14
xgboost,source,raw,0.6210045662100456,0.3172866954514969,0.9166666666666666,0.3586550435865504,,,1,1035,K001+KI05+KA09,K003+KA30+KI14
xgboost,source,temperature,0.6210045662100456,0.2646950339981238,0.91324200913242,0.355,,,1,1035,K001+KI05+KA09,K003+KA30+KI14
xgboost,source,isotonic,0.6404109589041096,0.26482912478441195,0.9452054794520548,0.3417874396135266,,,1,1035,K001+KI05+KA09,K003+KA30+KI14
xgboost,source,conformal_marginal,,,,,0.5684931506849316,0.8515981735159818,1,1035,K001+KI05+KA09,K003+KA30+KI14
xgboost,source,conformal_class_conditional,,,,,0.636986301369863,0.9691780821917808,1,1035,K001+KI05+KA09,K003+KA30+KI14
xgboost,target,raw,0.6210045662100456,0.3172866954514969,0.7146118721461188,0.28594249201277955,,,1,1035,K001+KI05+KA09,K003+KA30+KI14
xgboost,target,temperature,0.6210045662100456,0.24582234128049227,0.728310502283105,0.2852664576802508,,,1,1035,K001+KI05+KA09,K003+KA30+KI14
xgboost,target,isotonic,0.6187214611872146,0.24619676081021677,0.79337899543379,0.3064748201438849,,,1,1035,K001+KI05+KA09,K003+KA30+KI14
xgboost,target,conformal_marginal,,,,,0.6712328767123288,1.1415525114155252,1,1035,K001+KI05+KA09,K003+KA30+KI14
xgboost,target,conformal_class_conditional,,,,,0.6815068493150684,1.2271689497716896,1,1035,K001+KI05+KA09,K003+KA30+KI14
xgboost,combined,raw,0.6210045662100456,0.3172866954514969,0.7659817351598174,0.29508196721311475,,,1,1035,K001+KI05+KA09,K003+KA30+KI14
xgboost,combined,temperature,0.6210045662100456,0.2547754454696596,0.7568493150684932,0.2911010558069382,,,1,1035,K001+KI05+KA09,K003+KA30+KI14
xgboost,combined,isotonic,0.6210045662100456,0.25938627617289456,0.8424657534246576,0.3265582655826558,,,1,1035,K001+KI05+KA09,K003+KA30+KI14
xgboost,combined,conformal_marginal,,,,,0.6301369863013698,1.047945205479452,1,1035,K001+KI05+KA09,K003+KA30+KI14
xgboost,combined,conformal_class_conditional,,,,,0.680365296803653,1.1472602739726028,1,1035,K001+KI05+KA09,K003+KA30+KI14
random_forest,source,raw,0.6457142857142857,0.1965744698217185,0.8422857142857143,0.31886024423337855,,,1,1036,K002+KI01+KA07,K005+KA04+KI14
random_forest,source,temperature,0.6457142857142857,0.2280631028671408,0.8537142857142858,0.3253012048192771,,,1,1036,K002+KI01+KA07,K005+KA04+KI14
random_forest,source,isotonic,0.5485714285714286,0.35054664785991124,0.9988571428571429,0.45080091533180777,,,1,1036,K002+KI01+KA07,K005+KA04+KI14
random_forest,source,conformal_marginal,,,,,0.6297142857142857,0.9657142857142857,1,1036,K002+KI01+KA07,K005+KA04+KI14
random_forest,source,conformal_class_conditional,,,,,0.5565714285714286,0.8377142857142857,1,1036,K002+KI01+KA07,K005+KA04+KI14
random_forest,target,raw,0.6457142857142857,0.1965744698217185,0.9885714285714285,0.35260115606936415,,,1,1036,K002+KI01+KA07,K005+KA04+KI14
random_forest,target,temperature,0.6457142857142857,0.19344345592560386,0.9885714285714285,0.35260115606936415,,,1,1036,K002+KI01+KA07,K005+KA04+KI14
random_forest,target,isotonic,0.6217142857142857,0.28840985883818177,0.9782857142857143,0.37149532710280375,,,1,1036,K002+KI01+KA07,K005+KA04+KI14
random_forest,target,conformal_marginal,,,,,0.5497142857142857,0.7965714285714286,1,1036,K002+KI01+KA07,K005+KA04+KI14
random_forest,target,conformal_class_conditional,,,,,0.512,0.8285714285714286,1,1036,K002+KI01+KA07,K005+KA04+KI14
random_forest,combined,raw,0.6457142857142857,0.1965744698217185,0.8617142857142858,0.32625994694960214,,,1,1036,K002+KI01+KA07,K005+KA04+KI14
random_forest,combined,temperature,0.6457142857142857,0.2083272784861337,0.8594285714285714,0.3257978723404255,,,1,1036,K002+KI01+KA07,K005+KA04+KI14
random_forest,combined,isotonic,0.6468571428571429,0.28099510991543547,0.9988571428571429,0.3524027459954233,,,1,1036,K002+KI01+KA07,K005+KA04+KI14
random_forest,combined,conformal_marginal,,,,,0.6137142857142858,0.928,1,1036,K002+KI01+KA07,K005+KA04+KI14
random_forest,combined,conformal_class_conditional,,,,,0.5531428571428572,0.8605714285714285,1,1036,K002+KI01+KA07,K005+KA04+KI14
svm,source,raw,0.544,0.28060364961799067,0.6148571428571429,0.34944237918215615,,,1,1036,K002+KI01+KA07,K005+KA04+KI14
svm,source,temperature,0.544,0.1369542135802405,0.6354285714285715,0.35431654676258995,,,1,1036,K002+KI01+KA07,K005+KA04+KI14
svm,source,isotonic,0.5988571428571429,0.3173521523397448,1.0,0.40114285714285713,,,1,1036,K002+KI01+KA07,K005+KA04+KI14
svm,source,conformal_marginal,,,,,0.728,1.4068571428571428,1,1036,K002+KI01+KA07,K005+KA04+KI14
svm,source,conformal_class_conditional,,,,,0.6205714285714286,0.9611428571428572,1,1036,K002+KI01+KA07,K005+KA04+KI14
svm,target,raw,0.544,0.28060364961799067,0.968,0.45336481700118064,,,1,1036,K002+KI01+KA07,K005+KA04+KI14
svm,target,temperature,0.544,0.31044066500431833,0.9702857142857143,0.4558303886925795,,,1,1036,K002+KI01+KA07,K005+KA04+KI14
svm,target,isotonic,0.5325714285714286,0.354223914129606,0.9782857142857143,0.4567757009345794,,,1,1036,K002+KI01+KA07,K005+KA04+KI14
svm,target,conformal_marginal,,,,,0.4594285714285714,0.8011428571428572,1,1036,K002+KI01+KA07,K005+KA04+KI14
svm,target,conformal_class_conditional,,,,,0.3474285714285714,0.5988571428571429,1,1036,K002+KI01+KA07,K005+KA04+KI14
svm,combined,raw,0.544,0.28060364961799067,0.6148571428571429,0.34944237918215615,,,1,1036,K002+KI01+KA07,K005+KA04+KI14
svm,combined,temperature,0.544,0.19776494813346224,0.6251428571428571,0.3510054844606947,,,1,1036,K002+KI01+KA07,K005+KA04+KI14
svm,combined,isotonic,0.6594285714285715,0.26293731524204883,0.9851428571428571,0.33410672853828305,,,1,1036,K002+KI01+KA07,K005+KA04+KI14
svm,combined,conformal_marginal,,,,,0.7245714285714285,1.3988571428571428,1,1036,K002+KI01+KA07,K005+KA04+KI14
svm,combined,conformal_class_conditional,,,,,0.592,0.92,1,1036,K002+KI01+KA07,K005+KA04+KI14
xgboost,source,raw,0.6365714285714286,0.29272945734432765,0.912,0.3358395989974937,,,1,1036,K002+KI01+KA07,K005+KA04+KI14
xgboost,source,temperature,0.6365714285714286,0.2561541961652097,0.8948571428571429,0.334610472541507,,,1,1036,K002+KI01+KA07,K005+KA04+KI14
xgboost,source,isotonic,0.5668571428571428,0.3359415422055206,0.9908571428571429,0.43252595155709345,,,1,1036,K002+KI01+KA07,K005+KA04+KI14
xgboost,source,conformal_marginal,,,,,0.64,1.006857142857143,1,1036,K002+KI01+KA07,K005+KA04+KI14
xgboost,source,conformal_class_conditional,,,,,0.5611428571428572,0.8857142857142857,1,1036,K002+KI01+KA07,K005+KA04+KI14
xgboost,target,raw,0.6365714285714286,0.29272945734432765,0.8571428571428571,0.328,,,1,1036,K002+KI01+KA07,K005+KA04+KI14
xgboost,target,temperature,0.6365714285714286,0.23412724908538018,0.8445714285714285,0.3193504736129905,,,1,1036,K002+KI01+KA07,K005+KA04+KI14
xgboost,target,isotonic,0.6182857142857143,0.30352319347424567,0.9897142857142858,0.37759815242494227,,,1,1036,K002+KI01+KA07,K005+KA04+KI14
xgboost,target,conformal_marginal,,,,,0.6171428571428571,0.9417142857142857,1,1036,K002+KI01+KA07,K005+KA04+KI14
xgboost,target,conformal_class_conditional,,,,,0.52,0.816,1,1036,K002+KI01+KA07,K005+KA04+KI14
xgboost,combined,raw,0.6365714285714286,0.29272945734432765,0.8937142857142857,0.33631713554987214,,,1,1036,K002+KI01+KA07,K005+KA04+KI14
xgboost,combined,temperature,0.6365714285714286,0.24467888984227426,0.8857142857142857,0.33419354838709675,,,1,1036,K002+KI01+KA07,K005+KA04+KI14
xgboost,combined,isotonic,0.6331428571428571,0.278252322918232,0.9771428571428571,0.36023391812865496,,,1,1036,K002+KI01+KA07,K005+KA04+KI14
xgboost,combined,conformal_marginal,,,,,0.632,0.9885714285714285,1,1036,K002+KI01+KA07,K005+KA04+KI14
xgboost,combined,conformal_class_conditional,,,,,0.5577142857142857,0.8617142857142858,1,1036,K002+KI01+KA07,K005+KA04+KI14
random_forest,source,raw,0.6655251141552512,0.18951869550765818,0.8424657534246576,0.2994579945799458,,,1,1037,K002+KI01+KA09,K005+KA30+KI14
random_forest,source,temperature,0.6655251141552512,0.21858073791740948,0.8538812785388128,0.2994652406417112,,,1,1037,K002+KI01+KA09,K005+KA30+KI14
random_forest,source,isotonic,0.6598173515981736,0.2663304175087889,0.9897260273972602,0.33794694348327564,,,1,1037,K002+KI01+KA09,K005+KA30+KI14
random_forest,source,conformal_marginal,,,,,0.6449771689497716,0.9486301369863014,1,1037,K002+KI01+KA09,K005+KA30+KI14
random_forest,source,conformal_class_conditional,,,,,0.6518264840182648,0.9155251141552512,1,1037,K002+KI01+KA09,K005+KA30+KI14
random_forest,target,raw,0.6655251141552512,0.18951869550765818,0.7157534246575342,0.2679425837320574,,,1,1037,K002+KI01+KA09,K005+KA30+KI14
random_forest,target,temperature,0.6655251141552512,0.14677664285388872,0.7157534246575342,0.26156299840510366,,,1,1037,K002+KI01+KA09,K005+KA30+KI14
random_forest,target,isotonic,0.6358447488584474,0.26318021859170215,0.8047945205479452,0.35319148936170214,,,1,1037,K002+KI01+KA09,K005+KA30+KI14
random_forest,target,conformal_marginal,,,,,0.7146118721461188,1.1575342465753424,1,1037,K002+KI01+KA09,K005+KA30+KI14
random_forest,target,conformal_class_conditional,,,,,0.6552511415525114,1.158675799086758,1,1037,K002+KI01+KA09,K005+KA30+KI14
random_forest,combined,raw,0.6655251141552512,0.18951869550765818,0.7659817351598174,0.28315946348733234,,,1,1037,K002+KI01+KA09,K005+KA30+KI14
random_forest,combined,temperature,0.6655251141552512,0.17096309655705821,0.7636986301369864,0.2825112107623318,,,1,1037,K002+KI01+KA09,K005+KA30+KI14
random_forest,combined,isotonic,0.6860730593607306,0.20258667653723428,0.8721461187214612,0.29450261780104714,,,1,1037,K002+KI01+KA09,K005+KA30+KI14
random_forest,combined,conformal_marginal,,,,,0.6712328767123288,1.0228310502283104,1,1037,K002+KI01+KA09,K005+KA30+KI14
random_forest,combined,conformal_class_conditional,,,,,0.680365296803653,1.0593607305936072,1,1037,K002+KI01+KA09,K005+KA30+KI14
svm,source,raw,0.5616438356164384,0.2713902180555682,0.6449771689497716,0.3238938053097345,,,1,1037,K002+KI01+KA09,K005+KA30+KI14
svm,source,temperature,0.5616438356164384,0.147623765989812,0.6689497716894978,0.3293515358361775,,,1,1037,K002+KI01+KA09,K005+KA30+KI14
svm,source,isotonic,0.6518264840182648,0.2700627839911087,0.9988584474885844,0.3474285714285714,,,1,1037,K002+KI01+KA09,K005+KA30+KI14
svm,source,conformal_marginal,,,,,0.7363013698630136,1.365296803652968,1,1037,K002+KI01+KA09,K005+KA30+KI14
svm,source,conformal_class_conditional,,,,,0.6974885844748858,0.997716894977169,1,1037,K002+KI01+KA09,K005+KA30+KI14
svm,target,raw,0.5616438356164384,0.2713902180555682,0.5559360730593608,0.3059548254620123,,,1,1037,K002+KI01+KA09,K005+KA30+KI14
svm,target,temperature,0.5616438356164384,0.24706582335760502,0.5639269406392694,0.3097165991902834,,,1,1037,K002+KI01+KA09,K005+KA30+KI14
svm,target,isotonic,0.4794520547945205,0.37011689466042563,0.8573059360730594,0.525965379494008,,,1,1037,K002+KI01+KA09,K005+KA30+KI14
svm,target,conformal_marginal,,,,,0.5970319634703196,1.0970319634703196,1,1037,K002+KI01+KA09,K005+KA30+KI14
svm,target,conformal_class_conditional,,,,,0.5034246575342466,1.1084474885844748,1,1037,K002+KI01+KA09,K005+KA30+KI14
svm,combined,raw,0.5616438356164384,0.2713902180555682,0.6449771689497716,0.3238938053097345,,,1,1037,K002+KI01+KA09,K005+KA30+KI14
svm,combined,temperature,0.5616438356164384,0.20104776092100723,0.6552511415525114,0.32752613240418116,,,1,1037,K002+KI01+KA09,K005+KA30+KI14
svm,combined,isotonic,0.7009132420091324,0.24239475319620113,0.843607305936073,0.2625169147496617,,,1,1037,K002+KI01+KA09,K005+KA30+KI14
svm,combined,conformal_marginal,,,,,0.7340182648401826,1.3618721461187215,1,1037,K002+KI01+KA09,K005+KA30+KI14
svm,combined,conformal_class_conditional,,,,,0.7134703196347032,1.245433789954338,1,1037,K002+KI01+KA09,K005+KA30+KI14
xgboost,source,raw,0.6643835616438356,0.273826145996514,0.8002283105022832,0.275320970042796,,,1,1037,K002+KI01+KA09,K005+KA30+KI14
xgboost,source,temperature,0.6643835616438356,0.22716395213006405,0.7945205479452054,0.27155172413793105,,,1,1037,K002+KI01+KA09,K005+KA30+KI14
xgboost,source,isotonic,0.6689497716894978,0.24062914687019513,1.0,0.3310502283105023,,,1,1037,K002+KI01+KA09,K005+KA30+KI14
xgboost,source,conformal_marginal,,,,,0.6894977168949772,1.0662100456621004,1,1037,K002+KI01+KA09,K005+KA30+KI14
xgboost,source,conformal_class_conditional,,,,,0.678082191780822,0.9988584474885844,1,1037,K002+KI01+KA09,K005+KA30+KI14
xgboost,target,raw,0.6643835616438356,0.273826145996514,0.726027397260274,0.25471698113207547,,,1,1037,K002+KI01+KA09,K005+KA30+KI14
xgboost,target,temperature,0.6643835616438356,0.19409349230022066,0.6792237442922374,0.23361344537815126,,,1,1037,K002+KI01+KA09,K005+KA30+KI14
xgboost,target,isotonic,0.6141552511415526,0.24968037308331636,0.7945205479452054,0.32471264367816094,,,1,1037,K002+KI01+KA09,K005+KA30+KI14
xgboost,target,conformal_marginal,,,,,0.7123287671232876,1.1461187214611872,1,1037,K002+KI01+KA09,K005+KA30+KI14
xgboost,target,conformal_class_conditional,,,,,0.7009132420091324,1.197488584474886,1,1037,K002+KI01+KA09,K005+KA30+KI14
xgboost,combined,raw,0.6643835616438356,0.273826145996514,0.8264840182648402,0.2845303867403315,,,1,1037,K002+KI01+KA09,K005+KA30+KI14
xgboost,combined,temperature,0.6643835616438356,0.20952098589659612,0.7968036529680366,0.2707736389684814,,,1,1037,K002+KI01+KA09,K005+KA30+KI14
xgboost,combined,isotonic,0.680365296803653,0.20537299744047216,0.8732876712328768,0.28627450980392155,,,1,1037,K002+KI01+KA09,K005+KA30+KI14
xgboost,combined,conformal_marginal,,,,,0.6974885844748858,1.0901826484018264,1,1037,K002+KI01+KA09,K005+KA30+KI14
xgboost,combined,conformal_class_conditional,,,,,0.6986301369863014,1.1050228310502284,1,1037,K002+KI01+KA09,K005+KA30+KI14
random_forest,source,raw,0.7123287671232876,0.16126575012070032,0.7671232876712328,0.2113095238095238,,,1,1038,K002+KI03+KA07,K005+KA15+KI14
random_forest,source,temperature,0.7123287671232876,0.12249450072746959,0.7454337899543378,0.20367534456355282,,,1,1038,K002+KI03+KA07,K005+KA15+KI14
random_forest,source,isotonic,0.7408675799086758,0.17396606956691507,0.9623287671232876,0.24673784104389088,,,1,1038,K002+KI03+KA07,K005+KA15+KI14
random_forest,source,conformal_marginal,,,,,0.7054794520547946,0.9691780821917808,1,1038,K002+KI03+KA07,K005+KA15+KI14
random_forest,source,conformal_class_conditional,,,,,0.6598173515981736,0.8310502283105022,1,1038,K002+KI03+KA07,K005+KA15+KI14
random_forest,target,raw,0.7123287671232876,0.16126575012070032,0.0,,,,1,1038,K002+KI03+KA07,K005+KA15+KI14
random_forest,target,temperature,0.7123287671232876,0.17155324272882436,0.0,,,,1,1038,K002+KI03+KA07,K005+KA15+KI14
random_forest,target,isotonic,0.6301369863013698,0.1072487543192829,0.3481735159817352,0.05245901639344262,,,1,1038,K002+KI03+KA07,K005+KA15+KI14
random_forest,target,conformal_marginal,,,,,0.980593607305936,2.219178082191781,1,1038,K002+KI03+KA07,K005+KA15+KI14
random_forest,target,conformal_class_conditional,,,,,0.83675799086758,1.7134703196347032,1,1038,K002+KI03+KA07,K005+KA15+KI14
random_forest,combined,raw,0.7123287671232876,0.16126575012070032,0.3481735159817352,0.04262295081967213,,,1,1038,K002+KI03+KA07,K005+KA15+KI14
random_forest,combined,temperature,0.7123287671232876,0.07291284402111863,0.3493150684931507,0.0457516339869281,,,1,1038,K002+KI03+KA07,K005+KA15+KI14
random_forest,combined,isotonic,0.7134703196347032,0.0570327387965245,0.4531963470319635,0.11083123425692695,,,1,1038,K002+KI03+KA07,K005+KA15+KI14
random_forest,combined,conformal_marginal,,,,,0.9486301369863014,1.9794520547945205,1,1038,K002+KI03+KA07,K005+KA15+KI14
random_forest,combined,conformal_class_conditional,,,,,0.8310502283105022,1.5068493150684932,1,1038,K002+KI03+KA07,K005+KA15+KI14
svm,source,raw,0.7226027397260274,0.17216581982317114,0.7294520547945206,0.17683881064162754,,,1,1038,K002+KI03+KA07,K005+KA15+KI14
svm,source,temperature,0.7226027397260274,0.12460103867461739,0.704337899543379,0.1685575364667747,,,1,1038,K002+KI03+KA07,K005+KA15+KI14
svm,source,isotonic,0.7568493150684932,0.15122645102110555,0.9611872146118722,0.22684085510688837,,,1,1038,K002+KI03+KA07,K005+KA15+KI14
svm,source,conformal_marginal,,,,,0.6815068493150684,0.8858447488584474,1,1038,K002+KI03+KA07,K005+KA15+KI14
svm,source,conformal_class_conditional,,,,,0.6883561643835616,0.9075342465753424,1,1038,K002+KI03+KA07,K005+KA15+KI14
svm,target,raw,0.7226027397260274,0.17216581982317114,0.1860730593607306,0.012269938650306749,,,1,1038,K002+KI03+KA07,K005+KA15+KI14
svm,target,temperature,0.7226027397260274,0.09705455840315964,0.24429223744292236,0.009345794392523364,,,1,1038,K002+KI03+KA07,K005+KA15+KI14
svm,target,isotonic,0.6678082191780822,0.0892148049816469,0.4292237442922374,0.21010638297872342,,,1,1038,K002+KI03+KA07,K005+KA15+KI14
svm,target,conformal_marginal,,,,,0.9771689497716894,2.4166666666666665,1,1038,K002+KI03+KA07,K005+KA15+KI14
svm,target,conformal_class_conditional,,,,,0.8184931506849316,1.6141552511415524,1,1038,K002+KI03+KA07,K005+KA15+KI14
svm,combined,raw,0.7226027397260274,0.17216581982317114,0.2990867579908676,0.05343511450381679,,,1,1038,K002+KI03+KA07,K005+KA15+KI14
svm,combined,temperature,0.7226027397260274,0.03835537112244192,0.3162100456621005,0.061371841155234655,,,1,1038,K002+KI03+KA07,K005+KA15+KI14
svm,combined,isotonic,0.7054794520547946,0.0833559269610913,0.386986301369863,0.14454277286135694,,,1,1038,K002+KI03+KA07,K005+KA15+KI14
svm,combined,conformal_marginal,,,,,0.9394977168949772,1.9589041095890412,1,1038,K002+KI03+KA07,K005+KA15+KI14
svm,combined,conformal_class_conditional,,,,,0.8207762557077626,1.6038812785388128,1,1038,K002+KI03+KA07,K005+KA15+KI14
xgboost,source,raw,0.7168949771689498,0.23026142857934784,0.8493150684931506,0.22580645161290322,,,1,1038,K002+KI03+KA07,K005+KA15+KI14
xgboost,source,temperature,0.7168949771689498,0.1571746725530372,0.8333333333333334,0.2232876712328767,,,1,1038,K002+KI03+KA07,K005+KA15+KI14
xgboost,source,isotonic,0.7420091324200914,0.13352870219741392,0.8025114155251142,0.19914651493598862,,,1,1038,K002+KI03+KA07,K005+KA15+KI14
xgboost,source,conformal_marginal,,,,,0.708904109589041,0.9771689497716894,1,1038,K002+KI03+KA07,K005+KA15+KI14
xgboost,source,conformal_class_conditional,,,,,0.66324200913242,0.8801369863013698,1,1038,K002+KI03+KA07,K005+KA15+KI14
xgboost,target,raw,0.7168949771689498,0.23026142857934784,0.1324200913242009,0.0,,,1,1038,K002+KI03+KA07,K005+KA15+KI14
xgboost,target,temperature,0.7168949771689498,0.11677367888296059,0.18835616438356165,0.0,,,1,1038,K002+KI03+KA07,K005+KA15+KI14
xgboost,target,isotonic,0.6232876712328768,0.14256101870342627,0.4280821917808219,0.07466666666666667,,,1,1038,K002+KI03+KA07,K005+KA15+KI14
xgboost,target,conformal_marginal,,,,,0.973744292237443,2.1095890410958904,1,1038,K002+KI03+KA07,K005+KA15+KI14
xgboost,target,conformal_class_conditional,,,,,0.8356164383561644,1.5536529680365296,1,1038,K002+KI03+KA07,K005+KA15+KI14
xgboost,combined,raw,0.7168949771689498,0.23026142857934784,0.2568493150684932,0.013333333333333334,,,1,1038,K002+KI03+KA07,K005+KA15+KI14
xgboost,combined,temperature,0.7168949771689498,0.05092141508758012,0.2796803652968037,0.012244897959183673,,,1,1038,K002+KI03+KA07,K005+KA15+KI14
xgboost,combined,isotonic,0.7077625570776256,0.06213004423007056,0.4041095890410959,0.059322033898305086,,,1,1038,K002+KI03+KA07,K005+KA15+KI14
xgboost,combined,conformal_marginal,,,,,0.9383561643835616,1.8333333333333333,1,1038,K002+KI03+KA07,K005+KA15+KI14
xgboost,combined,conformal_class_conditional,,,,,0.8447488584474886,1.504566210045662,1,1038,K002+KI03+KA07,K005+KA15+KI14
random_forest,source,raw,0.6289954337899544,0.23540276938182253,0.886986301369863,0.3384813384813385,,,1,1039,K002+KI05+KA08,K005+KA04+KI21
random_forest,source,temperature,0.6289954337899544,0.23453781119644027,0.886986301369863,0.3384813384813385,,,1,1039,K002+KI05+KA08,K005+KA04+KI21
random_forest,source,isotonic,0.6278538812785388,0.2883186072050196,0.9794520547945206,0.36713286713286714,,,1,1039,K002+KI05+KA08,K005+KA04+KI21
random_forest,source,conformal_marginal,,,,,0.567351598173516,0.8310502283105022,1,1039,K002+KI05+KA08,K005+KA04+KI21
random_forest,source,conformal_class_conditional,,,,,0.545662100456621,0.83675799086758,1,1039,K002+KI05+KA08,K005+KA04+KI21
random_forest,target,raw,0.6289954337899544,0.23540276938182253,0.7557077625570776,0.30513595166163143,,,1,1039,K002+KI05+KA08,K005+KA04+KI21
random_forest,target,temperature,0.6289954337899544,0.21408058162367272,0.7591324200913242,0.3037593984962406,,,1,1039,K002+KI05+KA08,K005+KA04+KI21
random_forest,target,isotonic,0.6312785388127854,0.26994904617996834,0.8904109589041096,0.34102564102564104,,,1,1039,K002+KI05+KA08,K005+KA04+KI21
random_forest,target,conformal_marginal,,,,,0.6815068493150684,1.1643835616438356,1,1039,K002+KI05+KA08,K005+KA04+KI21
random_forest,target,conformal_class_conditional,,,,,0.589041095890411,1.0011415525114156,1,1039,K002+KI05+KA08,K005+KA04+KI21
random_forest,combined,raw,0.6289954337899544,0.23540276938182253,0.7865296803652968,0.31059506531204645,,,1,1039,K002+KI05+KA08,K005+KA04+KI21
random_forest,combined,temperature,0.6289954337899544,0.22448035368942282,0.7945205479452054,0.3089080459770115,,,1,1039,K002+KI05+KA08,K005+KA04+KI21
random_forest,combined,isotonic,0.6312785388127854,0.2704860886803584,0.8949771689497716,0.3380102040816326,,,1,1039,K002+KI05+KA08,K005+KA04+KI21
random_forest,combined,conformal_marginal,,,,,0.6518264840182648,1.067351598173516,1,1039,K002+KI05+KA08,K005+KA04+KI21
random_forest,combined,conformal_class_conditional,,,,,0.5730593607305936,0.9554794520547946,1,1039,K002+KI05+KA08,K005+KA04+KI21
svm,source,raw,0.6461187214611872,0.22988202170418987,0.8995433789954338,0.3236040609137056,,,1,1039,K002+KI05+KA08,K005+KA04+KI21
svm,source,temperature,0.6461187214611872,0.2448550093981085,0.9052511415525114,0.3266078184110971,,,1,1039,K002+KI05+KA08,K005+KA04+KI21
svm,source,isotonic,0.6484018264840182,0.29898863849504215,0.973744292237443,0.3364595545134818,,,1,1039,K002+KI05+KA08,K005+KA04+KI21
svm,source,conformal_marginal,,,,,0.5833333333333334,0.839041095890411,1,1039,K002+KI05+KA08,K005+KA04+KI21
svm,source,conformal_class_conditional,,,,,0.5445205479452054,0.8230593607305936,1,1039,K002+KI05+KA08,K005+KA04+KI21
svm,target,raw,0.6461187214611872,0.22988202170418987,0.7819634703196348,0.28613138686131384,,,1,1039,K002+KI05+KA08,K005+KA04+KI21
svm,target,temperature,0.6461187214611872,0.2115309105842902,0.776255707762557,0.2852941176470588,,,1,1039,K002+KI05+KA08,K005+KA04+KI21
svm,target,isotonic,0.6552511415525114,0.25996827462649,0.9965753424657534,0.3447880870561283,,,1,1039,K002+KI05+KA08,K005+KA04+KI21
svm,target,conformal_marginal,,,,,0.66324200913242,1.0513698630136987,1,1039,K002+KI05+KA08,K005+KA04+KI21
svm,target,conformal_class_conditional,,,,,0.5707762557077626,0.8995433789954338,1,1039,K002+KI05+KA08,K005+KA04+KI21
svm,combined,raw,0.6461187214611872,0.22988202170418987,0.8767123287671232,0.3203125,,,1,1039,K002+KI05+KA08,K005+KA04+KI21
svm,combined,temperature,0.6461187214611872,0.22646078202063902,0.8789954337899544,0.3207792207792208,,,1,1039,K002+KI05+KA08,K005+KA04+KI21
svm,combined,isotonic,0.6541095890410958,0.26631776468626,0.9657534246575342,0.32860520094562645,,,1,1039,K002+KI05+KA08,K005+KA04+KI21
svm,combined,conformal_marginal,,,,,0.6358447488584474,0.9691780821917808,1,1039,K002+KI05+KA08,K005+KA04+KI21
svm,combined,conformal_class_conditional,,,,,0.5639269406392694,0.867579908675799,1,1039,K002+KI05+KA08,K005+KA04+KI21
xgboost,source,raw,0.6312785388127854,0.31410612907583857,0.8036529680365296,0.31107954545454547,,,1,1039,K002+KI05+KA08,K005+KA04+KI21
xgboost,source,temperature,0.6312785388127854,0.23729452922458089,0.7865296803652968,0.29898403483309144,,,1,1039,K002+KI05+KA08,K005+KA04+KI21
xgboost,source,isotonic,0.613013698630137,0.28779909878346277,0.9748858447488584,0.3758782201405152,,,1,1039,K002+KI05+KA08,K005+KA04+KI21
xgboost,source,conformal_marginal,,,,,0.5799086757990868,0.886986301369863,1,1039,K002+KI05+KA08,K005+KA04+KI21
xgboost,source,conformal_class_conditional,,,,,0.569634703196347,0.9178082191780822,1,1039,K002+KI05+KA08,K005+KA04+KI21
xgboost,target,raw,0.6312785388127854,0.31410612907583857,0.6769406392694064,0.26812816188870153,,,1,1039,K002+KI05+KA08,K005+KA04+KI21
xgboost,target,temperature,0.6312785388127854,0.2380261746210617,0.75,0.2876712328767123,,,1,1039,K002+KI05+KA08,K005+KA04+KI21
xgboost,target,isotonic,0.6301369863013698,0.2553706770729902,0.860730593607306,0.33819628647214856,,,1,1039,K002+KI05+KA08,K005+KA04+KI21
xgboost,target,conformal_marginal,,,,,0.6495433789954338,1.0776255707762556,1,1039,K002+KI05+KA08,K005+KA04+KI21
xgboost,target,conformal_class_conditional,,,,,0.5821917808219178,0.9703196347031964,1,1039,K002+KI05+KA08,K005+KA04+KI21
xgboost,combined,raw,0.6312785388127854,0.31410612907583857,0.7785388127853882,0.2991202346041056,,,1,1039,K002+KI05+KA08,K005+KA04+KI21
xgboost,combined,temperature,0.6312785388127854,0.23764617854914774,0.7602739726027398,0.2912912912912913,,,1,1039,K002+KI05+KA08,K005+KA04+KI21
xgboost,combined,isotonic,0.6289954337899544,0.25680285577093553,0.8744292237442922,0.3368146214099217,,,1,1039,K002+KI05+KA08,K005+KA04+KI21
xgboost,combined,conformal_marginal,,,,,0.6210045662100456,0.9897260273972602,1,1039,K002+KI05+KA08,K005+KA04+KI21
xgboost,combined,conformal_class_conditional,,,,,0.5776255707762558,0.9486301369863014,1,1039,K002+KI05+KA08,K005+KA04+KI21
random_forest,source,raw,0.6228571428571429,0.2154234520755581,0.984,0.3716608594657375,,,1,1040,K001+KI08+KA06,K003+KA04+KI18
random_forest,source,temperature,0.6228571428571429,0.299222206396551,0.9828571428571429,0.3732558139534884,,,1,1040,K001+KI08+KA06,K003+KA04+KI18
random_forest,source,isotonic,0.6137142857142858,0.3115273105639121,0.9737142857142858,0.37910798122065725,,,1,1040,K001+KI08+KA06,K003+KA04+KI18
random_forest,source,conformal_marginal,,,,,0.5154285714285715,0.7497142857142857,1,1040,K001+KI08+KA06,K003+KA04+KI18
random_forest,source,conformal_class_conditional,,,,,0.44457142857142856,0.7051428571428572,1,1040,K001+KI08+KA06,K003+KA04+KI18
random_forest,target,raw,0.6228571428571429,0.2154234520755581,0.9062857142857143,0.35561160151324084,,,1,1040,K001+KI08+KA06,K003+KA04+KI18
random_forest,target,temperature,0.6228571428571429,0.28952648604715425,0.9222857142857143,0.3593556381660471,,,1,1040,K001+KI08+KA06,K003+KA04+KI18
random_forest,target,isotonic,0.5645714285714286,0.38343488055472824,0.768,0.39880952380952384,,,1,1040,K001+KI08+KA06,K003+KA04+KI18
random_forest,target,conformal_marginal,,,,,0.6148571428571429,0.9851428571428571,1,1040,K001+KI08+KA06,K003+KA04+KI18
random_forest,target,conformal_class_conditional,,,,,0.36,0.6365714285714286,1,1040,K001+KI08+KA06,K003+KA04+KI18
random_forest,combined,raw,0.6228571428571429,0.2154234520755581,0.9268571428571428,0.3563501849568434,,,1,1040,K001+KI08+KA06,K003+KA04+KI18
random_forest,combined,temperature,0.6228571428571429,0.2942948700057361,0.9462857142857143,0.3647342995169082,,,1,1040,K001+KI08+KA06,K003+KA04+KI18
random_forest,combined,isotonic,0.584,0.36245880005785697,0.9954285714285714,0.4133180252583238,,,1,1040,K001+KI08+KA06,K003+KA04+KI18
random_forest,combined,conformal_marginal,,,,,0.5314285714285715,0.7851428571428571,1,1040,K001+KI08+KA06,K003+KA04+KI18
random_forest,combined,conformal_class_conditional,,,,,0.4377142857142857,0.7142857142857143,1,1040,K001+KI08+KA06,K003+KA04+KI18
svm,source,raw,0.6365714285714286,0.23181630625442506,0.9142857142857143,0.33375,,,1,1040,K001+KI08+KA06,K003+KA04+KI18
svm,source,temperature,0.6365714285714286,0.29972018364948166,0.9142857142857143,0.33375,,,1,1040,K001+KI08+KA06,K003+KA04+KI18
svm,source,isotonic,0.64,0.3216662921097482,0.9954285714285714,0.3582089552238806,,,1,1040,K001+KI08+KA06,K003+KA04+KI18
svm,source,conformal_marginal,,,,,0.49714285714285716,0.68,1,1040,K001+KI08+KA06,K003+KA04+KI18
svm,source,conformal_class_conditional,,,,,0.4594285714285714,0.6342857142857142,1,1040,K001+KI08+KA06,K003+KA04+KI18
svm,target,raw,0.6365714285714286,0.23181630625442506,0.9931428571428571,0.36363636363636365,,,1,1040,K001+KI08+KA06,K003+KA04+KI18
svm,target,temperature,0.6365714285714286,0.2710182524226289,0.992,0.3629032258064516,,,1,1040,K001+KI08+KA06,K003+KA04+KI18
svm,target,isotonic,0.5668571428571428,0.3885797156844239,0.808,0.44130127298444133,,,1,1040,K001+KI08+KA06,K003+KA04+KI18
svm,target,conformal_marginal,,,,,0.5577142857142857,0.7862857142857143,1,1040,K001+KI08+KA06,K003+KA04+KI18
svm,target,conformal_class_conditional,,,,,0.43314285714285716,0.7165714285714285,1,1040,K001+KI08+KA06,K003+KA04+KI18
svm,combined,raw,0.6365714285714286,0.23181630625442506,0.9931428571428571,0.36363636363636365,,,1,1040,K001+KI08+KA06,K003+KA04+KI18
svm,combined,temperature,0.6365714285714286,0.27864320603429094,0.992,0.3629032258064516,,,1,1040,K001+KI08+KA06,K003+KA04+KI18
svm,combined,isotonic,0.6091428571428571,0.33734529792084256,0.9782857142857143,0.38434579439252337,,,1,1040,K001+KI08+KA06,K003+KA04+KI18
svm,combined,conformal_marginal,,,,,0.5314285714285715,0.7382857142857143,1,1040,K001+KI08+KA06,K003+KA04+KI18
svm,combined,conformal_class_conditional,,,,,0.44,0.6845714285714286,1,1040,K001+KI08+KA06,K003+KA04+KI18
xgboost,source,raw,0.6251428571428571,0.306940492289407,0.9885714285714285,0.37109826589595374,,,1,1040,K001+KI08+KA06,K003+KA04+KI18
xgboost,source,temperature,0.6251428571428571,0.2997942420491015,0.9885714285714285,0.37109826589595374,,,1,1040,K001+KI08+KA06,K003+KA04+KI18
xgboost,source,isotonic,0.6125714285714285,0.3220091937270359,0.9931428571428571,0.3866513233601841,,,1,1040,K001+KI08+KA06,K003+KA04+KI18
xgboost,source,conformal_marginal,,,,,0.4937142857142857,0.7005714285714286,1,1040,K001+KI08+KA06,K003+KA04+KI18
xgboost,source,conformal_class_conditional,,,,,0.48342857142857143,0.7131428571428572,1,1040,K001+KI08+KA06,K003+KA04+KI18
xgboost,target,raw,0.6251428571428571,0.306940492289407,0.9897142857142858,0.371824480369515,,,1,1040,K001+KI08+KA06,K003+KA04+KI18
xgboost,target,temperature,0.6251428571428571,0.3071254468719471,0.9897142857142858,0.371824480369515,,,1,1040,K001+KI08+KA06,K003+KA04+KI18
xgboost,target,isotonic,0.5634285714285714,0.391817224980574,0.808,0.43422913719943423,,,1,1040,K001+KI08+KA06,K003+KA04+KI18
xgboost,target,conformal_marginal,,,,,0.5577142857142857,0.8388571428571429,1,1040,K001+KI08+KA06,K003+KA04+KI18
xgboost,target,conformal_class_conditional,,,,,0.3782857142857143,0.6811428571428572,1,1040,K001+KI08+KA06,K003+KA04+KI18
xgboost,combined,raw,0.6251428571428571,0.306940492289407,0.9897142857142858,0.371824480369515,,,1,1040,K001+KI08+KA06,K003+KA04+KI18
xgboost,combined,temperature,0.6251428571428571,0.30328049730599427,0.9897142857142858,0.371824480369515,,,1,1040,K001+KI08+KA06,K003+KA04+KI18
xgboost,combined,isotonic,0.5954285714285714,0.34759579613863867,1.0,0.4045714285714286,,,1,1040,K001+KI08+KA06,K003+KA04+KI18
xgboost,combined,conformal_marginal,,,,,0.5348571428571428,0.7874285714285715,1,1040,K001+KI08+KA06,K003+KA04+KI18
xgboost,combined,conformal_class_conditional,,,,,0.44342857142857145,0.7177142857142857,1,1040,K001+KI08+KA06,K003+KA04+KI18
random_forest,source,raw,0.750285062713797,0.144428127061278,0.8722919042189282,0.20130718954248367,,,1,1041,K004+KI07+KA03,K006+KA15+KI21
random_forest,source,temperature,0.750285062713797,0.14503765639759994,0.8734321550741163,0.2010443864229765,,,1,1041,K004+KI07+KA03,K006+KA15+KI21
random_forest,source,isotonic,0.7001140250855188,0.22506875087551226,1.0,0.2998859749144812,,,1,1041,K004+KI07+KA03,K006+KA15+KI21
random_forest,source,conformal_marginal,,,,,0.6818700114025086,0.8449258836944128,1,1041,K004+KI07+KA03,K006+KA15+KI21
random_forest,source,conformal_class_conditional,,,,,0.677309007981756,0.9464082098061574,1,1041,K004+KI07+KA03,K006+KA15+KI21
random_forest,target,raw,0.750285062713797,0.144428127061278,0.2394526795895097,0.009523809523809525,,,1,1041,K004+KI07+KA03,K006+KA15+KI21
random_forest,target,temperature,0.750285062713797,0.29551038555878534,0.37058152793614596,0.03076923076923077,,,1,1041,K004+KI07+KA03,K006+KA15+KI21
random_forest,target,isotonic,0.7525655644241733,0.1013570447919305,0.22805017103762829,0.025,,,1,1041,K004+KI07+KA03,K006+KA15+KI21
random_forest,target,conformal_marginal,,,,,0.9851767388825542,2.3101482326111746,1,1041,K004+KI07+KA03,K006+KA15+KI21
random_forest,target,conformal_class_conditional,,,,,0.928164196123147,1.9076396807297606,1,1041,K004+KI07+KA03,K006+KA15+KI21
random_forest,combined,raw,0.750285062713797,0.144428127061278,0.45153933865450396,0.047979797979797977,,,1,1041,K004+KI07+KA03,K006+KA15+KI21
random_forest,combined,temperature,0.750285062713797,0.10567962171897279,0.4241733181299886,0.051075268817204304,,,1,1041,K004+KI07+KA03,K006+KA15+KI21
random_forest,combined,isotonic,0.7331812998859749,0.04133979445465257,0.5153933865450399,0.061946902654867256,,,1,1041,K004+KI07+KA03,K006+KA15+KI21
random_forest,combined,conformal_marginal,,,,,0.95096921322691,1.8643101482326112,1,1041,K004+KI07+KA03,K006+KA15+KI21
random_forest,combined,conformal_class_conditional,,,,,0.9064994298745724,1.6488027366020523,1,1041,K004+KI07+KA03,K006+KA15+KI21
svm,source,raw,0.7673888255416191,0.12802322524224602,0.8266818700114025,0.16275862068965516,,,1,1041,K004+KI07+KA03,K006+KA15+KI21
svm,source,temperature,0.7673888255416191,0.11053094985250189,0.8175598631698974,0.1589958158995816,,,1,1041,K004+KI07+KA03,K006+KA15+KI21
svm,source,isotonic,0.7160775370581528,0.20496523002024591,0.9851767388825542,0.27662037037037035,,,1,1041,K004+KI07+KA03,K006+KA15+KI21
svm,source,conformal_marginal,,,,,0.734321550741163,0.9236031927023945,1,1041,K004+KI07+KA03,K006+KA15+KI21
svm,source,conformal_class_conditional,,,,,0.5712656784492588,0.7936145952109465,1,1041,K004+KI07+KA03,K006+KA15+KI21
svm,target,raw,0.7673888255416191,0.12802322524224602,0.31584948688711517,0.007220216606498195,,,1,1041,K004+KI07+KA03,K006+KA15+KI21
svm,target,temperature,0.7673888255416191,0.2569410028807318,0.28734321550741165,0.007936507936507936,,,1,1041,K004+KI07+KA03,K006+KA15+KI21
svm,target,isotonic,0.766248574686431,0.07051405798249702,0.5233751425313569,0.030501089324618737,,,1,1041,K004+KI07+KA03,K006+KA15+KI21
svm,target,conformal_marginal,,,,,0.9828962371721779,2.43557582668187,1,1041,K004+KI07+KA03,K006+KA15+KI21
svm,target,conformal_class_conditional,,,,,0.9007981755986317,1.7548460661345495,1,1041,K004+KI07+KA03,K006+KA15+KI21
svm,combined,raw,0.7673888255416191,0.12802322524224602,0.4298745724059293,0.058355437665782495,,,1,1041,K004+KI07+KA03,K006+KA15+KI21
svm,combined,temperature,0.7673888255416191,0.08515515222002973,0.4184720638540479,0.05994550408719346,,,1,1041,K004+KI07+KA03,K006+KA15+KI21
svm,combined,isotonic,0.7514253135689852,0.05522927151721457,0.5324971493728621,0.042826552462526764,,,1,1041,K004+KI07+KA03,K006+KA15+KI21
svm,combined,conformal_marginal,,,,,0.9635119726339795,2.1562143671607754,1,1041,K004+KI07+KA03,K006+KA15+KI21
svm,combined,conformal_class_conditional,,,,,0.8802736602052451,1.669327251995439,1,1041,K004+KI07+KA03,K006+KA15+KI21
xgboost,source,raw,0.7480045610034207,0.20569869580263428,0.928164196123147,0.23587223587223588,,,1,1041,K004+KI07+KA03,K006+KA15+KI21
xgboost,source,temperature,0.7480045610034207,0.17081330108668985,0.928164196123147,0.23464373464373464,,,1,1041,K004+KI07+KA03,K006+KA15+KI21
xgboost,source,isotonic,0.7309007981755986,0.19973383237900694,0.9931584948688712,0.26521239954075776,,,1,1041,K004+KI07+KA03,K006+KA15+KI21
xgboost,source,conformal_marginal,,,,,0.7001140250855188,0.895096921322691,1,1041,K004+KI07+KA03,K006+KA15+KI21
xgboost,source,conformal_class_conditional,,,,,0.6738882554161916,0.9179019384264538,1,1041,K004+KI07+KA03,K006+KA15+KI21
xgboost,target,raw,0.7480045610034207,0.20569869580263428,0.11402508551881414,0.02,,,1,1041,K004+KI07+KA03,K006+KA15+KI21
xgboost,target,temperature,0.7480045610034207,0.21164736173625037,0.08551881413911061,0.013333333333333334,,,1,1041,K004+KI07+KA03,K006+KA15+KI21
xgboost,target,isotonic,0.7468643101482326,0.07349176899915913,0.2348916761687571,0.019417475728155338,,,1,1041,K004+KI07+KA03,K006+KA15+KI21
xgboost,target,conformal_marginal,,,,,0.9657924743443558,2.0410490307867732,1,1041,K004+KI07+KA03,K006+KA15+KI21
xgboost,target,conformal_class_conditional,,,,,0.895096921322691,1.6488027366020523,1,1041,K004+KI07+KA03,K006+KA15+KI21
xgboost,combined,raw,0.7480045610034207,0.20569869580263428,0.3933865450399088,0.034782608695652174,,,1,1041,K004+KI07+KA03,K006+KA15+KI21
xgboost,combined,temperature,0.7480045610034207,0.08810823700051743,0.3933865450399088,0.02608695652173913,,,1,1041,K004+KI07+KA03,K006+KA15+KI21
xgboost,combined,isotonic,0.7354618015963512,0.055051260786659256,0.4264538198403649,0.0427807486631016,,,1,1041,K004+KI07+KA03,K006+KA15+KI21
xgboost,combined,conformal_marginal,,,,,0.9407069555302167,1.790193842645382,1,1041,K004+KI07+KA03,K006+KA15+KI21
xgboost,combined,conformal_class_conditional,,,,,0.8677309007981756,1.4937286202964652,1,1041,K004+KI07+KA03,K006+KA15+KI21
random_forest,source,raw,0.6742857142857143,0.23915887937451497,0.7965714285714286,0.266857962697274,,,1,1042,K004+KI03+KA05,K006+KA04+KI16
random_forest,source,temperature,0.6742857142857143,0.20381665944428723,0.8148571428571428,0.26928471248246844,,,1,1042,K004+KI03+KA05,K006+KA04+KI16
random_forest,source,isotonic,0.6902857142857143,0.21619767262736267,0.8411428571428572,0.27717391304347827,,,1,1042,K004+KI03+KA05,K006+KA04+KI16
random_forest,source,conformal_marginal,,,,,0.6982857142857143,1.0537142857142856,1,1042,K004+KI03+KA05,K006+KA04+KI16
random_forest,source,conformal_class_conditional,,,,,0.7177142857142857,1.1074285714285714,1,1042,K004+KI03+KA05,K006+KA04+KI16
random_forest,target,raw,0.6742857142857143,0.23915887937451497,0.6594285714285715,0.22357019064124783,,,1,1042,K004+KI03+KA05,K006+KA04+KI16
random_forest,target,temperature,0.6742857142857143,0.1510901200104922,0.6674285714285715,0.2243150684931507,,,1,1042,K004+KI03+KA05,K006+KA04+KI16
random_forest,target,isotonic,0.672,0.21227067596403248,0.896,0.2895408163265306,,,1,1042,K004+KI03+KA05,K006+KA04+KI16
random_forest,target,conformal_marginal,,,,,0.7577142857142857,1.2891428571428571,1,1042,K004+KI03+KA05,K006+KA04+KI16
random_forest,target,conformal_class_conditional,,,,,0.664,1.136,1,1042,K004+KI03+KA05,K006+KA04+KI16
random_forest,combined,raw,0.6742857142857143,0.23915887937451497,0.6868571428571428,0.22961730449251247,,,1,1042,K004+KI03+KA05,K006+KA04+KI16
random_forest,combined,temperature,0.6742857142857143,0.1808707271405948,0.6982857142857143,0.23731587561374795,,,1,1042,K004+KI03+KA05,K006+KA04+KI16
random_forest,combined,isotonic,0.6857142857142857,0.1912913846991211,0.712,0.20385232744783308,,,1,1042,K004+KI03+KA05,K006+KA04+KI16
random_forest,combined,conformal_marginal,,,,,0.7245714285714285,1.1634285714285715,1,1042,K004+KI03+KA05,K006+KA04+KI16
random_forest,combined,conformal_class_conditional,,,,,0.7291428571428571,1.1817142857142857,1,1042,K004+KI03+KA05,K006+KA04+KI16
svm,source,raw,0.7028571428571428,0.2092741125039605,0.7588571428571429,0.21536144578313254,,,1,1042,K004+KI03+KA05,K006+KA04+KI16
svm,source,temperature,0.7028571428571428,0.1792779608989662,0.7531428571428571,0.21699544764795145,,,1,1042,K004+KI03+KA05,K006+KA04+KI16
svm,source,isotonic,0.6982857142857143,0.1919940791622007,0.7725714285714286,0.19674556213017752,,,1,1042,K004+KI03+KA05,K006+KA04+KI16
svm,source,conformal_marginal,,,,,0.7005714285714286,0.9874285714285714,1,1042,K004+KI03+KA05,K006+KA04+KI16
svm,source,conformal_class_conditional,,,,,0.7417142857142857,1.1325714285714286,1,1042,K004+KI03+KA05,K006+KA04+KI16
svm,target,raw,0.7028571428571428,0.2092741125039605,0.7485714285714286,0.2152671755725191,,,1,1042,K004+KI03+KA05,K006+KA04+KI16
svm,target,temperature,0.7028571428571428,0.13579908361642487,0.7531428571428571,0.21699544764795145,,,1,1042,K004+KI03+KA05,K006+KA04+KI16
svm,target,isotonic,0.6685714285714286,0.21096618881851475,0.944,0.30387409200968524,,,1,1042,K004+KI03+KA05,K006+KA04+KI16
svm,target,conformal_marginal,,,,,0.7588571428571429,1.1988571428571428,1,1042,K004+KI03+KA05,K006+KA04+KI16
svm,target,conformal_class_conditional,,,,,0.6811428571428572,1.16,1,1042,K004+KI03+KA05,K006+KA04+KI16
svm,combined,raw,0.7028571428571428,0.2092741125039605,0.7588571428571429,0.21536144578313254,,,1,1042,K004+KI03+KA05,K006+KA04+KI16
svm,combined,temperature,0.7028571428571428,0.16034559950507865,0.7474285714285714,0.21712538226299694,,,1,1042,K004+KI03+KA05,K006+KA04+KI16
svm,combined,isotonic,0.7028571428571428,0.18031648494942928,0.7965714285714286,0.21664275466284075,,,1,1042,K004+KI03+KA05,K006+KA04+KI16
svm,combined,conformal_marginal,,,,,0.7382857142857143,1.1062857142857143,1,1042,K004+KI03+KA05,K006+KA04+KI16
svm,combined,conformal_class_conditional,,,,,0.7257142857142858,1.144,1,1042,K004+KI03+KA05,K006+KA04+KI16
xgboost,source,raw,0.6754285714285714,0.2937487572601864,0.824,0.260748959778086,,,1,1042,K004+KI03+KA05,K006+KA04+KI16
xgboost,source,temperature,0.6754285714285714,0.21787612395328798,0.8068571428571428,0.2535410764872521,,,1,1042,K004+KI03+KA05,K006+KA04+KI16
xgboost,source,isotonic,0.6925714285714286,0.2208320974418168,0.8708571428571429,0.27034120734908135,,,1,1042,K004+KI03+KA05,K006+KA04+KI16
xgboost,source,conformal_marginal,,,,,0.6937142857142857,1.0457142857142858,1,1042,K004+KI03+KA05,K006+KA04+KI16
xgboost,source,conformal_class_conditional,,,,,0.7165714285714285,1.0971428571428572,1,1042,K004+KI03+KA05,K006+KA04+KI16
xgboost,target,raw,0.6754285714285714,0.2937487572601864,0.6262857142857143,0.20802919708029197,,,1,1042,K004+KI03+KA05,K006+KA04+KI16
xgboost,target,temperature,0.6754285714285714,0.17029297781840208,0.6411428571428571,0.20499108734402852,,,1,1042,K004+KI03+KA05,K006+KA04+KI16
xgboost,target,isotonic,0.6628571428571428,0.20457230795090378,0.7497142857142857,0.22560975609756098,,,1,1042,K004+KI03+KA05,K006+KA04+KI16
xgboost,target,conformal_marginal,,,,,0.7657142857142857,1.270857142857143,1,1042,K004+KI03+KA05,K006+KA04+KI16
xgboost,target,conformal_class_conditional,,,,,0.6788571428571428,1.1714285714285715,1,1042,K004+KI03+KA05,K006+KA04+KI16
xgboost,combined,raw,0.6754285714285714,0.2937487572601864,0.6514285714285715,0.21403508771929824,,,1,1042,K004+KI03+KA05,K006+KA04+KI16
xgboost,combined,temperature,0.6754285714285714,0.19456123704407335,0.6617142857142857,0.2158894645941278,,,1,1042,K004+KI03+KA05,K006+KA04+KI16
xgboost,combined,isotonic,0.6788571428571428,0.1972780764436622,0.7165714285714285,0.19776714513556617,,,1,1042,K004+KI03+KA05,K006+KA04+KI16
xgboost,combined,conformal_marginal,,,,,0.7268571428571429,1.136,1,1042,K004+KI03+KA05,K006+KA04+KI16
xgboost,combined,conformal_class_conditional,,,,,0.7428571428571429,1.225142857142857,1,1042,K004+KI03+KA05,K006+KA04+KI16
random_forest,source,raw,0.726027397260274,0.14306841084076583,0.7077625570776256,0.1774193548387097,,,1,1043,K004+KI01+KA01,K006+KA15+KI14
random_forest,source,temperature,0.726027397260274,0.1279073892328558,0.704337899543379,0.17828200972447325,,,1,1043,K004+KI01+KA01,K006+KA15+KI14
random_forest,source,isotonic,0.6118721461187214,0.2933154309987548,0.9885844748858448,0.384526558891455,,,1,1043,K004+KI01+KA01,K006+KA15+KI14
random_forest,source,conformal_marginal,,,,,0.7374429223744292,1.0171232876712328,1,1043,K004+KI01+KA01,K006+KA15+KI14
random_forest,source,conformal_class_conditional,,,,,0.6986301369863014,0.9988584474885844,1,1043,K004+KI01+KA01,K006+KA15+KI14
random_forest,target,raw,0.726027397260274,0.14306841084076583,0.2146118721461187,0.026595744680851064,,,1,1043,K004+KI01+KA01,K006+KA15+KI14
random_forest,target,temperature,0.726027397260274,0.21137869831671952,0.2134703196347032,0.026737967914438502,,,1,1043,K004+KI01+KA01,K006+KA15+KI14
random_forest,target,isotonic,0.6792237442922374,0.06531356624836011,0.3116438356164384,0.02564102564102564,,,1,1043,K004+KI01+KA01,K006+KA15+KI14
random_forest,target,conformal_marginal,,,,,0.978310502283105,2.2739726027397262,1,1043,K004+KI01+KA01,K006+KA15+KI14
random_forest,target,conformal_class_conditional,,,,,0.773972602739726,1.6689497716894977,1,1043,K004+KI01+KA01,K006+KA15+KI14
random_forest,combined,raw,0.726027397260274,0.14306841084076583,0.3675799086757991,0.049689440993788817,,,1,1043,K004+KI01+KA01,K006+KA15+KI14
random_forest,combined,temperature,0.726027397260274,0.1195697856322506,0.3698630136986301,0.07098765432098765,,,1,1043,K004+KI01+KA01,K006+KA15+KI14
random_forest,combined,isotonic,0.7397260273972602,0.10181532356543314,0.4920091324200913,0.060324825986078884,,,1,1043,K004+KI01+KA01,K006+KA15+KI14
random_forest,combined,conformal_marginal,,,,,0.9634703196347032,2.0422374429223744,1,1043,K004+KI01+KA01,K006+KA15+KI14
random_forest,combined,conformal_class_conditional,,,,,0.8401826484018264,1.5776255707762556,1,1043,K004+KI01+KA01,K006+KA15+KI14
svm,source,raw,0.6472602739726028,0.18129841673007602,0.384703196347032,0.1394658753709199,,,1,1043,K004+KI01+KA01,K006+KA15+KI14
svm,source,temperature,0.6472602739726028,0.14769173457688653,0.3789954337899543,0.14156626506024098,,,1,1043,K004+KI01+KA01,K006+KA15+KI14
svm,source,isotonic,0.684931506849315,0.227306488257688,0.9988584474885844,0.3142857142857143,,,1,1043,K004+KI01+KA01,K006+KA15+KI14
svm,source,conformal_marginal,,,,,0.8047945205479452,1.2956621004566211,1,1043,K004+KI01+KA01,K006+KA15+KI14
svm,source,conformal_class_conditional,,,,,0.7888127853881278,1.1210045662100456,1,1043,K004+KI01+KA01,K006+KA15+KI14
svm,target,raw,0.6472602739726028,0.18129841673007602,0.1963470319634703,0.023255813953488372,,,1,1043,K004+KI01+KA01,K006+KA15+KI14
svm,target,temperature,0.6472602739726028,0.14092685307631372,0.1541095890410959,0.0,,,1,1043,K004+KI01+KA01,K006+KA15+KI14
svm,target,isotonic,0.5136986301369864,0.13973328409177035,0.2648401826484018,0.04741379310344827,,,1,1043,K004+KI01+KA01,K006+KA15+KI14
svm,target,conformal_marginal,,,,,0.9840182648401826,2.613013698630137,1,1043,K004+KI01+KA01,K006+KA15+KI14
svm,target,conformal_class_conditional,,,,,0.6210045662100456,1.7100456621004567,1,1043,K004+KI01+KA01,K006+KA15+KI14
svm,combined,raw,0.6472602739726028,0.18129841673007602,0.1963470319634703,0.023255813953488372,,,1,1043,K004+KI01+KA01,K006+KA15+KI14
svm,combined,temperature,0.6472602739726028,0.05220698921071986,0.15639269406392695,0.0,,,1,1043,K004+KI01+KA01,K006+KA15+KI14
svm,combined,isotonic,0.7568493150684932,0.16105502515901451,0.0,,,,1,1043,K004+KI01+KA01,K006+KA15+KI14
svm,combined,conformal_marginal,,,,,0.952054794520548,2.3139269406392695,1,1043,K004+KI01+KA01,K006+KA15+KI14
svm,combined,conformal_class_conditional,,,,,0.8915525114155252,1.8184931506849316,1,1043,K004+KI01+KA01,K006+KA15+KI14
xgboost,source,raw,0.7340182648401826,0.21582940952282514,0.817351598173516,0.20251396648044692,,,1,1043,K004+KI01+KA01,K006+KA15+KI14
xgboost,source,temperature,0.7340182648401826,0.1491064633418766,0.8025114155251142,0.19630156472261737,,,1,1043,K004+KI01+KA01,K006+KA15+KI14
xgboost,source,isotonic,0.6529680365296804,0.26178145209534265,0.9840182648401826,0.33642691415313225,,,1,1043,K004+KI01+KA01,K006+KA15+KI14
xgboost,source,conformal_marginal,,,,,0.7728310502283106,1.110730593607306,1,1043,K004+KI01+KA01,K006+KA15+KI14
xgboost,source,conformal_class_conditional,,,,,0.658675799086758,0.9634703196347032,1,1043,K004+KI01+KA01,K006+KA15+KI14
xgboost,target,raw,0.7340182648401826,0.21582940952282514,0.0593607305936073,0.019230769230769232,,,1,1043,K004+KI01+KA01,K006+KA15+KI14
xgboost,target,temperature,0.7340182648401826,0.15572409163318318,0.12100456621004566,0.018867924528301886,,,1,1043,K004+KI01+KA01,K006+KA15+KI14
xgboost,target,isotonic,0.702054794520548,0.08969337360287069,0.2853881278538813,0.032,,,1,1043,K004+KI01+KA01,K006+KA15+KI14
xgboost,target,conformal_marginal,,,,,0.9668949771689498,2.09703196347032,1,1043,K004+KI01+KA01,K006+KA15+KI14
xgboost,target,conformal_class_conditional,,,,,0.8127853881278538,1.5901826484018264,1,1043,K004+KI01+KA01,K006+KA15+KI14
xgboost,combined,raw,0.7340182648401826,0.21582940952282514,0.3344748858447489,0.04436860068259386,,,1,1043,K004+KI01+KA01,K006+KA15+KI14
xgboost,combined,temperature,0.7340182648401826,0.057206018106370465,0.341324200913242,0.046822742474916385,,,1,1043,K004+KI01+KA01,K006+KA15+KI14
xgboost,combined,isotonic,0.7214611872146118,0.08937689293740594,0.3470319634703196,0.05921052631578947,,,1,1043,K004+KI01+KA01,K006+KA15+KI14
xgboost,combined,conformal_marginal,,,,,0.9486301369863014,1.9349315068493151,1,1043,K004+KI01+KA01,K006+KA15+KI14
xgboost,combined,conformal_class_conditional,,,,,0.8527397260273972,1.5844748858447488,1,1043,K004+KI01+KA01,K006+KA15+KI14
random_forest,source,raw,0.7085714285714285,0.14705531347136783,0.9634285714285714,0.28113879003558717,,,1,1044,K001+KI08+KA01,K003+KA22+KI04
random_forest,source,temperature,0.7085714285714285,0.22547098422289855,0.9714285714285714,0.2823529411764706,,,1,1044,K001+KI08+KA01,K003+KA22+KI04
random_forest,source,isotonic,0.7097142857142857,0.2183219120168052,0.9588571428571429,0.27056019070321813,,,1,1044,K001+KI08+KA01,K003+KA22+KI04
random_forest,source,conformal_marginal,,,,,0.5965714285714285,0.7611428571428571,1,1044,K001+KI08+KA01,K003+KA22+KI04
random_forest,source,conformal_class_conditional,,,,,0.5828571428571429,0.7634285714285715,1,1044,K001+KI08+KA01,K003+KA22+KI04
random_forest,target,raw,0.7085714285714285,0.14705531347136783,0.0,,,,1,1044,K001+KI08+KA01,K003+KA22+KI04
random_forest,target,temperature,0.7085714285714285,0.1896591866753582,0.0,,,,1,1044,K001+KI08+KA01,K003+KA22+KI04
random_forest,target,isotonic,0.6354285714285715,0.1782799241626661,0.5325714285714286,0.2017167381974249,,,1,1044,K001+KI08+KA01,K003+KA22+KI04
random_forest,target,conformal_marginal,,,,,0.9474285714285714,2.166857142857143,1,1044,K001+KI08+KA01,K003+KA22+KI04
random_forest,target,conformal_class_conditional,,,,,0.6937142857142857,1.5165714285714287,1,1044,K001+KI08+KA01,K003+KA22+KI04
random_forest,combined,raw,0.7085714285714285,0.14705531347136783,0.38285714285714284,0.05970149253731343,,,1,1044,K001+KI08+KA01,K003+KA22+KI04
random_forest,combined,temperature,0.7085714285714285,0.07112129390461569,0.35428571428571426,0.03870967741935484,,,1,1044,K001+KI08+KA01,K003+KA22+KI04
random_forest,combined,isotonic,0.6777142857142857,0.14020951361878534,0.4982857142857143,0.10779816513761468,,,1,1044,K001+KI08+KA01,K003+KA22+KI04
random_forest,combined,conformal_marginal,,,,,0.8285714285714286,1.4057142857142857,1,1044,K001+KI08+KA01,K003+KA22+KI04
random_forest,combined,conformal_class_conditional,,,,,0.7165714285714285,1.3257142857142856,1,1044,K001+KI08+KA01,K003+KA22+KI04
svm,source,raw,0.7188571428571429,0.16446936757605635,0.9885714285714285,0.27630057803468205,,,1,1044,K001+KI08+KA01,K003+KA22+KI04
svm,source,temperature,0.7188571428571429,0.2498464084256178,0.968,0.269185360094451,,,1,1044,K001+KI08+KA01,K003+KA22+KI04
svm,source,isotonic,0.7108571428571429,0.24191915533828412,0.9645714285714285,0.2772511848341232,,,1,1044,K001+KI08+KA01,K003+KA22+KI04
svm,source,conformal_marginal,,,,,0.6811428571428572,0.8971428571428571,1,1044,K001+KI08+KA01,K003+KA22+KI04
svm,source,conformal_class_conditional,,,,,0.656,0.8514285714285714,1,1044,K001+KI08+KA01,K003+KA22+KI04
svm,target,raw,0.7188571428571429,0.16446936757605635,0.224,0.02040816326530612,,,1,1044,K001+KI08+KA01,K003+KA22+KI04
svm,target,temperature,0.7188571428571429,0.10465222232995174,0.23885714285714285,0.019138755980861243,,,1,1044,K001+KI08+KA01,K003+KA22+KI04
svm,target,isotonic,0.608,0.1774463930763518,0.4057142857142857,0.18591549295774648,,,1,1044,K001+KI08+KA01,K003+KA22+KI04
svm,target,conformal_marginal,,,,,0.9417142857142857,2.2434285714285713,1,1044,K001+KI08+KA01,K003+KA22+KI04
svm,target,conformal_class_conditional,,,,,0.608,1.4125714285714286,1,1044,K001+KI08+KA01,K003+KA22+KI04
svm,combined,raw,0.7188571428571429,0.16446936757605635,0.32342857142857145,0.053003533568904596,,,1,1044,K001+KI08+KA01,K003+KA22+KI04
svm,combined,temperature,0.7188571428571429,0.03849074473697936,0.35085714285714287,0.0781758957654723,,,1,1044,K001+KI08+KA01,K003+KA22+KI04
svm,combined,isotonic,0.6982857142857143,0.14091746175498024,0.5051428571428571,0.16515837104072398,,,1,1044,K001+KI08+KA01,K003+KA22+KI04
svm,combined,conformal_marginal,,,,,0.8868571428571429,1.7165714285714286,1,1044,K001+KI08+KA01,K003+KA22+KI04
svm,combined,conformal_class_conditional,,,,,0.688,1.3725714285714286,1,1044,K001+KI08+KA01,K003+KA22+KI04
xgboost,source,raw,0.7108571428571429,0.22935748638425552,0.9874285714285714,0.2835648148148148,,,1,1044,K001+KI08+KA01,K003+KA22+KI04
xgboost,source,temperature,0.7108571428571429,0.22890062961056118,0.9885714285714285,0.28439306358381505,,,1,1044,K001+KI08+KA01,K003+KA22+KI04
xgboost,source,isotonic,0.7017142857142857,0.2417831211343913,0.9782857142857143,0.28738317757009346,,,1,1044,K001+KI08+KA01,K003+KA22+KI04
xgboost,source,conformal_marginal,,,,,0.5954285714285714,0.7542857142857143,1,1044,K001+KI08+KA01,K003+KA22+KI04
xgboost,source,conformal_class_conditional,,,,,0.6228571428571429,0.8091428571428572,1,1044,K001+KI08+KA01,K003+KA22+KI04
xgboost,target,raw,0.7108571428571429,0.22935748638425552,0.29942857142857143,0.03435114503816794,,,1,1044,K001+KI08+KA01,K003+KA22+KI04
xgboost,target,temperature,0.7108571428571429,0.06420706321888282,0.32685714285714285,0.04195804195804196,,,1,1044,K001+KI08+KA01,K003+KA22+KI04
xgboost,target,isotonic,0.5931428571428572,0.1844592014508209,0.5291428571428571,0.21382289416846653,,,1,1044,K001+KI08+KA01,K003+KA22+KI04
xgboost,target,conformal_marginal,,,,,0.9497142857142857,2.0674285714285716,1,1044,K001+KI08+KA01,K003+KA22+KI04
xgboost,target,conformal_class_conditional,,,,,0.6548571428571428,1.3291428571428572,1,1044,K001+KI08+KA01,K003+KA22+KI04
xgboost,combined,raw,0.7108571428571429,0.22935748638425552,0.45485714285714285,0.11809045226130653,,,1,1044,K001+KI08+KA01,K003+KA22+KI04
xgboost,combined,temperature,0.7108571428571429,0.08137803087743593,0.48342857142857143,0.12056737588652482,,,1,1044,K001+KI08+KA01,K003+KA22+KI04
xgboost,combined,isotonic,0.6925714285714286,0.1286240991618721,0.5291428571428571,0.12742980561555076,,,1,1044,K001+KI08+KA01,K003+KA22+KI04
xgboost,combined,conformal_marginal,,,,,0.8525714285714285,1.5542857142857143,1,1044,K001+KI08+KA01,K003+KA22+KI04
xgboost,combined,conformal_class_conditional,,,,,0.7051428571428572,1.3165714285714285,1,1044,K001+KI08+KA01,K003+KA22+KI04
random_forest,source,raw,0.750285062713797,0.13377073565182257,0.7194982896237172,0.15847860538827258,,,1,1045,K004+KI01+KA07,K006+KA15+KI21
random_forest,source,temperature,0.750285062713797,0.12161516003077089,0.7229190421892816,0.15772870662460567,,,1,1045,K004+KI01+KA07,K006+KA15+KI21
random_forest,source,isotonic,0.6316989737742303,0.2756301561652763,0.9771949828962372,0.3547257876312719,,,1,1045,K004+KI01+KA07,K006+KA15+KI21
random_forest,source,conformal_marginal,,,,,0.7514253135689852,0.9942987457240593,1,1045,K004+KI01+KA07,K006+KA15+KI21
random_forest,source,conformal_class_conditional,,,,,0.6921322690992018,0.984036488027366,1,1045,K004+KI01+KA07,K006+KA15+KI21
random_forest,target,raw,0.750285062713797,0.13377073565182257,0.0,,,,1,1045,K004+KI01+KA07,K006+KA15+KI21
random_forest,target,temperature,0.750285062713797,0.30065777271460237,0.0,,,,1,1045,K004+KI01+KA07,K006+KA15+KI21
random_forest,target,isotonic,0.766248574686431,0.09180944190231212,0.0,,,,1,1045,K004+KI01+KA07,K006+KA15+KI21
random_forest,target,conformal_marginal,,,,,0.9783352337514253,2.1892816419612315,1,1045,K004+KI01+KA07,K006+KA15+KI21
random_forest,target,conformal_class_conditional,,,,,0.9236031927023945,1.90193842645382,1,1045,K004+KI01+KA07,K006+KA15+KI21
random_forest,combined,raw,0.750285062713797,0.13377073565182257,0.3523375142531357,0.042071197411003236,,,1,1045,K004+KI01+KA07,K006+KA15+KI21
random_forest,combined,temperature,0.750285062713797,0.15189124249327743,0.33751425313568983,0.037162162162162164,,,1,1045,K004+KI01+KA07,K006+KA15+KI21
random_forest,combined,isotonic,0.7331812998859749,0.061837732788423166,0.5017103762827823,0.07045454545454545,,,1,1045,K004+KI01+KA07,K006+KA15+KI21
random_forest,combined,conformal_marginal,,,,,0.9600912200684151,1.9315849486887116,1,1045,K004+KI01+KA07,K006+KA15+KI21
random_forest,combined,conformal_class_conditional,,,,,0.9019384264538198,1.6237172177879133,1,1045,K004+KI01+KA07,K006+KA15+KI21
svm,source,raw,0.6545039908779932,0.19593096248546,0.5997719498289624,0.18250950570342206,,,1,1045,K004+KI01+KA07,K006+KA15+KI21
svm,source,temperature,0.6545039908779932,0.047955856713175565,0.5416191562143672,0.17473684210526316,,,1,1045,K004+KI01+KA07,K006+KA15+KI21
svm,source,isotonic,0.7172177879133409,0.21695876167254696,0.9897377423033067,0.2764976958525346,,,1,1045,K004+KI01+KA07,K006+KA15+KI21
svm,source,conformal_marginal,,,,,0.8358038768529077,1.3648802736602053,1,1045,K004+KI01+KA07,K006+KA15+KI21
svm,source,conformal_class_conditional,,,,,0.7434435575826682,1.0421892816419613,1,1045,K004+KI01+KA07,K006+KA15+KI21
svm,target,raw,0.6545039908779932,0.19593096248546,0.24173318129988597,0.02358490566037736,,,1,1045,K004+KI01+KA07,K006+KA15+KI21
svm,target,temperature,0.6545039908779932,0.16283318133882,0.20866590649942987,0.0,,,1,1045,K004+KI01+KA07,K006+KA15+KI21
svm,target,isotonic,0.669327251995439,0.1283553536987188,0.3010262257696693,0.030303030303030304,,,1,1045,K004+KI01+KA07,K006+KA15+KI21
svm,target,conformal_marginal,,,,,0.9794754846066135,2.492588369441277,1,1045,K004+KI01+KA07,K006+KA15+KI21
svm,target,conformal_class_conditional,,,,,0.9224629418472063,1.8597491448118586,1,1045,K004+KI01+KA07,K006+KA15+KI21
svm,combined,raw,0.6545039908779932,0.19593096248546,0.3181299885974915,0.06451612903225806,,,1,1045,K004+KI01+KA07,K006+KA15+KI21
svm,combined,temperature,0.6545039908779932,0.058188507717759026,0.2702394526795895,0.04219409282700422,,,1,1045,K004+KI01+KA07,K006+KA15+KI21
svm,combined,isotonic,0.7514253135689852,0.05159793022990425,0.3249714937286203,0.06666666666666667,,,1,1045,K004+KI01+KA07,K006+KA15+KI21
svm,combined,conformal_marginal,,,,,0.9452679589509693,2.1790193842645382,1,1045,K004+KI01+KA07,K006+KA15+KI21
svm,combined,conformal_class_conditional,,,,,0.9133409350057012,1.7867730900798175,1,1045,K004+KI01+KA07,K006+KA15+KI21
xgboost,source,raw,0.7457240592930444,0.20463316161249223,0.9384264538198404,0.23207776427703525,,,1,1045,K004+KI01+KA07,K006+KA15+KI21
xgboost,source,temperature,0.7457240592930444,0.17117463475444877,0.9236031927023945,0.2271604938271605,,,1,1045,K004+KI01+KA07,K006+KA15+KI21
xgboost,source,isotonic,0.6761687571265679,0.24581578671840268,0.9635119726339795,0.30177514792899407,,,1,1045,K004+KI01+KA07,K006+KA15+KI21
xgboost,source,conformal_marginal,,,,,0.7537058152793614,1.0114025085518814,1,1045,K004+KI01+KA07,K006+KA15+KI21
xgboost,source,conformal_class_conditional,,,,,0.6602052451539339,0.928164196123147,1,1045,K004+KI01+KA07,K006+KA15+KI21
xgboost,target,raw,0.7457240592930444,0.20463316161249223,0.10034207525655645,0.011363636363636364,,,1,1045,K004+KI01+KA07,K006+KA15+KI21
xgboost,target,temperature,0.7457240592930444,0.230381056721886,0.09692132269099202,0.011764705882352941,,,1,1045,K004+KI01+KA07,K006+KA15+KI21
xgboost,target,isotonic,0.7491448118586089,0.09256868350162485,0.2063854047890536,0.016574585635359115,,,1,1045,K004+KI01+KA07,K006+KA15+KI21
xgboost,target,conformal_marginal,,,,,0.9692132269099202,2.0741163055872294,1,1045,K004+KI01+KA07,K006+KA15+KI21
xgboost,target,conformal_class_conditional,,,,,0.9338654503990877,1.7753705815279361,1,1045,K004+KI01+KA07,K006+KA15+KI21
xgboost,combined,raw,0.7457240592930444,0.20463316161249223,0.35347776510832385,0.041935483870967745,,,1,1045,K004+KI01+KA07,K006+KA15+KI21
xgboost,combined,temperature,0.7457240592930444,0.06313128061883783,0.338654503990878,0.04377104377104377,,,1,1045,K004+KI01+KA07,K006+KA15+KI21
xgboost,combined,isotonic,0.7251995438996579,0.09522879957338985,0.48574686431014824,0.03051643192488263,,,1,1045,K004+KI01+KA07,K006+KA15+KI21
xgboost,combined,conformal_marginal,,,,,0.9486887115165337,1.854047890535918,1,1045,K004+KI01+KA07,K006+KA15+KI21
xgboost,combined,conformal_class_conditional,,,,,0.8779931584948689,1.5769669327251996,1,1045,K004+KI01+KA07,K006+KA15+KI21
random_forest,source,raw,0.6426940639269406,0.2081114209792358,0.8025114155251142,0.32574679943101,,,1,1046,K001+KI01+KA05,K003+KA16+KI04
random_forest,source,temperature,0.6426940639269406,0.23431566666546816,0.8162100456621004,0.3328671328671329,,,1,1046,K001+KI01+KA05,K003+KA16+KI04
random_forest,source,isotonic,0.6438356164383562,0.29568370034331587,0.9486301369863014,0.3297232250300842,,,1,1046,K001+KI01+KA05,K003+KA16+KI04
random_forest,source,conformal_marginal,,,,,0.6678082191780822,1.095890410958904,1,1046,K001+KI01+KA05,K003+KA16+KI04
random_forest,source,conformal_class_conditional,,,,,0.6438356164383562,0.9646118721461188,1,1046,K001+KI01+KA05,K003+KA16+KI04
random_forest,target,raw,0.6426940639269406,0.2081114209792358,0.9417808219178082,0.3466666666666667,,,1,1046,K001+KI01+KA05,K003+KA16+KI04
random_forest,target,temperature,0.6426940639269406,0.3171630159364906,0.9611872146118722,0.3515439429928741,,,1,1046,K001+KI01+KA05,K003+KA16+KI04
random_forest,target,isotonic,0.58675799086758,0.3596590073905436,0.9121004566210046,0.39424280350438046,,,1,1046,K001+KI01+KA05,K003+KA16+KI04
random_forest,target,conformal_marginal,,,,,0.5057077625570776,0.7340182648401826,1,1046,K001+KI01+KA05,K003+KA16+KI04
random_forest,target,conformal_class_conditional,,,,,0.4954337899543379,0.752283105022831,1,1046,K001+KI01+KA05,K003+KA16+KI04
random_forest,combined,raw,0.6426940639269406,0.2081114209792358,0.83675799086758,0.34106412005457026,,,1,1046,K001+KI01+KA05,K003+KA16+KI04
random_forest,combined,temperature,0.6426940639269406,0.26219750491145943,0.863013698630137,0.3412698412698413,,,1,1046,K001+KI01+KA05,K003+KA16+KI04
random_forest,combined,isotonic,0.6438356164383562,0.30329352732723897,0.9954337899543378,0.3555045871559633,,,1,1046,K001+KI01+KA05,K003+KA16+KI04
random_forest,combined,conformal_marginal,,,,,0.6381278538812786,0.9897260273972602,1,1046,K001+KI01+KA05,K003+KA16+KI04
random_forest,combined,conformal_class_conditional,,,,,0.6267123287671232,0.9178082191780822,1,1046,K001+KI01+KA05,K003+KA16+KI04
svm,source,raw,0.5605022831050228,0.2802691950513436,0.6815068493150684,0.31825795644891125,,,1,1046,K001+KI01+KA05,K003+KA16+KI04
svm,source,temperature,0.5605022831050228,0.21916326513180817,0.6883561643835616,0.31840796019900497,,,1,1046,K001+KI01+KA05,K003+KA16+KI04
svm,source,isotonic,0.6666666666666666,0.264081488819638,0.976027397260274,0.32514619883040935,,,1,1046,K001+KI01+KA05,K003+KA16+KI04
svm,source,conformal_marginal,,,,,0.7191780821917808,1.3242009132420092,1,1046,K001+KI01+KA05,K003+KA16+KI04
svm,source,conformal_class_conditional,,,,,0.6495433789954338,1.0353881278538812,1,1046,K001+KI01+KA05,K003+KA16+KI04
svm,target,raw,0.5605022831050228,0.2802691950513436,0.9691780821917808,0.4334511189634865,,,1,1046,K001+KI01+KA05,K003+KA16+KI04
svm,target,temperature,0.5605022831050228,0.3839331071460494,0.9851598173515982,0.43568945538818077,,,1,1046,K001+KI01+KA05,K003+KA16+KI04
svm,target,isotonic,0.4988584474885845,0.3915259290167291,0.8732876712328768,0.43790849673202614,,,1,1046,K001+KI01+KA05,K003+KA16+KI04
svm,target,conformal_marginal,,,,,0.5388127853881278,0.9429223744292238,1,1046,K001+KI01+KA05,K003+KA16+KI04
svm,target,conformal_class_conditional,,,,,0.4874429223744292,0.795662100456621,1,1046,K001+KI01+KA05,K003+KA16+KI04
svm,combined,raw,0.5605022831050228,0.2802691950513436,0.6883561643835616,0.3200663349917081,,,1,1046,K001+KI01+KA05,K003+KA16+KI04
svm,combined,temperature,0.5605022831050228,0.27334442185536284,0.6883561643835616,0.32172470978441126,,,1,1046,K001+KI01+KA05,K003+KA16+KI04
svm,combined,isotonic,0.6449771689497716,0.2758247793839123,1.0,0.3550228310502283,,,1,1046,K001+KI01+KA05,K003+KA16+KI04
svm,combined,conformal_marginal,,,,,0.7157534246575342,1.3139269406392695,1,1046,K001+KI01+KA05,K003+KA16+KI04
svm,combined,conformal_class_conditional,,,,,0.6472602739726028,0.9577625570776256,1,1046,K001+KI01+KA05,K003+KA16+KI04
xgboost,source,raw,0.6301369863013698,0.31536855453361656,0.7899543378995434,0.3236994219653179,,,1,1046,K001+KI01+KA05,K003+KA16+KI04
xgboost,source,temperature,0.6301369863013698,0.25840066331289,0.7728310502283106,0.32200886262924666,,,1,1046,K001+KI01+KA05,K003+KA16+KI04
xgboost,source,isotonic,0.6472602739726028,0.2889901567871677,0.95662100456621,0.34009546539379476,,,1,1046,K001+KI01+KA05,K003+KA16+KI04
xgboost,source,conformal_marginal,,,,,0.6506849315068494,1.0776255707762556,1,1046,K001+KI01+KA05,K003+KA16+KI04
xgboost,source,conformal_class_conditional,,,,,0.6415525114155252,0.958904109589041,1,1046,K001+KI01+KA05,K003+KA16+KI04
xgboost,target,raw,0.6301369863013698,0.31536855453361656,0.9463470319634704,0.3558504221954162,,,1,1046,K001+KI01+KA05,K003+KA16+KI04
xgboost,target,temperature,0.6301369863013698,0.322389534987894,0.9497716894977168,0.3545673076923077,,,1,1046,K001+KI01+KA05,K003+KA16+KI04
xgboost,target,isotonic,0.5376712328767124,0.38127100156460836,0.9531963470319634,0.4407185628742515,,,1,1046,K001+KI01+KA05,K003+KA16+KI04
xgboost,target,conformal_marginal,,,,,0.5296803652968036,0.7808219178082192,1,1046,K001+KI01+KA05,K003+KA16+KI04
xgboost,target,conformal_class_conditional,,,,,0.5159817351598174,0.7899543378995434,1,1046,K001+KI01+KA05,K003+KA16+KI04
xgboost,combined,raw,0.6301369863013698,0.31536855453361656,0.8767123287671232,0.3424479166666667,,,1,1046,K001+KI01+KA05,K003+KA16+KI04
xgboost,combined,temperature,0.6301369863013698,0.28381325343105535,0.8744292237442922,0.34464751958224543,,,1,1046,K001+KI01+KA05,K003+KA16+KI04
xgboost,combined,isotonic,0.6426940639269406,0.28394601060453023,0.958904109589041,0.3464285714285714,,,1,1046,K001+KI01+KA05,K003+KA16+KI04
xgboost,combined,conformal_marginal,,,,,0.6301369863013698,1.0022831050228311,1,1046,K001+KI01+KA05,K003+KA16+KI04
xgboost,combined,conformal_class_conditional,,,,,0.613013698630137,0.9178082191780822,1,1046,K001+KI01+KA05,K003+KA16+KI04
random_forest,source,raw,0.6841505131128849,0.18680508405161406,0.9087799315849487,0.2823086574654956,,,1,1047,K001+KI05+KA01,K003+KA30+KI17
random_forest,source,temperature,0.6841505131128849,0.20825122024701342,0.9076396807297605,0.28015075376884424,,,1,1047,K001+KI05+KA01,K003+KA30+KI17
random_forest,source,isotonic,0.7229190421892816,0.1773343263540606,0.9908779931584949,0.2761795166858458,,,1,1047,K001+KI05+KA01,K003+KA30+KI17
random_forest,source,conformal_marginal,,,,,0.6191562143671607,0.814139110604333,1,1047,K001+KI05+KA01,K003+KA30+KI17
random_forest,source,conformal_class_conditional,,,,,0.6761687571265679,0.8973774230330672,1,1047,K001+KI05+KA01,K003+KA30+KI17
random_forest,target,raw,0.6841505131128849,0.18680508405161406,0.0,,,,1,1047,K001+KI05+KA01,K003+KA30+KI17
random_forest,target,temperature,0.6841505131128849,0.07518115550219902,0.0,,,,1,1047,K001+KI05+KA01,K003+KA30+KI17
random_forest,target,isotonic,0.7137970353477765,0.054973963779308,0.48346636259977194,0.03773584905660377,,,1,1047,K001+KI05+KA01,K003+KA30+KI17
random_forest,target,conformal_marginal,,,,,0.879133409350057,1.7388825541619157,1,1047,K001+KI05+KA01,K003+KA30+KI17
random_forest,target,conformal_class_conditional,,,,,0.8415051311288484,1.5758266818700113,1,1047,K001+KI05+KA01,K003+KA30+KI17
random_forest,combined,raw,0.6841505131128849,0.18680508405161406,0.3329532497149373,0.0273972602739726,,,1,1047,K001+KI05+KA01,K003+KA30+KI17
random_forest,combined,temperature,0.6841505131128849,0.08187852328786671,0.2508551881413911,0.022727272727272728,,,1,1047,K001+KI05+KA01,K003+KA30+KI17
random_forest,combined,isotonic,0.7137970353477765,0.1142658713175754,0.56442417331813,0.08484848484848485,,,1,1047,K001+KI05+KA01,K003+KA30+KI17
random_forest,combined,conformal_marginal,,,,,0.8426453819840365,1.51539338654504,1,1047,K001+KI05+KA01,K003+KA30+KI17
random_forest,combined,conformal_class_conditional,,,,,0.8095781071835804,1.4332953249714937,1,1047,K001+KI05+KA01,K003+KA30+KI17
svm,source,raw,0.7058152793614595,0.1832062506982246,0.9817559863169898,0.28339140534262486,,,1,1047,K001+KI05+KA01,K003+KA30+KI17
svm,source,temperature,0.7058152793614595,0.2680601646654732,0.9965792474344356,0.2929061784897025,,,1,1047,K001+KI05+KA01,K003+KA30+KI17
svm,source,isotonic,0.6978335233751425,0.2730456227055725,0.9885974914481186,0.2952710495963091,,,1,1047,K001+KI05+KA01,K003+KA30+KI17
svm,source,conformal_marginal,,,,,0.6955530216647663,0.9635119726339795,1,1047,K001+KI05+KA01,K003+KA30+KI17
svm,source,conformal_class_conditional,,,,,0.677309007981756,0.9122006841505131,1,1047,K001+KI05+KA01,K003+KA30+KI17
svm,target,raw,0.7058152793614595,0.1832062506982246,0.18015963511972635,0.006329113924050633,,,1,1047,K001+KI05+KA01,K003+KA30+KI17
svm,target,temperature,0.7058152793614595,0.065024712096406,0.1573546180159635,0.0,,,1,1047,K001+KI05+KA01,K003+KA30+KI17
svm,target,isotonic,0.7217787913340935,0.055116426334774184,0.5153933865450399,0.05530973451327434,,,1,1047,K001+KI05+KA01,K003+KA30+KI17
svm,target,conformal_marginal,,,,,0.8848346636259977,1.8962371721778792,1,1047,K001+KI05+KA01,K003+KA30+KI17
svm,target,conformal_class_conditional,,,,,0.8346636259977195,1.5621436716077537,1,1047,K001+KI05+KA01,K003+KA30+KI17
svm,combined,raw,0.7058152793614595,0.1832062506982246,0.19840364880273662,0.011494252873563218,,,1,1047,K001+KI05+KA01,K003+KA30+KI17
svm,combined,temperature,0.7058152793614595,0.09109309684052719,0.20752565564424175,0.01098901098901099,,,1,1047,K001+KI05+KA01,K003+KA30+KI17
svm,combined,isotonic,0.7035347776510832,0.1394978766827605,0.5838084378563284,0.1015625,,,1,1047,K001+KI05+KA01,K003+KA30+KI17
svm,combined,conformal_marginal,,,,,0.8232611174458381,1.4253135689851768,1,1047,K001+KI05+KA01,K003+KA30+KI17
svm,combined,conformal_class_conditional,,,,,0.8004561003420753,1.4150513112884835,1,1047,K001+KI05+KA01,K003+KA30+KI17
xgboost,source,raw,0.6864310148232611,0.2535994169785468,0.9247434435575826,0.2836004932182491,,,1,1047,K001+KI05+KA01,K003+KA30+KI17
xgboost,source,temperature,0.6864310148232611,0.20108781283319033,0.9236031927023945,0.2839506172839506,,,1,1047,K001+KI05+KA01,K003+KA30+KI17
xgboost,source,isotonic,0.6966932725199544,0.2154431730050648,0.9897377423033067,0.30184331797235026,,,1,1047,K001+KI05+KA01,K003+KA30+KI17
xgboost,source,conformal_marginal,,,,,0.6339794754846066,0.8392246294184721,1,1047,K001+KI05+KA01,K003+KA30+KI17
xgboost,source,conformal_class_conditional,,,,,0.685290763968073,0.9304446978335233,1,1047,K001+KI05+KA01,K003+KA30+KI17
xgboost,target,raw,0.6864310148232611,0.2535994169785468,0.07981755986316989,0.0,,,1,1047,K001+KI05+KA01,K003+KA30+KI17
xgboost,target,temperature,0.6864310148232611,0.13045837149191714,0.09007981755986318,0.0,,,1,1047,K001+KI05+KA01,K003+KA30+KI17
xgboost,target,isotonic,0.6909920182440137,0.06873093593383028,0.5393386545039909,0.07399577167019028,,,1,1047,K001+KI05+KA01,K003+KA30+KI17
xgboost,target,conformal_marginal,,,,,0.9167616875712656,1.9714937286202965,1,1047,K001+KI05+KA01,K003+KA30+KI17
xgboost,target,conformal_class_conditional,,,,,0.8563283922462942,1.685290763968073,1,1047,K001+KI05+KA01,K003+KA30+KI17
xgboost,combined,raw,0.6864310148232611,0.2535994169785468,0.18700114025085518,0.006097560975609756,,,1,1047,K001+KI05+KA01,K003+KA30+KI17
xgboost,combined,temperature,0.6864310148232611,0.09756133638051429,0.19840364880273662,0.005747126436781609,,,1,1047,K001+KI05+KA01,K003+KA30+KI17
xgboost,combined,isotonic,0.6921322690992018,0.12030084282457033,0.572405929304447,0.10358565737051793,,,1,1047,K001+KI05+KA01,K003+KA30+KI17
xgboost,combined,conformal_marginal,,,,,0.8779931584948689,1.7217787913340934,1,1047,K001+KI05+KA01,K003+KA30+KI17
xgboost,combined,conformal_class_conditional,,,,,0.806157354618016,1.4903078677309007,1,1047,K001+KI05+KA01,K003+KA30+KI17
random_forest,source,raw,0.6598173515981736,0.20755279982614655,0.6643835616438356,0.23883161512027493,,,1,1048,K004+KI01+KA09,K006+KA30+KI18
random_forest,source,temperature,0.6598173515981736,0.20928643964281696,0.6643835616438356,0.23883161512027493,,,1,1048,K004+KI01+KA09,K006+KA30+KI18
random_forest,source,isotonic,0.6050228310502284,0.308610888114099,0.9954337899543378,0.3944954128440367,,,1,1048,K004+KI01+KA09,K006+KA30+KI18
random_forest,source,conformal_marginal,,,,,0.6678082191780822,1.0057077625570776,1,1048,K004+KI01+KA09,K006+KA30+KI18
random_forest,source,conformal_class_conditional,,,,,0.6666666666666666,1.0410958904109588,1,1048,K004+KI01+KA09,K006+KA30+KI18
random_forest,target,raw,0.6598173515981736,0.20755279982614655,0.708904109589041,0.24798711755233493,,,1,1048,K004+KI01+KA09,K006+KA30+KI18
random_forest,target,temperature,0.6598173515981736,0.17757671642087694,0.7180365296803652,0.24960254372019078,,,1,1048,K004+KI01+KA09,K006+KA30+KI18
random_forest,target,isotonic,0.6289954337899544,0.2618607452188191,0.8184931506849316,0.33472803347280333,,,1,1048,K004+KI01+KA09,K006+KA30+KI18
random_forest,target,conformal_marginal,,,,,0.730593607305936,1.211187214611872,1,1048,K004+KI01+KA09,K006+KA30+KI18
random_forest,target,conformal_class_conditional,,,,,0.6244292237442922,1.1461187214611872,1,1048,K004+KI01+KA09,K006+KA30+KI18
random_forest,combined,raw,0.6598173515981736,0.20755279982614655,0.6712328767123288,0.23979591836734693,,,1,1048,K004+KI01+KA09,K006+KA30+KI18
random_forest,combined,temperature,0.6598173515981736,0.1884560144227146,0.6815068493150684,0.24288107202680068,,,1,1048,K004+KI01+KA09,K006+KA30+KI18
random_forest,combined,isotonic,0.6689497716894978,0.23526676210529007,0.819634703196347,0.298050139275766,,,1,1048,K004+KI01+KA09,K006+KA30+KI18
random_forest,combined,conformal_marginal,,,,,0.702054794520548,1.0936073059360731,1,1048,K004+KI01+KA09,K006+KA30+KI18
random_forest,combined,conformal_class_conditional,,,,,0.6666666666666666,1.1244292237442923,1,1048,K004+KI01+KA09,K006+KA30+KI18
svm,source,raw,0.6666666666666666,0.18892662650619818,0.6404109589041096,0.22994652406417113,,,1,1048,K004+KI01+KA09,K006+KA30+KI18
svm,source,temperature,0.6666666666666666,0.05976380539775785,0.5901826484018264,0.22243713733075435,,,1,1048,K004+KI01+KA09,K006+KA30+KI18
svm,source,isotonic,0.6438356164383562,0.27547034018937866,0.9885844748858448,0.3510392609699769,,,1,1048,K004+KI01+KA09,K006+KA30+KI18
svm,source,conformal_marginal,,,,,0.7579908675799086,1.2910958904109588,1,1048,K004+KI01+KA09,K006+KA30+KI18
svm,source,conformal_class_conditional,,,,,0.7271689497716894,1.1232876712328768,1,1048,K004+KI01+KA09,K006+KA30+KI18
svm,target,raw,0.6666666666666666,0.18892662650619818,0.432648401826484,0.15567282321899736,,,1,1048,K004+KI01+KA09,K006+KA30+KI18
svm,target,temperature,0.6666666666666666,0.07057952181454637,0.3584474885844749,0.11146496815286625,,,1,1048,K004+KI01+KA09,K006+KA30+KI18
svm,target,isotonic,0.7009132420091324,0.18755017490959738,0.3767123287671233,0.1696969696969697,,,1,1048,K004+KI01+KA09,K006+KA30+KI18
svm,target,conformal_marginal,,,,,0.7579908675799086,1.29337899543379,1,1048,K004+KI01+KA09,K006+KA30+KI18
svm,target,conformal_class_conditional,,,,,0.7659817351598174,1.3995433789954337,1,1048,K004+KI01+KA09,K006+KA30+KI18
svm,combined,raw,0.6666666666666666,0.18892662650619818,0.5251141552511416,0.1956521739130435,,,1,1048,K004+KI01+KA09,K006+KA30+KI18
svm,combined,temperature,0.6666666666666666,0.0626399503934267,0.4931506849315068,0.1736111111111111,,,1,1048,K004+KI01+KA09,K006+KA30+KI18
svm,combined,isotonic,0.6952054794520548,0.1910446164125387,0.5570776255707762,0.26434426229508196,,,1,1048,K004+KI01+KA09,K006+KA30+KI18
svm,combined,conformal_marginal,,,,,0.7579908675799086,1.2910958904109588,1,1048,K004+KI01+KA09,K006+KA30+KI18
svm,combined,conformal_class_conditional,,,,,0.752283105022831,1.2796803652968036,1,1048,K004+KI01+KA09,K006+KA30+KI18
xgboost,source,raw,0.6643835616438356,0.27812918904981654,0.7659817351598174,0.26229508196721313,,,1,1048,K004+KI01+KA09,K006+KA30+KI18
xgboost,source,temperature,0.6643835616438356,0.21103066216573063,0.7534246575342466,0.25606060606060604,,,1,1048,K004+KI01+KA09,K006+KA30+KI18
xgboost,source,isotonic,0.6210045662100456,0.2826824991483622,0.9920091324200914,0.37744533947065595,,,1,1048,K004+KI01+KA09,K006+KA30+KI18
xgboost,source,conformal_marginal,,,,,0.6997716894977168,1.1141552511415524,1,1048,K004+KI01+KA09,K006+KA30+KI18
xgboost,source,conformal_class_conditional,,,,,0.6952054794520548,1.0901826484018264,1,1048,K004+KI01+KA09,K006+KA30+KI18
xgboost,target,raw,0.6643835616438356,0.27812918904981654,0.704337899543379,0.2479740680713128,,,1,1048,K004+KI01+KA09,K006+KA30+KI18
xgboost,target,temperature,0.6643835616438356,0.18890006086055308,0.7077625570776256,0.24516129032258063,,,1,1048,K004+KI01+KA09,K006+KA30+KI18
xgboost,target,isotonic,0.6164383561643836,0.26645427175154124,0.7888127853881278,0.2995658465991317,,,1,1048,K004+KI01+KA09,K006+KA30+KI18
xgboost,target,conformal_marginal,,,,,0.726027397260274,1.2191780821917808,1,1048,K004+KI01+KA09,K006+KA30+KI18
xgboost,target,conformal_class_conditional,,,,,0.6404109589041096,1.1723744292237444,1,1048,K004+KI01+KA09,K006+KA30+KI18
xgboost,combined,raw,0.6643835616438356,0.27812918904981654,0.7579908675799086,0.2620481927710843,,,1,1048,K004+KI01+KA09,K006+KA30+KI18
xgboost,combined,temperature,0.6643835616438356,0.19872775592358755,0.7534246575342466,0.25606060606060604,,,1,1048,K004+KI01+KA09,K006+KA30+KI18
xgboost,combined,isotonic,0.6541095890410958,0.22972326168344126,0.8025114155251142,0.283072546230441,,,1,1048,K004+KI01+KA09,K006+KA30+KI18
xgboost,combined,conformal_marginal,,,,,0.708904109589041,1.1529680365296804,1,1048,K004+KI01+KA09,K006+KA30+KI18
xgboost,combined,conformal_class_conditional,,,,,0.7054794520547946,1.1712328767123288,1,1048,K004+KI01+KA09,K006+KA30+KI18
random_forest,source,raw,0.656392694063927,0.22023749279663754,0.8504566210045662,0.2912751677852349,,,1,1049,K004+KI08+KA01,K006+KA30+KI14
random_forest,source,temperature,0.656392694063927,0.2248336260562948,0.8515981735159818,0.29222520107238603,,,1,1049,K004+KI08+KA01,K006+KA30+KI14
random_forest,source,isotonic,0.6187214611872146,0.33204674644268073,0.9920091324200914,0.37744533947065595,,,1,1049,K004+KI08+KA01,K006+KA30+KI14
random_forest,source,conformal_marginal,,,,,0.5901826484018264,0.8299086757990868,1,1049,K004+KI08+KA01,K006+KA30+KI14
random_forest,source,conformal_class_conditional,,,,,0.6027397260273972,0.9474885844748858,1,1049,K004+KI08+KA01,K006+KA30+KI14
random_forest,target,raw,0.656392694063927,0.22023749279663754,0.6757990867579908,0.22466216216216217,,,1,1049,K004+KI08+KA01,K006+KA30+KI14
random_forest,target,temperature,0.656392694063927,0.18498059911334946,0.6963470319634704,0.23442622950819672,,,1,1049,K004+KI08+KA01,K006+KA30+KI14
random_forest,target,isotonic,0.6426940639269406,0.22298430208270484,0.7614155251141552,0.27886056971514245,,,1,1049,K004+KI08+KA01,K006+KA30+KI14
random_forest,target,conformal_marginal,,,,,0.7340182648401826,1.230593607305936,1,1049,K004+KI08+KA01,K006+KA30+KI14
random_forest,target,conformal_class_conditional,,,,,0.6415525114155252,1.1278538812785388,1,1049,K004+KI08+KA01,K006+KA30+KI14
random_forest,combined,raw,0.656392694063927,0.22023749279663754,0.7397260273972602,0.2515432098765432,,,1,1049,K004+KI08+KA01,K006+KA30+KI14
random_forest,combined,temperature,0.656392694063927,0.20152879540351637,0.7442922374429224,0.25306748466257667,,,1,1049,K004+KI08+KA01,K006+KA30+KI14
random_forest,combined,isotonic,0.6198630136986302,0.260508154253389,0.8344748858447488,0.2968536251709986,,,1,1049,K004+KI08+KA01,K006+KA30+KI14
random_forest,combined,conformal_marginal,,,,,0.6860730593607306,1.0559360730593608,1,1049,K004+KI08+KA01,K006+KA30+KI14
random_forest,combined,conformal_class_conditional,,,,,0.6267123287671232,1.0547945205479452,1,1049,K004+KI08+KA01,K006+KA30+KI14
svm,source,raw,0.6746575342465754,0.20655967974297518,0.7157534246575342,0.20893141945773525,,,1,1049,K004+KI08+KA01,K006+KA30+KI14
svm,source,temperature,0.6746575342465754,0.2397398856516158,0.7385844748858448,0.2117465224111283,,,1,1049,K004+KI08+KA01,K006+KA30+KI14
svm,source,isotonic,0.632420091324201,0.31374360410229857,0.9817351598173516,0.3616279069767442,,,1,1049,K004+KI08+KA01,K006+KA30+KI14
svm,source,conformal_marginal,,,,,0.66324200913242,0.9486301369863014,1,1049,K004+KI08+KA01,K006+KA30+KI14
svm,source,conformal_class_conditional,,,,,0.6426940639269406,0.9863013698630136,1,1049,K004+KI08+KA01,K006+KA30+KI14
svm,target,raw,0.6746575342465754,0.20655967974297518,0.5490867579908676,0.14345114345114346,,,1,1049,K004+KI08+KA01,K006+KA30+KI14
svm,target,temperature,0.6746575342465754,0.13720661382278018,0.5513698630136986,0.14699792960662525,,,1,1049,K004+KI08+KA01,K006+KA30+KI14
svm,target,isotonic,0.6598173515981736,0.1901129026838066,0.6894977168949772,0.24503311258278146,,,1,1049,K004+KI08+KA01,K006+KA30+KI14
svm,target,conformal_marginal,,,,,0.771689497716895,1.3162100456621004,1,1049,K004+KI08+KA01,K006+KA30+KI14
svm,target,conformal_class_conditional,,,,,0.6518264840182648,1.1484018264840183,1,1049,K004+KI08+KA01,K006+KA30+KI14
svm,combined,raw,0.6746575342465754,0.20655967974297518,0.6015981735159818,0.16129032258064516,,,1,1049,K004+KI08+KA01,K006+KA30+KI14
svm,combined,temperature,0.6746575342465754,0.17955976734090717,0.5981735159817352,0.16221374045801526,,,1,1049,K004+KI08+KA01,K006+KA30+KI14
svm,combined,isotonic,0.6552511415525114,0.2289676331477857,0.8013698630136986,0.27492877492877493,,,1,1049,K004+KI08+KA01,K006+KA30+KI14
svm,combined,conformal_marginal,,,,,0.7180365296803652,1.1221461187214612,1,1049,K004+KI08+KA01,K006+KA30+KI14
svm,combined,conformal_class_conditional,,,,,0.636986301369863,1.0559360730593608,1,1049,K004+KI08+KA01,K006+KA30+KI14
xgboost,source,raw,0.6712328767123288,0.27676430038393357,0.9155251141552512,0.3054862842892768,,,1,1049,K004+KI08+KA01,K006+KA30+KI14
xgboost,source,temperature,0.6712328767123288,0.23505548722504158,0.9029680365296804,0.30467762326169406,,,1,1049,K004+KI08+KA01,K006+KA30+KI14
xgboost,source,isotonic,0.6461187214611872,0.308824297742808,0.9828767123287672,0.34959349593495936,,,1,1049,K004+KI08+KA01,K006+KA30+KI14
xgboost,source,conformal_marginal,,,,,0.6164383561643836,0.867579908675799,1,1049,K004+KI08+KA01,K006+KA30+KI14
xgboost,source,conformal_class_conditional,,,,,0.6221461187214612,0.9417808219178082,1,1049,K004+KI08+KA01,K006+KA30+KI14
xgboost,target,raw,0.6712328767123288,0.27676430038393357,0.7111872146118722,0.23113964686998395,,,1,1049,K004+KI08+KA01,K006+KA30+KI14
xgboost,target,temperature,0.6712328767123288,0.18910130728307895,0.7214611872146118,0.2310126582278481,,,1,1049,K004+KI08+KA01,K006+KA30+KI14
xgboost,target,isotonic,0.6700913242009132,0.21818794318757012,0.7728310502283106,0.27474150664697194,,,1,1049,K004+KI08+KA01,K006+KA30+KI14
xgboost,target,conformal_marginal,,,,,0.7271689497716894,1.1860730593607305,1,1049,K004+KI08+KA01,K006+KA30+KI14
xgboost,target,conformal_class_conditional,,,,,0.6963470319634704,1.1929223744292237,1,1049,K004+KI08+KA01,K006+KA30+KI14
xgboost,combined,raw,0.6712328767123288,0.27676430038393357,0.7671232876712328,0.25148809523809523,,,1,1049,K004+KI08+KA01,K006+KA30+KI14
xgboost,combined,temperature,0.6712328767123288,0.2096486159772638,0.771689497716895,0.2529585798816568,,,1,1049,K004+KI08+KA01,K006+KA30+KI14
xgboost,combined,isotonic,0.6621004566210046,0.2322939677864279,0.8812785388127854,0.3082901554404145,,,1,1049,K004+KI08+KA01,K006+KA30+KI14
xgboost,combined,conformal_marginal,,,,,0.682648401826484,1.0410958904109588,1,1049,K004+KI08+KA01,K006+KA30+KI14
xgboost,combined,conformal_class_conditional,,,,,0.6484018264840182,1.0422374429223744,1,1049,K004+KI08+KA01,K006+KA30+KI14
random_forest,source,raw,0.6943573667711599,0.15741495568098146,0.9843260188087775,0.29936305732484075,,,2,2000,K001+KI07+KA06,K003+K005+KA15+KA16+KI14+KI17
random_forest,source,temperature,0.6943573667711599,0.2376425662463177,0.9890282131661442,0.3011093502377179,,,2,2000,K001+KI07+KA06,K003+K005+KA15+KA16+KI14+KI17
random_forest,source,isotonic,0.677115987460815,0.28028005463714606,0.9388714733542319,0.3005008347245409,,,2,2000,K001+KI07+KA06,K003+K005+KA15+KA16+KI14+KI17
random_forest,source,conformal_marginal,,,,,0.6081504702194357,0.7617554858934169,2,2000,K001+KI07+KA06,K003+K005+KA15+KA16+KI14+KI17
random_forest,source,conformal_class_conditional,,,,,0.5235109717868338,0.6959247648902821,2,2000,K001+KI07+KA06,K003+K005+KA15+KA16+KI14+KI17
random_forest,target,raw,0.6943573667711599,0.15741495568098146,0.2617554858934169,0.029940119760479042,,,2,2000,K001+KI07+KA06,K003+K005+KA15+KA16+KI14+KI17
random_forest,target,temperature,0.6943573667711599,0.1596050093666162,0.23824451410658307,0.039473684210526314,,,2,2000,K001+KI07+KA06,K003+K005+KA15+KA16+KI14+KI17
random_forest,target,isotonic,0.7163009404388715,0.054912069884042014,0.5768025078369906,0.08967391304347826,,,2,2000,K001+KI07+KA06,K003+K005+KA15+KA16+KI14+KI17
random_forest,target,conformal_marginal,,,,,0.9608150470219435,2.1912225705329154,2,2000,K001+KI07+KA06,K003+K005+KA15+KA16+KI14+KI17
random_forest,target,conformal_class_conditional,,,,,0.9435736677115988,1.9169278996865204,2,2000,K001+KI07+KA06,K003+K005+KA15+KA16+KI14+KI17
random_forest,combined,raw,0.6943573667711599,0.15741495568098146,0.37460815047021945,0.03347280334728033,,,2,2000,K001+KI07+KA06,K003+K005+KA15+KA16+KI14+KI17
random_forest,combined,temperature,0.6943573667711599,0.10261236752439837,0.329153605015674,0.05714285714285714,,,2,2000,K001+KI07+KA06,K003+K005+KA15+KA16+KI14+KI17
random_forest,combined,isotonic,0.7178683385579937,0.10361442644120969,0.5768025078369906,0.08967391304347826,,,2,2000,K001+KI07+KA06,K003+K005+KA15+KA16+KI14+KI17
random_forest,combined,conformal_marginal,,,,,0.9404388714733543,1.9482758620689655,2,2000,K001+KI07+KA06,K003+K005+KA15+KA16+KI14+KI17
random_forest,combined,conformal_class_conditional,,,,,0.9184952978056427,1.7523510971786833,2,2000,K001+KI07+KA06,K003+K005+KA15+KA16+KI14+KI17
svm,source,raw,0.7115987460815048,0.16408261636086302,0.9623824451410659,0.2719869706840391,,,2,2000,K001+KI07+KA06,K003+K005+KA15+KA16+KI14+KI17
svm,source,temperature,0.7115987460815048,0.21757324677299697,0.9278996865203761,0.26182432432432434,,,2,2000,K001+KI07+KA06,K003+K005+KA15+KA16+KI14+KI17
svm,source,isotonic,0.7084639498432602,0.22983950261251185,0.957680250783699,0.2733224222585925,,,2,2000,K001+KI07+KA06,K003+K005+KA15+KA16+KI14+KI17
svm,source,conformal_marginal,,,,,0.5344827586206896,0.603448275862069,2,2000,K001+KI07+KA06,K003+K005+KA15+KA16+KI14+KI17
svm,source,conformal_class_conditional,,,,,0.4169278996865204,0.512539184952978,2,2000,K001+KI07+KA06,K003+K005+KA15+KA16+KI14+KI17
svm,target,raw,0.7115987460815048,0.16408261636086302,0.31347962382445144,0.05,,,2,2000,K001+KI07+KA06,K003+K005+KA15+KA16+KI14+KI17
svm,target,temperature,0.7115987460815048,0.09016339170708888,0.2962382445141066,0.042328042328042326,,,2,2000,K001+KI07+KA06,K003+K005+KA15+KA16+KI14+KI17
svm,target,isotonic,0.719435736677116,0.09513620527364722,0.6003134796238244,0.08093994778067885,,,2,2000,K001+KI07+KA06,K003+K005+KA15+KA16+KI14+KI17
svm,target,conformal_marginal,,,,,0.9482758620689655,2.164576802507837,2,2000,K001+KI07+KA06,K003+K005+KA15+KA16+KI14+KI17
svm,target,conformal_class_conditional,,,,,0.9498432601880877,1.9420062695924765,2,2000,K001+KI07+KA06,K003+K005+KA15+KA16+KI14+KI17
svm,combined,raw,0.7115987460815048,0.16408261636086302,0.3338557993730408,0.051643192488262914,,,2,2000,K001+KI07+KA06,K003+K005+KA15+KA16+KI14+KI17
svm,combined,temperature,0.7115987460815048,0.06662315334537379,0.34169278996865204,0.05963302752293578,,,2,2000,K001+KI07+KA06,K003+K005+KA15+KA16+KI14+KI17
svm,combined,isotonic,0.7163009404388715,0.1091837454094269,0.6175548589341693,0.10152284263959391,,,2,2000,K001+KI07+KA06,K003+K005+KA15+KA16+KI14+KI17
svm,combined,conformal_marginal,,,,,0.9216300940438872,1.8981191222570533,2,2000,K001+KI07+KA06,K003+K005+KA15+KA16+KI14+KI17
svm,combined,conformal_class_conditional,,,,,0.9122257053291536,1.8087774294670846,2,2000,K001+KI07+KA06,K003+K005+KA15+KA16+KI14+KI17
xgboost,source,raw,0.7178683385579937,0.21834436035642063,0.9655172413793104,0.275974025974026,,,2,2000,K001+KI07+KA06,K003+K005+KA15+KA16+KI14+KI17
xgboost,source,temperature,0.7178683385579937,0.2256465041576236,0.9670846394984326,0.2771474878444084,,,2,2000,K001+KI07+KA06,K003+K005+KA15+KA16+KI14+KI17
xgboost,source,isotonic,0.7053291536050157,0.26367463730419993,0.9655172413793104,0.2775974025974026,,,2,2000,K001+KI07+KA06,K003+K005+KA15+KA16+KI14+KI17
xgboost,source,conformal_marginal,,,,,0.5924764890282131,0.7147335423197492,2,2000,K001+KI07+KA06,K003+K005+KA15+KA16+KI14+KI17
xgboost,source,conformal_class_conditional,,,,,0.5094043887147336,0.6269592476489029,2,2000,K001+KI07+KA06,K003+K005+KA15+KA16+KI14+KI17
xgboost,target,raw,0.7178683385579937,0.21834436035642063,0.26332288401253917,0.005952380952380952,,,2,2000,K001+KI07+KA06,K003+K005+KA15+KA16+KI14+KI17
xgboost,target,temperature,0.7178683385579937,0.10989572368904257,0.29153605015673983,0.005376344086021506,,,2,2000,K001+KI07+KA06,K003+K005+KA15+KA16+KI14+KI17
xgboost,target,isotonic,0.7115987460815048,0.06479131476804972,0.567398119122257,0.07458563535911603,,,2,2000,K001+KI07+KA06,K003+K005+KA15+KA16+KI14+KI17
xgboost,target,conformal_marginal,,,,,0.9561128526645768,2.0282131661442007,2,2000,K001+KI07+KA06,K003+K005+KA15+KA16+KI14+KI17
xgboost,target,conformal_class_conditional,,,,,0.9561128526645768,1.8557993730407523,2,2000,K001+KI07+KA06,K003+K005+KA15+KA16+KI14+KI17
xgboost,combined,raw,0.7178683385579937,0.21834436035642063,0.3793103448275862,0.028925619834710745,,,2,2000,K001+KI07+KA06,K003+K005+KA15+KA16+KI14+KI17
xgboost,combined,temperature,0.7178683385579937,0.07780171488320868,0.3761755485893417,0.029166666666666667,,,2,2000,K001+KI07+KA06,K003+K005+KA15+KA16+KI14+KI17
xgboost,combined,isotonic,0.7115987460815048,0.09414701435801862,0.6081504702194357,0.10051546391752578,,,2,2000,K001+KI07+KA06,K003+K005+KA15+KA16+KI14+KI17
xgboost,combined,conformal_marginal,,,,,0.9169278996865203,1.8260188087774294,2,2000,K001+KI07+KA06,K003+K005+KA15+KA16+KI14+KI17
xgboost,combined,conformal_class_conditional,,,,,0.932601880877743,1.7398119122257054,2,2000,K001+KI07+KA06,K003+K005+KA15+KA16+KI14+KI17
random_forest,source,raw,0.6336477987421384,0.24124350533738315,0.860062893081761,0.3473491773308958,,,2,2001,K001+KI01+KA05,K003+K005+KA04+KA30+KI14+KI16
random_forest,source,temperature,0.6336477987421384,0.2638358133608961,0.8710691823899371,0.351985559566787,,,2,2001,K001+KI01+KA05,K003+K005+KA04+KA30+KI14+KI16
random_forest,source,isotonic,0.6446540880503144,0.30898217347204193,0.9732704402515723,0.3473344103392569,,,2,2001,K001+KI01+KA05,K003+K005+KA04+KA30+KI14+KI16
random_forest,source,conformal_marginal,,,,,0.6462264150943396,1.070754716981132,2,2001,K001+KI01+KA05,K003+K005+KA04+KA30+KI14+KI16
random_forest,source,conformal_class_conditional,,,,,0.6210691823899371,0.9764150943396226,2,2001,K001+KI01+KA05,K003+K005+KA04+KA30+KI14+KI16
random_forest,target,raw,0.6336477987421384,0.24124350533738315,0.6305031446540881,0.30423940149625933,,,2,2001,K001+KI01+KA05,K003+K005+KA04+KA30+KI14+KI16
random_forest,target,temperature,0.6336477987421384,0.17072843593145928,0.639937106918239,0.3071253071253071,,,2,2001,K001+KI01+KA05,K003+K005+KA04+KA30+KI14+KI16
random_forest,target,isotonic,0.6477987421383647,0.21620564126970152,0.6194968553459119,0.28426395939086296,,,2,2001,K001+KI01+KA05,K003+K005+KA04+KA30+KI14+KI16
random_forest,target,conformal_marginal,,,,,0.7091194968553459,1.2971698113207548,2,2001,K001+KI01+KA05,K003+K005+KA04+KA30+KI14+KI16
random_forest,target,conformal_class_conditional,,,,,0.7232704402515723,1.2735849056603774,2,2001,K001+KI01+KA05,K003+K005+KA04+KA30+KI14+KI16
random_forest,combined,raw,0.6336477987421384,0.24124350533738315,0.699685534591195,0.31910112359550563,,,2,2001,K001+KI01+KA05,K003+K005+KA04+KA30+KI14+KI16
random_forest,combined,temperature,0.6336477987421384,0.20543635973152313,0.7059748427672956,0.3184855233853007,,,2,2001,K001+KI01+KA05,K003+K005+KA04+KA30+KI14+KI16
random_forest,combined,isotonic,0.6446540880503144,0.2286039062594178,0.7028301886792453,0.30201342281879195,,,2,2001,K001+KI01+KA05,K003+K005+KA04+KA30+KI14+KI16
random_forest,combined,conformal_marginal,,,,,0.6525157232704403,1.1022012578616351,2,2001,K001+KI01+KA05,K003+K005+KA04+KA30+KI14+KI16
random_forest,combined,conformal_class_conditional,,,,,0.6808176100628931,1.1446540880503144,2,2001,K001+KI01+KA05,K003+K005+KA04+KA30+KI14+KI16
svm,source,raw,0.49528301886792453,0.33428170310295163,0.6509433962264151,0.39855072463768115,,,2,2001,K001+KI01+KA05,K003+K005+KA04+KA30+KI14+KI16
svm,source,temperature,0.49528301886792453,0.2656149982272964,0.6572327044025157,0.4019138755980861,,,2,2001,K001+KI01+KA05,K003+K005+KA04+KA30+KI14+KI16
svm,source,isotonic,0.6588050314465409,0.27009604700991063,0.9764150943396226,0.33494363929146537,,,2,2001,K001+KI01+KA05,K003+K005+KA04+KA30+KI14+KI16
svm,source,conformal_marginal,,,,,0.6839622641509434,1.3569182389937107,2,2001,K001+KI01+KA05,K003+K005+KA04+KA30+KI14+KI16
svm,source,conformal_class_conditional,,,,,0.6352201257861635,1.0770440251572326,2,2001,K001+KI01+KA05,K003+K005+KA04+KA30+KI14+KI16
svm,target,raw,0.49528301886792453,0.33428170310295163,0.5455974842767296,0.4034582132564842,,,2,2001,K001+KI01+KA05,K003+K005+KA04+KA30+KI14+KI16
svm,target,temperature,0.49528301886792453,0.2898464170874721,0.5440251572327044,0.407514450867052,,,2,2001,K001+KI01+KA05,K003+K005+KA04+KA30+KI14+KI16
svm,target,isotonic,0.5172955974842768,0.2884078153642519,0.550314465408805,0.38571428571428573,,,2,2001,K001+KI01+KA05,K003+K005+KA04+KA30+KI14+KI16
svm,target,conformal_marginal,,,,,0.6839622641509434,1.3553459119496856,2,2001,K001+KI01+KA05,K003+K005+KA04+KA30+KI14+KI16
svm,target,conformal_class_conditional,,,,,0.6886792452830188,1.3915094339622642,2,2001,K001+KI01+KA05,K003+K005+KA04+KA30+KI14+KI16
svm,combined,raw,0.49528301886792453,0.33428170310295163,0.6477987421383647,0.39805825242718446,,,2,2001,K001+KI01+KA05,K003+K005+KA04+KA30+KI14+KI16
svm,combined,temperature,0.49528301886792453,0.27911850680160216,0.639937106918239,0.39803439803439805,,,2,2001,K001+KI01+KA05,K003+K005+KA04+KA30+KI14+KI16
svm,combined,isotonic,0.660377358490566,0.2382292908196231,0.8522012578616353,0.3062730627306273,,,2,2001,K001+KI01+KA05,K003+K005+KA04+KA30+KI14+KI16
svm,combined,conformal_marginal,,,,,0.6839622641509434,1.3553459119496856,2,2001,K001+KI01+KA05,K003+K005+KA04+KA30+KI14+KI16
svm,combined,conformal_class_conditional,,,,,0.6572327044025157,1.2185534591194969,2,2001,K001+KI01+KA05,K003+K005+KA04+KA30+KI14+KI16
xgboost,source,raw,0.6194968553459119,0.33906444433912536,0.8364779874213837,0.34398496240601506,,,2,2001,K001+KI01+KA05,K003+K005+KA04+KA30+KI14+KI16
xgboost,source,temperature,0.6194968553459119,0.2850480833641308,0.8238993710691824,0.3435114503816794,,,2,2001,K001+KI01+KA05,K003+K005+KA04+KA30+KI14+KI16
xgboost,source,isotonic,0.6415094339622641,0.31000377432110593,0.9685534591194969,0.3587662337662338,,,2,2001,K001+KI01+KA05,K003+K005+KA04+KA30+KI14+KI16
xgboost,source,conformal_marginal,,,,,0.6352201257861635,1.0550314465408805,2,2001,K001+KI01+KA05,K003+K005+KA04+KA30+KI14+KI16
xgboost,source,conformal_class_conditional,,,,,0.6289308176100629,0.9622641509433962,2,2001,K001+KI01+KA05,K003+K005+KA04+KA30+KI14+KI16
xgboost,target,raw,0.6194968553459119,0.33906444433912536,0.49842767295597484,0.24921135646687698,,,2,2001,K001+KI01+KA05,K003+K005+KA04+KA30+KI14+KI16
xgboost,target,temperature,0.6194968553459119,0.21608527090395632,0.5015723270440252,0.2507836990595611,,,2,2001,K001+KI01+KA05,K003+K005+KA04+KA30+KI14+KI16
xgboost,target,isotonic,0.6367924528301887,0.2309067743363576,0.6037735849056604,0.23697916666666666,,,2,2001,K001+KI01+KA05,K003+K005+KA04+KA30+KI14+KI16
xgboost,target,conformal_marginal,,,,,0.6933962264150944,1.3018867924528301,2,2001,K001+KI01+KA05,K003+K005+KA04+KA30+KI14+KI16
xgboost,target,conformal_class_conditional,,,,,0.6981132075471698,1.2814465408805031,2,2001,K001+KI01+KA05,K003+K005+KA04+KA30+KI14+KI16
xgboost,combined,raw,0.6194968553459119,0.33906444433912536,0.6572327044025157,0.2966507177033493,,,2,2001,K001+KI01+KA05,K003+K005+KA04+KA30+KI14+KI16
xgboost,combined,temperature,0.6194968553459119,0.2372018619506446,0.6619496855345912,0.2921615201900237,,,2,2001,K001+KI01+KA05,K003+K005+KA04+KA30+KI14+KI16
xgboost,combined,isotonic,0.639937106918239,0.24013621909878596,0.7327044025157232,0.2854077253218884,,,2,2001,K001+KI01+KA05,K003+K005+KA04+KA30+KI14+KI16
xgboost,combined,conformal_marginal,,,,,0.6635220125786163,1.1477987421383649,2,2001,K001+KI01+KA05,K003+K005+KA04+KA30+KI14+KI16
xgboost,combined,conformal_class_conditional,,,,,0.6729559748427673,1.1666666666666667,2,2001,K001+KI01+KA05,K003+K005+KA04+KA30+KI14+KI16
random_forest,source,raw,0.6389324960753532,0.23856828240492162,0.7723704866562009,0.2784552845528455,,,2,2002,K004+KI05+KA07,K005+K006+KA04+KA15+KI18+KI21
random_forest,source,temperature,0.6389324960753532,0.18456036721775912,0.7692307692307693,0.2755102040816326,,,2,2002,K004+KI05+KA07,K005+K006+KA04+KA15+KI18+KI21
random_forest,source,isotonic,0.6373626373626373,0.23992907901745478,0.7676609105180534,0.2985685071574642,,,2,2002,K004+KI05+KA07,K005+K006+KA04+KA15+KI18+KI21
random_forest,source,conformal_marginal,,,,,0.6232339089481946,0.9293563579277865,2,2002,K004+KI05+KA07,K005+K006+KA04+KA15+KI18+KI21
random_forest,source,conformal_class_conditional,,,,,0.5745682888540031,0.9356357927786499,2,2002,K004+KI05+KA07,K005+K006+KA04+KA15+KI18+KI21
random_forest,target,raw,0.6389324960753532,0.23856828240492162,0.3783359497645212,0.0954356846473029,,,2,2002,K004+KI05+KA07,K005+K006+KA04+KA15+KI18+KI21
random_forest,target,temperature,0.6389324960753532,0.06877122636356696,0.37676609105180536,0.11666666666666667,,,2,2002,K004+KI05+KA07,K005+K006+KA04+KA15+KI18+KI21
random_forest,target,isotonic,0.6043956043956044,0.14576926414827224,0.3783359497645212,0.12033195020746888,,,2,2002,K004+KI05+KA07,K005+K006+KA04+KA15+KI18+KI21
random_forest,target,conformal_marginal,,,,,0.9372056514913658,2.021978021978022,2,2002,K004+KI05+KA07,K005+K006+KA04+KA15+KI18+KI21
random_forest,target,conformal_class_conditional,,,,,0.8398744113029827,1.7001569858712715,2,2002,K004+KI05+KA07,K005+K006+KA04+KA15+KI18+KI21
random_forest,combined,raw,0.6389324960753532,0.23856828240492162,0.4772370486656201,0.1513157894736842,,,2,2002,K004+KI05+KA07,K005+K006+KA04+KA15+KI18+KI21
random_forest,combined,temperature,0.6389324960753532,0.06895821303280819,0.4552590266875981,0.1310344827586207,,,2,2002,K004+KI05+KA07,K005+K006+KA04+KA15+KI18+KI21
random_forest,combined,isotonic,0.6216640502354788,0.16142948356728204,0.4725274725274725,0.12292358803986711,,,2,2002,K004+KI05+KA07,K005+K006+KA04+KA15+KI18+KI21
random_forest,combined,conformal_marginal,,,,,0.8649921507064364,1.7205651491365777,2,2002,K004+KI05+KA07,K005+K006+KA04+KA15+KI18+KI21
random_forest,combined,conformal_class_conditional,,,,,0.8241758241758241,1.6248037676609106,2,2002,K004+KI05+KA07,K005+K006+KA04+KA15+KI18+KI21
svm,source,raw,0.6609105180533752,0.2341801067632288,0.7943485086342229,0.2648221343873518,,,2,2002,K004+KI05+KA07,K005+K006+KA04+KA15+KI18+KI21
svm,source,temperature,0.6609105180533752,0.21528825447258781,0.7959183673469388,0.26627218934911245,,,2,2002,K004+KI05+KA07,K005+K006+KA04+KA15+KI18+KI21
svm,source,isotonic,0.6342229199372057,0.28940975790551,0.9340659340659341,0.3495798319327731,,,2,2002,K004+KI05+KA07,K005+K006+KA04+KA15+KI18+KI21
svm,source,conformal_marginal,,,,,0.6452119309262166,0.9638932496075353,2,2002,K004+KI05+KA07,K005+K006+KA04+KA15+KI18+KI21
svm,source,conformal_class_conditional,,,,,0.543171114599686,0.8916797488226059,2,2002,K004+KI05+KA07,K005+K006+KA04+KA15+KI18+KI21
svm,target,raw,0.6609105180533752,0.2341801067632288,0.25588697017268447,0.0736196319018405,,,2,2002,K004+KI05+KA07,K005+K006+KA04+KA15+KI18+KI21
svm,target,temperature,0.6609105180533752,0.04901612248760635,0.24960753532182103,0.06289308176100629,,,2,2002,K004+KI05+KA07,K005+K006+KA04+KA15+KI18+KI21
svm,target,isotonic,0.5934065934065934,0.21207070979458592,0.423861852433281,0.044444444444444446,,,2,2002,K004+KI05+KA07,K005+K006+KA04+KA15+KI18+KI21
svm,target,conformal_marginal,,,,,0.9183673469387755,2.1397174254317113,2,2002,K004+KI05+KA07,K005+K006+KA04+KA15+KI18+KI21
svm,target,conformal_class_conditional,,,,,0.8131868131868132,1.7048665620094192,2,2002,K004+KI05+KA07,K005+K006+KA04+KA15+KI18+KI21
svm,combined,raw,0.6609105180533752,0.2341801067632288,0.4740973312401884,0.12251655629139073,,,2,2002,K004+KI05+KA07,K005+K006+KA04+KA15+KI18+KI21
svm,combined,temperature,0.6609105180533752,0.07594337030054932,0.4097331240188383,0.11877394636015326,,,2,2002,K004+KI05+KA07,K005+K006+KA04+KA15+KI18+KI21
svm,combined,isotonic,0.598116169544741,0.20171795478495733,0.5447409733124019,0.15273775216138327,,,2,2002,K004+KI05+KA07,K005+K006+KA04+KA15+KI18+KI21
svm,combined,conformal_marginal,,,,,0.8320251177394035,1.596546310832025,2,2002,K004+KI05+KA07,K005+K006+KA04+KA15+KI18+KI21
svm,combined,conformal_class_conditional,,,,,0.7880690737833596,1.6248037676609106,2,2002,K004+KI05+KA07,K005+K006+KA04+KA15+KI18+KI21
xgboost,source,raw,0.6326530612244898,0.31697154980813697,0.7409733124018838,0.2796610169491525,,,2,2002,K004+KI05+KA07,K005+K006+KA04+KA15+KI18+KI21
xgboost,source,temperature,0.6326530612244898,0.23320577624300276,0.7472527472527473,0.27941176470588236,,,2,2002,K004+KI05+KA07,K005+K006+KA04+KA15+KI18+KI21
xgboost,source,isotonic,0.631083202511774,0.22259222785266886,0.7394034536891679,0.2951167728237792,,,2,2002,K004+KI05+KA07,K005+K006+KA04+KA15+KI18+KI21
xgboost,source,conformal_marginal,,,,,0.6656200941915228,1.0941915227629513,2,2002,K004+KI05+KA07,K005+K006+KA04+KA15+KI18+KI21
xgboost,source,conformal_class_conditional,,,,,0.5667189952904239,0.957613814756672,2,2002,K004+KI05+KA07,K005+K006+KA04+KA15+KI18+KI21
xgboost,target,raw,0.6326530612244898,0.31697154980813697,0.2967032967032967,0.1164021164021164,,,2,2002,K004+KI05+KA07,K005+K006+KA04+KA15+KI18+KI21
xgboost,target,temperature,0.6326530612244898,0.09896449541657927,0.28414442700156983,0.11602209944751381,,,2,2002,K004+KI05+KA07,K005+K006+KA04+KA15+KI18+KI21
xgboost,target,isotonic,0.6028257456828885,0.18416920693660924,0.34065934065934067,0.11059907834101383,,,2,2002,K004+KI05+KA07,K005+K006+KA04+KA15+KI18+KI21
xgboost,target,conformal_marginal,,,,,0.902668759811617,1.9372056514913658,2,2002,K004+KI05+KA07,K005+K006+KA04+KA15+KI18+KI21
xgboost,target,conformal_class_conditional,,,,,0.8116169544740973,1.58712715855573,2,2002,K004+KI05+KA07,K005+K006+KA04+KA15+KI18+KI21
xgboost,combined,raw,0.6326530612244898,0.31697154980813697,0.3924646781789639,0.148,,,2,2002,K004+KI05+KA07,K005+K006+KA04+KA15+KI18+KI21
xgboost,combined,temperature,0.6326530612244898,0.1328162547694347,0.41287284144427,0.155893536121673,,,2,2002,K004+KI05+KA07,K005+K006+KA04+KA15+KI18+KI21
xgboost,combined,isotonic,0.6012558869701727,0.19814211510440038,0.5227629513343799,0.14414414414414414,,,2,2002,K004+KI05+KA07,K005+K006+KA04+KA15+KI18+KI21
xgboost,combined,conformal_marginal,,,,,0.8398744113029827,1.6703296703296704,2,2002,K004+KI05+KA07,K005+K006+KA04+KA15+KI18+KI21
xgboost,combined,conformal_class_conditional,,,,,0.7990580847723705,1.5400313971742543,2,2002,K004+KI05+KA07,K005+K006+KA04+KA15+KI18+KI21
random_forest,source,raw,0.6065830721003135,0.27360435667305516,0.7884012539184952,0.3379721669980119,,,2,2003,K004+KI03+KA09,K003+K005+KA16+KA30+KI17+KI18
random_forest,source,temperature,0.6065830721003135,0.24490803850261217,0.7821316614420063,0.3366733466933868,,,2,2003,K004+KI03+KA09,K003+K005+KA16+KA30+KI17+KI18
random_forest,source,isotonic,0.6175548589341693,0.2527145964654728,0.8479623824451411,0.3512014787430684,,,2,2003,K004+KI03+KA09,K003+K005+KA16+KA30+KI17+KI18
random_forest,source,conformal_marginal,,,,,0.6050156739811913,0.9858934169278997,2,2003,K004+KI03+KA09,K003+K005+KA16+KA30+KI17+KI18
random_forest,source,conformal_class_conditional,,,,,0.6379310344827587,0.9890282131661442,2,2003,K004+KI03+KA09,K003+K005+KA16+KA30+KI17+KI18
random_forest,target,raw,0.6065830721003135,0.27360435667305516,0.45297805642633227,0.17993079584775087,,,2,2003,K004+KI03+KA09,K003+K005+KA16+KA30+KI17+KI18
random_forest,target,temperature,0.6065830721003135,0.15977962276588858,0.45768025078369906,0.16095890410958905,,,2,2003,K004+KI03+KA09,K003+K005+KA16+KA30+KI17+KI18
random_forest,target,isotonic,0.609717868338558,0.2071134636043826,0.6050156739811913,0.24352331606217617,,,2,2003,K004+KI03+KA09,K003+K005+KA16+KA30+KI17+KI18
random_forest,target,conformal_marginal,,,,,0.7163009404388715,1.341692789968652,2,2003,K004+KI03+KA09,K003+K005+KA16+KA30+KI17+KI18
random_forest,target,conformal_class_conditional,,,,,0.7445141065830722,1.3495297805642634,2,2003,K004+KI03+KA09,K003+K005+KA16+KA30+KI17+KI18
random_forest,combined,raw,0.6065830721003135,0.27360435667305516,0.5062695924764891,0.21671826625386997,,,2,2003,K004+KI03+KA09,K003+K005+KA16+KA30+KI17+KI18
random_forest,combined,temperature,0.6065830721003135,0.18716936248220611,0.542319749216301,0.2254335260115607,,,2,2003,K004+KI03+KA09,K003+K005+KA16+KA30+KI17+KI18
random_forest,combined,isotonic,0.6144200626959248,0.21074228645896326,0.6112852664576802,0.2153846153846154,,,2,2003,K004+KI03+KA09,K003+K005+KA16+KA30+KI17+KI18
random_forest,combined,conformal_marginal,,,,,0.6724137931034483,1.2163009404388714,2,2003,K004+KI03+KA09,K003+K005+KA16+KA30+KI17+KI18
random_forest,combined,conformal_class_conditional,,,,,0.7272727272727273,1.2774294670846396,2,2003,K004+KI03+KA09,K003+K005+KA16+KA30+KI17+KI18
svm,source,raw,0.6128526645768025,0.271494697212775,0.7147335423197492,0.27631578947368424,,,2,2003,K004+KI03+KA09,K003+K005+KA16+KA30+KI17+KI18
svm,source,temperature,0.6128526645768025,0.2270884281825732,0.6943573667711599,0.27313769751693,,,2,2003,K004+KI03+KA09,K003+K005+KA16+KA30+KI17+KI18
svm,source,isotonic,0.6316614420062696,0.2720520554488804,0.8871473354231975,0.3215547703180212,,,2,2003,K004+KI03+KA09,K003+K005+KA16+KA30+KI17+KI18
svm,source,conformal_marginal,,,,,0.5877742946708464,0.9090909090909091,2,2003,K004+KI03+KA09,K003+K005+KA16+KA30+KI17+KI18
svm,source,conformal_class_conditional,,,,,0.6833855799373041,1.0517241379310345,2,2003,K004+KI03+KA09,K003+K005+KA16+KA30+KI17+KI18
svm,target,raw,0.6128526645768025,0.271494697212775,0.4200626959247649,0.10820895522388059,,,2,2003,K004+KI03+KA09,K003+K005+KA16+KA30+KI17+KI18
svm,target,temperature,0.6128526645768025,0.194121070209463,0.41849529780564265,0.11610486891385768,,,2,2003,K004+KI03+KA09,K003+K005+KA16+KA30+KI17+KI18
svm,target,isotonic,0.6050156739811913,0.222437936810812,0.6065830721003135,0.1937984496124031,,,2,2003,K004+KI03+KA09,K003+K005+KA16+KA30+KI17+KI18
svm,target,conformal_marginal,,,,,0.7241379310344828,1.3385579937304075,2,2003,K004+KI03+KA09,K003+K005+KA16+KA30+KI17+KI18
svm,target,conformal_class_conditional,,,,,0.7304075235109718,1.3181818181818181,2,2003,K004+KI03+KA09,K003+K005+KA16+KA30+KI17+KI18
svm,combined,raw,0.6128526645768025,0.271494697212775,0.5924764890282131,0.21428571428571427,,,2,2003,K004+KI03+KA09,K003+K005+KA16+KA30+KI17+KI18
svm,combined,temperature,0.6128526645768025,0.2023205026014558,0.5830721003134797,0.21236559139784947,,,2,2003,K004+KI03+KA09,K003+K005+KA16+KA30+KI17+KI18
svm,combined,isotonic,0.603448275862069,0.23288047364047199,0.6598746081504702,0.22565320665083136,,,2,2003,K004+KI03+KA09,K003+K005+KA16+KA30+KI17+KI18
svm,combined,conformal_marginal,,,,,0.6912225705329154,1.2210031347962382,2,2003,K004+KI03+KA09,K003+K005+KA16+KA30+KI17+KI18
svm,combined,conformal_class_conditional,,,,,0.7053291536050157,1.1802507836990597,2,2003,K004+KI03+KA09,K003+K005+KA16+KA30+KI17+KI18
xgboost,source,raw,0.6238244514106583,0.3214541938050787,0.8307210031347962,0.3339622641509434,,,2,2003,K004+KI03+KA09,K003+K005+KA16+KA30+KI17+KI18
xgboost,source,temperature,0.6238244514106583,0.24872879815404328,0.8103448275862069,0.3288201160541586,,,2,2003,K004+KI03+KA09,K003+K005+KA16+KA30+KI17+KI18
xgboost,source,isotonic,0.6300940438871473,0.296957975085598,0.9090909090909091,0.3482758620689655,,,2,2003,K004+KI03+KA09,K003+K005+KA16+KA30+KI17+KI18
xgboost,source,conformal_marginal,,,,,0.6081504702194357,0.957680250783699,2,2003,K004+KI03+KA09,K003+K005+KA16+KA30+KI17+KI18
xgboost,source,conformal_class_conditional,,,,,0.658307210031348,1.025078369905956,2,2003,K004+KI03+KA09,K003+K005+KA16+KA30+KI17+KI18
xgboost,target,raw,0.6238244514106583,0.3214541938050787,0.44200626959247646,0.19148936170212766,,,2,2003,K004+KI03+KA09,K003+K005+KA16+KA30+KI17+KI18
xgboost,target,temperature,0.6238244514106583,0.17709496456089144,0.4702194357366771,0.18333333333333332,,,2,2003,K004+KI03+KA09,K003+K005+KA16+KA30+KI17+KI18
xgboost,target,isotonic,0.5987460815047022,0.20847543685729739,0.5564263322884012,0.17746478873239438,,,2,2003,K004+KI03+KA09,K003+K005+KA16+KA30+KI17+KI18
xgboost,target,conformal_marginal,,,,,0.7570532915360502,1.4435736677115987,2,2003,K004+KI03+KA09,K003+K005+KA16+KA30+KI17+KI18
xgboost,target,conformal_class_conditional,,,,,0.7304075235109718,1.3150470219435737,2,2003,K004+KI03+KA09,K003+K005+KA16+KA30+KI17+KI18
xgboost,combined,raw,0.6238244514106583,0.3214541938050787,0.49843260188087773,0.2138364779874214,,,2,2003,K004+KI03+KA09,K003+K005+KA16+KA30+KI17+KI18
xgboost,combined,temperature,0.6238244514106583,0.19996367891755823,0.5266457680250783,0.21726190476190477,,,2,2003,K004+KI03+KA09,K003+K005+KA16+KA30+KI17+KI18
xgboost,combined,isotonic,0.622257053291536,0.202027705660644,0.6692789968652038,0.24121779859484777,,,2,2003,K004+KI03+KA09,K003+K005+KA16+KA30+KI17+KI18
xgboost,combined,conformal_marginal,,,,,0.6974921630094044,1.261755485893417,2,2003,K004+KI03+KA09,K003+K005+KA16+KA30+KI17+KI18
xgboost,combined,conformal_class_conditional,,,,,0.7210031347962382,1.2398119122257054,2,2003,K004+KI03+KA09,K003+K005+KA16+KA30+KI17+KI18
random_forest,source,raw,0.6698113207547169,0.1882491492655543,0.6477987421383647,0.2087378640776699,,,2,2004,K004+KI01+KA07,K005+K006+KA22+KA30+KI14+KI18
random_forest,source,temperature,0.6698113207547169,0.17535115691717781,0.6540880503144654,0.21153846153846154,,,2,2004,K004+KI01+KA07,K005+K006+KA22+KA30+KI14+KI18
random_forest,source,isotonic,0.5581761006289309,0.3400616054579765,0.9905660377358491,0.4365079365079365,,,2,2004,K004+KI01+KA07,K005+K006+KA22+KA30+KI14+KI18
random_forest,source,conformal_marginal,,,,,0.6713836477987422,0.9968553459119497,2,2004,K004+KI01+KA07,K005+K006+KA22+KA30+KI14+KI18
random_forest,source,conformal_class_conditional,,,,,0.6540880503144654,1.0235849056603774,2,2004,K004+KI01+KA07,K005+K006+KA22+KA30+KI14+KI18
random_forest,target,raw,0.6698113207547169,0.1882491492655543,0.3191823899371069,0.04433497536945813,,,2,2004,K004+KI01+KA07,K005+K006+KA22+KA30+KI14+KI18
random_forest,target,temperature,0.6698113207547169,0.019874087680497986,0.2971698113207547,0.031746031746031744,,,2,2004,K004+KI01+KA07,K005+K006+KA22+KA30+KI14+KI18
random_forest,target,isotonic,0.6226415094339622,0.15134494687024294,0.3789308176100629,0.1078838174273859,,,2,2004,K004+KI01+KA07,K005+K006+KA22+KA30+KI14+KI18
random_forest,target,conformal_marginal,,,,,0.8852201257861635,1.809748427672956,2,2004,K004+KI01+KA07,K005+K006+KA22+KA30+KI14+KI18
random_forest,target,conformal_class_conditional,,,,,0.6713836477987422,1.471698113207547,2,2004,K004+KI01+KA07,K005+K006+KA22+KA30+KI14+KI18
random_forest,combined,raw,0.6698113207547169,0.1882491492655543,0.36163522012578614,0.05652173913043478,,,2,2004,K004+KI01+KA07,K005+K006+KA22+KA30+KI14+KI18
random_forest,combined,temperature,0.6698113207547169,0.040873904411549776,0.3663522012578616,0.07725321888412018,,,2,2004,K004+KI01+KA07,K005+K006+KA22+KA30+KI14+KI18
random_forest,combined,isotonic,0.6933962264150944,0.14498283465885217,0.4166666666666667,0.12830188679245283,,,2,2004,K004+KI01+KA07,K005+K006+KA22+KA30+KI14+KI18
random_forest,combined,conformal_marginal,,,,,0.8411949685534591,1.5880503144654088,2,2004,K004+KI01+KA07,K005+K006+KA22+KA30+KI14+KI18
random_forest,combined,conformal_class_conditional,,,,,0.7264150943396226,1.4842767295597483,2,2004,K004+KI01+KA07,K005+K006+KA22+KA30+KI14+KI18
svm,source,raw,0.6808176100628931,0.16520877088147667,0.6116352201257862,0.1953727506426735,,,2,2004,K004+KI01+KA07,K005+K006+KA22+KA30+KI14+KI18
svm,source,temperature,0.6808176100628931,0.04039336296023395,0.5424528301886793,0.18840579710144928,,,2,2004,K004+KI01+KA07,K005+K006+KA22+KA30+KI14+KI18
svm,source,isotonic,0.6540880503144654,0.2772877226055685,0.9874213836477987,0.34235668789808915,,,2,2004,K004+KI01+KA07,K005+K006+KA22+KA30+KI14+KI18
svm,source,conformal_marginal,,,,,0.7783018867924528,1.3349056603773586,2,2004,K004+KI01+KA07,K005+K006+KA22+KA30+KI14+KI18
svm,source,conformal_class_conditional,,,,,0.7610062893081762,1.110062893081761,2,2004,K004+KI01+KA07,K005+K006+KA22+KA30+KI14+KI18
svm,target,raw,0.6808176100628931,0.16520877088147667,0.25943396226415094,0.012121212121212121,,,2,2004,K004+KI01+KA07,K005+K006+KA22+KA30+KI14+KI18
svm,target,temperature,0.6808176100628931,0.050232677431158494,0.2720125786163522,0.04046242774566474,,,2,2004,K004+KI01+KA07,K005+K006+KA22+KA30+KI14+KI18
svm,target,isotonic,0.7405660377358491,0.1009317283172095,0.2578616352201258,0.03048780487804878,,,2,2004,K004+KI01+KA07,K005+K006+KA22+KA30+KI14+KI18
svm,target,conformal_marginal,,,,,0.8679245283018868,1.9654088050314464,2,2004,K004+KI01+KA07,K005+K006+KA22+KA30+KI14+KI18
svm,target,conformal_class_conditional,,,,,0.8553459119496856,1.79874213836478,2,2004,K004+KI01+KA07,K005+K006+KA22+KA30+KI14+KI18
svm,combined,raw,0.6808176100628931,0.16520877088147667,0.2971698113207547,0.047619047619047616,,,2,2004,K004+KI01+KA07,K005+K006+KA22+KA30+KI14+KI18
svm,combined,temperature,0.6808176100628931,0.04630569421878056,0.2940251572327044,0.0427807486631016,,,2,2004,K004+KI01+KA07,K005+K006+KA22+KA30+KI14+KI18
svm,combined,isotonic,0.7437106918238994,0.07803830708543934,0.2908805031446541,0.08108108108108109,,,2,2004,K004+KI01+KA07,K005+K006+KA22+KA30+KI14+KI18
svm,combined,conformal_marginal,,,,,0.8490566037735849,1.7468553459119496,2,2004,K004+KI01+KA07,K005+K006+KA22+KA30+KI14+KI18
svm,combined,conformal_class_conditional,,,,,0.8317610062893082,1.721698113207547,2,2004,K004+KI01+KA07,K005+K006+KA22+KA30+KI14+KI18
xgboost,source,raw,0.6761006289308176,0.2635012413814384,0.9229559748427673,0.30153321976149916,,,2,2004,K004+KI01+KA07,K005+K006+KA22+KA30+KI14+KI18
xgboost,source,temperature,0.6761006289308176,0.22622433785211843,0.9056603773584906,0.2986111111111111,,,2,2004,K004+KI01+KA07,K005+K006+KA22+KA30+KI14+KI18
xgboost,source,isotonic,0.5911949685534591,0.3203999416270593,0.9811320754716981,0.3974358974358974,,,2,2004,K004+KI01+KA07,K005+K006+KA22+KA30+KI14+KI18
xgboost,source,conformal_marginal,,,,,0.6886792452830188,1.0141509433962264,2,2004,K004+KI01+KA07,K005+K006+KA22+KA30+KI14+KI18
xgboost,source,conformal_class_conditional,,,,,0.6352201257861635,0.9559748427672956,2,2004,K004+KI01+KA07,K005+K006+KA22+KA30+KI14+KI18
xgboost,target,raw,0.6761006289308176,0.2635012413814384,0.3710691823899371,0.0635593220338983,,,2,2004,K004+KI01+KA07,K005+K006+KA22+KA30+KI14+KI18
xgboost,target,temperature,0.6761006289308176,0.08017772144399536,0.3789308176100629,0.07468879668049792,,,2,2004,K004+KI01+KA07,K005+K006+KA22+KA30+KI14+KI18
xgboost,target,isotonic,0.6194968553459119,0.14365658326282135,0.42924528301886794,0.1282051282051282,,,2,2004,K004+KI01+KA07,K005+K006+KA22+KA30+KI14+KI18
xgboost,target,conformal_marginal,,,,,0.8710691823899371,1.7452830188679245,2,2004,K004+KI01+KA07,K005+K006+KA22+KA30+KI14+KI18
xgboost,target,conformal_class_conditional,,,,,0.6823899371069182,1.4638364779874213,2,2004,K004+KI01+KA07,K005+K006+KA22+KA30+KI14+KI18
xgboost,combined,raw,0.6761006289308176,0.2635012413814384,0.4339622641509434,0.10869565217391304,,,2,2004,K004+KI01+KA07,K005+K006+KA22+KA30+KI14+KI18
xgboost,combined,temperature,0.6761006289308176,0.11673568547746938,0.449685534591195,0.10839160839160839,,,2,2004,K004+KI01+KA07,K005+K006+KA22+KA30+KI14+KI18
xgboost,combined,isotonic,0.6886792452830188,0.14216251324099266,0.44654088050314467,0.13732394366197184,,,2,2004,K004+KI01+KA07,K005+K006+KA22+KA30+KI14+KI18
xgboost,combined,conformal_marginal,,,,,0.8113207547169812,1.529874213836478,2,2004,K004+KI01+KA07,K005+K006+KA22+KA30+KI14+KI18
xgboost,combined,conformal_class_conditional,,,,,0.7468553459119497,1.4921383647798743,2,2004,K004+KI01+KA07,K005+K006+KA22+KA30+KI14+KI18
random_forest,source,raw,0.6755485893416928,0.22762977554782093,1.0,0.32445141065830724,,,2,2005,K001+KI08+KA07,K003+K006+KA16+KA30+KI16+KI21
random_forest,source,temperature,0.6755485893416928,0.2797341409486098,0.9921630094043887,0.320695102685624,,,2,2005,K001+KI08+KA07,K003+K006+KA16+KA30+KI16+KI21
random_forest,source,isotonic,0.6269592476489029,0.31390441317267637,1.0,0.3730407523510972,,,2,2005,K001+KI08+KA07,K003+K006+KA16+KA30+KI16+KI21
random_forest,source,conformal_marginal,,,,,0.609717868338558,0.8526645768025078,2,2005,K001+KI08+KA07,K003+K006+KA16+KA30+KI16+KI21
random_forest,source,conformal_class_conditional,,,,,0.5987460815047022,0.890282131661442,2,2005,K001+KI08+KA07,K003+K006+KA16+KA30+KI16+KI21
random_forest,target,raw,0.6755485893416928,0.22762977554782093,0.6050156739811913,0.18652849740932642,,,2,2005,K001+KI08+KA07,K003+K006+KA16+KA30+KI16+KI21
random_forest,target,temperature,0.6755485893416928,0.16200824521709656,0.5940438871473355,0.1741424802110818,,,2,2005,K001+KI08+KA07,K003+K006+KA16+KA30+KI16+KI21
random_forest,target,isotonic,0.6598746081504702,0.2086232938405769,0.6849529780564263,0.19221967963386727,,,2,2005,K001+KI08+KA07,K003+K006+KA16+KA30+KI16+KI21
random_forest,target,conformal_marginal,,,,,0.7633228840125392,1.2413793103448276,2,2005,K001+KI08+KA07,K003+K006+KA16+KA30+KI16+KI21
random_forest,target,conformal_class_conditional,,,,,0.7648902821316614,1.3338557993730407,2,2005,K001+KI08+KA07,K003+K006+KA16+KA30+KI16+KI21
random_forest,combined,raw,0.6755485893416928,0.22762977554782093,0.7445141065830722,0.2336842105263158,,,2,2005,K001+KI08+KA07,K003+K006+KA16+KA30+KI16+KI21
random_forest,combined,temperature,0.6755485893416928,0.19035677136937204,0.7507836990595611,0.23799582463465555,,,2,2005,K001+KI08+KA07,K003+K006+KA16+KA30+KI16+KI21
random_forest,combined,isotonic,0.6614420062695925,0.22349515220908242,0.7398119122257053,0.2288135593220339,,,2,2005,K001+KI08+KA07,K003+K006+KA16+KA30+KI16+KI21
random_forest,combined,conformal_marginal,,,,,0.7382445141065831,1.1724137931034482,2,2005,K001+KI08+KA07,K003+K006+KA16+KA30+KI16+KI21
random_forest,combined,conformal_class_conditional,,,,,0.731974921630094,1.2163009404388714,2,2005,K001+KI08+KA07,K003+K006+KA16+KA30+KI16+KI21
svm,source,raw,0.6755485893416928,0.2316750202490439,0.9670846394984326,0.31118314424635335,,,2,2005,K001+KI08+KA07,K003+K006+KA16+KA30+KI16+KI21
svm,source,temperature,0.6755485893416928,0.2799296411045918,0.9561128526645768,0.30491803278688523,,,2,2005,K001+KI08+KA07,K003+K006+KA16+KA30+KI16+KI21
svm,source,isotonic,0.664576802507837,0.29203938342825747,0.9608150470219435,0.31484502446982054,,,2,2005,K001+KI08+KA07,K003+K006+KA16+KA30+KI16+KI21
svm,source,conformal_marginal,,,,,0.6003134796238244,0.799373040752351,2,2005,K001+KI08+KA07,K003+K006+KA16+KA30+KI16+KI21
svm,source,conformal_class_conditional,,,,,0.6175548589341693,0.8401253918495298,2,2005,K001+KI08+KA07,K003+K006+KA16+KA30+KI16+KI21
svm,target,raw,0.6755485893416928,0.2316750202490439,0.5956112852664577,0.1394736842105263,,,2,2005,K001+KI08+KA07,K003+K006+KA16+KA30+KI16+KI21
svm,target,temperature,0.6755485893416928,0.14836276887198563,0.5924764890282131,0.13756613756613756,,,2,2005,K001+KI08+KA07,K003+K006+KA16+KA30+KI16+KI21
svm,target,isotonic,0.6739811912225705,0.1913893237876575,0.774294670846395,0.21862348178137653,,,2,2005,K001+KI08+KA07,K003+K006+KA16+KA30+KI16+KI21
svm,target,conformal_marginal,,,,,0.7398119122257053,1.249216300940439,2,2005,K001+KI08+KA07,K003+K006+KA16+KA30+KI16+KI21
svm,target,conformal_class_conditional,,,,,0.7413793103448276,1.2774294670846396,2,2005,K001+KI08+KA07,K003+K006+KA16+KA30+KI16+KI21
svm,combined,raw,0.6755485893416928,0.2316750202490439,0.7272727272727273,0.20905172413793102,,,2,2005,K001+KI08+KA07,K003+K006+KA16+KA30+KI16+KI21
svm,combined,temperature,0.6755485893416928,0.1790621585678793,0.7335423197492164,0.21153846153846154,,,2,2005,K001+KI08+KA07,K003+K006+KA16+KA30+KI16+KI21
svm,combined,isotonic,0.6677115987460815,0.21203477874098536,0.8056426332288401,0.23929961089494164,,,2,2005,K001+KI08+KA07,K003+K006+KA16+KA30+KI16+KI21
svm,combined,conformal_marginal,,,,,0.7163009404388715,1.1536050156739812,2,2005,K001+KI08+KA07,K003+K006+KA16+KA30+KI16+KI21
svm,combined,conformal_class_conditional,,,,,0.7115987460815048,1.1849529780564263,2,2005,K001+KI08+KA07,K003+K006+KA16+KA30+KI16+KI21
xgboost,source,raw,0.6536050156739812,0.3087591128102664,1.0,0.3463949843260188,,,2,2005,K001+KI08+KA07,K003+K006+KA16+KA30+KI16+KI21
xgboost,source,temperature,0.6536050156739812,0.301284549577836,1.0,0.3463949843260188,,,2,2005,K001+KI08+KA07,K003+K006+KA16+KA30+KI16+KI21
xgboost,source,isotonic,0.6347962382445141,0.312591998871818,0.9905956112852664,0.3623417721518987,,,2,2005,K001+KI08+KA07,K003+K006+KA16+KA30+KI16+KI21
xgboost,source,conformal_marginal,,,,,0.5971786833855799,0.841692789968652,2,2005,K001+KI08+KA07,K003+K006+KA16+KA30+KI16+KI21
xgboost,source,conformal_class_conditional,,,,,0.5909090909090909,0.8761755485893417,2,2005,K001+KI08+KA07,K003+K006+KA16+KA30+KI16+KI21
xgboost,target,raw,0.6536050156739812,0.3087591128102664,0.5219435736677116,0.12312312312312312,,,2,2005,K001+KI08+KA07,K003+K006+KA16+KA30+KI16+KI21
xgboost,target,temperature,0.6536050156739812,0.18485592501370665,0.5313479623824452,0.11504424778761062,,,2,2005,K001+KI08+KA07,K003+K006+KA16+KA30+KI16+KI21
xgboost,target,isotonic,0.6410658307210031,0.2137730875952332,0.5846394984326019,0.11528150134048257,,,2,2005,K001+KI08+KA07,K003+K006+KA16+KA30+KI16+KI21
xgboost,target,conformal_marginal,,,,,0.7554858934169278,1.2680250783699059,2,2005,K001+KI08+KA07,K003+K006+KA16+KA30+KI16+KI21
xgboost,target,conformal_class_conditional,,,,,0.7523510971786834,1.3448275862068966,2,2005,K001+KI08+KA07,K003+K006+KA16+KA30+KI16+KI21
xgboost,combined,raw,0.6536050156739812,0.3087591128102664,0.6849529780564263,0.20594965675057209,,,2,2005,K001+KI08+KA07,K003+K006+KA16+KA30+KI16+KI21
xgboost,combined,temperature,0.6536050156739812,0.21844662179336735,0.6880877742946708,0.20273348519362186,,,2,2005,K001+KI08+KA07,K003+K006+KA16+KA30+KI16+KI21
xgboost,combined,isotonic,0.6410658307210031,0.237807303399478,0.7523510971786834,0.2375,,,2,2005,K001+KI08+KA07,K003+K006+KA16+KA30+KI16+KI21
xgboost,combined,conformal_marginal,,,,,0.7163009404388715,1.164576802507837,2,2005,K001+KI08+KA07,K003+K006+KA16+KA30+KI16+KI21
xgboost,combined,conformal_class_conditional,,,,,0.7163009404388715,1.2288401253918495,2,2005,K001+KI08+KA07,K003+K006+KA16+KA30+KI16+KI21
random_forest,source,raw,0.7017268445839875,0.2089350362220576,0.9120879120879121,0.2685025817555938,,,2,2006,K001+KI05+KA05,K003+K006+KA15+KA30+KI04+KI16
random_forest,source,temperature,0.7017268445839875,0.2250278535240051,0.8916797488226059,0.2605633802816901,,,2,2006,K001+KI05+KA05,K003+K006+KA15+KA30+KI04+KI16
random_forest,source,isotonic,0.7315541601255887,0.20307711330548484,0.9968602825745683,0.2677165354330709,,,2,2006,K001+KI05+KA05,K003+K006+KA15+KA30+KI04+KI16
random_forest,source,conformal_marginal,,,,,0.7095761381475667,1.010989010989011,2,2006,K001+KI05+KA05,K003+K006+KA15+KA30+KI04+KI16
random_forest,source,conformal_class_conditional,,,,,0.728414442700157,0.9874411302982732,2,2006,K001+KI05+KA05,K003+K006+KA15+KA30+KI04+KI16
random_forest,target,raw,0.7017268445839875,0.2089350362220576,0.4427001569858713,0.06028368794326241,,,2,2006,K001+KI05+KA05,K003+K006+KA15+KA30+KI04+KI16
random_forest,target,temperature,0.7017268445839875,0.1673373771251129,0.33124018838304553,0.04739336492890995,,,2,2006,K001+KI05+KA05,K003+K006+KA15+KA30+KI04+KI16
random_forest,target,isotonic,0.7237048665620094,0.11008061582026395,0.4521193092621664,0.013888888888888888,,,2,2006,K001+KI05+KA05,K003+K006+KA15+KA30+KI04+KI16
random_forest,target,conformal_marginal,,,,,0.9544740973312402,1.9811616954474098,2,2006,K001+KI05+KA05,K003+K006+KA15+KA30+KI04+KI16
random_forest,target,conformal_class_conditional,,,,,0.9372056514913658,1.913657770800628,2,2006,K001+KI05+KA05,K003+K006+KA15+KA30+KI04+KI16
random_forest,combined,raw,0.7017268445839875,0.2089350362220576,0.4599686028257457,0.06825938566552901,,,2,2006,K001+KI05+KA05,K003+K006+KA15+KA30+KI04+KI16
random_forest,combined,temperature,0.7017268445839875,0.08434448569071117,0.4379905808477237,0.07168458781362007,,,2,2006,K001+KI05+KA05,K003+K006+KA15+KA30+KI04+KI16
random_forest,combined,isotonic,0.7221350078492935,0.12015184843213532,0.5824175824175825,0.05660377358490566,,,2,2006,K001+KI05+KA05,K003+K006+KA15+KA30+KI04+KI16
random_forest,combined,conformal_marginal,,,,,0.9010989010989011,1.5808477237048666,2,2006,K001+KI05+KA05,K003+K006+KA15+KA30+KI04+KI16
random_forest,combined,conformal_class_conditional,,,,,0.8901098901098901,1.598116169544741,2,2006,K001+KI05+KA05,K003+K006+KA15+KA30+KI04+KI16
svm,source,raw,0.7299843014128728,0.18827740766691978,0.9748822605965463,0.25442834138486314,,,2,2006,K001+KI05+KA05,K003+K006+KA15+KA30+KI04+KI16
svm,source,temperature,0.7299843014128728,0.2128097893239224,0.9811616954474097,0.2576,,,2,2006,K001+KI05+KA05,K003+K006+KA15+KA30+KI04+KI16
svm,source,isotonic,0.750392464678179,0.19678789242674471,0.9905808477237049,0.24405705229793978,,,2,2006,K001+KI05+KA05,K003+K006+KA15+KA30+KI04+KI16
svm,source,conformal_marginal,,,,,0.6938775510204082,0.9105180533751962,2,2006,K001+KI05+KA05,K003+K006+KA15+KA30+KI04+KI16
svm,source,conformal_class_conditional,,,,,0.7111459968602826,0.880690737833595,2,2006,K001+KI05+KA05,K003+K006+KA15+KA30+KI04+KI16
svm,target,raw,0.7299843014128728,0.18827740766691978,0.282574568288854,0.011111111111111112,,,2,2006,K001+KI05+KA05,K003+K006+KA15+KA30+KI04+KI16
svm,target,temperature,0.7299843014128728,0.03730675876819003,0.28100470957613816,0.00558659217877095,,,2,2006,K001+KI05+KA05,K003+K006+KA15+KA30+KI04+KI16
svm,target,isotonic,0.7519623233908949,0.09776251454764769,0.5494505494505495,0.02,,,2,2006,K001+KI05+KA05,K003+K006+KA15+KA30+KI04+KI16
svm,target,conformal_marginal,,,,,0.9497645211930926,2.098901098901099,2,2006,K001+KI05+KA05,K003+K006+KA15+KA30+KI04+KI16
svm,target,conformal_class_conditional,,,,,0.9262166405023547,1.8116169544740974,2,2006,K001+KI05+KA05,K003+K006+KA15+KA30+KI04+KI16
svm,combined,raw,0.7299843014128728,0.18827740766691978,0.3642072213500785,0.0603448275862069,,,2,2006,K001+KI05+KA05,K003+K006+KA15+KA30+KI04+KI16
svm,combined,temperature,0.7299843014128728,0.05116112207740742,0.3704866562009419,0.06779661016949153,,,2,2006,K001+KI05+KA05,K003+K006+KA15+KA30+KI04+KI16
svm,combined,isotonic,0.7519623233908949,0.0656410525236823,0.5934065934065934,0.05291005291005291,,,2,2006,K001+KI05+KA05,K003+K006+KA15+KA30+KI04+KI16
svm,combined,conformal_marginal,,,,,0.8775510204081632,1.6718995290423861,2,2006,K001+KI05+KA05,K003+K006+KA15+KA30+KI04+KI16
svm,combined,conformal_class_conditional,,,,,0.8759811616954474,1.6436420722135008,2,2006,K001+KI05+KA05,K003+K006+KA15+KA30+KI04+KI16
xgboost,source,raw,0.7001569858712716,0.26923668281624047,0.8414442700156985,0.24813432835820895,,,2,2006,K001+KI05+KA05,K003+K006+KA15+KA30+KI04+KI16
xgboost,source,temperature,0.7001569858712716,0.21588600717518794,0.8414442700156985,0.24440298507462688,,,2,2006,K001+KI05+KA05,K003+K006+KA15+KA30+KI04+KI16
xgboost,source,isotonic,0.7127158555729984,0.2169569712998327,0.9372056514913658,0.2629815745393635,,,2,2006,K001+KI05+KA05,K003+K006+KA15+KA30+KI04+KI16
xgboost,source,conformal_marginal,,,,,0.7111459968602826,1.0361067503924646,2,2006,K001+KI05+KA05,K003+K006+KA15+KA30+KI04+KI16
xgboost,source,conformal_class_conditional,,,,,0.7456828885400314,1.053375196232339,2,2006,K001+KI05+KA05,K003+K006+KA15+KA30+KI04+KI16
xgboost,target,raw,0.7001569858712716,0.26923668281624047,0.13971742543171115,0.02247191011235955,,,2,2006,K001+KI05+KA05,K003+K006+KA15+KA30+KI04+KI16
xgboost,target,temperature,0.7001569858712716,0.08718067040228918,0.1695447409733124,0.027777777777777776,,,2,2006,K001+KI05+KA05,K003+K006+KA15+KA30+KI04+KI16
xgboost,target,isotonic,0.7142857142857143,0.12241993514651148,0.31868131868131866,0.009852216748768473,,,2,2006,K001+KI05+KA05,K003+K006+KA15+KA30+KI04+KI16
xgboost,target,conformal_marginal,,,,,0.9199372056514914,1.8571428571428572,2,2006,K001+KI05+KA05,K003+K006+KA15+KA30+KI04+KI16
xgboost,target,conformal_class_conditional,,,,,0.8854003139717426,1.6342229199372056,2,2006,K001+KI05+KA05,K003+K006+KA15+KA30+KI04+KI16
xgboost,combined,raw,0.7001569858712716,0.26923668281624047,0.2684458398744113,0.05263157894736842,,,2,2006,K001+KI05+KA05,K003+K006+KA15+KA30+KI04+KI16
xgboost,combined,temperature,0.7001569858712716,0.07260069492642972,0.28414442700156983,0.055248618784530384,,,2,2006,K001+KI05+KA05,K003+K006+KA15+KA30+KI04+KI16
xgboost,combined,isotonic,0.7158555729984302,0.1221097335718226,0.48822605965463106,0.05466237942122187,,,2,2006,K001+KI05+KA05,K003+K006+KA15+KA30+KI04+KI16
xgboost,combined,conformal_marginal,,,,,0.8822605965463108,1.6012558869701727,2,2006,K001+KI05+KA05,K003+K006+KA15+KA30+KI04+KI16
xgboost,combined,conformal_class_conditional,,,,,0.8744113029827315,1.5729984301412874,2,2006,K001+KI05+KA05,K003+K006+KA15+KA30+KI04+KI16
random_forest,source,raw,0.7625786163522013,0.13391446313093308,0.9009433962264151,0.2164048865619546,,,2,2007,K002+KI01+KA09,K003+K006+KA22+KA30+KI14+KI16
random_forest,source,temperature,0.7625786163522013,0.16653878510096767,0.9072327044025157,0.21490467937608318,,,2,2007,K002+KI01+KA09,K003+K006+KA22+KA30+KI14+KI16
random_forest,source,isotonic,0.7327044025157232,0.21880249781666575,0.9874213836477987,0.2643312101910828,,,2,2007,K002+KI01+KA09,K003+K006+KA22+KA30+KI14+KI16
random_forest,source,conformal_marginal,,,,,0.7468553459119497,0.960691823899371,2,2007,K002+KI01+KA09,K003+K006+KA22+KA30+KI14+KI16
random_forest,source,conformal_class_conditional,,,,,0.7342767295597484,0.9559748427672956,2,2007,K002+KI01+KA09,K003+K006+KA22+KA30+KI14+KI16
random_forest,target,raw,0.7625786163522013,0.13391446313093308,0.33490566037735847,0.018779342723004695,,,2,2007,K002+KI01+KA09,K003+K006+KA22+KA30+KI14+KI16
random_forest,target,temperature,0.7625786163522013,0.10255600227348781,0.3238993710691824,0.014563106796116505,,,2,2007,K002+KI01+KA09,K003+K006+KA22+KA30+KI14+KI16
random_forest,target,isotonic,0.7641509433962265,0.07178553445095262,0.3742138364779874,0.01680672268907563,,,2,2007,K002+KI01+KA09,K003+K006+KA22+KA30+KI14+KI16
random_forest,target,conformal_marginal,,,,,0.889937106918239,1.6383647798742138,2,2007,K002+KI01+KA09,K003+K006+KA22+KA30+KI14+KI16
random_forest,target,conformal_class_conditional,,,,,0.9229559748427673,1.7248427672955975,2,2007,K002+KI01+KA09,K003+K006+KA22+KA30+KI14+KI16
random_forest,combined,raw,0.7625786163522013,0.13391446313093308,0.3742138364779874,0.029411764705882353,,,2,2007,K002+KI01+KA09,K003+K006+KA22+KA30+KI14+KI16
random_forest,combined,temperature,0.7625786163522013,0.04094399717855539,0.44339622641509435,0.06028368794326241,,,2,2007,K002+KI01+KA09,K003+K006+KA22+KA30+KI14+KI16
random_forest,combined,isotonic,0.7610062893081762,0.07079533233738909,0.43553459119496857,0.061371841155234655,,,2,2007,K002+KI01+KA09,K003+K006+KA22+KA30+KI14+KI16
random_forest,combined,conformal_marginal,,,,,0.8679245283018868,1.5047169811320755,2,2007,K002+KI01+KA09,K003+K006+KA22+KA30+KI14+KI16
random_forest,combined,conformal_class_conditional,,,,,0.8962264150943396,1.578616352201258,2,2007,K002+KI01+KA09,K003+K006+KA22+KA30+KI14+KI16
svm,source,raw,0.6226415094339622,0.22596836568369894,0.660377358490566,0.22857142857142856,,,2,2007,K002+KI01+KA09,K003+K006+KA22+KA30+KI14+KI16
svm,source,temperature,0.6226415094339622,0.11354873692797343,0.6792452830188679,0.2337962962962963,,,2,2007,K002+KI01+KA09,K003+K006+KA22+KA30+KI14+KI16
svm,source,isotonic,0.7264150943396226,0.19372868814281788,0.9984276729559748,0.27244094488188975,,,2,2007,K002+KI01+KA09,K003+K006+KA22+KA30+KI14+KI16
svm,source,conformal_marginal,,,,,0.8113207547169812,1.349056603773585,2,2007,K002+KI01+KA09,K003+K006+KA22+KA30+KI14+KI16
svm,source,conformal_class_conditional,,,,,0.7924528301886793,1.0581761006289307,2,2007,K002+KI01+KA09,K003+K006+KA22+KA30+KI14+KI16
svm,target,raw,0.6226415094339622,0.22596836568369894,0.28144654088050314,0.027932960893854747,,,2,2007,K002+KI01+KA09,K003+K006+KA22+KA30+KI14+KI16
svm,target,temperature,0.6226415094339622,0.07149656267838597,0.27044025157232704,0.029069767441860465,,,2,2007,K002+KI01+KA09,K003+K006+KA22+KA30+KI14+KI16
svm,target,isotonic,0.7735849056603774,0.09274038636576117,0.24528301886792453,0.0,,,2,2007,K002+KI01+KA09,K003+K006+KA22+KA30+KI14+KI16
svm,target,conformal_marginal,,,,,0.9009433962264151,2.089622641509434,2,2007,K002+KI01+KA09,K003+K006+KA22+KA30+KI14+KI16
svm,target,conformal_class_conditional,,,,,0.9371069182389937,1.889937106918239,2,2007,K002+KI01+KA09,K003+K006+KA22+KA30+KI14+KI16
svm,combined,raw,0.6226415094339622,0.22596836568369894,0.30660377358490565,0.046153846153846156,,,2,2007,K002+KI01+KA09,K003+K006+KA22+KA30+KI14+KI16
svm,combined,temperature,0.6226415094339622,0.08053312866730222,0.2940251572327044,0.0374331550802139,,,2,2007,K002+KI01+KA09,K003+K006+KA22+KA30+KI14+KI16
svm,combined,isotonic,0.779874213836478,0.04120765891564916,0.28144654088050314,0.0,,,2,2007,K002+KI01+KA09,K003+K006+KA22+KA30+KI14+KI16
svm,combined,conformal_marginal,,,,,0.8757861635220126,1.8867924528301887,2,2007,K002+KI01+KA09,K003+K006+KA22+KA30+KI14+KI16
svm,combined,conformal_class_conditional,,,,,0.889937106918239,1.7610062893081762,2,2007,K002+KI01+KA09,K003+K006+KA22+KA30+KI14+KI16
xgboost,source,raw,0.7610062893081762,0.19614972928597488,0.8632075471698113,0.19489981785063754,,,2,2007,K002+KI01+KA09,K003+K006+KA22+KA30+KI14+KI16
xgboost,source,temperature,0.7610062893081762,0.1573042352253889,0.8584905660377359,0.19230769230769232,,,2,2007,K002+KI01+KA09,K003+K006+KA22+KA30+KI14+KI16
xgboost,source,isotonic,0.7421383647798742,0.17536131860373363,1.0,0.2578616352201258,,,2,2007,K002+KI01+KA09,K003+K006+KA22+KA30+KI14+KI16
xgboost,source,conformal_marginal,,,,,0.7751572327044025,1.0393081761006289,2,2007,K002+KI01+KA09,K003+K006+KA22+KA30+KI14+KI16
xgboost,source,conformal_class_conditional,,,,,0.7625786163522013,1.050314465408805,2,2007,K002+KI01+KA09,K003+K006+KA22+KA30+KI14+KI16
xgboost,target,raw,0.7610062893081762,0.19614972928597488,0.15566037735849056,0.010101010101010102,,,2,2007,K002+KI01+KA09,K003+K006+KA22+KA30+KI14+KI16
xgboost,target,temperature,0.7610062893081762,0.0647944675400477,0.14937106918238993,0.0,,,2,2007,K002+KI01+KA09,K003+K006+KA22+KA30+KI14+KI16
xgboost,target,isotonic,0.7610062893081762,0.06580680391431244,0.2720125786163522,0.011560693641618497,,,2,2007,K002+KI01+KA09,K003+K006+KA22+KA30+KI14+KI16
xgboost,target,conformal_marginal,,,,,0.8930817610062893,1.6226415094339623,2,2007,K002+KI01+KA09,K003+K006+KA22+KA30+KI14+KI16
xgboost,target,conformal_class_conditional,,,,,0.9213836477987422,1.690251572327044,2,2007,K002+KI01+KA09,K003+K006+KA22+KA30+KI14+KI16
xgboost,combined,raw,0.7610062893081762,0.19614972928597488,0.4386792452830189,0.03942652329749104,,,2,2007,K002+KI01+KA09,K003+K006+KA22+KA30+KI14+KI16
xgboost,combined,temperature,0.7610062893081762,0.07170548097982093,0.4638364779874214,0.04406779661016949,,,2,2007,K002+KI01+KA09,K003+K006+KA22+KA30+KI14+KI16
xgboost,combined,isotonic,0.7578616352201258,0.071401459315555,0.4418238993710692,0.0498220640569395,,,2,2007,K002+KI01+KA09,K003+K006+KA22+KA30+KI14+KI16
xgboost,combined,conformal_marginal,,,,,0.8742138364779874,1.5110062893081762,2,2007,K002+KI01+KA09,K003+K006+KA22+KA30+KI14+KI16
xgboost,combined,conformal_class_conditional,,,,,0.8867924528301887,1.5361635220125787,2,2007,K002+KI01+KA09,K003+K006+KA22+KA30+KI14+KI16
random_forest,source,raw,0.7127158555729984,0.18328573903005194,0.7582417582417582,0.19875776397515527,,,2,2008,K004+KI01+KA01,K005+K006+KA04+KA30+KI16+KI17
random_forest,source,temperature,0.7127158555729984,0.16801119743104576,0.7535321821036107,0.2,,,2,2008,K004+KI01+KA01,K005+K006+KA04+KA30+KI16+KI17
random_forest,source,isotonic,0.6263736263736264,0.31597728484451765,0.9952904238618524,0.37381703470031546,,,2,2008,K004+KI01+KA01,K005+K006+KA04+KA30+KI16+KI17
random_forest,source,conformal_marginal,,,,,0.7158555729984302,1.0188383045525902,2,2008,K004+KI01+KA01,K005+K006+KA04+KA30+KI16+KI17
random_forest,source,conformal_class_conditional,,,,,0.7017268445839875,1.021978021978022,2,2008,K004+KI01+KA01,K005+K006+KA04+KA30+KI16+KI17
random_forest,target,raw,0.7127158555729984,0.18328573903005194,0.2967032967032967,0.042328042328042326,,,2,2008,K004+KI01+KA01,K005+K006+KA04+KA30+KI16+KI17
random_forest,target,temperature,0.7127158555729984,0.05402754491020566,0.29827315541601257,0.042105263157894736,,,2,2008,K004+KI01+KA01,K005+K006+KA04+KA30+KI16+KI17
random_forest,target,isotonic,0.7142857142857143,0.10369911887343741,0.4740973312401884,0.029801324503311258,,,2,2008,K004+KI01+KA01,K005+K006+KA04+KA30+KI16+KI17
random_forest,target,conformal_marginal,,,,,0.8084772370486656,1.4662480376766092,2,2008,K004+KI01+KA01,K005+K006+KA04+KA30+KI16+KI17
random_forest,target,conformal_class_conditional,,,,,0.7723704866562009,1.3751962323390894,2,2008,K004+KI01+KA01,K005+K006+KA04+KA30+KI16+KI17
random_forest,combined,raw,0.7127158555729984,0.18328573903005194,0.44427001569858715,0.08480565371024736,,,2,2008,K004+KI01+KA01,K005+K006+KA04+KA30+KI16+KI17
random_forest,combined,temperature,0.7127158555729984,0.08672428158742143,0.41915227629513346,0.0749063670411985,,,2,2008,K004+KI01+KA01,K005+K006+KA04+KA30+KI16+KI17
random_forest,combined,isotonic,0.7158555729984302,0.13385769942397097,0.6295133437990581,0.08977556109725686,,,2,2008,K004+KI01+KA01,K005+K006+KA04+KA30+KI16+KI17
random_forest,combined,conformal_marginal,,,,,0.7959183673469388,1.3814756671899528,2,2008,K004+KI01+KA01,K005+K006+KA04+KA30+KI16+KI17
random_forest,combined,conformal_class_conditional,,,,,0.7551020408163265,1.2590266875981162,2,2008,K004+KI01+KA01,K005+K006+KA04+KA30+KI16+KI17
svm,source,raw,0.5871271585557299,0.2377753989002696,0.3814756671899529,0.17695473251028807,,,2,2008,K004+KI01+KA01,K005+K006+KA04+KA30+KI16+KI17
svm,source,temperature,0.5871271585557299,0.20635048548672374,0.37676609105180536,0.17916666666666667,,,2,2008,K004+KI01+KA01,K005+K006+KA04+KA30+KI16+KI17
svm,source,isotonic,0.6750392464678179,0.24723159233729886,0.9984301412872841,0.3238993710691824,,,2,2008,K004+KI01+KA01,K005+K006+KA04+KA30+KI16+KI17
svm,source,conformal_marginal,,,,,0.7629513343799058,1.3328100470957613,2,2008,K004+KI01+KA01,K005+K006+KA04+KA30+KI16+KI17
svm,source,conformal_class_conditional,,,,,0.7409733124018838,1.1036106750392465,2,2008,K004+KI01+KA01,K005+K006+KA04+KA30+KI16+KI17
svm,target,raw,0.5871271585557299,0.2377753989002696,0.25274725274725274,0.08695652173913043,,,2,2008,K004+KI01+KA01,K005+K006+KA04+KA30+KI16+KI17
svm,target,temperature,0.5871271585557299,0.09139657881477276,0.23390894819466249,0.087248322147651,,,2,2008,K004+KI01+KA01,K005+K006+KA04+KA30+KI16+KI17
svm,target,isotonic,0.7362637362637363,0.14570220578351137,0.304552590266876,0.07731958762886598,,,2,2008,K004+KI01+KA01,K005+K006+KA04+KA30+KI16+KI17
svm,target,conformal_marginal,,,,,0.8131868131868132,1.9058084772370487,2,2008,K004+KI01+KA01,K005+K006+KA04+KA30+KI16+KI17
svm,target,conformal_class_conditional,,,,,0.7802197802197802,1.5620094191522762,2,2008,K004+KI01+KA01,K005+K006+KA04+KA30+KI16+KI17
svm,combined,raw,0.5871271585557299,0.2377753989002696,0.25274725274725274,0.08695652173913043,,,2,2008,K004+KI01+KA01,K005+K006+KA04+KA30+KI16+KI17
svm,combined,temperature,0.5871271585557299,0.11220989188497597,0.2370486656200942,0.08609271523178808,,,2,2008,K004+KI01+KA01,K005+K006+KA04+KA30+KI16+KI17
svm,combined,isotonic,0.7346938775510204,0.11375274996422641,0.25274725274725274,0.031055900621118012,,,2,2008,K004+KI01+KA01,K005+K006+KA04+KA30+KI16+KI17
svm,combined,conformal_marginal,,,,,0.7974882260596546,1.772370486656201,2,2008,K004+KI01+KA01,K005+K006+KA04+KA30+KI16+KI17
svm,combined,conformal_class_conditional,,,,,0.7535321821036107,1.2794348508634223,2,2008,K004+KI01+KA01,K005+K006+KA04+KA30+KI16+KI17
xgboost,source,raw,0.7237048665620094,0.23571126862448077,0.847723704866562,0.21296296296296297,,,2,2008,K004+KI01+KA01,K005+K006+KA04+KA30+KI16+KI17
xgboost,source,temperature,0.7237048665620094,0.17845172839849402,0.8320251177394035,0.20943396226415095,,,2,2008,K004+KI01+KA01,K005+K006+KA04+KA30+KI16+KI17
xgboost,source,isotonic,0.6624803767660911,0.2668725772899315,0.9984301412872841,0.33647798742138363,,,2,2008,K004+KI01+KA01,K005+K006+KA04+KA30+KI16+KI17
xgboost,source,conformal_marginal,,,,,0.7488226059654631,1.084772370486656,2,2008,K004+KI01+KA01,K005+K006+KA04+KA30+KI16+KI17
xgboost,source,conformal_class_conditional,,,,,0.6797488226059655,1.032967032967033,2,2008,K004+KI01+KA01,K005+K006+KA04+KA30+KI16+KI17
xgboost,target,raw,0.7237048665620094,0.23571126862448077,0.23861852433281006,0.046052631578947366,,,2,2008,K004+KI01+KA01,K005+K006+KA04+KA30+KI16+KI17
xgboost,target,temperature,0.7237048665620094,0.09192638268551916,0.2653061224489796,0.03550295857988166,,,2,2008,K004+KI01+KA01,K005+K006+KA04+KA30+KI16+KI17
xgboost,target,isotonic,0.7221350078492935,0.10339491837774088,0.4662480376766091,0.02356902356902357,,,2,2008,K004+KI01+KA01,K005+K006+KA04+KA30+KI16+KI17
xgboost,target,conformal_marginal,,,,,0.8288854003139717,1.511773940345369,2,2008,K004+KI01+KA01,K005+K006+KA04+KA30+KI16+KI17
xgboost,target,conformal_class_conditional,,,,,0.7786499215070644,1.3861852433281006,2,2008,K004+KI01+KA01,K005+K006+KA04+KA30+KI16+KI17
xgboost,combined,raw,0.7237048665620094,0.23571126862448077,0.3783359497645212,0.04564315352697095,,,2,2008,K004+KI01+KA01,K005+K006+KA04+KA30+KI16+KI17
xgboost,combined,temperature,0.7237048665620094,0.09417896163532664,0.3956043956043956,0.051587301587301584,,,2,2008,K004+KI01+KA01,K005+K006+KA04+KA30+KI16+KI17
xgboost,combined,isotonic,0.7252747252747253,0.11495475601104542,0.5808477237048666,0.05405405405405406,,,2,2008,K004+KI01+KA01,K005+K006+KA04+KA30+KI16+KI17
xgboost,combined,conformal_marginal,,,,,0.792778649921507,1.3720565149136579,2,2008,K004+KI01+KA01,K005+K006+KA04+KA30+KI16+KI17
xgboost,combined,conformal_class_conditional,,,,,0.7598116169544741,1.2888540031397173,2,2008,K004+KI01+KA01,K005+K006+KA04+KA30+KI16+KI17
random_forest,source,raw,0.576138147566719,0.2755438042203018,0.8885400313971743,0.39752650176678445,,,2,2009,K004+KI07+KA06,K003+K005+KA04+KA16+KI17+KI18
random_forest,source,temperature,0.576138147566719,0.2638145743044685,0.8838304552590267,0.3960923623445826,,,2,2009,K004+KI07+KA06,K003+K005+KA04+KA16+KI17+KI18
random_forest,source,isotonic,0.5070643642072213,0.38602448829892877,0.9701726844583988,0.4854368932038835,,,2,2009,K004+KI07+KA06,K003+K005+KA04+KA16+KI17+KI18
random_forest,source,conformal_marginal,,,,,0.4913657770800628,0.7441130298273155,2,2009,K004+KI07+KA06,K003+K005+KA04+KA16+KI17+KI18
random_forest,source,conformal_class_conditional,,,,,0.3940345368916798,0.8006279434850864,2,2009,K004+KI07+KA06,K003+K005+KA04+KA16+KI17+KI18
random_forest,target,raw,0.576138147566719,0.2755438042203018,0.434850863422292,0.20938628158844766,,,2,2009,K004+KI07+KA06,K003+K005+KA04+KA16+KI17+KI18
random_forest,target,temperature,0.576138147566719,0.1590986482441561,0.46467817896389324,0.20945945945945946,,,2,2009,K004+KI07+KA06,K003+K005+KA04+KA16+KI17+KI18
random_forest,target,isotonic,0.5902668759811617,0.21926991295242362,0.521193092621664,0.20180722891566266,,,2,2009,K004+KI07+KA06,K003+K005+KA04+KA16+KI17+KI18
random_forest,target,conformal_marginal,,,,,0.6562009419152276,1.218210361067504,2,2009,K004+KI07+KA06,K003+K005+KA04+KA16+KI17+KI18
random_forest,target,conformal_class_conditional,,,,,0.6263736263736264,1.196232339089482,2,2009,K004+KI07+KA06,K003+K005+KA04+KA16+KI17+KI18
random_forest,combined,raw,0.576138147566719,0.2755438042203018,0.48822605965463106,0.2090032154340836,,,2,2009,K004+KI07+KA06,K003+K005+KA04+KA16+KI17+KI18
random_forest,combined,temperature,0.576138147566719,0.19131689361920004,0.5117739403453689,0.22392638036809817,,,2,2009,K004+KI07+KA06,K003+K005+KA04+KA16+KI17+KI18
random_forest,combined,isotonic,0.5792778649921507,0.2346471976723739,0.543171114599686,0.24566473988439305,,,2,2009,K004+KI07+KA06,K003+K005+KA04+KA16+KI17+KI18
random_forest,combined,conformal_marginal,,,,,0.5886970172684458,1.0266875981161696,2,2009,K004+KI07+KA06,K003+K005+KA04+KA16+KI17+KI18
random_forest,combined,conformal_class_conditional,,,,,0.6012558869701727,1.1067503924646782,2,2009,K004+KI07+KA06,K003+K005+KA04+KA16+KI17+KI18
svm,source,raw,0.5949764521193093,0.2614845537054451,0.7660910518053375,0.3155737704918033,,,2,2009,K004+KI07+KA06,K003+K005+KA04+KA16+KI17+KI18
svm,source,temperature,0.5949764521193093,0.22170286670335568,0.7566718995290423,0.3153526970954357,,,2,2009,K004+KI07+KA06,K003+K005+KA04+KA16+KI17+KI18
svm,source,isotonic,0.5070643642072213,0.4393183180803938,0.8948194662480377,0.49122807017543857,,,2,2009,K004+KI07+KA06,K003+K005+KA04+KA16+KI17+KI18
svm,source,conformal_marginal,,,,,0.5588697017268446,0.869701726844584,2,2009,K004+KI07+KA06,K003+K005+KA04+KA16+KI17+KI18
svm,source,conformal_class_conditional,,,,,0.3626373626373626,0.7189952904238619,2,2009,K004+KI07+KA06,K003+K005+KA04+KA16+KI17+KI18
svm,target,raw,0.5949764521193093,0.2614845537054451,0.48822605965463106,0.1864951768488746,,,2,2009,K004+KI07+KA06,K003+K005+KA04+KA16+KI17+KI18
svm,target,temperature,0.5949764521193093,0.19375872606354833,0.4945054945054945,0.19047619047619047,,,2,2009,K004+KI07+KA06,K003+K005+KA04+KA16+KI17+KI18
svm,target,isotonic,0.5839874411302983,0.2513076407851279,0.5871271585557299,0.20855614973262032,,,2,2009,K004+KI07+KA06,K003+K005+KA04+KA16+KI17+KI18
svm,target,conformal_marginal,,,,,0.6656200941915228,1.2244897959183674,2,2009,K004+KI07+KA06,K003+K005+KA04+KA16+KI17+KI18
svm,target,conformal_class_conditional,,,,,0.5839874411302983,1.1161695447409734,2,2009,K004+KI07+KA06,K003+K005+KA04+KA16+KI17+KI18
svm,combined,raw,0.5949764521193093,0.2614845537054451,0.6342229199372057,0.26732673267326734,,,2,2009,K004+KI07+KA06,K003+K005+KA04+KA16+KI17+KI18
svm,combined,temperature,0.5949764521193093,0.19973097431408676,0.6263736263736264,0.2706766917293233,,,2,2009,K004+KI07+KA06,K003+K005+KA04+KA16+KI17+KI18
svm,combined,isotonic,0.554160125588697,0.2892736792907372,0.7519623233908949,0.325678496868476,,,2,2009,K004+KI07+KA06,K003+K005+KA04+KA16+KI17+KI18
svm,combined,conformal_marginal,,,,,0.6232339089481946,1.086342229199372,2,2009,K004+KI07+KA06,K003+K005+KA04+KA16+KI17+KI18
svm,combined,conformal_class_conditional,,,,,0.5777080062794349,1.0722135007849294,2,2009,K004+KI07+KA06,K003+K005+KA04+KA16+KI17+KI18
xgboost,source,raw,0.5871271585557299,0.3463954315455031,0.9952904238618524,0.4116719242902208,,,2,2009,K004+KI07+KA06,K003+K005+KA04+KA16+KI17+KI18
xgboost,source,temperature,0.5871271585557299,0.2885195542036557,0.9937205651491365,0.4107424960505529,,,2,2009,K004+KI07+KA06,K003+K005+KA04+KA16+KI17+KI18
xgboost,source,isotonic,0.533751962323391,0.3648280131460258,0.9638932496075353,0.4560260586319218,,,2,2009,K004+KI07+KA06,K003+K005+KA04+KA16+KI17+KI18
xgboost,source,conformal_marginal,,,,,0.5274725274725275,0.8131868131868132,2,2009,K004+KI07+KA06,K003+K005+KA04+KA16+KI17+KI18
xgboost,source,conformal_class_conditional,,,,,0.42229199372056514,0.7896389324960753,2,2009,K004+KI07+KA06,K003+K005+KA04+KA16+KI17+KI18
xgboost,target,raw,0.5871271585557299,0.3463954315455031,0.42700156985871274,0.1948529411764706,,,2,2009,K004+KI07+KA06,K003+K005+KA04+KA16+KI17+KI18
xgboost,target,temperature,0.5871271585557299,0.1978138486766431,0.43956043956043955,0.18928571428571428,,,2,2009,K004+KI07+KA06,K003+K005+KA04+KA16+KI17+KI18
xgboost,target,isotonic,0.5525902668759811,0.23646771158641908,0.5368916797488226,0.19883040935672514,,,2,2009,K004+KI07+KA06,K003+K005+KA04+KA16+KI17+KI18
xgboost,target,conformal_marginal,,,,,0.6985871271585558,1.3846153846153846,2,2009,K004+KI07+KA06,K003+K005+KA04+KA16+KI17+KI18
xgboost,target,conformal_class_conditional,,,,,0.6075353218210361,1.1805337519623234,2,2009,K004+KI07+KA06,K003+K005+KA04+KA16+KI17+KI18
xgboost,combined,raw,0.5871271585557299,0.3463954315455031,0.4521193092621664,0.19444444444444445,,,2,2009,K004+KI07+KA06,K003+K005+KA04+KA16+KI17+KI18
xgboost,combined,temperature,0.5871271585557299,0.2247178497003714,0.4725274725274725,0.19269102990033224,,,2,2009,K004+KI07+KA06,K003+K005+KA04+KA16+KI17+KI18
xgboost,combined,isotonic,0.5478806907378336,0.26725693404884565,0.5196232339089482,0.2054380664652568,,,2,2009,K004+KI07+KA06,K003+K005+KA04+KA16+KI17+KI18
xgboost,combined,conformal_marginal,,,,,0.6295133437990581,1.1365777080062793,2,2009,K004+KI07+KA06,K003+K005+KA04+KA16+KI17+KI18
xgboost,combined,conformal_class_conditional,,,,,0.5949764521193093,1.1507064364207222,2,2009,K004+KI07+KA06,K003+K005+KA04+KA16+KI17+KI18
random_forest,source,raw,0.8492935635792779,0.07530317864640865,0.8728414442700158,0.10431654676258993,,,2,2010,K004+KI03+KA06,K003+K005+KA15+KA22+KI16+KI21
random_forest,source,temperature,0.8492935635792779,0.06191980952577175,0.869701726844584,0.10288808664259928,,,2,2010,K004+KI03+KA06,K003+K005+KA15+KA22+KI16+KI21
random_forest,source,isotonic,0.8602825745682888,0.07678619416452276,0.9324960753532182,0.12626262626262627,,,2,2010,K004+KI03+KA06,K003+K005+KA15+KA22+KI16+KI21
random_forest,source,conformal_marginal,,,,,0.8445839874411303,0.9811616954474097,2,2010,K004+KI03+KA06,K003+K005+KA15+KA22+KI16+KI21
random_forest,source,conformal_class_conditional,,,,,0.750392464678179,0.9120879120879121,2,2010,K004+KI03+KA06,K003+K005+KA15+KA22+KI16+KI21
random_forest,target,raw,0.8492935635792779,0.07530317864640865,0.28885400313971743,0.005434782608695652,,,2,2010,K004+KI03+KA06,K003+K005+KA15+KA22+KI16+KI21
random_forest,target,temperature,0.8492935635792779,0.29999178015469025,0.28885400313971743,0.005434782608695652,,,2,2010,K004+KI03+KA06,K003+K005+KA15+KA22+KI16+KI21
random_forest,target,isotonic,0.8367346938775511,0.10654914121795286,0.0,,,,2,2010,K004+KI03+KA06,K003+K005+KA15+KA22+KI16+KI21
random_forest,target,conformal_marginal,,,,,0.989010989010989,1.7974882260596545,2,2010,K004+KI03+KA06,K003+K005+KA15+KA22+KI16+KI21
random_forest,target,conformal_class_conditional,,,,,0.9356357927786499,1.5164835164835164,2,2010,K004+KI03+KA06,K003+K005+KA15+KA22+KI16+KI21
random_forest,combined,raw,0.8492935635792779,0.07530317864640865,0.29827315541601257,0.005263157894736842,,,2,2010,K004+KI03+KA06,K003+K005+KA15+KA22+KI16+KI21
random_forest,combined,temperature,0.8492935635792779,0.17020994880539553,0.2967032967032967,0.005291005291005291,,,2,2010,K004+KI03+KA06,K003+K005+KA15+KA22+KI16+KI21
random_forest,combined,isotonic,0.8335949764521193,0.06259119394236513,0.5321821036106751,0.0058997050147492625,,,2,2010,K004+KI03+KA06,K003+K005+KA15+KA22+KI16+KI21
random_forest,combined,conformal_marginal,,,,,0.9795918367346939,1.6499215070643642,2,2010,K004+KI03+KA06,K003+K005+KA15+KA22+KI16+KI21
random_forest,combined,conformal_class_conditional,,,,,0.9324960753532182,1.4725274725274726,2,2010,K004+KI03+KA06,K003+K005+KA15+KA22+KI16+KI21
svm,source,raw,0.8555729984301413,0.07780699950478459,0.8461538461538461,0.08348794063079777,,,2,2010,K004+KI03+KA06,K003+K005+KA15+KA22+KI16+KI21
svm,source,temperature,0.8555729984301413,0.04039828550367216,0.8335949764521193,0.08286252354048965,,,2,2010,K004+KI03+KA06,K003+K005+KA15+KA22+KI16+KI21
svm,source,isotonic,0.8445839874411303,0.09256226071608362,0.9419152276295133,0.13333333333333333,,,2,2010,K004+KI03+KA06,K003+K005+KA15+KA22+KI16+KI21
svm,source,conformal_marginal,,,,,0.8430141287284144,0.967032967032967,2,2010,K004+KI03+KA06,K003+K005+KA15+KA22+KI16+KI21
svm,source,conformal_class_conditional,,,,,0.7362637362637363,0.8775510204081632,2,2010,K004+KI03+KA06,K003+K005+KA15+KA22+KI16+KI21
svm,target,raw,0.8555729984301413,0.07780699950478459,0.2778649921507064,0.0,,,2,2010,K004+KI03+KA06,K003+K005+KA15+KA22+KI16+KI21
svm,target,temperature,0.8555729984301413,0.2599305337523223,0.34379905808477235,0.0,,,2,2010,K004+KI03+KA06,K003+K005+KA15+KA22+KI16+KI21
svm,target,isotonic,0.858712715855573,0.1158567240040404,0.271585557299843,0.0,,,2,2010,K004+KI03+KA06,K003+K005+KA15+KA22+KI16+KI21
svm,target,conformal_marginal,,,,,0.9968602825745683,2.1883830455259026,2,2010,K004+KI03+KA06,K003+K005+KA15+KA22+KI16+KI21
svm,target,conformal_class_conditional,,,,,0.9340659340659341,1.6546310832025117,2,2010,K004+KI03+KA06,K003+K005+KA15+KA22+KI16+KI21
svm,combined,raw,0.8555729984301413,0.07780699950478459,0.31711145996860285,0.0049504950495049506,,,2,2010,K004+KI03+KA06,K003+K005+KA15+KA22+KI16+KI21
svm,combined,temperature,0.8555729984301413,0.15120427638149078,0.35949764521193095,0.004366812227074236,,,2,2010,K004+KI03+KA06,K003+K005+KA15+KA22+KI16+KI21
svm,combined,isotonic,0.858712715855573,0.10427385798651415,0.5745682888540031,0.01912568306010929,,,2,2010,K004+KI03+KA06,K003+K005+KA15+KA22+KI16+KI21
svm,combined,conformal_marginal,,,,,0.978021978021978,1.8775510204081634,2,2010,K004+KI03+KA06,K003+K005+KA15+KA22+KI16+KI21
svm,combined,conformal_class_conditional,,,,,0.9277864992150706,1.6059654631083202,2,2010,K004+KI03+KA06,K003+K005+KA15+KA22+KI16+KI21
xgboost,source,raw,0.8398744113029827,0.13268476532804355,0.8759811616954474,0.10752688172043011,,,2,2010,K004+KI03+KA06,K003+K005+KA15+KA22+KI16+KI21
xgboost,source,temperature,0.8398744113029827,0.0759042517830466,0.8791208791208791,0.10714285714285714,,,2,2010,K004+KI03+KA06,K003+K005+KA15+KA22+KI16+KI21
xgboost,source,isotonic,0.8508634222919937,0.09946235238527482,0.9309262166405023,0.13659359190556492,,,2,2010,K004+KI03+KA06,K003+K005+KA15+KA22+KI16+KI21
xgboost,source,conformal_marginal,,,,,0.8351648351648352,0.9858712715855573,2,2010,K004+KI03+KA06,K003+K005+KA15+KA22+KI16+KI21
xgboost,source,conformal_class_conditional,,,,,0.7394034536891679,0.902668759811617,2,2010,K004+KI03+KA06,K003+K005+KA15+KA22+KI16+KI21
xgboost,target,raw,0.8398744113029827,0.13268476532804355,0.141287284144427,0.0,,,2,2010,K004+KI03+KA06,K003+K005+KA15+KA22+KI16+KI21
xgboost,target,temperature,0.8398744113029827,0.2734154256576552,0.16012558869701726,0.0,,,2,2010,K004+KI03+KA06,K003+K005+KA15+KA22+KI16+KI21
xgboost,target,isotonic,0.8383045525902669,0.08634271424657028,0.31868131868131866,0.0049261083743842365,,,2,2010,K004+KI03+KA06,K003+K005+KA15+KA22+KI16+KI21
xgboost,target,conformal_marginal,,,,,0.989010989010989,1.8210361067503924,2,2010,K004+KI03+KA06,K003+K005+KA15+KA22+KI16+KI21
xgboost,target,conformal_class_conditional,,,,,0.9309262166405023,1.5792778649921506,2,2010,K004+KI03+KA06,K003+K005+KA15+KA22+KI16+KI21
xgboost,combined,raw,0.8398744113029827,0.13268476532804355,0.16012558869701726,0.0,,,2,2010,K004+KI03+KA06,K003+K005+KA15+KA22+KI16+KI21
xgboost,combined,temperature,0.8398744113029827,0.14655946147313095,0.17111459968602827,0.0,,,2,2010,K004+KI03+KA06,K003+K005+KA15+KA22+KI16+KI21
xgboost,combined,isotonic,0.8383045525902669,0.054838288678384264,0.5196232339089482,0.0030211480362537764,,,2,2010,K004+KI03+KA06,K003+K005+KA15+KA22+KI16+KI21
xgboost,combined,conformal_marginal,,,,,0.9811616954474097,1.6671899529042387,2,2010,K004+KI03+KA06,K003+K005+KA15+KA22+KI16+KI21
xgboost,combined,conformal_class_conditional,,,,,0.9246467817896389,1.4945054945054945,2,2010,K004+KI03+KA06,K003+K005+KA15+KA22+KI16+KI21
random_forest,source,raw,0.7974882260596546,0.08607917959868606,0.7189952904238619,0.10480349344978165,,,2,2011,K004+KI01+KA07,K005+K006+KA15+KA22+KI14+KI21
random_forest,source,temperature,0.7974882260596546,0.0846754503457061,0.7221350078492935,0.10434782608695652,,,2,2011,K004+KI01+KA07,K005+K006+KA15+KA22+KI14+KI21
random_forest,source,isotonic,0.6624803767660911,0.2444366393612607,0.9701726844583988,0.3187702265372168,,,2,2011,K004+KI01+KA07,K005+K006+KA15+KA22+KI14+KI21
random_forest,source,conformal_marginal,,,,,0.7990580847723705,0.9905808477237049,2,2011,K004+KI01+KA07,K005+K006+KA15+KA22+KI14+KI21
random_forest,source,conformal_class_conditional,,,,,0.7111459968602826,0.9497645211930926,2,2011,K004+KI01+KA07,K005+K006+KA15+KA22+KI14+KI21
random_forest,target,raw,0.7974882260596546,0.08607917959868606,0.24646781789638933,0.0,,,2,2011,K004+KI01+KA07,K005+K006+KA15+KA22+KI14+KI21
random_forest,target,temperature,0.7974882260596546,0.2679497259795729,0.24646781789638933,0.0,,,2,2011,K004+KI01+KA07,K005+K006+KA15+KA22+KI14+KI21
random_forest,target,isotonic,0.8021978021978022,0.08920465467489963,0.4003139717425432,0.0196078431372549,,,2,2011,K004+KI01+KA07,K005+K006+KA15+KA22+KI14+KI21
random_forest,target,conformal_marginal,,,,,0.9921507064364207,2.0580847723704867,2,2011,K004+KI01+KA07,K005+K006+KA15+KA22+KI14+KI21
random_forest,target,conformal_class_conditional,,,,,0.8963893249607535,1.7519623233908947,2,2011,K004+KI01+KA07,K005+K006+KA15+KA22+KI14+KI21
random_forest,combined,raw,0.7974882260596546,0.08607917959868606,0.29984301412872844,0.010471204188481676,,,2,2011,K004+KI01+KA07,K005+K006+KA15+KA22+KI14+KI21
random_forest,combined,temperature,0.7974882260596546,0.19618319683705768,0.2967032967032967,0.010582010582010581,,,2,2011,K004+KI01+KA07,K005+K006+KA15+KA22+KI14+KI21
random_forest,combined,isotonic,0.8069073783359497,0.06148304147749319,0.38461538461538464,0.024489795918367346,,,2,2011,K004+KI01+KA07,K005+K006+KA15+KA22+KI14+KI21
random_forest,combined,conformal_marginal,,,,,0.9843014128728415,1.8885400313971743,2,2011,K004+KI01+KA07,K005+K006+KA15+KA22+KI14+KI21
random_forest,combined,conformal_class_conditional,,,,,0.8571428571428571,1.532182103610675,2,2011,K004+KI01+KA07,K005+K006+KA15+KA22+KI14+KI21
svm,source,raw,0.6687598116169545,0.16766916968144285,0.5525902668759811,0.125,,,2,2011,K004+KI01+KA07,K005+K006+KA15+KA22+KI14+KI21
svm,source,temperature,0.6687598116169545,0.048920913033644424,0.48665620094191525,0.10967741935483871,,,2,2011,K004+KI01+KA07,K005+K006+KA15+KA22+KI14+KI21
svm,source,isotonic,0.7519623233908949,0.1934047321352649,0.989010989010989,0.24126984126984127,,,2,2011,K004+KI01+KA07,K005+K006+KA15+KA22+KI14+KI21
svm,source,conformal_marginal,,,,,0.8822605965463108,1.4065934065934067,2,2011,K004+KI01+KA07,K005+K006+KA15+KA22+KI14+KI21
svm,source,conformal_class_conditional,,,,,0.7786499215070644,0.989010989010989,2,2011,K004+KI01+KA07,K005+K006+KA15+KA22+KI14+KI21
svm,target,raw,0.6687598116169545,0.16766916968144285,0.2621664050235479,0.011976047904191617,,,2,2011,K004+KI01+KA07,K005+K006+KA15+KA22+KI14+KI21
svm,target,temperature,0.6687598116169545,0.0926603887794749,0.25274725274725274,0.0,,,2,2011,K004+KI01+KA07,K005+K006+KA15+KA22+KI14+KI21
svm,target,isotonic,0.5824175824175825,0.14631517569977887,0.34065934065934067,0.03225806451612903,,,2,2011,K004+KI01+KA07,K005+K006+KA15+KA22+KI14+KI21
svm,target,conformal_marginal,,,,,1.0,2.4489795918367347,2,2011,K004+KI01+KA07,K005+K006+KA15+KA22+KI14+KI21
svm,target,conformal_class_conditional,,,,,0.7252747252747253,1.532182103610675,2,2011,K004+KI01+KA07,K005+K006+KA15+KA22+KI14+KI21
svm,combined,raw,0.6687598116169545,0.16766916968144285,0.27472527472527475,0.011428571428571429,,,2,2011,K004+KI01+KA07,K005+K006+KA15+KA22+KI14+KI21
svm,combined,temperature,0.6687598116169545,0.060682275783486575,0.27001569858712715,0.01744186046511628,,,2,2011,K004+KI01+KA07,K005+K006+KA15+KA22+KI14+KI21
svm,combined,isotonic,0.8335949764521193,0.15316374777482494,0.3108320251177394,0.030303030303030304,,,2,2011,K004+KI01+KA07,K005+K006+KA15+KA22+KI14+KI21
svm,combined,conformal_marginal,,,,,0.9811616954474097,2.28414442700157,2,2011,K004+KI01+KA07,K005+K006+KA15+KA22+KI14+KI21
svm,combined,conformal_class_conditional,,,,,0.8979591836734694,1.7111459968602827,2,2011,K004+KI01+KA07,K005+K006+KA15+KA22+KI14+KI21
xgboost,source,raw,0.792778649921507,0.1580886175063566,0.9356357927786499,0.18120805369127516,,,2,2011,K004+KI01+KA07,K005+K006+KA15+KA22+KI14+KI21
xgboost,source,temperature,0.792778649921507,0.12631526207302374,0.9215070643642073,0.17717206132879046,,,2,2011,K004+KI01+KA07,K005+K006+KA15+KA22+KI14+KI21
xgboost,source,isotonic,0.7032967032967034,0.22207870709126482,0.9529042386185244,0.2652388797364086,,,2,2011,K004+KI01+KA07,K005+K006+KA15+KA22+KI14+KI21
xgboost,source,conformal_marginal,,,,,0.8021978021978022,1.012558869701727,2,2011,K004+KI01+KA07,K005+K006+KA15+KA22+KI14+KI21
xgboost,source,conformal_class_conditional,,,,,0.6718995290423861,0.8759811616954474,2,2011,K004+KI01+KA07,K005+K006+KA15+KA22+KI14+KI21
xgboost,target,raw,0.792778649921507,0.1580886175063566,0.12087912087912088,0.012987012987012988,,,2,2011,K004+KI01+KA07,K005+K006+KA15+KA22+KI14+KI21
xgboost,target,temperature,0.792778649921507,0.19751754285261902,0.12401883830455258,0.012658227848101266,,,2,2011,K004+KI01+KA07,K005+K006+KA15+KA22+KI14+KI21
xgboost,target,isotonic,0.7629513343799058,0.09311511054056902,0.3218210361067504,0.01951219512195122,,,2,2011,K004+KI01+KA07,K005+K006+KA15+KA22+KI14+KI21
xgboost,target,conformal_marginal,,,,,0.9764521193092621,1.8932496075353218,2,2011,K004+KI01+KA07,K005+K006+KA15+KA22+KI14+KI21
xgboost,target,conformal_class_conditional,,,,,0.8618524332810047,1.5572998430141287,2,2011,K004+KI01+KA07,K005+K006+KA15+KA22+KI14+KI21
xgboost,combined,raw,0.792778649921507,0.1580886175063566,0.33124018838304553,0.018957345971563982,,,2,2011,K004+KI01+KA07,K005+K006+KA15+KA22+KI14+KI21
xgboost,combined,temperature,0.792778649921507,0.09779549583964962,0.3202511773940345,0.0196078431372549,,,2,2011,K004+KI01+KA07,K005+K006+KA15+KA22+KI14+KI21
xgboost,combined,isotonic,0.7959183673469388,0.06450291966541324,0.40345368916797486,0.042801556420233464,,,2,2011,K004+KI01+KA07,K005+K006+KA15+KA22+KI14+KI21
xgboost,combined,conformal_marginal,,,,,0.9701726844583988,1.8100470957613815,2,2011,K004+KI01+KA07,K005+K006+KA15+KA22+KI14+KI21
xgboost,combined,conformal_class_conditional,,,,,0.8461538461538461,1.5039246467817897,2,2011,K004+KI01+KA07,K005+K006+KA15+KA22+KI14+KI21
random_forest,source,raw,0.6630094043887147,0.23057635266306442,0.7899686520376176,0.26785714285714285,,,2,2012,K004+KI05+KA09,K003+K005+KA15+KA30+KI04+KI21
random_forest,source,temperature,0.6630094043887147,0.2197520036940891,0.7931034482758621,0.26679841897233203,,,2,2012,K004+KI05+KA09,K003+K005+KA15+KA30+KI04+KI21
random_forest,source,isotonic,0.6630094043887147,0.22824546834457116,0.877742946708464,0.3125,,,2,2012,K004+KI05+KA09,K003+K005+KA15+KA30+KI04+KI21
random_forest,source,conformal_marginal,,,,,0.6410658307210031,0.9482758620689655,2,2012,K004+KI05+KA09,K003+K005+KA15+KA30+KI04+KI21
random_forest,source,conformal_class_conditional,,,,,0.6520376175548589,0.9764890282131662,2,2012,K004+KI05+KA09,K003+K005+KA15+KA30+KI04+KI21
random_forest,target,raw,0.6630094043887147,0.23057635266306442,0.35893416927899685,0.06986899563318777,,,2,2012,K004+KI05+KA09,K003+K005+KA15+KA30+KI04+KI21
random_forest,target,temperature,0.6630094043887147,0.05471074052581417,0.384012539184953,0.07755102040816327,,,2,2012,K004+KI05+KA09,K003+K005+KA15+KA30+KI04+KI21
random_forest,target,isotonic,0.6614420062695925,0.11645051187578148,0.4231974921630094,0.08148148148148149,,,2,2012,K004+KI05+KA09,K003+K005+KA15+KA30+KI04+KI21
random_forest,target,conformal_marginal,,,,,0.9310344827586207,1.9059561128526645,2,2012,K004+KI05+KA09,K003+K005+KA15+KA30+KI04+KI21
random_forest,target,conformal_class_conditional,,,,,0.8197492163009404,1.54858934169279,2,2012,K004+KI05+KA09,K003+K005+KA15+KA30+KI04+KI21
random_forest,combined,raw,0.6630094043887147,0.23057635266306442,0.5062695924764891,0.11455108359133127,,,2,2012,K004+KI05+KA09,K003+K005+KA15+KA30+KI04+KI21
random_forest,combined,temperature,0.6630094043887147,0.08951469573089388,0.5297805642633229,0.12130177514792899,,,2,2012,K004+KI05+KA09,K003+K005+KA15+KA30+KI04+KI21
random_forest,combined,isotonic,0.664576802507837,0.14065295472484146,0.48119122257053293,0.09446254071661238,,,2,2012,K004+KI05+KA09,K003+K005+KA15+KA30+KI04+KI21
random_forest,combined,conformal_marginal,,,,,0.8824451410658307,1.6692789968652038,2,2012,K004+KI05+KA09,K003+K005+KA15+KA30+KI04+KI21
random_forest,combined,conformal_class_conditional,,,,,0.8009404388714734,1.4874608150470219,2,2012,K004+KI05+KA09,K003+K005+KA15+KA30+KI04+KI21
svm,source,raw,0.6661442006269592,0.23286303555099458,0.8103448275862069,0.2611218568665377,,,2,2012,K004+KI05+KA09,K003+K005+KA15+KA30+KI04+KI21
svm,source,temperature,0.6661442006269592,0.21390007557488044,0.8103448275862069,0.2611218568665377,,,2,2012,K004+KI05+KA09,K003+K005+KA15+KA30+KI04+KI21
svm,source,isotonic,0.6739811912225705,0.2577617311218404,0.9043887147335423,0.2876949740034662,,,2,2012,K004+KI05+KA09,K003+K005+KA15+KA30+KI04+KI21
svm,source,conformal_marginal,,,,,0.6504702194357367,0.9686520376175548,2,2012,K004+KI05+KA09,K003+K005+KA15+KA30+KI04+KI21
svm,source,conformal_class_conditional,,,,,0.6520376175548589,0.95141065830721,2,2012,K004+KI05+KA09,K003+K005+KA15+KA30+KI04+KI21
svm,target,raw,0.6661442006269592,0.23286303555099458,0.3275862068965517,0.03827751196172249,,,2,2012,K004+KI05+KA09,K003+K005+KA15+KA30+KI04+KI21
svm,target,temperature,0.6661442006269592,0.07730692306492093,0.31974921630094044,0.0196078431372549,,,2,2012,K004+KI05+KA09,K003+K005+KA15+KA30+KI04+KI21
svm,target,isotonic,0.658307210031348,0.1496976493911608,0.4702194357366771,0.13666666666666666,,,2,2012,K004+KI05+KA09,K003+K005+KA15+KA30+KI04+KI21
svm,target,conformal_marginal,,,,,0.9231974921630094,2.0768025078369905,2,2012,K004+KI05+KA09,K003+K005+KA15+KA30+KI04+KI21
svm,target,conformal_class_conditional,,,,,0.7852664576802508,1.59717868338558,2,2012,K004+KI05+KA09,K003+K005+KA15+KA30+KI04+KI21
svm,combined,raw,0.6661442006269592,0.23286303555099458,0.4890282131661442,0.1282051282051282,,,2,2012,K004+KI05+KA09,K003+K005+KA15+KA30+KI04+KI21
svm,combined,temperature,0.6661442006269592,0.10917097505711,0.438871473354232,0.1392857142857143,,,2,2012,K004+KI05+KA09,K003+K005+KA15+KA30+KI04+KI21
svm,combined,isotonic,0.6536050156739812,0.16401279281015949,0.554858934169279,0.20056497175141244,,,2,2012,K004+KI05+KA09,K003+K005+KA15+KA30+KI04+KI21
svm,combined,conformal_marginal,,,,,0.8432601880877743,1.5705329153605017,2,2012,K004+KI05+KA09,K003+K005+KA15+KA30+KI04+KI21
svm,combined,conformal_class_conditional,,,,,0.7664576802507836,1.5532915360501567,2,2012,K004+KI05+KA09,K003+K005+KA15+KA30+KI04+KI21
xgboost,source,raw,0.6442006269592476,0.3078567832708359,0.7727272727272727,0.2718052738336714,,,2,2012,K004+KI05+KA09,K003+K005+KA15+KA30+KI04+KI21
xgboost,source,temperature,0.6442006269592476,0.23620347562742816,0.7821316614420063,0.2685370741482966,,,2,2012,K004+KI05+KA09,K003+K005+KA15+KA30+KI04+KI21
xgboost,source,isotonic,0.6661442006269592,0.25351608530833075,0.896551724137931,0.32342657342657344,,,2,2012,K004+KI05+KA09,K003+K005+KA15+KA30+KI04+KI21
xgboost,source,conformal_marginal,,,,,0.6598746081504702,1.031347962382445,2,2012,K004+KI05+KA09,K003+K005+KA15+KA30+KI04+KI21
xgboost,source,conformal_class_conditional,,,,,0.6692789968652038,1.0172413793103448,2,2012,K004+KI05+KA09,K003+K005+KA15+KA30+KI04+KI21
xgboost,target,raw,0.6442006269592476,0.3078567832708359,0.14890282131661442,0.05263157894736842,,,2,2012,K004+KI05+KA09,K003+K005+KA15+KA30+KI04+KI21
xgboost,target,temperature,0.6442006269592476,0.12035866617355273,0.2852664576802508,0.054945054945054944,,,2,2012,K004+KI05+KA09,K003+K005+KA15+KA30+KI04+KI21
xgboost,target,isotonic,0.6394984326018809,0.14980003254241087,0.40752351097178685,0.09230769230769231,,,2,2012,K004+KI05+KA09,K003+K005+KA15+KA30+KI04+KI21
xgboost,target,conformal_marginal,,,,,0.896551724137931,1.8040752351097178,2,2012,K004+KI05+KA09,K003+K005+KA15+KA30+KI04+KI21
xgboost,target,conformal_class_conditional,,,,,0.7836990595611285,1.4952978056426331,2,2012,K004+KI05+KA09,K003+K005+KA15+KA30+KI04+KI21
xgboost,combined,raw,0.6442006269592476,0.3078567832708359,0.3934169278996865,0.099601593625498,,,2,2012,K004+KI05+KA09,K003+K005+KA15+KA30+KI04+KI21
xgboost,combined,temperature,0.6442006269592476,0.1549198382038127,0.3981191222570533,0.09448818897637795,,,2,2012,K004+KI05+KA09,K003+K005+KA15+KA30+KI04+KI21
xgboost,combined,isotonic,0.6426332288401254,0.16590619050973338,0.5282131661442007,0.12462908011869436,,,2,2012,K004+KI05+KA09,K003+K005+KA15+KA30+KI04+KI21
xgboost,combined,conformal_marginal,,,,,0.8213166144200627,1.5344827586206897,2,2012,K004+KI05+KA09,K003+K005+KA15+KA30+KI04+KI21
xgboost,combined,conformal_class_conditional,,,,,0.7789968652037618,1.4702194357366771,2,2012,K004+KI05+KA09,K003+K005+KA15+KA30+KI04+KI21
random_forest,source,raw,0.5532915360501567,0.32871540144388406,0.9263322884012539,0.4179357021996616,,,2,2013,K002+KI05+KA01,K003+K006+KA16+KA30+KI14+KI21
random_forest,source,temperature,0.5532915360501567,0.3306710851632896,0.9263322884012539,0.4179357021996616,,,2,2013,K002+KI05+KA01,K003+K006+KA16+KA30+KI14+KI21
random_forest,source,isotonic,0.5705329153605015,0.3465365839511986,0.9827586206896551,0.4226475279106858,,,2,2013,K002+KI05+KA01,K003+K006+KA16+KA30+KI14+KI21
random_forest,source,conformal_marginal,,,,,0.5235109717868338,0.8714733542319749,2,2013,K002+KI05+KA01,K003+K006+KA16+KA30+KI14+KI21
random_forest,source,conformal_class_conditional,,,,,0.5642633228840125,0.95141065830721,2,2013,K002+KI05+KA01,K003+K006+KA16+KA30+KI14+KI21
random_forest,target,raw,0.5532915360501567,0.32871540144388406,0.774294670846395,0.3582995951417004,,,2,2013,K002+KI05+KA01,K003+K006+KA16+KA30+KI14+KI21
random_forest,target,temperature,0.5532915360501567,0.32058459250421123,0.7774294670846394,0.35685483870967744,,,2,2013,K002+KI05+KA01,K003+K006+KA16+KA30+KI14+KI21
random_forest,target,isotonic,0.5611285266457681,0.33859980943733475,0.8181818181818182,0.37547892720306514,,,2,2013,K002+KI05+KA01,K003+K006+KA16+KA30+KI14+KI21
random_forest,target,conformal_marginal,,,,,0.603448275862069,1.1379310344827587,2,2013,K002+KI05+KA01,K003+K006+KA16+KA30+KI14+KI21
random_forest,target,conformal_class_conditional,,,,,0.5987460815047022,1.1316614420062696,2,2013,K002+KI05+KA01,K003+K006+KA16+KA30+KI14+KI21
random_forest,combined,raw,0.5532915360501567,0.32871540144388406,0.8103448275862069,0.37524177949709864,,,2,2013,K002+KI05+KA01,K003+K006+KA16+KA30+KI14+KI21
random_forest,combined,temperature,0.5532915360501567,0.3251129162394829,0.8119122257053292,0.3745173745173745,,,2,2013,K002+KI05+KA01,K003+K006+KA16+KA30+KI14+KI21
random_forest,combined,isotonic,0.5579937304075235,0.33582529006092776,0.8385579937304075,0.38691588785046727,,,2,2013,K002+KI05+KA01,K003+K006+KA16+KA30+KI14+KI21
random_forest,combined,conformal_marginal,,,,,0.5830721003134797,1.0799373040752351,2,2013,K002+KI05+KA01,K003+K006+KA16+KA30+KI14+KI21
random_forest,combined,conformal_class_conditional,,,,,0.5783699059561128,1.0705329153605017,2,2013,K002+KI05+KA01,K003+K006+KA16+KA30+KI14+KI21
svm,source,raw,0.5909090909090909,0.2947663289900464,0.8855799373040752,0.3805309734513274,,,2,2013,K002+KI05+KA01,K003+K006+KA16+KA30+KI14+KI21
svm,source,temperature,0.5909090909090909,0.3478912957881438,0.9028213166144201,0.3819444444444444,,,2,2013,K002+KI05+KA01,K003+K006+KA16+KA30+KI14+KI21
svm,source,isotonic,0.5799373040752351,0.3784680038116764,0.9561128526645768,0.40327868852459015,,,2,2013,K002+KI05+KA01,K003+K006+KA16+KA30+KI14+KI21
svm,source,conformal_marginal,,,,,0.5877742946708464,0.9937304075235109,2,2013,K002+KI05+KA01,K003+K006+KA16+KA30+KI14+KI21
svm,source,conformal_class_conditional,,,,,0.5799373040752351,1.0015673981191222,2,2013,K002+KI05+KA01,K003+K006+KA16+KA30+KI14+KI21
svm,target,raw,0.5909090909090909,0.2947663289900464,0.6802507836990596,0.29493087557603687,,,2,2013,K002+KI05+KA01,K003+K006+KA16+KA30+KI14+KI21
svm,target,temperature,0.5909090909090909,0.2541298144948013,0.6818181818181818,0.296551724137931,,,2,2013,K002+KI05+KA01,K003+K006+KA16+KA30+KI14+KI21
svm,target,isotonic,0.5893416927899686,0.27554569176259835,0.7460815047021944,0.32983193277310924,,,2,2013,K002+KI05+KA01,K003+K006+KA16+KA30+KI14+KI21
svm,target,conformal_marginal,,,,,0.6363636363636364,1.152037617554859,2,2013,K002+KI05+KA01,K003+K006+KA16+KA30+KI14+KI21
svm,target,conformal_class_conditional,,,,,0.6112852664576802,1.152037617554859,2,2013,K002+KI05+KA01,K003+K006+KA16+KA30+KI14+KI21
svm,combined,raw,0.5909090909090909,0.2947663289900464,0.7147335423197492,0.3092105263157895,,,2,2013,K002+KI05+KA01,K003+K006+KA16+KA30+KI14+KI21
svm,combined,temperature,0.5909090909090909,0.2791250298089114,0.7178683385579937,0.31222707423580787,,,2,2013,K002+KI05+KA01,K003+K006+KA16+KA30+KI14+KI21
svm,combined,isotonic,0.5862068965517241,0.31296048966808115,0.7460815047021944,0.3319327731092437,,,2,2013,K002+KI05+KA01,K003+K006+KA16+KA30+KI14+KI21
svm,combined,conformal_marginal,,,,,0.6112852664576802,1.067398119122257,2,2013,K002+KI05+KA01,K003+K006+KA16+KA30+KI14+KI21
svm,combined,conformal_class_conditional,,,,,0.5971786833855799,1.0768025078369905,2,2013,K002+KI05+KA01,K003+K006+KA16+KA30+KI14+KI21
xgboost,source,raw,0.5721003134796239,0.3776905618864915,0.8040752351097179,0.3684210526315789,,,2,2013,K002+KI05+KA01,K003+K006+KA16+KA30+KI14+KI21
xgboost,source,temperature,0.5721003134796239,0.3087247408469267,0.7821316614420063,0.35671342685370744,,,2,2013,K002+KI05+KA01,K003+K006+KA16+KA30+KI14+KI21
xgboost,source,isotonic,0.5768025078369906,0.3250822669239317,0.9184952978056427,0.4044368600682594,,,2,2013,K002+KI05+KA01,K003+K006+KA16+KA30+KI14+KI21
xgboost,source,conformal_marginal,,,,,0.5454545454545454,0.9294670846394985,2,2013,K002+KI05+KA01,K003+K006+KA16+KA30+KI14+KI21
xgboost,source,conformal_class_conditional,,,,,0.5689655172413793,0.9843260188087775,2,2013,K002+KI05+KA01,K003+K006+KA16+KA30+KI14+KI21
xgboost,target,raw,0.5721003134796239,0.3776905618864915,0.6849529780564263,0.32036613272311215,,,2,2013,K002+KI05+KA01,K003+K006+KA16+KA30+KI14+KI21
xgboost,target,temperature,0.5721003134796239,0.2951666788698731,0.6943573667711599,0.327313769751693,,,2,2013,K002+KI05+KA01,K003+K006+KA16+KA30+KI14+KI21
xgboost,target,isotonic,0.5626959247648903,0.3173494347560703,0.780564263322884,0.3654618473895582,,,2,2013,K002+KI05+KA01,K003+K006+KA16+KA30+KI14+KI21
xgboost,target,conformal_marginal,,,,,0.6175548589341693,1.1473354231974922,2,2013,K002+KI05+KA01,K003+K006+KA16+KA30+KI14+KI21
xgboost,target,conformal_class_conditional,,,,,0.6050156739811913,1.1567398119122256,2,2013,K002+KI05+KA01,K003+K006+KA16+KA30+KI14+KI21
xgboost,combined,raw,0.5721003134796239,0.3776905618864915,0.6912225705329154,0.32653061224489793,,,2,2013,K002+KI05+KA01,K003+K006+KA16+KA30+KI14+KI21
xgboost,combined,temperature,0.5721003134796239,0.2995489165512085,0.7084639498432602,0.334070796460177,,,2,2013,K002+KI05+KA01,K003+K006+KA16+KA30+KI14+KI21
xgboost,combined,isotonic,0.5611285266457681,0.3161765710251946,0.7946708463949843,0.3727810650887574,,,2,2013,K002+KI05+KA01,K003+K006+KA16+KA30+KI14+KI21
xgboost,combined,conformal_marginal,,,,,0.5956112852664577,1.0799373040752351,2,2013,K002+KI05+KA01,K003+K006+KA16+KA30+KI14+KI21
xgboost,combined,conformal_class_conditional,,,,,0.5924764890282131,1.1050156739811912,2,2013,K002+KI05+KA01,K003+K006+KA16+KA30+KI14+KI21
random_forest,source,raw,0.7636932707355243,0.11952299920662623,0.892018779342723,0.18947368421052632,,,2,2014,K002+KI01+KA07,K003+K006+KA15+KA16+KI17+KI21
random_forest,source,temperature,0.7636932707355243,0.1462319543796804,0.9014084507042254,0.19618055555555555,,,2,2014,K002+KI01+KA07,K003+K006+KA15+KA16+KI17+KI21
random_forest,source,isotonic,0.647887323943662,0.25778001904996006,0.9937402190923318,0.35118110236220473,,,2,2014,K002+KI01+KA07,K003+K006+KA15+KA16+KI17+KI21
random_forest,source,conformal_marginal,,,,,0.7527386541471048,0.9796557120500783,2,2014,K002+KI01+KA07,K003+K006+KA15+KA16+KI17+KI21
random_forest,source,conformal_class_conditional,,,,,0.6619718309859155,0.8544600938967136,2,2014,K002+KI01+KA07,K003+K006+KA15+KA16+KI17+KI21
random_forest,target,raw,0.7636932707355243,0.11952299920662623,0.30203442879499215,0.02072538860103627,,,2,2014,K002+KI01+KA07,K003+K006+KA15+KA16+KI17+KI21
random_forest,target,temperature,0.7636932707355243,0.1875954630803723,0.3411580594679186,0.03211009174311927,,,2,2014,K002+KI01+KA07,K003+K006+KA15+KA16+KI17+KI21
random_forest,target,isotonic,0.7636932707355243,0.10093593940330128,0.5211267605633803,0.02702702702702703,,,2,2014,K002+KI01+KA07,K003+K006+KA15+KA16+KI17+KI21
random_forest,target,conformal_marginal,,,,,0.9577464788732394,1.949921752738654,2,2014,K002+KI01+KA07,K003+K006+KA15+KA16+KI17+KI21
random_forest,target,conformal_class_conditional,,,,,0.9702660406885759,1.8169014084507042,2,2014,K002+KI01+KA07,K003+K006+KA15+KA16+KI17+KI21
random_forest,combined,raw,0.7636932707355243,0.11952299920662623,0.39123630672926446,0.04,,,2,2014,K002+KI01+KA07,K003+K006+KA15+KA16+KI17+KI21
random_forest,combined,temperature,0.7636932707355243,0.13512544698366147,0.37715179968701096,0.03319502074688797,,,2,2014,K002+KI01+KA07,K003+K006+KA15+KA16+KI17+KI21
random_forest,combined,isotonic,0.7668231611893583,0.09293426735730632,0.5477308294209703,0.04285714285714286,,,2,2014,K002+KI01+KA07,K003+K006+KA15+KA16+KI17+KI21
random_forest,combined,conformal_marginal,,,,,0.9280125195618153,1.7715179968701096,2,2014,K002+KI01+KA07,K003+K006+KA15+KA16+KI17+KI21
random_forest,combined,conformal_class_conditional,,,,,0.9420970266040689,1.6651017214397497,2,2014,K002+KI01+KA07,K003+K006+KA15+KA16+KI17+KI21
svm,source,raw,0.6291079812206573,0.21562263457700892,0.6291079812206573,0.208955223880597,,,2,2014,K002+KI01+KA07,K003+K006+KA15+KA16+KI17+KI21
svm,source,temperature,0.6291079812206573,0.09454298840727098,0.647887323943662,0.21497584541062803,,,2,2014,K002+KI01+KA07,K003+K006+KA15+KA16+KI17+KI21
svm,source,isotonic,0.702660406885759,0.225504873297316,1.0,0.297339593114241,,,2,2014,K002+KI01+KA07,K003+K006+KA15+KA16+KI17+KI21
svm,source,conformal_marginal,,,,,0.8262910798122066,1.381846635367762,2,2014,K002+KI01+KA07,K003+K006+KA15+KA16+KI17+KI21
svm,source,conformal_class_conditional,,,,,0.7089201877934272,0.94679186228482,2,2014,K002+KI01+KA07,K003+K006+KA15+KA16+KI17+KI21
svm,target,raw,0.6291079812206573,0.21562263457700892,0.24256651017214398,0.05161290322580645,,,2,2014,K002+KI01+KA07,K003+K006+KA15+KA16+KI17+KI21
svm,target,temperature,0.6291079812206573,0.06907939113659711,0.16901408450704225,0.0,,,2,2014,K002+KI01+KA07,K003+K006+KA15+KA16+KI17+KI21
svm,target,isotonic,0.7715179968701096,0.1220774797109255,0.3192488262910798,0.06372549019607843,,,2,2014,K002+KI01+KA07,K003+K006+KA15+KA16+KI17+KI21
svm,target,conformal_marginal,,,,,0.9483568075117371,2.31924882629108,2,2014,K002+KI01+KA07,K003+K006+KA15+KA16+KI17+KI21
svm,target,conformal_class_conditional,,,,,0.9608763693270735,1.94679186228482,2,2014,K002+KI01+KA07,K003+K006+KA15+KA16+KI17+KI21
svm,combined,raw,0.6291079812206573,0.21562263457700892,0.28012519561815336,0.0670391061452514,,,2,2014,K002+KI01+KA07,K003+K006+KA15+KA16+KI17+KI21
svm,combined,temperature,0.6291079812206573,0.08193017088055063,0.2644757433489828,0.0650887573964497,,,2,2014,K002+KI01+KA07,K003+K006+KA15+KA16+KI17+KI21
svm,combined,isotonic,0.7433489827856025,0.098870676158447,0.6087636932707355,0.04884318766066838,,,2,2014,K002+KI01+KA07,K003+K006+KA15+KA16+KI17+KI21
svm,combined,conformal_marginal,,,,,0.92018779342723,2.109546165884194,2,2014,K002+KI01+KA07,K003+K006+KA15+KA16+KI17+KI21
svm,combined,conformal_class_conditional,,,,,0.9436619718309859,1.8090766823161188,2,2014,K002+KI01+KA07,K003+K006+KA15+KA16+KI17+KI21
xgboost,source,raw,0.755868544600939,0.19095818425568056,0.9358372456964006,0.21739130434782608,,,2,2014,K002+KI01+KA07,K003+K006+KA15+KA16+KI17+KI21
xgboost,source,temperature,0.755868544600939,0.16400248445113638,0.9295774647887324,0.2138047138047138,,,2,2014,K002+KI01+KA07,K003+K006+KA15+KA16+KI17+KI21
xgboost,source,isotonic,0.6619718309859155,0.24804794983937795,0.9937402190923318,0.3354330708661417,,,2,2014,K002+KI01+KA07,K003+K006+KA15+KA16+KI17+KI21
xgboost,source,conformal_marginal,,,,,0.7574334898278561,1.0046948356807512,2,2014,K002+KI01+KA07,K003+K006+KA15+KA16+KI17+KI21
xgboost,source,conformal_class_conditional,,,,,0.6682316118935837,0.8935837245696401,2,2014,K002+KI01+KA07,K003+K006+KA15+KA16+KI17+KI21
xgboost,target,raw,0.755868544600939,0.19095818425568056,0.26604068857589985,0.023529411764705882,,,2,2014,K002+KI01+KA07,K003+K006+KA15+KA16+KI17+KI21
xgboost,target,temperature,0.755868544600939,0.10781605602062778,0.28012519561815336,0.0223463687150838,,,2,2014,K002+KI01+KA07,K003+K006+KA15+KA16+KI17+KI21
xgboost,target,isotonic,0.7370892018779343,0.07137681800632999,0.5508607198748043,0.04261363636363636,,,2,2014,K002+KI01+KA07,K003+K006+KA15+KA16+KI17+KI21
xgboost,target,conformal_marginal,,,,,0.9530516431924883,1.8763693270735524,2,2014,K002+KI01+KA07,K003+K006+KA15+KA16+KI17+KI21
xgboost,target,conformal_class_conditional,,,,,0.9687010954616588,1.762128325508607,2,2014,K002+KI01+KA07,K003+K006+KA15+KA16+KI17+KI21
xgboost,combined,raw,0.755868544600939,0.19095818425568056,0.35524256651017216,0.03524229074889868,,,2,2014,K002+KI01+KA07,K003+K006+KA15+KA16+KI17+KI21
xgboost,combined,temperature,0.755868544600939,0.0646176076212151,0.352112676056338,0.03111111111111111,,,2,2014,K002+KI01+KA07,K003+K006+KA15+KA16+KI17+KI21
xgboost,combined,isotonic,0.7245696400625978,0.095436546057723,0.5320813771517997,0.05,,,2,2014,K002+KI01+KA07,K003+K006+KA15+KA16+KI17+KI21
xgboost,combined,conformal_marginal,,,,,0.9295774647887324,1.702660406885759,2,2014,K002+KI01+KA07,K003+K006+KA15+KA16+KI17+KI21
xgboost,combined,conformal_class_conditional,,,,,0.9514866979655712,1.6807511737089202,2,2014,K002+KI01+KA07,K003+K006+KA15+KA16+KI17+KI21
random_forest,source,raw,0.7095761381475667,0.18731312826185387,0.8069073783359497,0.22762645914396887,,,2,2015,K004+KI03+KA09,K005+K006+KA22+KA30+KI14+KI21
random_forest,source,temperature,0.7095761381475667,0.17612021108125275,0.8084772370486656,0.22718446601941747,,,2,2015,K004+KI03+KA09,K005+K006+KA22+KA30+KI14+KI21
random_forest,source,isotonic,0.706436420722135,0.18313606540341654,0.8555729984301413,0.24770642201834864,,,2,2015,K004+KI03+KA09,K005+K006+KA22+KA30+KI14+KI21
random_forest,source,conformal_marginal,,,,,0.7017268445839875,0.9858712715855573,2,2015,K004+KI03+KA09,K005+K006+KA22+KA30+KI14+KI21
random_forest,source,conformal_class_conditional,,,,,0.7362637362637363,1.0282574568288854,2,2015,K004+KI03+KA09,K005+K006+KA22+KA30+KI14+KI21
random_forest,target,raw,0.7095761381475667,0.18731312826185387,0.3108320251177394,0.045454545454545456,,,2,2015,K004+KI03+KA09,K005+K006+KA22+KA30+KI14+KI21
random_forest,target,temperature,0.7095761381475667,0.04745777436988551,0.3108320251177394,0.045454545454545456,,,2,2015,K004+KI03+KA09,K005+K006+KA22+KA30+KI14+KI21
random_forest,target,isotonic,0.7221350078492935,0.0943337978919024,0.4474097331240188,0.042105263157894736,,,2,2015,K004+KI03+KA09,K005+K006+KA22+KA30+KI14+KI21
random_forest,target,conformal_marginal,,,,,0.8618524332810047,1.5588697017268447,2,2015,K004+KI03+KA09,K005+K006+KA22+KA30+KI14+KI21
random_forest,target,conformal_class_conditional,,,,,0.8649921507064364,1.565149136577708,2,2015,K004+KI03+KA09,K005+K006+KA22+KA30+KI14+KI21
random_forest,combined,raw,0.7095761381475667,0.18731312826185387,0.31240188383045525,0.04522613065326633,,,2,2015,K004+KI03+KA09,K005+K006+KA22+KA30+KI14+KI21
random_forest,combined,temperature,0.7095761381475667,0.06209016077249752,0.31240188383045525,0.04522613065326633,,,2,2015,K004+KI03+KA09,K005+K006+KA22+KA30+KI14+KI21
random_forest,combined,isotonic,0.7268445839874411,0.09197566446244301,0.5557299843014128,0.11299435028248588,,,2,2015,K004+KI03+KA09,K005+K006+KA22+KA30+KI14+KI21
random_forest,combined,conformal_marginal,,,,,0.8398744113029827,1.456828885400314,2,2015,K004+KI03+KA09,K005+K006+KA22+KA30+KI14+KI21
random_forest,combined,conformal_class_conditional,,,,,0.8524332810047096,1.499215070643642,2,2015,K004+KI03+KA09,K005+K006+KA22+KA30+KI14+KI21
svm,source,raw,0.7252747252747253,0.1898283012261481,0.792778649921507,0.18613861386138614,,,2,2015,K004+KI03+KA09,K005+K006+KA22+KA30+KI14+KI21
svm,source,temperature,0.7252747252747253,0.14913107048496804,0.7786499215070644,0.17943548387096775,,,2,2015,K004+KI03+KA09,K005+K006+KA22+KA30+KI14+KI21
svm,source,isotonic,0.7362637362637363,0.18832046114957968,0.9262166405023547,0.2305084745762712,,,2,2015,K004+KI03+KA09,K005+K006+KA22+KA30+KI14+KI21
svm,source,conformal_marginal,,,,,0.7080062794348508,0.945054945054945,2,2015,K004+KI03+KA09,K005+K006+KA22+KA30+KI14+KI21
svm,source,conformal_class_conditional,,,,,0.7802197802197802,1.0455259026687598,2,2015,K004+KI03+KA09,K005+K006+KA22+KA30+KI14+KI21
svm,target,raw,0.7252747252747253,0.1898283012261481,0.29199372056514916,0.026881720430107527,,,2,2015,K004+KI03+KA09,K005+K006+KA22+KA30+KI14+KI21
svm,target,temperature,0.7252747252747253,0.04247481309104893,0.3249607535321821,0.024154589371980676,,,2,2015,K004+KI03+KA09,K005+K006+KA22+KA30+KI14+KI21
svm,target,isotonic,0.7205651491365777,0.05237524206703693,0.2794348508634223,0.06179775280898876,,,2,2015,K004+KI03+KA09,K005+K006+KA22+KA30+KI14+KI21
svm,target,conformal_marginal,,,,,0.8712715855572999,1.5777080062794349,2,2015,K004+KI03+KA09,K005+K006+KA22+KA30+KI14+KI21
svm,target,conformal_class_conditional,,,,,0.8492935635792779,1.7142857142857142,2,2015,K004+KI03+KA09,K005+K006+KA22+KA30+KI14+KI21
svm,combined,raw,0.7252747252747253,0.1898283012261481,0.3751962323390895,0.0502092050209205,,,2,2015,K004+KI03+KA09,K005+K006+KA22+KA30+KI14+KI21
svm,combined,temperature,0.7252747252747253,0.07008996896879668,0.34065934065934067,0.03686635944700461,,,2,2015,K004+KI03+KA09,K005+K006+KA22+KA30+KI14+KI21
svm,combined,isotonic,0.717425431711146,0.0787806930004806,0.3924646781789639,0.068,,,2,2015,K004+KI03+KA09,K005+K006+KA22+KA30+KI14+KI21
svm,combined,conformal_marginal,,,,,0.8445839874411303,1.4160125588697017,2,2015,K004+KI03+KA09,K005+K006+KA22+KA30+KI14+KI21
svm,combined,conformal_class_conditional,,,,,0.8351648351648352,1.6577708006279435,2,2015,K004+KI03+KA09,K005+K006+KA22+KA30+KI14+KI21
xgboost,source,raw,0.7142857142857143,0.24562960222152938,0.8759811616954474,0.25448028673835127,,,2,2015,K004+KI03+KA09,K005+K006+KA22+KA30+KI14+KI21
xgboost,source,temperature,0.7142857142857143,0.18790277300513702,0.8634222919937206,0.2509090909090909,,,2,2015,K004+KI03+KA09,K005+K006+KA22+KA30+KI14+KI21
xgboost,source,isotonic,0.7111459968602826,0.2301296128380449,0.9324960753532182,0.2727272727272727,,,2,2015,K004+KI03+KA09,K005+K006+KA22+KA30+KI14+KI21
xgboost,source,conformal_marginal,,,,,0.7048665620094191,0.9717425431711146,2,2015,K004+KI03+KA09,K005+K006+KA22+KA30+KI14+KI21
xgboost,source,conformal_class_conditional,,,,,0.7315541601255887,1.0204081632653061,2,2015,K004+KI03+KA09,K005+K006+KA22+KA30+KI14+KI21
xgboost,target,raw,0.7142857142857143,0.24562960222152938,0.12872841444270017,0.036585365853658534,,,2,2015,K004+KI03+KA09,K005+K006+KA22+KA30+KI14+KI21
xgboost,target,temperature,0.7142857142857143,0.10149012542517437,0.13971742543171115,0.011235955056179775,,,2,2015,K004+KI03+KA09,K005+K006+KA22+KA30+KI14+KI21
xgboost,target,isotonic,0.7095761381475667,0.08604952094689286,0.42543171114599687,0.055350553505535055,,,2,2015,K004+KI03+KA09,K005+K006+KA22+KA30+KI14+KI21
xgboost,target,conformal_marginal,,,,,0.8602825745682888,1.5039246467817897,2,2015,K004+KI03+KA09,K005+K006+KA22+KA30+KI14+KI21
xgboost,target,conformal_class_conditional,,,,,0.8414442700156985,1.5400313971742543,2,2015,K004+KI03+KA09,K005+K006+KA22+KA30+KI14+KI21
xgboost,combined,raw,0.7142857142857143,0.24562960222152938,0.16797488226059654,0.04672897196261682,,,2,2015,K004+KI03+KA09,K005+K006+KA22+KA30+KI14+KI21
xgboost,combined,temperature,0.7142857142857143,0.13722779120446582,0.19937205651491366,0.03937007874015748,,,2,2015,K004+KI03+KA09,K005+K006+KA22+KA30+KI14+KI21
xgboost,combined,isotonic,0.7158555729984302,0.0978273200180793,0.4976452119309262,0.08832807570977919,,,2,2015,K004+KI03+KA09,K005+K006+KA22+KA30+KI14+KI21
xgboost,combined,conformal_marginal,,,,,0.8178963893249608,1.3971742543171115,2,2015,K004+KI03+KA09,K005+K006+KA22+KA30+KI14+KI21
xgboost,combined,conformal_class_conditional,,,,,0.8210361067503925,1.4505494505494505,2,2015,K004+KI03+KA09,K005+K006+KA22+KA30+KI14+KI21
random_forest,source,raw,0.5996860282574569,0.24833802044692788,0.9858712715855573,0.39490445859872614,,,2,2016,K001+KI07+KA03,K003+K006+KA04+KA16+KI14+KI17
random_forest,source,temperature,0.5996860282574569,0.3224719140210671,0.9858712715855573,0.39490445859872614,,,2,2016,K001+KI07+KA03,K003+K006+KA04+KA16+KI14+KI17
random_forest,source,isotonic,0.5667189952904239,0.38170190235253953,0.9984301412872841,0.43238993710691825,,,2,2016,K001+KI07+KA03,K003+K006+KA04+KA16+KI14+KI17
random_forest,source,conformal_marginal,,,,,0.5368916797488226,0.792778649921507,2,2016,K001+KI07+KA03,K003+K006+KA04+KA16+KI14+KI17
random_forest,source,conformal_class_conditional,,,,,0.5070643642072213,0.8037676609105181,2,2016,K001+KI07+KA03,K003+K006+KA04+KA16+KI14+KI17
random_forest,target,raw,0.5996860282574569,0.24833802044692788,0.3202511773940345,0.11274509803921569,,,2,2016,K001+KI07+KA03,K003+K006+KA04+KA16+KI14+KI17
random_forest,target,temperature,0.5996860282574569,0.14391784919815093,0.33751962323390894,0.13953488372093023,,,2,2016,K001+KI07+KA03,K003+K006+KA04+KA16+KI14+KI17
random_forest,target,isotonic,0.5855572998430141,0.23084880610665345,0.4207221350078493,0.08582089552238806,,,2,2016,K001+KI07+KA03,K003+K006+KA04+KA16+KI14+KI17
random_forest,target,conformal_marginal,,,,,0.7111459968602826,1.291993720565149,2,2016,K001+KI07+KA03,K003+K006+KA04+KA16+KI14+KI17
random_forest,target,conformal_class_conditional,,,,,0.6342229199372057,1.3657770800627944,2,2016,K001+KI07+KA03,K003+K006+KA04+KA16+KI14+KI17
random_forest,combined,raw,0.5996860282574569,0.24833802044692788,0.4631083202511774,0.2135593220338983,,,2,2016,K001+KI07+KA03,K003+K006+KA04+KA16+KI14+KI17
random_forest,combined,temperature,0.5996860282574569,0.1970393304956005,0.46938775510204084,0.21739130434782608,,,2,2016,K001+KI07+KA03,K003+K006+KA04+KA16+KI14+KI17
random_forest,combined,isotonic,0.598116169544741,0.27139252963964505,0.44583987441130296,0.10915492957746478,,,2,2016,K001+KI07+KA03,K003+K006+KA04+KA16+KI14+KI17
random_forest,combined,conformal_marginal,,,,,0.631083202511774,1.0957613814756673,2,2016,K001+KI07+KA03,K003+K006+KA04+KA16+KI14+KI17
random_forest,combined,conformal_class_conditional,,,,,0.6577708006279435,1.282574568288854,2,2016,K001+KI07+KA03,K003+K006+KA04+KA16+KI14+KI17
svm,source,raw,0.6295133437990581,0.23573118439495777,0.9952904238618524,0.36908517350157727,,,2,2016,K001+KI07+KA03,K003+K006+KA04+KA16+KI14+KI17
svm,source,temperature,0.6295133437990581,0.28423052088847356,0.9952904238618524,0.36908517350157727,,,2,2016,K001+KI07+KA03,K003+K006+KA04+KA16+KI14+KI17
svm,source,isotonic,0.6279434850863422,0.30172738618134276,0.957613814756672,0.3655737704918033,,,2,2016,K001+KI07+KA03,K003+K006+KA04+KA16+KI14+KI17
svm,source,conformal_marginal,,,,,0.5133437990580848,0.7017268445839875,2,2016,K001+KI07+KA03,K003+K006+KA04+KA16+KI14+KI17
svm,source,conformal_class_conditional,,,,,0.42543171114599687,0.6200941915227629,2,2016,K001+KI07+KA03,K003+K006+KA04+KA16+KI14+KI17
svm,target,raw,0.6295133437990581,0.23573118439495777,0.4662480376766091,0.1414141414141414,,,2,2016,K001+KI07+KA03,K003+K006+KA04+KA16+KI14+KI17
svm,target,temperature,0.6295133437990581,0.12891685696415808,0.45054945054945056,0.13240418118466898,,,2,2016,K001+KI07+KA03,K003+K006+KA04+KA16+KI14+KI17
svm,target,isotonic,0.5871271585557299,0.23432107672267055,0.4379905808477237,0.06810035842293907,,,2,2016,K001+KI07+KA03,K003+K006+KA04+KA16+KI14+KI17
svm,target,conformal_marginal,,,,,0.7394034536891679,1.3751962323390894,2,2016,K001+KI07+KA03,K003+K006+KA04+KA16+KI14+KI17
svm,target,conformal_class_conditional,,,,,0.6185243328100472,1.2904238618524333,2,2016,K001+KI07+KA03,K003+K006+KA04+KA16+KI14+KI17
svm,combined,raw,0.6295133437990581,0.23573118439495777,0.5965463108320251,0.21052631578947367,,,2,2016,K001+KI07+KA03,K003+K006+KA04+KA16+KI14+KI17
svm,combined,temperature,0.6295133437990581,0.1767291817079003,0.5745682888540031,0.19398907103825136,,,2,2016,K001+KI07+KA03,K003+K006+KA04+KA16+KI14+KI17
svm,combined,isotonic,0.6138147566718996,0.23510817725823835,0.6766091051805337,0.27842227378190254,,,2,2016,K001+KI07+KA03,K003+K006+KA04+KA16+KI14+KI17
svm,combined,conformal_marginal,,,,,0.6656200941915228,1.1020408163265305,2,2016,K001+KI07+KA03,K003+K006+KA04+KA16+KI14+KI17
svm,combined,conformal_class_conditional,,,,,0.6232339089481946,1.183673469387755,2,2016,K001+KI07+KA03,K003+K006+KA04+KA16+KI14+KI17
xgboost,source,raw,0.6122448979591837,0.32330272701134677,0.978021978021978,0.38041733547351525,,,2,2016,K001+KI07+KA03,K003+K006+KA04+KA16+KI14+KI17
xgboost,source,temperature,0.6122448979591837,0.3235458552040029,0.978021978021978,0.38041733547351525,,,2,2016,K001+KI07+KA03,K003+K006+KA04+KA16+KI14+KI17
xgboost,source,isotonic,0.5902668759811617,0.34183348310951966,0.9843014128728415,0.4003189792663477,,,2,2016,K001+KI07+KA03,K003+K006+KA04+KA16+KI14+KI17
xgboost,source,conformal_marginal,,,,,0.5196232339089482,0.750392464678179,2,2016,K001+KI07+KA03,K003+K006+KA04+KA16+KI14+KI17
xgboost,source,conformal_class_conditional,,,,,0.5054945054945055,0.7645211930926217,2,2016,K001+KI07+KA03,K003+K006+KA04+KA16+KI14+KI17
xgboost,target,raw,0.6122448979591837,0.32330272701134677,0.3281004709576138,0.09569377990430622,,,2,2016,K001+KI07+KA03,K003+K006+KA04+KA16+KI14+KI17
xgboost,target,temperature,0.6122448979591837,0.17612738287578367,0.35478806907378335,0.09292035398230089,,,2,2016,K001+KI07+KA03,K003+K006+KA04+KA16+KI14+KI17
xgboost,target,isotonic,0.5871271585557299,0.22050120867587572,0.4552590266875981,0.1206896551724138,,,2,2016,K001+KI07+KA03,K003+K006+KA04+KA16+KI14+KI17
xgboost,target,conformal_marginal,,,,,0.7331240188383046,1.390894819466248,2,2016,K001+KI07+KA03,K003+K006+KA04+KA16+KI14+KI17
xgboost,target,conformal_class_conditional,,,,,0.6279434850863422,1.3249607535321821,2,2016,K001+KI07+KA03,K003+K006+KA04+KA16+KI14+KI17
xgboost,combined,raw,0.6122448979591837,0.32330272701134677,0.3940345368916798,0.14342629482071714,,,2,2016,K001+KI07+KA03,K003+K006+KA04+KA16+KI14+KI17
xgboost,combined,temperature,0.6122448979591837,0.21596414357627147,0.41444270015698587,0.1553030303030303,,,2,2016,K001+KI07+KA03,K003+K006+KA04+KA16+KI14+KI17
xgboost,combined,isotonic,0.5965463108320251,0.250275775205692,0.4474097331240188,0.11929824561403508,,,2,2016,K001+KI07+KA03,K003+K006+KA04+KA16+KI14+KI17
xgboost,combined,conformal_marginal,,,,,0.6640502354788069,1.1475667189952905,2,2016,K001+KI07+KA03,K003+K006+KA04+KA16+KI14+KI17
xgboost,combined,conformal_class_conditional,,,,,0.6546310832025117,1.3029827315541602,2,2016,K001+KI07+KA03,K003+K006+KA04+KA16+KI14+KI17
random_forest,source,raw,0.7441130298273155,0.17360418401711097,0.8445839874411303,0.20446096654275092,,,2,2017,K002+KI03+KA05,K003+K006+KA16+KA22+KI16+KI21
random_forest,source,temperature,0.7441130298273155,0.15793225291979013,0.8445839874411303,0.20446096654275092,,,2,2017,K002+KI03+KA05,K003+K006+KA16+KA22+KI16+KI21
random_forest,source,isotonic,0.7566718995290423,0.18075915283352487,0.9513343799058085,0.21947194719471946,,,2,2017,K002+KI03+KA05,K003+K006+KA16+KA22+KI16+KI21
random_forest,source,conformal_marginal,,,,,0.7456828885400314,1.0266875981161696,2,2017,K002+KI03+KA05,K003+K006+KA16+KA22+KI16+KI21
random_forest,source,conformal_class_conditional,,,,,0.7519623233908949,1.0031397174254317,2,2017,K002+KI03+KA05,K003+K006+KA16+KA22+KI16+KI21
random_forest,target,raw,0.7441130298273155,0.17360418401711097,0.2904238618524333,0.016216216216216217,,,2,2017,K002+KI03+KA05,K003+K006+KA16+KA22+KI16+KI21
random_forest,target,temperature,0.7441130298273155,0.10946356967949217,0.2904238618524333,0.016216216216216217,,,2,2017,K002+KI03+KA05,K003+K006+KA16+KA22+KI16+KI21
random_forest,target,isotonic,0.7095761381475667,0.15539704353682113,0.5447409733124019,0.02881844380403458,,,2,2017,K002+KI03+KA05,K003+K006+KA16+KA22+KI16+KI21
random_forest,target,conformal_marginal,,,,,0.8744113029827315,1.5934065934065933,2,2017,K002+KI03+KA05,K003+K006+KA16+KA22+KI16+KI21
random_forest,target,conformal_class_conditional,,,,,0.9497645211930926,1.9387755102040816,2,2017,K002+KI03+KA05,K003+K006+KA16+KA22+KI16+KI21
random_forest,combined,raw,0.7441130298273155,0.17360418401711097,0.3642072213500785,0.03017241379310345,,,2,2017,K002+KI03+KA05,K003+K006+KA16+KA22+KI16+KI21
random_forest,combined,temperature,0.7441130298273155,0.03860252431132995,0.3642072213500785,0.03017241379310345,,,2,2017,K002+KI03+KA05,K003+K006+KA16+KA22+KI16+KI21
random_forest,combined,isotonic,0.7378335949764521,0.07758925582103814,0.4521193092621664,0.010416666666666666,,,2,2017,K002+KI03+KA05,K003+K006+KA16+KA22+KI16+KI21
random_forest,combined,conformal_marginal,,,,,0.8508634222919937,1.41287284144427,2,2017,K002+KI03+KA05,K003+K006+KA16+KA22+KI16+KI21
random_forest,combined,conformal_class_conditional,,,,,0.9058084772370487,1.4929356357927785,2,2017,K002+KI03+KA05,K003+K006+KA16+KA22+KI16+KI21
svm,source,raw,0.7598116169544741,0.17052015661024994,0.847723704866562,0.18703703703703703,,,2,2017,K002+KI03+KA05,K003+K006+KA16+KA22+KI16+KI21
svm,source,temperature,0.7598116169544741,0.14868180447982526,0.8430141287284144,0.186219739292365,,,2,2017,K002+KI03+KA05,K003+K006+KA16+KA22+KI16+KI21
svm,source,isotonic,0.7660910518053375,0.15541713822577033,0.8398744113029827,0.16074766355140188,,,2,2017,K002+KI03+KA05,K003+K006+KA16+KA22+KI16+KI21
svm,source,conformal_marginal,,,,,0.7441130298273155,0.957613814756672,2,2017,K002+KI03+KA05,K003+K006+KA16+KA22+KI16+KI21
svm,source,conformal_class_conditional,,,,,0.7566718995290423,1.0486656200941915,2,2017,K002+KI03+KA05,K003+K006+KA16+KA22+KI16+KI21
svm,target,raw,0.7598116169544741,0.17052015661024994,0.19623233908948196,0.04,,,2,2017,K002+KI03+KA05,K003+K006+KA16+KA22+KI16+KI21
svm,target,temperature,0.7598116169544741,0.04656839413080335,0.2653061224489796,0.023668639053254437,,,2,2017,K002+KI03+KA05,K003+K006+KA16+KA22+KI16+KI21
svm,target,isotonic,0.7189952904238619,0.1538114557771466,0.5494505494505495,0.017142857142857144,,,2,2017,K002+KI03+KA05,K003+K006+KA16+KA22+KI16+KI21
svm,target,conformal_marginal,,,,,0.8775510204081632,1.5337519623233908,2,2017,K002+KI03+KA05,K003+K006+KA16+KA22+KI16+KI21
svm,target,conformal_class_conditional,,,,,0.9277864992150706,1.7990580847723705,2,2017,K002+KI03+KA05,K003+K006+KA16+KA22+KI16+KI21
svm,combined,raw,0.7598116169544741,0.17052015661024994,0.2119309262166405,0.05185185185185185,,,2,2017,K002+KI03+KA05,K003+K006+KA16+KA22+KI16+KI21
svm,combined,temperature,0.7598116169544741,0.02612317289795886,0.32653061224489793,0.04807692307692308,,,2,2017,K002+KI03+KA05,K003+K006+KA16+KA22+KI16+KI21
svm,combined,isotonic,0.7472527472527473,0.08105727438066107,0.5667189952904239,0.038781163434903045,,,2,2017,K002+KI03+KA05,K003+K006+KA16+KA22+KI16+KI21
svm,combined,conformal_marginal,,,,,0.8649921507064364,1.4270015698587126,2,2017,K002+KI03+KA05,K003+K006+KA16+KA22+KI16+KI21
svm,combined,conformal_class_conditional,,,,,0.9058084772370487,1.684458398744113,2,2017,K002+KI03+KA05,K003+K006+KA16+KA22+KI16+KI21
xgboost,source,raw,0.7237048665620094,0.24464173467604672,0.8948194662480377,0.21929824561403508,,,2,2017,K002+KI03+KA05,K003+K006+KA16+KA22+KI16+KI21
xgboost,source,temperature,0.7237048665620094,0.18638687326287104,0.8854003139717426,0.21631205673758866,,,2,2017,K002+KI03+KA05,K003+K006+KA16+KA22+KI16+KI21
xgboost,source,isotonic,0.7660910518053375,0.177624469175696,0.8901098901098901,0.20987654320987653,,,2,2017,K002+KI03+KA05,K003+K006+KA16+KA22+KI16+KI21
xgboost,source,conformal_marginal,,,,,0.7268445839874411,1.0078492935635792,2,2017,K002+KI03+KA05,K003+K006+KA16+KA22+KI16+KI21
xgboost,source,conformal_class_conditional,,,,,0.7472527472527473,1.0188383045525902,2,2017,K002+KI03+KA05,K003+K006+KA16+KA22+KI16+KI21
xgboost,target,raw,0.7237048665620094,0.24464173467604672,0.33751962323390894,0.05116279069767442,,,2,2017,K002+KI03+KA05,K003+K006+KA16+KA22+KI16+KI21
xgboost,target,temperature,0.7237048665620094,0.0948995245750488,0.3563579277864992,0.039647577092511016,,,2,2017,K002+KI03+KA05,K003+K006+KA16+KA22+KI16+KI21
xgboost,target,isotonic,0.6985871271585558,0.14296598928601006,0.5839874411302983,0.04032258064516129,,,2,2017,K002+KI03+KA05,K003+K006+KA16+KA22+KI16+KI21
xgboost,target,conformal_marginal,,,,,0.8822605965463108,1.5934065934065933,2,2017,K002+KI03+KA05,K003+K006+KA16+KA22+KI16+KI21
xgboost,target,conformal_class_conditional,,,,,0.8932496075353218,1.4929356357927785,2,2017,K002+KI03+KA05,K003+K006+KA16+KA22+KI16+KI21
xgboost,combined,raw,0.7237048665620094,0.24464173467604672,0.3532182103610675,0.06222222222222222,,,2,2017,K002+KI03+KA05,K003+K006+KA16+KA22+KI16+KI21
xgboost,combined,temperature,0.7237048665620094,0.12411045583174338,0.36891679748822603,0.05531914893617021,,,2,2017,K002+KI03+KA05,K003+K006+KA16+KA22+KI16+KI21
xgboost,combined,isotonic,0.7441130298273155,0.09214149455742723,0.4945054945054945,0.06031746031746032,,,2,2017,K002+KI03+KA05,K003+K006+KA16+KA22+KI16+KI21
xgboost,combined,conformal_marginal,,,,,0.8649921507064364,1.4427001569858713,2,2017,K002+KI03+KA05,K003+K006+KA16+KA22+KI16+KI21
xgboost,combined,conformal_class_conditional,,,,,0.8791208791208791,1.444270015698587,2,2017,K002+KI03+KA05,K003+K006+KA16+KA22+KI16+KI21
random_forest,source,raw,0.5604395604395604,0.2820597890207729,0.9843014128728415,0.4354066985645933,,,2,2018,K001+KI08+KA07,K003+K005+KA04+KA30+KI04+KI21
random_forest,source,temperature,0.5604395604395604,0.35712005296030996,0.9827315541601256,0.43450479233226835,,,2,2018,K001+KI08+KA07,K003+K005+KA04+KA30+KI04+KI21
random_forest,source,isotonic,0.5274725274725275,0.3752142299202262,0.9952904238618524,0.47003154574132494,,,2,2018,K001+KI08+KA07,K003+K005+KA04+KA30+KI04+KI21
random_forest,source,conformal_marginal,,,,,0.45054945054945056,0.7315541601255887,2,2018,K001+KI08+KA07,K003+K005+KA04+KA30+KI04+KI21
random_forest,source,conformal_class_conditional,,,,,0.45368916797488223,0.7629513343799058,2,2018,K001+KI08+KA07,K003+K005+KA04+KA30+KI04+KI21
random_forest,target,raw,0.5604395604395604,0.2820597890207729,0.6546310832025117,0.37170263788968827,,,2,2018,K001+KI08+KA07,K003+K005+KA04+KA30+KI04+KI21
random_forest,target,temperature,0.5604395604395604,0.2620906466020274,0.6562009419152276,0.37320574162679426,,,2,2018,K001+KI08+KA07,K003+K005+KA04+KA30+KI04+KI21
random_forest,target,isotonic,0.554160125588697,0.29372029508879505,0.7676609105180534,0.38445807770961143,,,2,2018,K001+KI08+KA07,K003+K005+KA04+KA30+KI04+KI21
random_forest,target,conformal_marginal,,,,,0.6436420722135008,1.2150706436420722,2,2018,K001+KI08+KA07,K003+K005+KA04+KA30+KI04+KI21
random_forest,target,conformal_class_conditional,,,,,0.6766091051805337,1.2291993720565149,2,2018,K001+KI08+KA07,K003+K005+KA04+KA30+KI04+KI21
random_forest,combined,raw,0.5604395604395604,0.2820597890207729,0.7535321821036107,0.3958333333333333,,,2,2018,K001+KI08+KA07,K003+K005+KA04+KA30+KI04+KI21
random_forest,combined,temperature,0.5604395604395604,0.2812197237849743,0.7535321821036107,0.3958333333333333,,,2,2018,K001+KI08+KA07,K003+K005+KA04+KA30+KI04+KI21
random_forest,combined,isotonic,0.5667189952904239,0.30807846572888753,0.847723704866562,0.4148148148148148,,,2,2018,K001+KI08+KA07,K003+K005+KA04+KA30+KI04+KI21
random_forest,combined,conformal_marginal,,,,,0.5839874411302983,1.0518053375196232,2,2018,K001+KI08+KA07,K003+K005+KA04+KA30+KI04+KI21
random_forest,combined,conformal_class_conditional,,,,,0.609105180533752,1.0722135007849294,2,2018,K001+KI08+KA07,K003+K005+KA04+KA30+KI04+KI21
svm,source,raw,0.576138147566719,0.29176724725730296,0.9246467817896389,0.4057724957555178,,,2,2018,K001+KI08+KA07,K003+K005+KA04+KA30+KI04+KI21
svm,source,temperature,0.576138147566719,0.35625381202988327,0.9230769230769231,0.4013605442176871,,,2,2018,K001+KI08+KA07,K003+K005+KA04+KA30+KI04+KI21
svm,source,isotonic,0.5902668759811617,0.36445218607996266,0.9591836734693877,0.39279869067103107,,,2,2018,K001+KI08+KA07,K003+K005+KA04+KA30+KI04+KI21
svm,source,conformal_marginal,,,,,0.4599686028257457,0.7032967032967034,2,2018,K001+KI08+KA07,K003+K005+KA04+KA30+KI04+KI21
svm,source,conformal_class_conditional,,,,,0.4803767660910518,0.7032967032967034,2,2018,K001+KI08+KA07,K003+K005+KA04+KA30+KI04+KI21
svm,target,raw,0.576138147566719,0.29176724725730296,0.7660910518053375,0.3524590163934426,,,2,2018,K001+KI08+KA07,K003+K005+KA04+KA30+KI04+KI21
svm,target,temperature,0.576138147566719,0.27504247005808113,0.7676609105180534,0.35173824130879344,,,2,2018,K001+KI08+KA07,K003+K005+KA04+KA30+KI04+KI21
svm,target,isotonic,0.5965463108320251,0.2558131353985533,0.8226059654631083,0.37595419847328243,,,2,2018,K001+KI08+KA07,K003+K005+KA04+KA30+KI04+KI21
svm,target,conformal_marginal,,,,,0.6106750392464678,1.1145996860282574,2,2018,K001+KI08+KA07,K003+K005+KA04+KA30+KI04+KI21
svm,target,conformal_class_conditional,,,,,0.6138147566718996,1.1287284144427001,2,2018,K001+KI08+KA07,K003+K005+KA04+KA30+KI04+KI21
svm,combined,raw,0.576138147566719,0.29176724725730296,0.847723704866562,0.37777777777777777,,,2,2018,K001+KI08+KA07,K003+K005+KA04+KA30+KI04+KI21
svm,combined,temperature,0.576138147566719,0.2905887760407203,0.847723704866562,0.37777777777777777,,,2,2018,K001+KI08+KA07,K003+K005+KA04+KA30+KI04+KI21
svm,combined,isotonic,0.5949764521193093,0.2755907984377102,0.8744113029827315,0.38420107719928187,,,2,2018,K001+KI08+KA07,K003+K005+KA04+KA30+KI04+KI21
svm,combined,conformal_marginal,,,,,0.5682888540031397,0.989010989010989,2,2018,K001+KI08+KA07,K003+K005+KA04+KA30+KI04+KI21
svm,combined,conformal_class_conditional,,,,,0.5698587127158555,0.9623233908948194,2,2018,K001+KI08+KA07,K003+K005+KA04+KA30+KI04+KI21
xgboost,source,raw,0.5572998430141287,0.374137944198291,1.0,0.4427001569858713,,,2,2018,K001+KI08+KA07,K003+K005+KA04+KA30+KI04+KI21
xgboost,source,temperature,0.5572998430141287,0.36469721132610355,1.0,0.4427001569858713,,,2,2018,K001+KI08+KA07,K003+K005+KA04+KA30+KI04+KI21
xgboost,source,isotonic,0.5353218210361067,0.3746528305174657,0.9686028257456829,0.4538087520259319,,,2,2018,K001+KI08+KA07,K003+K005+KA04+KA30+KI04+KI21
xgboost,source,conformal_marginal,,,,,0.45839874411302983,0.7394034536891679,2,2018,K001+KI08+KA07,K003+K005+KA04+KA30+KI04+KI21
xgboost,source,conformal_class_conditional,,,,,0.4552590266875981,0.7441130298273155,2,2018,K001+KI08+KA07,K003+K005+KA04+KA30+KI04+KI21
xgboost,target,raw,0.5572998430141287,0.374137944198291,0.6671899529042387,0.35058823529411764,,,2,2018,K001+KI08+KA07,K003+K005+KA04+KA30+KI04+KI21
xgboost,target,temperature,0.5572998430141287,0.29296518680894434,0.6907378335949764,0.35909090909090907,,,2,2018,K001+KI08+KA07,K003+K005+KA04+KA30+KI04+KI21
xgboost,target,isotonic,0.5557299843014128,0.2992503533197424,0.7252747252747253,0.3722943722943723,,,2,2018,K001+KI08+KA07,K003+K005+KA04+KA30+KI04+KI21
xgboost,target,conformal_marginal,,,,,0.5996860282574569,1.1334379905808478,2,2018,K001+KI08+KA07,K003+K005+KA04+KA30+KI04+KI21
xgboost,target,conformal_class_conditional,,,,,0.6169544740973313,1.1350078492935636,2,2018,K001+KI08+KA07,K003+K005+KA04+KA30+KI04+KI21
xgboost,combined,raw,0.5572998430141287,0.374137944198291,0.7802197802197802,0.39436619718309857,,,2,2018,K001+KI08+KA07,K003+K005+KA04+KA30+KI04+KI21
xgboost,combined,temperature,0.5572998430141287,0.31459008421806445,0.7959183673469388,0.39447731755424065,,,2,2018,K001+KI08+KA07,K003+K005+KA04+KA30+KI04+KI21
xgboost,combined,isotonic,0.5525902668759811,0.3190294617479039,0.847723704866562,0.40370370370370373,,,2,2018,K001+KI08+KA07,K003+K005+KA04+KA30+KI04+KI21
xgboost,combined,conformal_marginal,,,,,0.5604395604395604,1.0094191522762952,2,2018,K001+KI08+KA07,K003+K005+KA04+KA30+KI04+KI21
xgboost,combined,conformal_class_conditional,,,,,0.576138147566719,1.0455259026687598,2,2018,K001+KI08+KA07,K003+K005+KA04+KA30+KI04+KI21
random_forest,source,raw,0.8181818181818182,0.09875781202120507,0.9905956112852664,0.17721518987341772,,,2,2019,K001+KI08+KA07,K003+K006+KA15+KA30+KI16+KI17
random_forest,source,temperature,0.8181818181818182,0.14484315110080564,0.9890282131661442,0.1774960380348653,,,2,2019,K001+KI08+KA07,K003+K006+KA15+KA30+KI16+KI17
random_forest,source,isotonic,0.7962382445141066,0.1624116552518643,0.9968652037617555,0.2028301886792453,,,2,2019,K001+KI08+KA07,K003+K006+KA15+KA30+KI16+KI17
random_forest,source,conformal_marginal,,,,,0.7695924764890282,0.8793103448275862,2,2019,K001+KI08+KA07,K003+K006+KA15+KA30+KI16+KI17
random_forest,source,conformal_class_conditional,,,,,0.7476489028213166,0.8824451410658307,2,2019,K001+KI08+KA07,K003+K006+KA15+KA30+KI16+KI17
random_forest,target,raw,0.8181818181818182,0.09875781202120507,0.2507836990595611,0.00625,,,2,2019,K001+KI08+KA07,K003+K006+KA15+KA30+KI16+KI17
random_forest,target,temperature,0.8181818181818182,0.3252917171617624,0.2507836990595611,0.00625,,,2,2019,K001+KI08+KA07,K003+K006+KA15+KA30+KI16+KI17
random_forest,target,isotonic,0.8056426332288401,0.11190573393297527,0.3542319749216301,0.0,,,2,2019,K001+KI08+KA07,K003+K006+KA15+KA30+KI16+KI17
random_forest,target,conformal_marginal,,,,,0.9608150470219435,1.8683385579937304,2,2019,K001+KI08+KA07,K003+K006+KA15+KA30+KI16+KI17
random_forest,target,conformal_class_conditional,,,,,0.9749216300940439,1.6818181818181819,2,2019,K001+KI08+KA07,K003+K006+KA15+KA30+KI16+KI17
random_forest,combined,raw,0.8181818181818182,0.09875781202120507,0.3557993730407524,0.022026431718061675,,,2,2019,K001+KI08+KA07,K003+K006+KA15+KA30+KI16+KI17
random_forest,combined,temperature,0.8181818181818182,0.15505207784323422,0.3510971786833856,0.017857142857142856,,,2,2019,K001+KI08+KA07,K003+K006+KA15+KA30+KI16+KI17
random_forest,combined,isotonic,0.8087774294670846,0.10823655846903514,0.6300940438871473,0.014925373134328358,,,2,2019,K001+KI08+KA07,K003+K006+KA15+KA30+KI16+KI17
random_forest,combined,conformal_marginal,,,,,0.9482758620689655,1.6614420062695925,2,2019,K001+KI08+KA07,K003+K006+KA15+KA30+KI16+KI17
random_forest,combined,conformal_class_conditional,,,,,0.9702194357366771,1.6206896551724137,2,2019,K001+KI08+KA07,K003+K006+KA15+KA30+KI16+KI17
svm,source,raw,0.829153605015674,0.09626820978706765,0.9608150470219435,0.14845024469820556,,,2,2019,K001+KI08+KA07,K003+K006+KA15+KA30+KI16+KI17
svm,source,temperature,0.829153605015674,0.13350324909791228,0.9529780564263323,0.14144736842105263,,,2,2019,K001+KI08+KA07,K003+K006+KA15+KA30+KI16+KI17
svm,source,isotonic,0.8307210031347962,0.13796783413708294,0.9670846394984326,0.14910858995137763,,,2,2019,K001+KI08+KA07,K003+K006+KA15+KA30+KI16+KI17
svm,source,conformal_marginal,,,,,0.7633228840125392,0.8448275862068966,2,2019,K001+KI08+KA07,K003+K006+KA15+KA30+KI16+KI17
svm,source,conformal_class_conditional,,,,,0.7617554858934169,0.8557993730407524,2,2019,K001+KI08+KA07,K003+K006+KA15+KA30+KI16+KI17
svm,target,raw,0.829153605015674,0.09626820978706765,0.2884012539184953,0.0,,,2,2019,K001+KI08+KA07,K003+K006+KA15+KA30+KI16+KI17
svm,target,temperature,0.829153605015674,0.21106232371340503,0.3275862068965517,0.0,,,2,2019,K001+KI08+KA07,K003+K006+KA15+KA30+KI16+KI17
svm,target,isotonic,0.8448275862068966,0.10899623993930696,0.2445141065830721,0.0,,,2,2019,K001+KI08+KA07,K003+K006+KA15+KA30+KI16+KI17
svm,target,conformal_marginal,,,,,0.9608150470219435,1.9811912225705328,2,2019,K001+KI08+KA07,K003+K006+KA15+KA30+KI16+KI17
svm,target,conformal_class_conditional,,,,,0.9858934169278997,1.8432601880877744,2,2019,K001+KI08+KA07,K003+K006+KA15+KA30+KI16+KI17
svm,combined,raw,0.829153605015674,0.09626820978706765,0.46551724137931033,0.02356902356902357,,,2,2019,K001+KI08+KA07,K003+K006+KA15+KA30+KI16+KI17
svm,combined,temperature,0.829153605015674,0.11052660368620955,0.45454545454545453,0.020689655172413793,,,2,2019,K001+KI08+KA07,K003+K006+KA15+KA30+KI16+KI17
svm,combined,isotonic,0.8338557993730408,0.08333394759102182,0.6692789968652038,0.00936768149882904,,,2,2019,K001+KI08+KA07,K003+K006+KA15+KA30+KI16+KI17
svm,combined,conformal_marginal,,,,,0.9467084639498433,1.658307210031348,2,2019,K001+KI08+KA07,K003+K006+KA15+KA30+KI16+KI17
svm,combined,conformal_class_conditional,,,,,0.9702194357366771,1.7727272727272727,2,2019,K001+KI08+KA07,K003+K006+KA15+KA30+KI16+KI17
xgboost,source,raw,0.8103448275862069,0.15768452222257576,0.9984326018808778,0.18838304552590268,,,2,2019,K001+KI08+KA07,K003+K006+KA15+KA30+KI16+KI17
xgboost,source,temperature,0.8103448275862069,0.14834541658520975,0.9984326018808778,0.18838304552590268,,,2,2019,K001+KI08+KA07,K003+K006+KA15+KA30+KI16+KI17
xgboost,source,isotonic,0.8025078369905956,0.1516665189155491,0.9811912225705329,0.1853035143769968,,,2,2019,K001+KI08+KA07,K003+K006+KA15+KA30+KI16+KI17
xgboost,source,conformal_marginal,,,,,0.7586206896551724,0.8683385579937304,2,2019,K001+KI08+KA07,K003+K006+KA15+KA30+KI16+KI17
xgboost,source,conformal_class_conditional,,,,,0.7335423197492164,0.8589341692789969,2,2019,K001+KI08+KA07,K003+K006+KA15+KA30+KI16+KI17
xgboost,target,raw,0.8103448275862069,0.15768452222257576,0.05956112852664577,0.02631578947368421,,,2,2019,K001+KI08+KA07,K003+K006+KA15+KA30+KI16+KI17
xgboost,target,temperature,0.8103448275862069,0.25552399871240894,0.11128526645768025,0.014084507042253521,,,2,2019,K001+KI08+KA07,K003+K006+KA15+KA30+KI16+KI17
xgboost,target,isotonic,0.8087774294670846,0.07815956777167643,0.3542319749216301,0.008849557522123894,,,2,2019,K001+KI08+KA07,K003+K006+KA15+KA30+KI16+KI17
xgboost,target,conformal_marginal,,,,,0.9670846394984326,1.7476489028213167,2,2019,K001+KI08+KA07,K003+K006+KA15+KA30+KI16+KI17
xgboost,target,conformal_class_conditional,,,,,0.9827586206896551,1.7413793103448276,2,2019,K001+KI08+KA07,K003+K006+KA15+KA30+KI16+KI17
xgboost,combined,raw,0.8103448275862069,0.15768452222257576,0.3949843260188088,0.007936507936507936,,,2,2019,K001+KI08+KA07,K003+K006+KA15+KA30+KI16+KI17
xgboost,combined,temperature,0.8103448275862069,0.12240104440348391,0.45141065830721006,0.006944444444444444,,,2,2019,K001+KI08+KA07,K003+K006+KA15+KA30+KI16+KI17
xgboost,combined,isotonic,0.8056426332288401,0.0847245378507609,0.42476489028213166,0.007380073800738007,,,2,2019,K001+KI08+KA07,K003+K006+KA15+KA30+KI16+KI17
xgboost,combined,conformal_marginal,,,,,0.9592476489028213,1.609717868338558,2,2019,K001+KI08+KA07,K003+K006+KA15+KA30+KI16+KI17
xgboost,combined,conformal_class_conditional,,,,,0.9702194357366771,1.6222570532915361,2,2019,K001+KI08+KA07,K003+K006+KA15+KA30+KI16+KI17
random_forest,source,raw,0.6866141732283465,0.1647284854358884,0.9637795275590552,0.30392156862745096,,,2,2020,K001+KI01+KA07,K003+K005+KA04+KA22+KI16+KI18
random_forest,source,temperature,0.6866141732283465,0.28292211426320985,0.9937007874015747,0.31061806656101426,,,2,2020,K001+KI01+KA07,K003+K005+KA04+KA22+KI16+KI18
random_forest,source,isotonic,0.6519685039370079,0.27972865399873625,0.9779527559055118,0.3462157809983897,,,2,2020,K001+KI01+KA07,K003+K005+KA04+KA22+KI16+KI18
random_forest,source,conformal_marginal,,,,,0.6551181102362205,0.9118110236220472,2,2020,K001+KI01+KA07,K003+K005+KA04+KA22+KI16+KI18
random_forest,source,conformal_class_conditional,,,,,0.5763779527559055,0.8220472440944881,2,2020,K001+KI01+KA07,K003+K005+KA04+KA22+KI16+KI18
random_forest,target,raw,0.6866141732283465,0.1647284854358884,0.2614173228346457,0.05421686746987952,,,2,2020,K001+KI01+KA07,K003+K005+KA04+KA22+KI16+KI18
random_forest,target,temperature,0.6866141732283465,0.10565820499686475,0.247244094488189,0.044585987261146494,,,2,2020,K001+KI01+KA07,K003+K005+KA04+KA22+KI16+KI18
random_forest,target,isotonic,0.6992125984251969,0.0662105317416981,0.4503937007874016,0.06643356643356643,,,2,2020,K001+KI01+KA07,K003+K005+KA04+KA22+KI16+KI18
random_forest,target,conformal_marginal,,,,,0.8708661417322835,1.8488188976377953,2,2020,K001+KI01+KA07,K003+K005+KA04+KA22+KI16+KI18
random_forest,target,conformal_class_conditional,,,,,0.889763779527559,1.7433070866141733,2,2020,K001+KI01+KA07,K003+K005+KA04+KA22+KI16+KI18
random_forest,combined,raw,0.6866141732283465,0.1647284854358884,0.31181102362204727,0.09090909090909091,,,2,2020,K001+KI01+KA07,K003+K005+KA04+KA22+KI16+KI18
random_forest,combined,temperature,0.6866141732283465,0.06263685429914677,0.31811023622047246,0.06930693069306931,,,2,2020,K001+KI01+KA07,K003+K005+KA04+KA22+KI16+KI18
random_forest,combined,isotonic,0.705511811023622,0.10398542335027786,0.510236220472441,0.09876543209876543,,,2,2020,K001+KI01+KA07,K003+K005+KA04+KA22+KI16+KI18
random_forest,combined,conformal_marginal,,,,,0.8220472440944881,1.4645669291338583,2,2020,K001+KI01+KA07,K003+K005+KA04+KA22+KI16+KI18
random_forest,combined,conformal_class_conditional,,,,,0.8582677165354331,1.5716535433070866,2,2020,K001+KI01+KA07,K003+K005+KA04+KA22+KI16+KI18
svm,source,raw,0.6787401574803149,0.16804345574853718,0.6834645669291338,0.24193548387096775,,,2,2020,K001+KI01+KA07,K003+K005+KA04+KA22+KI16+KI18
svm,source,temperature,0.6787401574803149,0.09804247860623964,0.6929133858267716,0.24545454545454545,,,2,2020,K001+KI01+KA07,K003+K005+KA04+KA22+KI16+KI18
svm,source,isotonic,0.6834645669291338,0.237729095893352,0.9826771653543307,0.3125,,,2,2020,K001+KI01+KA07,K003+K005+KA04+KA22+KI16+KI18
svm,source,conformal_marginal,,,,,0.7779527559055118,1.3228346456692914,2,2020,K001+KI01+KA07,K003+K005+KA04+KA22+KI16+KI18
svm,source,conformal_class_conditional,,,,,0.6188976377952756,0.84251968503937,2,2020,K001+KI01+KA07,K003+K005+KA04+KA22+KI16+KI18
svm,target,raw,0.6787401574803149,0.16804345574853718,0.23307086614173228,0.02702702702702703,,,2,2020,K001+KI01+KA07,K003+K005+KA04+KA22+KI16+KI18
svm,target,temperature,0.6787401574803149,0.11777137598133627,0.2078740157480315,0.03787878787878788,,,2,2020,K001+KI01+KA07,K003+K005+KA04+KA22+KI16+KI18
svm,target,isotonic,0.721259842519685,0.08612076964707507,0.5086614173228347,0.03715170278637771,,,2,2020,K001+KI01+KA07,K003+K005+KA04+KA22+KI16+KI18
svm,target,conformal_marginal,,,,,0.8866141732283465,2.0503937007874016,2,2020,K001+KI01+KA07,K003+K005+KA04+KA22+KI16+KI18
svm,target,conformal_class_conditional,,,,,0.8929133858267716,1.7905511811023622,2,2020,K001+KI01+KA07,K003+K005+KA04+KA22+KI16+KI18
svm,combined,raw,0.6787401574803149,0.16804345574853718,0.30866141732283464,0.09183673469387756,,,2,2020,K001+KI01+KA07,K003+K005+KA04+KA22+KI16+KI18
svm,combined,temperature,0.6787401574803149,0.09123182313847981,0.27716535433070866,0.0625,,,2,2020,K001+KI01+KA07,K003+K005+KA04+KA22+KI16+KI18
svm,combined,isotonic,0.721259842519685,0.11004650746022465,0.5511811023622047,0.07714285714285714,,,2,2020,K001+KI01+KA07,K003+K005+KA04+KA22+KI16+KI18
svm,combined,conformal_marginal,,,,,0.8551181102362204,1.6818897637795276,2,2020,K001+KI01+KA07,K003+K005+KA04+KA22+KI16+KI18
svm,combined,conformal_class_conditional,,,,,0.8488188976377953,1.6188976377952755,2,2020,K001+KI01+KA07,K003+K005+KA04+KA22+KI16+KI18
xgboost,source,raw,0.6866141732283465,0.25389802305717163,0.9354330708661417,0.2962962962962963,,,2,2020,K001+KI01+KA07,K003+K005+KA04+KA22+KI16+KI18
xgboost,source,temperature,0.6866141732283465,0.2672723000495868,0.9385826771653544,0.29697986577181207,,,2,2020,K001+KI01+KA07,K003+K005+KA04+KA22+KI16+KI18
xgboost,source,isotonic,0.6535433070866141,0.2885472670557183,0.988976377952756,0.34394904458598724,,,2,2020,K001+KI01+KA07,K003+K005+KA04+KA22+KI16+KI18
xgboost,source,conformal_marginal,,,,,0.6755905511811023,0.9732283464566929,2,2020,K001+KI01+KA07,K003+K005+KA04+KA22+KI16+KI18
xgboost,source,conformal_class_conditional,,,,,0.5543307086614173,0.8125984251968504,2,2020,K001+KI01+KA07,K003+K005+KA04+KA22+KI16+KI18
xgboost,target,raw,0.6866141732283465,0.25389802305717163,0.2220472440944882,0.07092198581560284,,,2,2020,K001+KI01+KA07,K003+K005+KA04+KA22+KI16+KI18
xgboost,target,temperature,0.6866141732283465,0.04233250952596258,0.24251968503937008,0.06493506493506493,,,2,2020,K001+KI01+KA07,K003+K005+KA04+KA22+KI16+KI18
xgboost,target,isotonic,0.6771653543307087,0.08401786539322878,0.29448818897637796,0.0427807486631016,,,2,2020,K001+KI01+KA07,K003+K005+KA04+KA22+KI16+KI18
xgboost,target,conformal_marginal,,,,,0.8708661417322835,1.847244094488189,2,2020,K001+KI01+KA07,K003+K005+KA04+KA22+KI16+KI18
xgboost,target,conformal_class_conditional,,,,,0.889763779527559,1.7480314960629921,2,2020,K001+KI01+KA07,K003+K005+KA04+KA22+KI16+KI18
xgboost,combined,raw,0.6866141732283465,0.25389802305717163,0.3637795275590551,0.12987012987012986,,,2,2020,K001+KI01+KA07,K003+K005+KA04+KA22+KI16+KI18
xgboost,combined,temperature,0.6866141732283465,0.0923176290243598,0.3700787401574803,0.13191489361702127,,,2,2020,K001+KI01+KA07,K003+K005+KA04+KA22+KI16+KI18
xgboost,combined,isotonic,0.6771653543307087,0.11016184024783829,0.5401574803149606,0.12536443148688048,,,2,2020,K001+KI01+KA07,K003+K005+KA04+KA22+KI16+KI18
xgboost,combined,conformal_marginal,,,,,0.8173228346456692,1.48503937007874,2,2020,K001+KI01+KA07,K003+K005+KA04+KA22+KI16+KI18
xgboost,combined,conformal_class_conditional,,,,,0.8645669291338582,1.6141732283464567,2,2020,K001+KI01+KA07,K003+K005+KA04+KA22+KI16+KI18
random_forest,source,raw,0.713166144200627,0.18518594579911973,0.7382445141065831,0.2059447983014862,,,2,2021,K004+KI03+KA05,K005+K006+KA15+KA16+KI17+KI18
random_forest,source,temperature,0.713166144200627,0.1536336949810573,0.7586206896551724,0.21074380165289255,,,2,2021,K004+KI03+KA05,K005+K006+KA15+KA16+KI17+KI18
random_forest,source,isotonic,0.7084639498432602,0.17125306224828626,0.786833855799373,0.2290836653386454,,,2,2021,K004+KI03+KA05,K005+K006+KA15+KA16+KI17+KI18
random_forest,source,conformal_marginal,,,,,0.7398119122257053,1.0658307210031348,2,2021,K004+KI03+KA05,K005+K006+KA15+KA16+KI17+KI18
random_forest,source,conformal_class_conditional,,,,,0.7633228840125392,1.1332288401253918,2,2021,K004+KI03+KA05,K005+K006+KA15+KA16+KI17+KI18
random_forest,target,raw,0.713166144200627,0.18518594579911973,0.21786833855799373,0.02877697841726619,,,2,2021,K004+KI03+KA05,K005+K006+KA15+KA16+KI17+KI18
random_forest,target,temperature,0.713166144200627,0.13505307472128975,0.21786833855799373,0.02877697841726619,,,2,2021,K004+KI03+KA05,K005+K006+KA15+KA16+KI17+KI18
random_forest,target,isotonic,0.7210031347962382,0.12186603177760741,0.3463949843260188,0.027149321266968326,,,2,2021,K004+KI03+KA05,K005+K006+KA15+KA16+KI17+KI18
random_forest,target,conformal_marginal,,,,,0.9373040752351097,2.079937304075235,2,2021,K004+KI03+KA05,K005+K006+KA15+KA16+KI17+KI18
random_forest,target,conformal_class_conditional,,,,,0.9592476489028213,1.7351097178683386,2,2021,K004+KI03+KA05,K005+K006+KA15+KA16+KI17+KI18
random_forest,combined,raw,0.713166144200627,0.18518594579911973,0.2664576802507837,0.047058823529411764,,,2,2021,K004+KI03+KA05,K005+K006+KA15+KA16+KI17+KI18
random_forest,combined,temperature,0.713166144200627,0.08363787232121443,0.2836990595611285,0.055248618784530384,,,2,2021,K004+KI03+KA05,K005+K006+KA15+KA16+KI17+KI18
random_forest,combined,isotonic,0.7225705329153606,0.07188246168669518,0.44357366771159873,0.0636042402826855,,,2,2021,K004+KI03+KA05,K005+K006+KA15+KA16+KI17+KI18
random_forest,combined,conformal_marginal,,,,,0.9184952978056427,1.8667711598746082,2,2021,K004+KI03+KA05,K005+K006+KA15+KA16+KI17+KI18
random_forest,combined,conformal_class_conditional,,,,,0.9608150470219435,1.7335423197492164,2,2021,K004+KI03+KA05,K005+K006+KA15+KA16+KI17+KI18
svm,source,raw,0.7492163009404389,0.14606596130172397,0.7084639498432602,0.1504424778761062,,,2,2021,K004+KI03+KA05,K005+K006+KA15+KA16+KI17+KI18
svm,source,temperature,0.7492163009404389,0.11633938501596078,0.7037617554858934,0.1514476614699332,,,2,2021,K004+KI03+KA05,K005+K006+KA15+KA16+KI17+KI18
svm,source,isotonic,0.725705329153605,0.15612922962741627,0.7570532915360502,0.14492753623188406,,,2,2021,K004+KI03+KA05,K005+K006+KA15+KA16+KI17+KI18
svm,source,conformal_marginal,,,,,0.7398119122257053,0.9780564263322884,2,2021,K004+KI03+KA05,K005+K006+KA15+KA16+KI17+KI18
svm,source,conformal_class_conditional,,,,,0.8025078369905956,1.1065830721003134,2,2021,K004+KI03+KA05,K005+K006+KA15+KA16+KI17+KI18
svm,target,raw,0.7492163009404389,0.14606596130172397,0.17711598746081506,0.017699115044247787,,,2,2021,K004+KI03+KA05,K005+K006+KA15+KA16+KI17+KI18
svm,target,temperature,0.7492163009404389,0.09237291528103558,0.24294670846394983,0.012903225806451613,,,2,2021,K004+KI03+KA05,K005+K006+KA15+KA16+KI17+KI18
svm,target,isotonic,0.677115987460815,0.13455776246493625,0.47648902821316613,0.023026315789473683,,,2,2021,K004+KI03+KA05,K005+K006+KA15+KA16+KI17+KI18
svm,target,conformal_marginal,,,,,0.945141065830721,2.1363636363636362,2,2021,K004+KI03+KA05,K005+K006+KA15+KA16+KI17+KI18
svm,target,conformal_class_conditional,,,,,0.9764890282131662,1.9169278996865204,2,2021,K004+KI03+KA05,K005+K006+KA15+KA16+KI17+KI18
svm,combined,raw,0.7492163009404389,0.14606596130172397,0.20376175548589343,0.03076923076923077,,,2,2021,K004+KI03+KA05,K005+K006+KA15+KA16+KI17+KI18
svm,combined,temperature,0.7492163009404389,0.028403794922689796,0.25235109717868337,0.018633540372670808,,,2,2021,K004+KI03+KA05,K005+K006+KA15+KA16+KI17+KI18
svm,combined,isotonic,0.7147335423197492,0.10381713830426449,0.5595611285266457,0.05042016806722689,,,2,2021,K004+KI03+KA05,K005+K006+KA15+KA16+KI17+KI18
svm,combined,conformal_marginal,,,,,0.9200626959247649,1.8401253918495297,2,2021,K004+KI03+KA05,K005+K006+KA15+KA16+KI17+KI18
svm,combined,conformal_class_conditional,,,,,0.9561128526645768,1.8040752351097178,2,2021,K004+KI03+KA05,K005+K006+KA15+KA16+KI17+KI18
xgboost,source,raw,0.7178683385579937,0.2391095960214968,0.7774294670846394,0.20967741935483872,,,2,2021,K004+KI03+KA05,K005+K006+KA15+KA16+KI17+KI18
xgboost,source,temperature,0.7178683385579937,0.15639417561521657,0.7570532915360502,0.19668737060041408,,,2,2021,K004+KI03+KA05,K005+K006+KA15+KA16+KI17+KI18
xgboost,source,isotonic,0.7084639498432602,0.17936261923101968,0.8275862068965517,0.22348484848484848,,,2,2021,K004+KI03+KA05,K005+K006+KA15+KA16+KI17+KI18
xgboost,source,conformal_marginal,,,,,0.7492163009404389,1.0689655172413792,2,2021,K004+KI03+KA05,K005+K006+KA15+KA16+KI17+KI18
xgboost,source,conformal_class_conditional,,,,,0.7758620689655172,1.1394984326018809,2,2021,K004+KI03+KA05,K005+K006+KA15+KA16+KI17+KI18
xgboost,target,raw,0.7178683385579937,0.2391095960214968,0.05799373040752351,0.02702702702702703,,,2,2021,K004+KI03+KA05,K005+K006+KA15+KA16+KI17+KI18
xgboost,target,temperature,0.7178683385579937,0.07047222975994952,0.2962382445141066,0.037037037037037035,,,2,2021,K004+KI03+KA05,K005+K006+KA15+KA16+KI17+KI18
xgboost,target,isotonic,0.670846394984326,0.0894818431110105,0.3495297805642633,0.026905829596412557,,,2,2021,K004+KI03+KA05,K005+K006+KA15+KA16+KI17+KI18
xgboost,target,conformal_marginal,,,,,0.9529780564263323,2.006269592476489,2,2021,K004+KI03+KA05,K005+K006+KA15+KA16+KI17+KI18
xgboost,target,conformal_class_conditional,,,,,0.9780564263322884,1.8025078369905956,2,2021,K004+KI03+KA05,K005+K006+KA15+KA16+KI17+KI18
xgboost,combined,raw,0.7178683385579937,0.2391095960214968,0.28056426332288403,0.03910614525139665,,,2,2021,K004+KI03+KA05,K005+K006+KA15+KA16+KI17+KI18
xgboost,combined,temperature,0.7178683385579937,0.06386560031740227,0.29310344827586204,0.0374331550802139,,,2,2021,K004+KI03+KA05,K005+K006+KA15+KA16+KI17+KI18
xgboost,combined,isotonic,0.7147335423197492,0.06963091143083028,0.5031347962382445,0.06230529595015576,,,2,2021,K004+KI03+KA05,K005+K006+KA15+KA16+KI17+KI18
xgboost,combined,conformal_marginal,,,,,0.9263322884012539,1.8667711598746082,2,2021,K004+KI03+KA05,K005+K006+KA15+KA16+KI17+KI18
xgboost,combined,conformal_class_conditional,,,,,0.9639498432601881,1.725705329153605,2,2021,K004+KI03+KA05,K005+K006+KA15+KA16+KI17+KI18
random_forest,source,raw,0.6173228346456693,0.21704223026261674,0.5858267716535434,0.25,,,2,2022,K004+KI01+KA07,K003+K005+KA04+KA22+KI04+KI14
random_forest,source,temperature,0.6173228346456693,0.20302313411815048,0.5937007874015748,0.2519893899204244,,,2,2022,K004+KI01+KA07,K003+K005+KA04+KA22+KI04+KI14
random_forest,source,isotonic,0.47086614173228347,0.3925228785574955,0.9700787401574803,0.5178571428571429,,,2,2022,K004+KI01+KA07,K003+K005+KA04+KA22+KI04+KI14
random_forest,source,conformal_marginal,,,,,0.6188976377952756,0.9937007874015747,2,2022,K004+KI01+KA07,K003+K005+KA04+KA22+KI04+KI14
random_forest,source,conformal_class_conditional,,,,,0.5496062992125984,0.9700787401574803,2,2022,K004+KI01+KA07,K003+K005+KA04+KA22+KI04+KI14
random_forest,target,raw,0.6173228346456693,0.21704223026261674,0.2740157480314961,0.08045977011494253,,,2,2022,K004+KI01+KA07,K003+K005+KA04+KA22+KI04+KI14
random_forest,target,temperature,0.6173228346456693,0.028210239619799786,0.2614173228346457,0.08433734939759036,,,2,2022,K004+KI01+KA07,K003+K005+KA04+KA22+KI04+KI14
random_forest,target,isotonic,0.5889763779527559,0.19718258628857377,0.3464566929133858,0.1590909090909091,,,2,2022,K004+KI01+KA07,K003+K005+KA04+KA22+KI04+KI14
random_forest,target,conformal_marginal,,,,,0.8677165354330708,1.910236220472441,2,2022,K004+KI01+KA07,K003+K005+KA04+KA22+KI04+KI14
random_forest,target,conformal_class_conditional,,,,,0.6440944881889764,1.388976377952756,2,2022,K004+KI01+KA07,K003+K005+KA04+KA22+KI04+KI14
random_forest,combined,raw,0.6173228346456693,0.21704223026261674,0.3417322834645669,0.12442396313364056,,,2,2022,K004+KI01+KA07,K003+K005+KA04+KA22+KI04+KI14
random_forest,combined,temperature,0.6173228346456693,0.03682243806375621,0.352755905511811,0.13839285714285715,,,2,2022,K004+KI01+KA07,K003+K005+KA04+KA22+KI04+KI14
random_forest,combined,isotonic,0.6425196850393701,0.20763092354952747,0.5149606299212598,0.25076452599388377,,,2,2022,K004+KI01+KA07,K003+K005+KA04+KA22+KI04+KI14
random_forest,combined,conformal_marginal,,,,,0.7858267716535433,1.5559055118110237,2,2022,K004+KI01+KA07,K003+K005+KA04+KA22+KI04+KI14
random_forest,combined,conformal_class_conditional,,,,,0.6992125984251969,1.431496062992126,2,2022,K004+KI01+KA07,K003+K005+KA04+KA22+KI04+KI14
svm,source,raw,0.5244094488188976,0.30333828681383945,0.5307086614173229,0.26706231454005935,,,2,2022,K004+KI01+KA07,K003+K005+KA04+KA22+KI04+KI14
svm,source,temperature,0.5244094488188976,0.1396541668532123,0.4645669291338583,0.25084745762711863,,,2,2022,K004+KI01+KA07,K003+K005+KA04+KA22+KI04+KI14
svm,source,isotonic,0.5763779527559055,0.31576252971394325,0.9826771653543307,0.4182692307692308,,,2,2022,K004+KI01+KA07,K003+K005+KA04+KA22+KI04+KI14
svm,source,conformal_marginal,,,,,0.7433070866141732,1.431496062992126,2,2022,K004+KI01+KA07,K003+K005+KA04+KA22+KI04+KI14
svm,source,conformal_class_conditional,,,,,0.6267716535433071,1.0488188976377952,2,2022,K004+KI01+KA07,K003+K005+KA04+KA22+KI04+KI14
svm,target,raw,0.5244094488188976,0.30333828681383945,0.18740157480314962,0.06722689075630252,,,2,2022,K004+KI01+KA07,K003+K005+KA04+KA22+KI04+KI14
svm,target,temperature,0.5244094488188976,0.12162747046193183,0.17795275590551182,0.07079646017699115,,,2,2022,K004+KI01+KA07,K003+K005+KA04+KA22+KI04+KI14
svm,target,isotonic,0.5322834645669291,0.26378761885388513,0.3905511811023622,0.43951612903225806,,,2,2022,K004+KI01+KA07,K003+K005+KA04+KA22+KI04+KI14
svm,target,conformal_marginal,,,,,0.8598425196850393,2.08503937007874,2,2022,K004+KI01+KA07,K003+K005+KA04+KA22+KI04+KI14
svm,target,conformal_class_conditional,,,,,0.6535433070866141,1.5496062992125985,2,2022,K004+KI01+KA07,K003+K005+KA04+KA22+KI04+KI14
svm,combined,raw,0.5244094488188976,0.30333828681383945,0.2173228346456693,0.07246376811594203,,,2,2022,K004+KI01+KA07,K003+K005+KA04+KA22+KI04+KI14
svm,combined,temperature,0.5244094488188976,0.12611249460656626,0.2031496062992126,0.06976744186046512,,,2,2022,K004+KI01+KA07,K003+K005+KA04+KA22+KI04+KI14
svm,combined,isotonic,0.6708661417322834,0.16790729903731985,0.2803149606299213,0.20224719101123595,,,2,2022,K004+KI01+KA07,K003+K005+KA04+KA22+KI04+KI14
svm,combined,conformal_marginal,,,,,0.8188976377952756,1.6803149606299213,2,2022,K004+KI01+KA07,K003+K005+KA04+KA22+KI04+KI14
svm,combined,conformal_class_conditional,,,,,0.8047244094488188,1.7165354330708662,2,2022,K004+KI01+KA07,K003+K005+KA04+KA22+KI04+KI14
xgboost,source,raw,0.6188976377952756,0.3114298869775036,0.9118110236220472,0.3540587219343696,,,2,2022,K004+KI01+KA07,K003+K005+KA04+KA22+KI04+KI14
xgboost,source,temperature,0.6188976377952756,0.2674860207525712,0.8976377952755905,0.3526315789473684,,,2,2022,K004+KI01+KA07,K003+K005+KA04+KA22+KI04+KI14
xgboost,source,isotonic,0.5118110236220472,0.3647113070128173,0.937007874015748,0.46554621848739497,,,2,2022,K004+KI01+KA07,K003+K005+KA04+KA22+KI04+KI14
xgboost,source,conformal_marginal,,,,,0.6330708661417322,1.0188976377952756,2,2022,K004+KI01+KA07,K003+K005+KA04+KA22+KI04+KI14
xgboost,source,conformal_class_conditional,,,,,0.5228346456692914,0.8944881889763779,2,2022,K004+KI01+KA07,K003+K005+KA04+KA22+KI04+KI14
xgboost,target,raw,0.6188976377952756,0.3114298869775036,0.3401574803149606,0.14351851851851852,,,2,2022,K004+KI01+KA07,K003+K005+KA04+KA22+KI04+KI14
xgboost,target,temperature,0.6188976377952756,0.12640449392930905,0.35590551181102364,0.1415929203539823,,,2,2022,K004+KI01+KA07,K003+K005+KA04+KA22+KI04+KI14
xgboost,target,isotonic,0.6047244094488189,0.17307181735337446,0.3858267716535433,0.17551020408163265,,,2,2022,K004+KI01+KA07,K003+K005+KA04+KA22+KI04+KI14
xgboost,target,conformal_marginal,,,,,0.84251968503937,1.8188976377952757,2,2022,K004+KI01+KA07,K003+K005+KA04+KA22+KI04+KI14
xgboost,target,conformal_class_conditional,,,,,0.6598425196850394,1.388976377952756,2,2022,K004+KI01+KA07,K003+K005+KA04+KA22+KI04+KI14
xgboost,combined,raw,0.6188976377952756,0.3114298869775036,0.3795275590551181,0.16597510373443983,,,2,2022,K004+KI01+KA07,K003+K005+KA04+KA22+KI04+KI14
xgboost,combined,temperature,0.6188976377952756,0.15531928764993858,0.3669291338582677,0.15450643776824036,,,2,2022,K004+KI01+KA07,K003+K005+KA04+KA22+KI04+KI14
xgboost,combined,isotonic,0.6220472440944882,0.19345252259243276,0.4519685039370079,0.23693379790940766,,,2,2022,K004+KI01+KA07,K003+K005+KA04+KA22+KI04+KI14
xgboost,combined,conformal_marginal,,,,,0.7732283464566929,1.5165354330708662,2,2022,K004+KI01+KA07,K003+K005+KA04+KA22+KI04+KI14
xgboost,combined,conformal_class_conditional,,,,,0.7118110236220473,1.4456692913385827,2,2022,K004+KI01+KA07,K003+K005+KA04+KA22+KI04+KI14
random_forest,source,raw,0.5532915360501567,0.328715401443884,0.9263322884012539,0.4179357021996616,,,2,2023,K002+KI05+KA01,K003+K006+KA16+KA30+KI14+KI21
random_forest,source,temperature,0.5532915360501567,0.3306710851632896,0.9263322884012539,0.4179357021996616,,,2,2023,K002+KI05+KA01,K003+K006+KA16+KA30+KI14+KI21
random_forest,source,isotonic,0.5705329153605015,0.3465365839511986,0.9827586206896551,0.4226475279106858,,,2,2023,K002+KI05+KA01,K003+K006+KA16+KA30+KI14+KI21
random_forest,source,conformal_marginal,,,,,0.5235109717868338,0.8714733542319749,2,2023,K002+KI05+KA01,K003+K006+KA16+KA30+KI14+KI21
random_forest,source,conformal_class_conditional,,,,,0.5642633228840125,0.95141065830721,2,2023,K002+KI05+KA01,K003+K006+KA16+KA30+KI14+KI21
random_forest,target,raw,0.5532915360501567,0.328715401443884,0.774294670846395,0.3582995951417004,,,2,2023,K002+KI05+KA01,K003+K006+KA16+KA30+KI14+KI21
random_forest,target,temperature,0.5532915360501567,0.32058459250421123,0.7774294670846394,0.35685483870967744,,,2,2023,K002+KI05+KA01,K003+K006+KA16+KA30+KI14+KI21
random_forest,target,isotonic,0.5611285266457681,0.3385998094373347,0.8181818181818182,0.37547892720306514,,,2,2023,K002+KI05+KA01,K003+K006+KA16+KA30+KI14+KI21
random_forest,target,conformal_marginal,,,,,0.603448275862069,1.1379310344827587,2,2023,K002+KI05+KA01,K003+K006+KA16+KA30+KI14+KI21
random_forest,target,conformal_class_conditional,,,,,0.5987460815047022,1.1316614420062696,2,2023,K002+KI05+KA01,K003+K006+KA16+KA30+KI14+KI21
random_forest,combined,raw,0.5532915360501567,0.328715401443884,0.8103448275862069,0.37524177949709864,,,2,2023,K002+KI05+KA01,K003+K006+KA16+KA30+KI14+KI21
random_forest,combined,temperature,0.5532915360501567,0.3251129162394829,0.8119122257053292,0.3745173745173745,,,2,2023,K002+KI05+KA01,K003+K006+KA16+KA30+KI14+KI21
random_forest,combined,isotonic,0.5579937304075235,0.33582529006092776,0.8385579937304075,0.38691588785046727,,,2,2023,K002+KI05+KA01,K003+K006+KA16+KA30+KI14+KI21
random_forest,combined,conformal_marginal,,,,,0.5830721003134797,1.0799373040752351,2,2023,K002+KI05+KA01,K003+K006+KA16+KA30+KI14+KI21
random_forest,combined,conformal_class_conditional,,,,,0.5783699059561128,1.0705329153605017,2,2023,K002+KI05+KA01,K003+K006+KA16+KA30+KI14+KI21
svm,source,raw,0.5909090909090909,0.2947663289900464,0.8855799373040752,0.3805309734513274,,,2,2023,K002+KI05+KA01,K003+K006+KA16+KA30+KI14+KI21
svm,source,temperature,0.5909090909090909,0.3478912957881438,0.9028213166144201,0.3819444444444444,,,2,2023,K002+KI05+KA01,K003+K006+KA16+KA30+KI14+KI21
svm,source,isotonic,0.5799373040752351,0.3784680038116764,0.9561128526645768,0.40327868852459015,,,2,2023,K002+KI05+KA01,K003+K006+KA16+KA30+KI14+KI21
svm,source,conformal_marginal,,,,,0.5877742946708464,0.9937304075235109,2,2023,K002+KI05+KA01,K003+K006+KA16+KA30+KI14+KI21
svm,source,conformal_class_conditional,,,,,0.5799373040752351,1.0015673981191222,2,2023,K002+KI05+KA01,K003+K006+KA16+KA30+KI14+KI21
svm,target,raw,0.5909090909090909,0.2947663289900464,0.6802507836990596,0.29493087557603687,,,2,2023,K002+KI05+KA01,K003+K006+KA16+KA30+KI14+KI21
svm,target,temperature,0.5909090909090909,0.2541298144948013,0.6818181818181818,0.296551724137931,,,2,2023,K002+KI05+KA01,K003+K006+KA16+KA30+KI14+KI21
svm,target,isotonic,0.5893416927899686,0.27554569176259835,0.7460815047021944,0.32983193277310924,,,2,2023,K002+KI05+KA01,K003+K006+KA16+KA30+KI14+KI21
svm,target,conformal_marginal,,,,,0.6363636363636364,1.152037617554859,2,2023,K002+KI05+KA01,K003+K006+KA16+KA30+KI14+KI21
svm,target,conformal_class_conditional,,,,,0.6112852664576802,1.152037617554859,2,2023,K002+KI05+KA01,K003+K006+KA16+KA30+KI14+KI21
svm,combined,raw,0.5909090909090909,0.2947663289900464,0.7147335423197492,0.3092105263157895,,,2,2023,K002+KI05+KA01,K003+K006+KA16+KA30+KI14+KI21
svm,combined,temperature,0.5909090909090909,0.2791250298089114,0.7178683385579937,0.31222707423580787,,,2,2023,K002+KI05+KA01,K003+K006+KA16+KA30+KI14+KI21
svm,combined,isotonic,0.5862068965517241,0.31296048966808115,0.7460815047021944,0.3319327731092437,,,2,2023,K002+KI05+KA01,K003+K006+KA16+KA30+KI14+KI21
svm,combined,conformal_marginal,,,,,0.6112852664576802,1.067398119122257,2,2023,K002+KI05+KA01,K003+K006+KA16+KA30+KI14+KI21
svm,combined,conformal_class_conditional,,,,,0.5971786833855799,1.0768025078369905,2,2023,K002+KI05+KA01,K003+K006+KA16+KA30+KI14+KI21
xgboost,source,raw,0.5721003134796239,0.3776905618864915,0.8040752351097179,0.3684210526315789,,,2,2023,K002+KI05+KA01,K003+K006+KA16+KA30+KI14+KI21
xgboost,source,temperature,0.5721003134796239,0.3087247408469267,0.7821316614420063,0.35671342685370744,,,2,2023,K002+KI05+KA01,K003+K006+KA16+KA30+KI14+KI21
xgboost,source,isotonic,0.5768025078369906,0.3250822669239317,0.9184952978056427,0.4044368600682594,,,2,2023,K002+KI05+KA01,K003+K006+KA16+KA30+KI14+KI21
xgboost,source,conformal_marginal,,,,,0.5454545454545454,0.9294670846394985,2,2023,K002+KI05+KA01,K003+K006+KA16+KA30+KI14+KI21
xgboost,source,conformal_class_conditional,,,,,0.5689655172413793,0.9843260188087775,2,2023,K002+KI05+KA01,K003+K006+KA16+KA30+KI14+KI21
xgboost,target,raw,0.5721003134796239,0.3776905618864915,0.6849529780564263,0.32036613272311215,,,2,2023,K002+KI05+KA01,K003+K006+KA16+KA30+KI14+KI21
xgboost,target,temperature,0.5721003134796239,0.2951666788698731,0.6943573667711599,0.327313769751693,,,2,2023,K002+KI05+KA01,K003+K006+KA16+KA30+KI14+KI21
xgboost,target,isotonic,0.5626959247648903,0.3173494347560703,0.780564263322884,0.3654618473895582,,,2,2023,K002+KI05+KA01,K003+K006+KA16+KA30+KI14+KI21
xgboost,target,conformal_marginal,,,,,0.6175548589341693,1.1473354231974922,2,2023,K002+KI05+KA01,K003+K006+KA16+KA30+KI14+KI21
xgboost,target,conformal_class_conditional,,,,,0.6050156739811913,1.1567398119122256,2,2023,K002+KI05+KA01,K003+K006+KA16+KA30+KI14+KI21
xgboost,combined,raw,0.5721003134796239,0.3776905618864915,0.6912225705329154,0.32653061224489793,,,2,2023,K002+KI05+KA01,K003+K006+KA16+KA30+KI14+KI21
xgboost,combined,temperature,0.5721003134796239,0.2995489165512085,0.7084639498432602,0.334070796460177,,,2,2023,K002+KI05+KA01,K003+K006+KA16+KA30+KI14+KI21
xgboost,combined,isotonic,0.5611285266457681,0.3161765710251946,0.7946708463949843,0.3727810650887574,,,2,2023,K002+KI05+KA01,K003+K006+KA16+KA30+KI14+KI21
xgboost,combined,conformal_marginal,,,,,0.5956112852664577,1.0799373040752351,2,2023,K002+KI05+KA01,K003+K006+KA16+KA30+KI14+KI21
xgboost,combined,conformal_class_conditional,,,,,0.5924764890282131,1.1050156739811912,2,2023,K002+KI05+KA01,K003+K006+KA16+KA30+KI14+KI21
random_forest,source,raw,0.6985871271585558,0.19637044590550073,0.9905808477237049,0.2979397781299525,,,2,2024,K001+KI07+KA07,K003+K006+KA22+KA30+KI14+KI21
random_forest,source,temperature,0.6985871271585558,0.2560959525403633,0.9952904238618524,0.2996845425867508,,,2,2024,K001+KI07+KA07,K003+K006+KA22+KA30+KI14+KI21
random_forest,source,isotonic,0.6546310832025117,0.30697701877306677,0.9952904238618524,0.3422712933753943,,,2,2024,K001+KI07+KA07,K003+K006+KA22+KA30+KI14+KI21
random_forest,source,conformal_marginal,,,,,0.6295133437990581,0.8273155416012559,2,2024,K001+KI07+KA07,K003+K006+KA22+KA30+KI14+KI21
random_forest,source,conformal_class_conditional,,,,,0.6122448979591837,0.8210361067503925,2,2024,K001+KI07+KA07,K003+K006+KA22+KA30+KI14+KI21
random_forest,target,raw,0.6985871271585558,0.19637044590550073,0.27472527472527475,0.017142857142857144,,,2,2024,K001+KI07+KA07,K003+K006+KA22+KA30+KI14+KI21
random_forest,target,temperature,0.6985871271585558,0.081464116991247,0.27001569858712715,0.011627906976744186,,,2,2024,K001+KI07+KA07,K003+K006+KA22+KA30+KI14+KI21
random_forest,target,isotonic,0.7127158555729984,0.09580583598423881,0.2370486656200942,0.026490066225165563,,,2,2024,K001+KI07+KA07,K003+K006+KA22+KA30+KI14+KI21
random_forest,target,conformal_marginal,,,,,0.8744113029827315,1.6310832025117739,2,2024,K001+KI07+KA07,K003+K006+KA22+KA30+KI14+KI21
random_forest,target,conformal_class_conditional,,,,,0.8602825745682888,1.6075353218210362,2,2024,K001+KI07+KA07,K003+K006+KA22+KA30+KI14+KI21
random_forest,combined,raw,0.6985871271585558,0.19637044590550073,0.5478806907378336,0.09169054441260745,,,2,2024,K001+KI07+KA07,K003+K006+KA22+KA30+KI14+KI21
random_forest,combined,temperature,0.6985871271585558,0.06935059700725078,0.5494505494505495,0.08,,,2,2024,K001+KI07+KA07,K003+K006+KA22+KA30+KI14+KI21
random_forest,combined,isotonic,0.7127158555729984,0.10897754047934896,0.5227629513343799,0.09009009009009009,,,2,2024,K001+KI07+KA07,K003+K006+KA22+KA30+KI14+KI21
random_forest,combined,conformal_marginal,,,,,0.7943485086342229,1.281004709576138,2,2024,K001+KI07+KA07,K003+K006+KA22+KA30+KI14+KI21
random_forest,combined,conformal_class_conditional,,,,,0.814756671899529,1.3956043956043955,2,2024,K001+KI07+KA07,K003+K006+KA22+KA30+KI14+KI21
svm,source,raw,0.728414442700157,0.18723323487884233,0.9843014128728415,0.2679425837320574,,,2,2024,K001+KI07+KA07,K003+K006+KA22+KA30+KI14+KI21
svm,source,temperature,0.728414442700157,0.2274468222654736,0.9748822605965463,0.2640901771336554,,,2,2024,K001+KI07+KA07,K003+K006+KA22+KA30+KI14+KI21
svm,source,isotonic,0.7111459968602826,0.24663670968548745,0.9764521193092621,0.27813504823151125,,,2,2024,K001+KI07+KA07,K003+K006+KA22+KA30+KI14+KI21
svm,source,conformal_marginal,,,,,0.6122448979591837,0.7221350078492935,2,2024,K001+KI07+KA07,K003+K006+KA22+KA30+KI14+KI21
svm,source,conformal_class_conditional,,,,,0.521193092621664,0.6546310832025117,2,2024,K001+KI07+KA07,K003+K006+KA22+KA30+KI14+KI21
svm,target,raw,0.728414442700157,0.18723323487884233,0.38304552590266877,0.028688524590163935,,,2,2024,K001+KI07+KA07,K003+K006+KA22+KA30+KI14+KI21
svm,target,temperature,0.728414442700157,0.05641536132226598,0.3704866562009419,0.025423728813559324,,,2,2024,K001+KI07+KA07,K003+K006+KA22+KA30+KI14+KI21
svm,target,isotonic,0.7252747252747253,0.12922102222657436,0.28885400313971743,0.08695652173913043,,,2,2024,K001+KI07+KA07,K003+K006+KA22+KA30+KI14+KI21
svm,target,conformal_marginal,,,,,0.8728414442700158,1.6342229199372056,2,2024,K001+KI07+KA07,K003+K006+KA22+KA30+KI14+KI21
svm,target,conformal_class_conditional,,,,,0.8320251177394035,1.6781789638932496,2,2024,K001+KI07+KA07,K003+K006+KA22+KA30+KI14+KI21
svm,combined,raw,0.728414442700157,0.18723323487884233,0.6263736263736264,0.10776942355889724,,,2,2024,K001+KI07+KA07,K003+K006+KA22+KA30+KI14+KI21
svm,combined,temperature,0.728414442700157,0.07216850127774606,0.6059654631083202,0.10103626943005181,,,2,2024,K001+KI07+KA07,K003+K006+KA22+KA30+KI14+KI21
svm,combined,isotonic,0.7252747252747253,0.12975149638117459,0.5902668759811617,0.061170212765957445,,,2,2024,K001+KI07+KA07,K003+K006+KA22+KA30+KI14+KI21
svm,combined,conformal_marginal,,,,,0.8398744113029827,1.3783359497645211,2,2024,K001+KI07+KA07,K003+K006+KA22+KA30+KI14+KI21
svm,combined,conformal_class_conditional,,,,,0.8021978021978022,1.555729984301413,2,2024,K001+KI07+KA07,K003+K006+KA22+KA30+KI14+KI21
xgboost,source,raw,0.6891679748822606,0.2637187045073397,0.9795918367346939,0.30288461538461536,,,2,2024,K001+KI07+KA07,K003+K006+KA22+KA30+KI14+KI21
xgboost,source,temperature,0.6891679748822606,0.26708328959320105,0.9795918367346939,0.30288461538461536,,,2,2024,K001+KI07+KA07,K003+K006+KA22+KA30+KI14+KI21
xgboost,source,isotonic,0.6718995290423861,0.2797016857625453,0.9968602825745683,0.32598425196850395,,,2,2024,K001+KI07+KA07,K003+K006+KA22+KA30+KI14+KI21
xgboost,source,conformal_marginal,,,,,0.6138147566718996,0.7864992150706437,2,2024,K001+KI07+KA07,K003+K006+KA22+KA30+KI14+KI21
xgboost,source,conformal_class_conditional,,,,,0.5682888540031397,0.7488226059654631,2,2024,K001+KI07+KA07,K003+K006+KA22+KA30+KI14+KI21
xgboost,target,raw,0.6891679748822606,0.2637187045073397,0.43956043956043955,0.039285714285714285,,,2,2024,K001+KI07+KA07,K003+K006+KA22+KA30+KI14+KI21
xgboost,target,temperature,0.6891679748822606,0.10244205624639602,0.45682888540031397,0.037800687285223365,,,2,2024,K001+KI07+KA07,K003+K006+KA22+KA30+KI14+KI21
xgboost,target,isotonic,0.7048665620094191,0.11702897430867983,0.40816326530612246,0.06153846153846154,,,2,2024,K001+KI07+KA07,K003+K006+KA22+KA30+KI14+KI21
xgboost,target,conformal_marginal,,,,,0.8649921507064364,1.58712715855573,2,2024,K001+KI07+KA07,K003+K006+KA22+KA30+KI14+KI21
xgboost,target,conformal_class_conditional,,,,,0.82574568288854,1.4803767660910518,2,2024,K001+KI07+KA07,K003+K006+KA22+KA30+KI14+KI21
xgboost,combined,raw,0.6891679748822606,0.2637187045073397,0.5714285714285714,0.10989010989010989,,,2,2024,K001+KI07+KA07,K003+K006+KA22+KA30+KI14+KI21
xgboost,combined,temperature,0.6891679748822606,0.14168710267934614,0.5792778649921507,0.1002710027100271,,,2,2024,K001+KI07+KA07,K003+K006+KA22+KA30+KI14+KI21
xgboost,combined,isotonic,0.695447409733124,0.15177719174834392,0.6075353218210361,0.10077519379844961,,,2,2024,K001+KI07+KA07,K003+K006+KA22+KA30+KI14+KI21
xgboost,combined,conformal_marginal,,,,,0.7880690737833596,1.3029827315541602,2,2024,K001+KI07+KA07,K003+K006+KA22+KA30+KI14+KI21
xgboost,combined,conformal_class_conditional,,,,,0.7943485086342229,1.3720565149136579,2,2024,K001+KI07+KA07,K003+K006+KA22+KA30+KI14+KI21
random_forest,source,raw,0.5971786833855799,0.29808712226378836,0.8025078369905956,0.349609375,,,2,2025,K002+KI03+KA07,K003+K006+KA16+KA30+KI14+KI21
random_forest,source,temperature,0.5971786833855799,0.26179719379843963,0.786833855799373,0.34462151394422313,,,2,2025,K002+KI03+KA07,K003+K006+KA16+KA30+KI14+KI21
random_forest,source,isotonic,0.6191222570532915,0.2949666126742546,0.9733542319749217,0.3784219001610306,,,2,2025,K002+KI03+KA07,K003+K006+KA16+KA30+KI14+KI21
random_forest,source,conformal_marginal,,,,,0.5877742946708464,0.9733542319749217,2,2025,K002+KI03+KA07,K003+K006+KA16+KA30+KI14+KI21
random_forest,source,conformal_class_conditional,,,,,0.6112852664576802,0.9310344827586207,2,2025,K002+KI03+KA07,K003+K006+KA16+KA30+KI14+KI21
random_forest,target,raw,0.5971786833855799,0.29808712226378836,0.7554858934169278,0.32987551867219916,,,2,2025,K002+KI03+KA07,K003+K006+KA16+KA30+KI14+KI21
random_forest,target,temperature,0.5971786833855799,0.27067102830377543,0.7570532915360502,0.33126293995859213,,,2,2025,K002+KI03+KA07,K003+K006+KA16+KA30+KI14+KI21
random_forest,target,isotonic,0.5987460815047022,0.28582345904661505,0.774294670846395,0.33805668016194335,,,2,2025,K002+KI03+KA07,K003+K006+KA16+KA30+KI14+KI21
random_forest,target,conformal_marginal,,,,,0.6724137931034483,1.20846394984326,2,2025,K002+KI03+KA07,K003+K006+KA16+KA30+KI14+KI21
random_forest,target,conformal_class_conditional,,,,,0.6739811912225705,1.2115987460815048,2,2025,K002+KI03+KA07,K003+K006+KA16+KA30+KI14+KI21
random_forest,combined,raw,0.5971786833855799,0.29808712226378836,0.7664576802507836,0.33537832310838445,,,2,2025,K002+KI03+KA07,K003+K006+KA16+KA30+KI14+KI21
random_forest,combined,temperature,0.5971786833855799,0.26722219748435194,0.7727272727272727,0.33874239350912777,,,2,2025,K002+KI03+KA07,K003+K006+KA16+KA30+KI14+KI21
random_forest,combined,isotonic,0.6081504702194357,0.2760727598096594,0.7758620689655172,0.3373737373737374,,,2,2025,K002+KI03+KA07,K003+K006+KA16+KA30+KI14+KI21
random_forest,combined,conformal_marginal,,,,,0.6489028213166145,1.1504702194357366,2,2025,K002+KI03+KA07,K003+K006+KA16+KA30+KI14+KI21
random_forest,combined,conformal_class_conditional,,,,,0.6426332288401254,1.1253918495297806,2,2025,K002+KI03+KA07,K003+K006+KA16+KA30+KI14+KI21
svm,source,raw,0.6159874608150471,0.29068975061270785,0.7554858934169278,0.2966804979253112,,,2,2025,K002+KI03+KA07,K003+K006+KA16+KA30+KI14+KI21
svm,source,temperature,0.6159874608150471,0.2409818618562628,0.7351097178683386,0.2899786780383795,,,2,2025,K002+KI03+KA07,K003+K006+KA16+KA30+KI14+KI21
svm,source,isotonic,0.6442006269592476,0.26436767727513794,0.9545454545454546,0.3366174055829228,,,2,2025,K002+KI03+KA07,K003+K006+KA16+KA30+KI14+KI21
svm,source,conformal_marginal,,,,,0.5846394984326019,0.9043887147335423,2,2025,K002+KI03+KA07,K003+K006+KA16+KA30+KI14+KI21
svm,source,conformal_class_conditional,,,,,0.658307210031348,1.0454545454545454,2,2025,K002+KI03+KA07,K003+K006+KA16+KA30+KI14+KI21
svm,target,raw,0.6159874608150471,0.29068975061270785,0.719435736677116,0.28322440087145967,,,2,2025,K002+KI03+KA07,K003+K006+KA16+KA30+KI14+KI21
svm,target,temperature,0.6159874608150471,0.242050111103979,0.7241379310344828,0.2857142857142857,,,2,2025,K002+KI03+KA07,K003+K006+KA16+KA30+KI14+KI21
svm,target,isotonic,0.6285266457680251,0.2523419586594062,0.829153605015674,0.32136105860113423,,,2,2025,K002+KI03+KA07,K003+K006+KA16+KA30+KI14+KI21
svm,target,conformal_marginal,,,,,0.6677115987460815,1.1551724137931034,2,2025,K002+KI03+KA07,K003+K006+KA16+KA30+KI14+KI21
svm,target,conformal_class_conditional,,,,,0.6614420062695925,1.1724137931034482,2,2025,K002+KI03+KA07,K003+K006+KA16+KA30+KI14+KI21
svm,combined,raw,0.6159874608150471,0.29068975061270785,0.719435736677116,0.28322440087145967,,,2,2025,K002+KI03+KA07,K003+K006+KA16+KA30+KI14+KI21
svm,combined,temperature,0.6159874608150471,0.24173361971133148,0.7351097178683386,0.2899786780383795,,,2,2025,K002+KI03+KA07,K003+K006+KA16+KA30+KI14+KI21
svm,combined,isotonic,0.6253918495297806,0.25512513759510985,0.8275862068965517,0.3181818181818182,,,2,2025,K002+KI03+KA07,K003+K006+KA16+KA30+KI14+KI21
svm,combined,conformal_marginal,,,,,0.6536050156739812,1.1191222570532915,2,2025,K002+KI03+KA07,K003+K006+KA16+KA30+KI14+KI21
svm,combined,conformal_class_conditional,,,,,0.6410658307210031,1.0830721003134796,2,2025,K002+KI03+KA07,K003+K006+KA16+KA30+KI14+KI21
xgboost,source,raw,0.5987460815047022,0.35317980374288405,0.8730407523510971,0.35547576301615796,,,2,2025,K002+KI03+KA07,K003+K006+KA16+KA30+KI14+KI21
xgboost,source,temperature,0.5987460815047022,0.28490775781906574,0.8573667711598746,0.35283363802559414,,,2,2025,K002+KI03+KA07,K003+K006+KA16+KA30+KI14+KI21
xgboost,source,isotonic,0.64576802507837,0.2649334222096972,0.8730407523510971,0.348294434470377,,,2,2025,K002+KI03+KA07,K003+K006+KA16+KA30+KI14+KI21
xgboost,source,conformal_marginal,,,,,0.5940438871473355,0.9843260188087775,2,2025,K002+KI03+KA07,K003+K006+KA16+KA30+KI14+KI21
xgboost,source,conformal_class_conditional,,,,,0.6003134796238244,0.9670846394984326,2,2025,K002+KI03+KA07,K003+K006+KA16+KA30+KI14+KI21
xgboost,target,raw,0.5987460815047022,0.35317980374288405,0.731974921630094,0.29978586723768735,,,2,2025,K002+KI03+KA07,K003+K006+KA16+KA30+KI14+KI21
xgboost,target,temperature,0.5987460815047022,0.27477545849356827,0.7429467084639498,0.310126582278481,,,2,2025,K002+KI03+KA07,K003+K006+KA16+KA30+KI14+KI21
xgboost,target,isotonic,0.6065830721003135,0.2762171455644659,0.7711598746081505,0.3150406504065041,,,2,2025,K002+KI03+KA07,K003+K006+KA16+KA30+KI14+KI21
xgboost,target,conformal_marginal,,,,,0.6692789968652038,1.1536050156739812,2,2025,K002+KI03+KA07,K003+K006+KA16+KA30+KI14+KI21
xgboost,target,conformal_class_conditional,,,,,0.6536050156739812,1.1536050156739812,2,2025,K002+KI03+KA07,K003+K006+KA16+KA30+KI14+KI21
xgboost,combined,raw,0.5987460815047022,0.35317980374288405,0.7476489028213166,0.3081761006289308,,,2,2025,K002+KI03+KA07,K003+K006+KA16+KA30+KI14+KI21
xgboost,combined,temperature,0.5987460815047022,0.27804631681128245,0.7492163009404389,0.3075313807531381,,,2,2025,K002+KI03+KA07,K003+K006+KA16+KA30+KI14+KI21
xgboost,combined,isotonic,0.6065830721003135,0.2750791147211041,0.786833855799373,0.3147410358565737,,,2,2025,K002+KI03+KA07,K003+K006+KA16+KA30+KI14+KI21
xgboost,combined,conformal_marginal,,,,,0.6442006269592476,1.1050156739811912,2,2025,K002+KI03+KA07,K003+K006+KA16+KA30+KI14+KI21
xgboost,combined,conformal_class_conditional,,,,,0.6363636363636364,1.103448275862069,2,2025,K002+KI03+KA07,K003+K006+KA16+KA30+KI14+KI21
random_forest,source,raw,0.7723704866562009,0.12861693526584866,0.8226059654631083,0.15648854961832062,,,2,2026,K004+KI05+KA08,K003+K005+KA04+KA15+KI16+KI17
random_forest,source,temperature,0.7723704866562009,0.11102334038331578,0.8194662480376766,0.15708812260536398,,,2,2026,K004+KI05+KA08,K003+K005+KA04+KA15+KI16+KI17
random_forest,source,isotonic,0.7755102040816326,0.1561319533144636,0.9230769230769231,0.20918367346938777,,,2,2026,K004+KI05+KA08,K003+K005+KA04+KA15+KI16+KI17
random_forest,source,conformal_marginal,,,,,0.7472527472527473,0.9529042386185244,2,2026,K004+KI05+KA08,K003+K005+KA04+KA15+KI16+KI17
random_forest,source,conformal_class_conditional,,,,,0.6687598116169545,0.8791208791208791,2,2026,K004+KI05+KA08,K003+K005+KA04+KA15+KI16+KI17
random_forest,target,raw,0.7723704866562009,0.12861693526584866,0.20094191522762953,0.03125,,,2,2026,K004+KI05+KA08,K003+K005+KA04+KA15+KI16+KI17
random_forest,target,temperature,0.7723704866562009,0.2194074422285952,0.32653061224489793,0.019230769230769232,,,2,2026,K004+KI05+KA08,K003+K005+KA04+KA15+KI16+KI17
random_forest,target,isotonic,0.728414442700157,0.11761337672101453,0.5086342229199372,0.018518518518518517,,,2,2026,K004+KI05+KA08,K003+K005+KA04+KA15+KI16+KI17
random_forest,target,conformal_marginal,,,,,0.967032967032967,2.0580847723704867,2,2026,K004+KI05+KA08,K003+K005+KA04+KA15+KI16+KI17
random_forest,target,conformal_class_conditional,,,,,0.9591836734693877,1.7362637362637363,2,2026,K004+KI05+KA08,K003+K005+KA04+KA15+KI16+KI17
random_forest,combined,raw,0.7723704866562009,0.12861693526584866,0.28885400313971743,0.03804347826086957,,,2,2026,K004+KI05+KA08,K003+K005+KA04+KA15+KI16+KI17
random_forest,combined,temperature,0.7723704866562009,0.14974502103583281,0.37676609105180536,0.020833333333333332,,,2,2026,K004+KI05+KA08,K003+K005+KA04+KA15+KI16+KI17
random_forest,combined,isotonic,0.7472527472527473,0.08282181579462042,0.6043956043956044,0.05194805194805195,,,2,2026,K004+KI05+KA08,K003+K005+KA04+KA15+KI16+KI17
random_forest,combined,conformal_marginal,,,,,0.9529042386185244,1.8430141287284145,2,2026,K004+KI05+KA08,K003+K005+KA04+KA15+KI16+KI17
random_forest,combined,conformal_class_conditional,,,,,0.9560439560439561,1.6671899529042387,2,2026,K004+KI05+KA08,K003+K005+KA04+KA15+KI16+KI17
svm,source,raw,0.7943485086342229,0.11311066868542595,0.8194662480376766,0.13984674329501914,,,2,2026,K004+KI05+KA08,K003+K005+KA04+KA15+KI16+KI17
svm,source,temperature,0.7943485086342229,0.096120272316691,0.8241758241758241,0.13904761904761906,,,2,2026,K004+KI05+KA08,K003+K005+KA04+KA15+KI16+KI17
svm,source,isotonic,0.7770800627943485,0.1559352711817762,0.9073783359497645,0.18685121107266436,,,2,2026,K004+KI05+KA08,K003+K005+KA04+KA15+KI16+KI17
svm,source,conformal_marginal,,,,,0.7755102040816326,0.957613814756672,2,2026,K004+KI05+KA08,K003+K005+KA04+KA15+KI16+KI17
svm,source,conformal_class_conditional,,,,,0.6797488226059655,0.8963893249607535,2,2026,K004+KI05+KA08,K003+K005+KA04+KA15+KI16+KI17
svm,target,raw,0.7943485086342229,0.11311066868542595,0.22135007849293564,0.02127659574468085,,,2,2026,K004+KI05+KA08,K003+K005+KA04+KA15+KI16+KI17
svm,target,temperature,0.7943485086342229,0.23345195562793894,0.22291993720565148,0.007042253521126761,,,2,2026,K004+KI05+KA08,K003+K005+KA04+KA15+KI16+KI17
svm,target,isotonic,0.7299843014128728,0.11522050155521389,0.5133437990580848,0.03058103975535168,,,2,2026,K004+KI05+KA08,K003+K005+KA04+KA15+KI16+KI17
svm,target,conformal_marginal,,,,,0.957613814756672,2.313971742543171,2,2026,K004+KI05+KA08,K003+K005+KA04+KA15+KI16+KI17
svm,target,conformal_class_conditional,,,,,0.9638932496075353,1.9387755102040816,2,2026,K004+KI05+KA08,K003+K005+KA04+KA15+KI16+KI17
svm,combined,raw,0.7943485086342229,0.11311066868542595,0.25117739403453687,0.03125,,,2,2026,K004+KI05+KA08,K003+K005+KA04+KA15+KI16+KI17
svm,combined,temperature,0.7943485086342229,0.15026359690624713,0.2543171114599686,0.024691358024691357,,,2,2026,K004+KI05+KA08,K003+K005+KA04+KA15+KI16+KI17
svm,combined,isotonic,0.7425431711145997,0.11124320763380534,0.5588697017268446,0.019662921348314606,,,2,2026,K004+KI05+KA08,K003+K005+KA04+KA15+KI16+KI17
svm,combined,conformal_marginal,,,,,0.9387755102040817,2.0423861852433283,2,2026,K004+KI05+KA08,K003+K005+KA04+KA15+KI16+KI17
svm,combined,conformal_class_conditional,,,,,0.9481946624803768,1.847723704866562,2,2026,K004+KI05+KA08,K003+K005+KA04+KA15+KI16+KI17
xgboost,source,raw,0.7802197802197802,0.17157040870919518,0.7912087912087912,0.14285714285714285,,,2,2026,K004+KI05+KA08,K003+K005+KA04+KA15+KI16+KI17
xgboost,source,temperature,0.7802197802197802,0.09494155304390255,0.7864992150706437,0.1377245508982036,,,2,2026,K004+KI05+KA08,K003+K005+KA04+KA15+KI16+KI17
xgboost,source,isotonic,0.7786499215070644,0.1288776840692914,0.8775510204081632,0.18425760286225404,,,2,2026,K004+KI05+KA08,K003+K005+KA04+KA15+KI16+KI17
xgboost,source,conformal_marginal,,,,,0.7896389324960753,1.0204081632653061,2,2026,K004+KI05+KA08,K003+K005+KA04+KA15+KI16+KI17
xgboost,source,conformal_class_conditional,,,,,0.6938775510204082,0.9529042386185244,2,2026,K004+KI05+KA08,K003+K005+KA04+KA15+KI16+KI17
xgboost,target,raw,0.7802197802197802,0.17157040870919518,0.07535321821036106,0.0,,,2,2026,K004+KI05+KA08,K003+K005+KA04+KA15+KI16+KI17
xgboost,target,temperature,0.7802197802197802,0.21973116554871006,0.11459968602825746,0.0136986301369863,,,2,2026,K004+KI05+KA08,K003+K005+KA04+KA15+KI16+KI17
xgboost,target,isotonic,0.7205651491365777,0.11733285230495862,0.5007849293563579,0.006269592476489028,,,2,2026,K004+KI05+KA08,K003+K005+KA04+KA15+KI16+KI17
xgboost,target,conformal_marginal,,,,,0.9686028257456829,2.073783359497645,2,2026,K004+KI05+KA08,K003+K005+KA04+KA15+KI16+KI17
xgboost,target,conformal_class_conditional,,,,,0.9638932496075353,1.8210361067503924,2,2026,K004+KI05+KA08,K003+K005+KA04+KA15+KI16+KI17
xgboost,combined,raw,0.7802197802197802,0.17157040870919518,0.09733124018838304,0.0,,,2,2026,K004+KI05+KA08,K003+K005+KA04+KA15+KI16+KI17
xgboost,combined,temperature,0.7802197802197802,0.1137105345434792,0.16483516483516483,0.009523809523809525,,,2,2026,K004+KI05+KA08,K003+K005+KA04+KA15+KI16+KI17
xgboost,combined,isotonic,0.7237048665620094,0.09956376709753864,0.5353218210361067,0.011730205278592375,,,2,2026,K004+KI05+KA08,K003+K005+KA04+KA15+KI16+KI17
xgboost,combined,conformal_marginal,,,,,0.9591836734693877,1.902668759811617,2,2026,K004+KI05+KA08,K003+K005+KA04+KA15+KI16+KI17
xgboost,combined,conformal_class_conditional,,,,,0.9544740973312402,1.748822605965463,2,2026,K004+KI05+KA08,K003+K005+KA04+KA15+KI16+KI17
random_forest,source,raw,0.6692789968652038,0.20271888912290487,0.9890282131661442,0.329635499207607,,,2,2027,K002+KI08+KA06,K003+K005+KA15+KA16+KI14+KI21
random_forest,source,temperature,0.6692789968652038,0.22541898944016242,0.9890282131661442,0.329635499207607,,,2,2027,K002+KI08+KA06,K003+K005+KA15+KA16+KI14+KI21
random_forest,source,isotonic,0.6536050156739812,0.27429959453051894,0.9952978056426333,0.3480314960629921,,,2,2027,K002+KI08+KA06,K003+K005+KA15+KA16+KI14+KI21
random_forest,source,conformal_marginal,,,,,0.5438871473354232,0.713166144200627,2,2027,K002+KI08+KA06,K003+K005+KA15+KA16+KI14+KI21
random_forest,source,conformal_class_conditional,,,,,0.5141065830721003,0.7476489028213166,2,2027,K002+KI08+KA06,K003+K005+KA15+KA16+KI14+KI21
random_forest,target,raw,0.6692789968652038,0.20271888912290487,0.39184952978056425,0.068,,,2,2027,K002+KI08+KA06,K003+K005+KA15+KA16+KI14+KI21
random_forest,target,temperature,0.6692789968652038,0.05275901969425185,0.384012539184953,0.07346938775510205,,,2,2027,K002+KI08+KA06,K003+K005+KA15+KA16+KI14+KI21
random_forest,target,isotonic,0.6818181818181818,0.12267686119892554,0.390282131661442,0.12449799196787148,,,2,2027,K002+KI08+KA06,K003+K005+KA15+KA16+KI14+KI21
random_forest,target,conformal_marginal,,,,,0.932601880877743,1.9843260188087775,2,2027,K002+KI08+KA06,K003+K005+KA15+KA16+KI14+KI21
random_forest,target,conformal_class_conditional,,,,,0.8448275862068966,1.5689655172413792,2,2027,K002+KI08+KA06,K003+K005+KA15+KA16+KI14+KI21
random_forest,combined,raw,0.6692789968652038,0.20271888912290487,0.4592476489028213,0.10580204778156997,,,2,2027,K002+KI08+KA06,K003+K005+KA15+KA16+KI14+KI21
random_forest,combined,temperature,0.6692789968652038,0.037395980064607585,0.45297805642633227,0.08996539792387544,,,2,2027,K002+KI08+KA06,K003+K005+KA15+KA16+KI14+KI21
random_forest,combined,isotonic,0.6896551724137931,0.160223749791091,0.5501567398119123,0.1225071225071225,,,2,2027,K002+KI08+KA06,K003+K005+KA15+KA16+KI14+KI21
random_forest,combined,conformal_marginal,,,,,0.8401253918495298,1.5595611285266457,2,2027,K002+KI08+KA06,K003+K005+KA15+KA16+KI14+KI21
random_forest,combined,conformal_class_conditional,,,,,0.8119122257053292,1.4717868338557993,2,2027,K002+KI08+KA06,K003+K005+KA15+KA16+KI14+KI21
svm,source,raw,0.670846394984326,0.21376053393946257,0.9984326018808778,0.3281004709576138,,,2,2027,K002+KI08+KA06,K003+K005+KA15+KA16+KI14+KI21
svm,source,temperature,0.670846394984326,0.2174408274928327,0.9984326018808778,0.3281004709576138,,,2,2027,K002+KI08+KA06,K003+K005+KA15+KA16+KI14+KI21
svm,source,isotonic,0.6489028213166145,0.2897637839086929,0.9404388714733543,0.32166666666666666,,,2,2027,K002+KI08+KA06,K003+K005+KA15+KA16+KI14+KI21
svm,source,conformal_marginal,,,,,0.5956112852664577,0.799373040752351,2,2027,K002+KI08+KA06,K003+K005+KA15+KA16+KI14+KI21
svm,source,conformal_class_conditional,,,,,0.5156739811912225,0.725705329153605,2,2027,K002+KI08+KA06,K003+K005+KA15+KA16+KI14+KI21
svm,target,raw,0.670846394984326,0.21376053393946257,0.36363636363636365,0.12931034482758622,,,2,2027,K002+KI08+KA06,K003+K005+KA15+KA16+KI14+KI21
svm,target,temperature,0.670846394984326,0.07181194246485245,0.3605015673981191,0.1391304347826087,,,2,2027,K002+KI08+KA06,K003+K005+KA15+KA16+KI14+KI21
svm,target,isotonic,0.6818181818181818,0.12608197649824954,0.5626959247648903,0.12534818941504178,,,2,2027,K002+KI08+KA06,K003+K005+KA15+KA16+KI14+KI21
svm,target,conformal_marginal,,,,,0.9263322884012539,2.0783699059561127,2,2027,K002+KI08+KA06,K003+K005+KA15+KA16+KI14+KI21
svm,target,conformal_class_conditional,,,,,0.8213166144200627,1.6896551724137931,2,2027,K002+KI08+KA06,K003+K005+KA15+KA16+KI14+KI21
svm,combined,raw,0.670846394984326,0.21376053393946257,0.4890282131661442,0.13141025641025642,,,2,2027,K002+KI08+KA06,K003+K005+KA15+KA16+KI14+KI21
svm,combined,temperature,0.670846394984326,0.06085650413234411,0.46394984326018807,0.14189189189189189,,,2,2027,K002+KI08+KA06,K003+K005+KA15+KA16+KI14+KI21
svm,combined,isotonic,0.6833855799373041,0.11580773900622267,0.5893416927899686,0.15159574468085107,,,2,2027,K002+KI08+KA06,K003+K005+KA15+KA16+KI14+KI21
svm,combined,conformal_marginal,,,,,0.8244514106583072,1.468652037617555,2,2027,K002+KI08+KA06,K003+K005+KA15+KA16+KI14+KI21
svm,combined,conformal_class_conditional,,,,,0.7884012539184952,1.6175548589341693,2,2027,K002+KI08+KA06,K003+K005+KA15+KA16+KI14+KI21
xgboost,source,raw,0.6661442006269592,0.2761892885623681,0.9357366771159875,0.3149078726968174,,,2,2027,K002+KI08+KA06,K003+K005+KA15+KA16+KI14+KI21
xgboost,source,temperature,0.6661442006269592,0.2356122209498654,0.9184952978056427,0.310580204778157,,,2,2027,K002+KI08+KA06,K003+K005+KA15+KA16+KI14+KI21
xgboost,source,isotonic,0.64576802507837,0.2841537202710734,0.9796238244514106,0.3488,,,2,2027,K002+KI08+KA06,K003+K005+KA15+KA16+KI14+KI21
xgboost,source,conformal_marginal,,,,,0.6050156739811913,0.8385579937304075,2,2027,K002+KI08+KA06,K003+K005+KA15+KA16+KI14+KI21
xgboost,source,conformal_class_conditional,,,,,0.5642633228840125,0.8134796238244514,2,2027,K002+KI08+KA06,K003+K005+KA15+KA16+KI14+KI21
xgboost,target,raw,0.6661442006269592,0.2761892885623681,0.4216300940438871,0.07806691449814127,,,2,2027,K002+KI08+KA06,K003+K005+KA15+KA16+KI14+KI21
xgboost,target,temperature,0.6661442006269592,0.12784815364672455,0.4373040752351097,0.07885304659498207,,,2,2027,K002+KI08+KA06,K003+K005+KA15+KA16+KI14+KI21
xgboost,target,isotonic,0.6677115987460815,0.13618805856394983,0.5203761755485894,0.11746987951807229,,,2,2027,K002+KI08+KA06,K003+K005+KA15+KA16+KI14+KI21
xgboost,target,conformal_marginal,,,,,0.8949843260188087,1.7648902821316614,2,2027,K002+KI08+KA06,K003+K005+KA15+KA16+KI14+KI21
xgboost,target,conformal_class_conditional,,,,,0.8197492163009404,1.4984326018808778,2,2027,K002+KI08+KA06,K003+K005+KA15+KA16+KI14+KI21
xgboost,combined,raw,0.6661442006269592,0.2761892885623681,0.5156739811912225,0.11854103343465046,,,2,2027,K002+KI08+KA06,K003+K005+KA15+KA16+KI14+KI21
xgboost,combined,temperature,0.6661442006269592,0.13782109000817794,0.5235109717868338,0.12275449101796407,,,2,2027,K002+KI08+KA06,K003+K005+KA15+KA16+KI14+KI21
xgboost,combined,isotonic,0.6677115987460815,0.159995025401941,0.5282131661442007,0.14836795252225518,,,2,2027,K002+KI08+KA06,K003+K005+KA15+KA16+KI14+KI21
xgboost,combined,conformal_marginal,,,,,0.8275862068965517,1.4811912225705328,2,2027,K002+KI08+KA06,K003+K005+KA15+KA16+KI14+KI21
xgboost,combined,conformal_class_conditional,,,,,0.7962382445141066,1.4310344827586208,2,2027,K002+KI08+KA06,K003+K005+KA15+KA16+KI14+KI21
random_forest,source,raw,0.7613814756671899,0.13919528276434612,0.9937205651491365,0.23696682464454977,,,2,2028,K002+KI07+KA06,K005+K006+KA15+KA30+KI14+KI16
random_forest,source,temperature,0.7613814756671899,0.15754973786689774,0.9937205651491365,0.23696682464454977,,,2,2028,K002+KI07+KA06,K005+K006+KA15+KA30+KI14+KI16
random_forest,source,isotonic,0.7252747252747253,0.24009078253089872,0.9984301412872841,0.27358490566037735,,,2,2028,K002+KI07+KA06,K005+K006+KA15+KA30+KI14+KI16
random_forest,source,conformal_marginal,,,,,0.6483516483516484,0.7802197802197802,2,2028,K002+KI07+KA06,K005+K006+KA15+KA30+KI14+KI16
random_forest,source,conformal_class_conditional,,,,,0.6326530612244898,0.8367346938775511,2,2028,K002+KI07+KA06,K005+K006+KA15+KA30+KI14+KI16
random_forest,target,raw,0.7613814756671899,0.13919528276434612,0.34850863422291994,0.018018018018018018,,,2,2028,K002+KI07+KA06,K005+K006+KA15+KA30+KI14+KI16
random_forest,target,temperature,0.7613814756671899,0.1774174101901422,0.3642072213500785,0.02586206896551724,,,2,2028,K002+KI07+KA06,K005+K006+KA15+KA30+KI14+KI16
random_forest,target,isotonic,0.7723704866562009,0.0972312702009834,0.33751962323390894,0.018604651162790697,,,2,2028,K002+KI07+KA06,K005+K006+KA15+KA30+KI14+KI16
random_forest,target,conformal_marginal,,,,,0.9419152276295133,1.7786499215070644,2,2028,K002+KI07+KA06,K005+K006+KA15+KA30+KI14+KI16
random_forest,target,conformal_class_conditional,,,,,0.9638932496075353,1.9811616954474098,2,2028,K002+KI07+KA06,K005+K006+KA15+KA30+KI14+KI16
random_forest,combined,raw,0.7613814756671899,0.13919528276434612,0.5368916797488226,0.05555555555555555,,,2,2028,K002+KI07+KA06,K005+K006+KA15+KA30+KI14+KI16
random_forest,combined,temperature,0.7613814756671899,0.0946861835860357,0.4803767660910518,0.042483660130718956,,,2,2028,K002+KI07+KA06,K005+K006+KA15+KA30+KI14+KI16
random_forest,combined,isotonic,0.7708006279434851,0.08427392688239942,0.49293563579277866,0.050955414012738856,,,2,2028,K002+KI07+KA06,K005+K006+KA15+KA30+KI14+KI16
random_forest,combined,conformal_marginal,,,,,0.9183673469387755,1.6342229199372056,2,2028,K002+KI07+KA06,K005+K006+KA15+KA30+KI14+KI16
random_forest,combined,conformal_class_conditional,,,,,0.9246467817896389,1.6279434850863421,2,2028,K002+KI07+KA06,K005+K006+KA15+KA30+KI14+KI16
svm,source,raw,0.7770800627943485,0.14168338437370392,0.9968602825745683,0.22362204724409449,,,2,2028,K002+KI07+KA06,K005+K006+KA15+KA30+KI14+KI16
svm,source,temperature,0.7770800627943485,0.13899925583466774,0.9968602825745683,0.22362204724409449,,,2,2028,K002+KI07+KA06,K005+K006+KA15+KA30+KI14+KI16
svm,source,isotonic,0.7456828885400314,0.22537756136483886,0.9827315541601256,0.2507987220447284,,,2,2028,K002+KI07+KA06,K005+K006+KA15+KA30+KI14+KI16
svm,source,conformal_marginal,,,,,0.6828885400313972,0.8006279434850864,2,2028,K002+KI07+KA06,K005+K006+KA15+KA30+KI14+KI16
svm,source,conformal_class_conditional,,,,,0.554160125588697,0.7551020408163265,2,2028,K002+KI07+KA06,K005+K006+KA15+KA30+KI14+KI16
svm,target,raw,0.7770800627943485,0.14168338437370392,0.35478806907378335,0.01327433628318584,,,2,2028,K002+KI07+KA06,K005+K006+KA15+KA30+KI14+KI16
svm,target,temperature,0.7770800627943485,0.08510949383814997,0.37990580847723704,0.012396694214876033,,,2,2028,K002+KI07+KA06,K005+K006+KA15+KA30+KI14+KI16
svm,target,isotonic,0.7660910518053375,0.1044609497555176,0.2543171114599686,0.006172839506172839,,,2,2028,K002+KI07+KA06,K005+K006+KA15+KA30+KI14+KI16
svm,target,conformal_marginal,,,,,0.9529042386185244,1.9544740973312402,2,2028,K002+KI07+KA06,K005+K006+KA15+KA30+KI14+KI16
svm,target,conformal_class_conditional,,,,,0.9513343799058085,1.8948194662480378,2,2028,K002+KI07+KA06,K005+K006+KA15+KA30+KI14+KI16
svm,combined,raw,0.7770800627943485,0.14168338437370392,0.47095761381475665,0.06,,,2,2028,K002+KI07+KA06,K005+K006+KA15+KA30+KI14+KI16
svm,combined,temperature,0.7770800627943485,0.038242409124207004,0.4599686028257457,0.06143344709897611,,,2,2028,K002+KI07+KA06,K005+K006+KA15+KA30+KI14+KI16
svm,combined,isotonic,0.7660910518053375,0.06183826991680495,0.5117739403453689,0.027607361963190184,,,2,2028,K002+KI07+KA06,K005+K006+KA15+KA30+KI14+KI16
svm,combined,conformal_marginal,,,,,0.9136577708006279,1.65149136577708,2,2028,K002+KI07+KA06,K005+K006+KA15+KA30+KI14+KI16
svm,combined,conformal_class_conditional,,,,,0.9152276295133438,1.7849293563579278,2,2028,K002+KI07+KA06,K005+K006+KA15+KA30+KI14+KI16
xgboost,source,raw,0.7645211930926217,0.19427960633857286,0.9795918367346939,0.22275641025641027,,,2,2028,K002+KI07+KA06,K005+K006+KA15+KA30+KI14+KI16
xgboost,source,temperature,0.7645211930926217,0.16482759347922443,0.9717425431711146,0.2197092084006462,,,2,2028,K002+KI07+KA06,K005+K006+KA15+KA30+KI14+KI16
xgboost,source,isotonic,0.7409733124018838,0.2206294540442037,0.9858712715855573,0.2531847133757962,,,2,2028,K002+KI07+KA06,K005+K006+KA15+KA30+KI14+KI16
xgboost,source,conformal_marginal,,,,,0.7001569858712716,0.8555729984301413,2,2028,K002+KI07+KA06,K005+K006+KA15+KA30+KI14+KI16
xgboost,source,conformal_class_conditional,,,,,0.6420722135007849,0.8414442700156985,2,2028,K002+KI07+KA06,K005+K006+KA15+KA30+KI14+KI16
xgboost,target,raw,0.7645211930926217,0.19427960633857286,0.2967032967032967,0.010582010582010581,,,2,2028,K002+KI07+KA06,K005+K006+KA15+KA30+KI14+KI16
xgboost,target,temperature,0.7645211930926217,0.1142451522490157,0.3202511773940345,0.00980392156862745,,,2,2028,K002+KI07+KA06,K005+K006+KA15+KA30+KI14+KI16
xgboost,target,isotonic,0.7598116169544741,0.07618001994309079,0.38461538461538464,0.0163265306122449,,,2,2028,K002+KI07+KA06,K005+K006+KA15+KA30+KI14+KI16
xgboost,target,conformal_marginal,,,,,0.9497645211930926,1.7048665620094192,2,2028,K002+KI07+KA06,K005+K006+KA15+KA30+KI14+KI16
xgboost,target,conformal_class_conditional,,,,,0.9529042386185244,1.7017268445839875,2,2028,K002+KI07+KA06,K005+K006+KA15+KA30+KI14+KI16
xgboost,combined,raw,0.7645211930926217,0.19427960633857286,0.4976452119309262,0.03785488958990536,,,2,2028,K002+KI07+KA06,K005+K006+KA15+KA30+KI14+KI16
xgboost,combined,temperature,0.7645211930926217,0.08803220530201636,0.5054945054945055,0.037267080745341616,,,2,2028,K002+KI07+KA06,K005+K006+KA15+KA30+KI14+KI16
xgboost,combined,isotonic,0.7598116169544741,0.06522962693585015,0.4489795918367347,0.017482517482517484,,,2,2028,K002+KI07+KA06,K005+K006+KA15+KA30+KI14+KI16
xgboost,combined,conformal_marginal,,,,,0.9167974882260597,1.5525902668759812,2,2028,K002+KI07+KA06,K005+K006+KA15+KA30+KI14+KI16
xgboost,combined,conformal_class_conditional,,,,,0.9309262166405023,1.5918367346938775,2,2028,K002+KI07+KA06,K005+K006+KA15+KA30+KI14+KI16
random_forest,source,raw,0.660377358490566,0.19978029703057568,0.9889937106918238,0.3338632750397456,,,2,2029,K001+KI08+KA03,K003+K006+KA04+KA22+KI04+KI21
random_forest,source,temperature,0.660377358490566,0.2745778168902497,0.9874213836477987,0.3328025477707006,,,2,2029,K001+KI08+KA03,K003+K006+KA04+KA22+KI04+KI21
random_forest,source,isotonic,0.6273584905660378,0.30620824668825175,0.9716981132075472,0.36893203883495146,,,2,2029,K001+KI08+KA03,K003+K006+KA04+KA22+KI04+KI21
random_forest,source,conformal_marginal,,,,,0.5974842767295597,0.8333333333333334,2,2029,K001+KI08+KA03,K003+K006+KA04+KA22+KI04+KI21
random_forest,source,conformal_class_conditional,,,,,0.5660377358490566,0.8317610062893082,2,2029,K001+KI08+KA03,K003+K006+KA04+KA22+KI04+KI21
random_forest,target,raw,0.660377358490566,0.19978029703057568,0.3333333333333333,0.05660377358490566,,,2,2029,K001+KI08+KA03,K003+K006+KA04+KA22+KI04+KI21
random_forest,target,temperature,0.660377358490566,0.06691583194562854,0.33176100628930816,0.04739336492890995,,,2,2029,K001+KI08+KA03,K003+K006+KA04+KA22+KI04+KI21
random_forest,target,isotonic,0.6289308176100629,0.13243234213292615,0.4481132075471698,0.08070175438596491,,,2,2029,K001+KI08+KA03,K003+K006+KA04+KA22+KI04+KI21
random_forest,target,conformal_marginal,,,,,0.8333333333333334,1.6556603773584906,2,2029,K001+KI08+KA03,K003+K006+KA04+KA22+KI04+KI21
random_forest,target,conformal_class_conditional,,,,,0.8443396226415094,1.5550314465408805,2,2029,K001+KI08+KA03,K003+K006+KA04+KA22+KI04+KI21
random_forest,combined,raw,0.660377358490566,0.19978029703057568,0.43553459119496857,0.1407942238267148,,,2,2029,K001+KI08+KA03,K003+K006+KA04+KA22+KI04+KI21
random_forest,combined,temperature,0.660377358490566,0.05551957579016481,0.4119496855345912,0.09923664122137404,,,2,2029,K001+KI08+KA03,K003+K006+KA04+KA22+KI04+KI21
random_forest,combined,isotonic,0.6305031446540881,0.17901390791781857,0.5220125786163522,0.12048192771084337,,,2,2029,K001+KI08+KA03,K003+K006+KA04+KA22+KI04+KI21
random_forest,combined,conformal_marginal,,,,,0.75,1.2720125786163523,2,2029,K001+KI08+KA03,K003+K006+KA04+KA22+KI04+KI21
random_forest,combined,conformal_class_conditional,,,,,0.7924528301886793,1.4229559748427674,2,2029,K001+KI08+KA03,K003+K006+KA04+KA22+KI04+KI21
svm,source,raw,0.6886792452830188,0.18853285712208057,0.9952830188679245,0.3080568720379147,,,2,2029,K001+KI08+KA03,K003+K006+KA04+KA22+KI04+KI21
svm,source,temperature,0.6886792452830188,0.24288062408622657,0.9952830188679245,0.3080568720379147,,,2,2029,K001+KI08+KA03,K003+K006+KA04+KA22+KI04+KI21
svm,source,isotonic,0.6886792452830188,0.24058209862834784,0.9575471698113207,0.2955665024630542,,,2,2029,K001+KI08+KA03,K003+K006+KA04+KA22+KI04+KI21
svm,source,conformal_marginal,,,,,0.5849056603773585,0.75,2,2029,K001+KI08+KA03,K003+K006+KA04+KA22+KI04+KI21
svm,source,conformal_class_conditional,,,,,0.5880503144654088,0.7610062893081762,2,2029,K001+KI08+KA03,K003+K006+KA04+KA22+KI04+KI21
svm,target,raw,0.6886792452830188,0.18853285712208057,0.3191823899371069,0.11330049261083744,,,2,2029,K001+KI08+KA03,K003+K006+KA04+KA22+KI04+KI21
svm,target,temperature,0.6886792452830188,0.0435924689587805,0.3789308176100629,0.12863070539419086,,,2,2029,K001+KI08+KA03,K003+K006+KA04+KA22+KI04+KI21
svm,target,isotonic,0.6257861635220126,0.17682868847690783,0.41037735849056606,0.03065134099616858,,,2,2029,K001+KI08+KA03,K003+K006+KA04+KA22+KI04+KI21
svm,target,conformal_marginal,,,,,0.8647798742138365,1.7578616352201257,2,2029,K001+KI08+KA03,K003+K006+KA04+KA22+KI04+KI21
svm,target,conformal_class_conditional,,,,,0.8223270440251572,1.630503144654088,2,2029,K001+KI08+KA03,K003+K006+KA04+KA22+KI04+KI21
svm,combined,raw,0.6886792452830188,0.18853285712208057,0.5314465408805031,0.1390532544378698,,,2,2029,K001+KI08+KA03,K003+K006+KA04+KA22+KI04+KI21
svm,combined,temperature,0.6886792452830188,0.07484716204868784,0.5408805031446541,0.14244186046511628,,,2,2029,K001+KI08+KA03,K003+K006+KA04+KA22+KI04+KI21
svm,combined,isotonic,0.6635220125786163,0.1213168724328131,0.5534591194968553,0.1534090909090909,,,2,2029,K001+KI08+KA03,K003+K006+KA04+KA22+KI04+KI21
svm,combined,conformal_marginal,,,,,0.8144654088050315,1.4339622641509433,2,2029,K001+KI08+KA03,K003+K006+KA04+KA22+KI04+KI21
svm,combined,conformal_class_conditional,,,,,0.7751572327044025,1.4669811320754718,2,2029,K001+KI08+KA03,K003+K006+KA04+KA22+KI04+KI21
xgboost,source,raw,0.6619496855345912,0.2790876177590598,0.9937106918238994,0.33544303797468356,,,2,2029,K001+KI08+KA03,K003+K006+KA04+KA22+KI04+KI21
xgboost,source,temperature,0.6619496855345912,0.27976779166175153,0.9937106918238994,0.33544303797468356,,,2,2029,K001+KI08+KA03,K003+K006+KA04+KA22+KI04+KI21
xgboost,source,isotonic,0.660377358490566,0.28398420806691904,0.9842767295597484,0.3354632587859425,,,2,2029,K001+KI08+KA03,K003+K006+KA04+KA22+KI04+KI21
xgboost,source,conformal_marginal,,,,,0.5676100628930818,0.7830188679245284,2,2029,K001+KI08+KA03,K003+K006+KA04+KA22+KI04+KI21
xgboost,source,conformal_class_conditional,,,,,0.5817610062893082,0.8160377358490566,2,2029,K001+KI08+KA03,K003+K006+KA04+KA22+KI04+KI21
xgboost,target,raw,0.6619496855345912,0.2790876177590598,0.42452830188679247,0.14074074074074075,,,2,2029,K001+KI08+KA03,K003+K006+KA04+KA22+KI04+KI21
xgboost,target,temperature,0.6619496855345912,0.10403876595192295,0.3789308176100629,0.0995850622406639,,,2,2029,K001+KI08+KA03,K003+K006+KA04+KA22+KI04+KI21
xgboost,target,isotonic,0.6179245283018868,0.1507257084095794,0.3977987421383648,0.05533596837944664,,,2,2029,K001+KI08+KA03,K003+K006+KA04+KA22+KI04+KI21
xgboost,target,conformal_marginal,,,,,0.8364779874213837,1.6761006289308176,2,2029,K001+KI08+KA03,K003+K006+KA04+KA22+KI04+KI21
xgboost,target,conformal_class_conditional,,,,,0.8113207547169812,1.5314465408805031,2,2029,K001+KI08+KA03,K003+K006+KA04+KA22+KI04+KI21
xgboost,combined,raw,0.6619496855345912,0.2790876177590598,0.46540880503144655,0.17567567567567569,,,2,2029,K001+KI08+KA03,K003+K006+KA04+KA22+KI04+KI21
xgboost,combined,temperature,0.6619496855345912,0.143031089283896,0.4858490566037736,0.18122977346278318,,,2,2029,K001+KI08+KA03,K003+K006+KA04+KA22+KI04+KI21
xgboost,combined,isotonic,0.6446540880503144,0.1679194467721185,0.5345911949685535,0.17941176470588235,,,2,2029,K001+KI08+KA03,K003+K006+KA04+KA22+KI04+KI21
xgboost,combined,conformal_marginal,,,,,0.7578616352201258,1.3238993710691824,2,2029,K001+KI08+KA03,K003+K006+KA04+KA22+KI04+KI21
xgboost,combined,conformal_class_conditional,,,,,0.779874213836478,1.39937106918239,2,2029,K001+KI08+KA03,K003+K006+KA04+KA22+KI04+KI21
random_forest,source,raw,0.6248037676609105,0.1859436512687646,0.8571428571428571,0.3333333333333333,,,2,2030,K001+KI01+KA09,K003+K005+KA15+KA16+KI04+KI18
random_forest,source,temperature,0.6248037676609105,0.2972193849525794,0.8948194662480377,0.34912280701754383,,,2,2030,K001+KI01+KA09,K003+K005+KA15+KA16+KI04+KI18
random_forest,source,isotonic,0.5824175824175825,0.34173331449298283,0.9952904238618524,0.4195583596214511,,,2,2030,K001+KI01+KA09,K003+K005+KA15+KA16+KI04+KI18
random_forest,source,conformal_marginal,,,,,0.6043956043956044,0.945054945054945,2,2030,K001+KI01+KA09,K003+K005+KA15+KA16+KI04+KI18
random_forest,source,conformal_class_conditional,,,,,0.5463108320251178,0.8037676609105181,2,2030,K001+KI01+KA09,K003+K005+KA15+KA16+KI04+KI18
random_forest,target,raw,0.6248037676609105,0.1859436512687646,0.2543171114599686,0.09876543209876543,,,2,2030,K001+KI01+KA09,K003+K005+KA15+KA16+KI04+KI18
random_forest,target,temperature,0.6248037676609105,0.09076079245944745,0.23547880690737832,0.08,,,2,2030,K001+KI01+KA09,K003+K005+KA15+KA16+KI04+KI18
random_forest,target,isotonic,0.5667189952904239,0.2555276318516125,0.31240188383045525,0.10050251256281408,,,2,2030,K001+KI01+KA09,K003+K005+KA15+KA16+KI04+KI18
random_forest,target,conformal_marginal,,,,,0.9513343799058085,2.3343799058084773,2,2030,K001+KI01+KA09,K003+K005+KA15+KA16+KI04+KI18
random_forest,target,conformal_class_conditional,,,,,0.6593406593406593,1.5588697017268447,2,2030,K001+KI01+KA09,K003+K005+KA15+KA16+KI04+KI18
random_forest,combined,raw,0.6248037676609105,0.1859436512687646,0.3108320251177394,0.14646464646464646,,,2,2030,K001+KI01+KA09,K003+K005+KA15+KA16+KI04+KI18
random_forest,combined,temperature,0.6248037676609105,0.059788438956409146,0.29356357927786497,0.10160427807486631,,,2,2030,K001+KI01+KA09,K003+K005+KA15+KA16+KI04+KI18
random_forest,combined,isotonic,0.6342229199372057,0.23569127522292682,0.32967032967032966,0.1,,,2,2030,K001+KI01+KA09,K003+K005+KA15+KA16+KI04+KI18
random_forest,combined,conformal_marginal,,,,,0.8445839874411303,1.7017268445839875,2,2030,K001+KI01+KA09,K003+K005+KA15+KA16+KI04+KI18
random_forest,combined,conformal_class_conditional,,,,,0.7378335949764521,1.4913657770800628,2,2030,K001+KI01+KA09,K003+K005+KA15+KA16+KI04+KI18
svm,source,raw,0.6420722135007849,0.20712386857573523,0.7127158555729984,0.2643171806167401,,,2,2030,K001+KI01+KA09,K003+K005+KA15+KA16+KI04+KI18
svm,source,temperature,0.6420722135007849,0.11263490372967276,0.7205651491365777,0.2679738562091503,,,2,2030,K001+KI01+KA09,K003+K005+KA15+KA16+KI04+KI18
svm,source,isotonic,0.6342229199372057,0.2918768775163436,0.9858712715855573,0.3630573248407643,,,2,2030,K001+KI01+KA09,K003+K005+KA15+KA16+KI04+KI18
svm,source,conformal_marginal,,,,,0.7378335949764521,1.2904238618524333,2,2030,K001+KI01+KA09,K003+K005+KA15+KA16+KI04+KI18
svm,source,conformal_class_conditional,,,,,0.5698587127158555,0.792778649921507,2,2030,K001+KI01+KA09,K003+K005+KA15+KA16+KI04+KI18
svm,target,raw,0.6420722135007849,0.20712386857573523,0.29356357927786497,0.08021390374331551,,,2,2030,K001+KI01+KA09,K003+K005+KA15+KA16+KI04+KI18
svm,target,temperature,0.6420722135007849,0.05978372874870566,0.27472527472527475,0.06285714285714286,,,2,2030,K001+KI01+KA09,K003+K005+KA15+KA16+KI04+KI18
svm,target,isotonic,0.6593406593406593,0.21269329100313014,0.44583987441130296,0.11619718309859155,,,2,2030,K001+KI01+KA09,K003+K005+KA15+KA16+KI04+KI18
svm,target,conformal_marginal,,,,,0.9419152276295133,2.2448979591836733,2,2030,K001+KI01+KA09,K003+K005+KA15+KA16+KI04+KI18
svm,target,conformal_class_conditional,,,,,0.8273155416012559,1.7441130298273155,2,2030,K001+KI01+KA09,K003+K005+KA15+KA16+KI04+KI18
svm,combined,raw,0.6420722135007849,0.20712386857573523,0.3092621664050236,0.09137055837563451,,,2,2030,K001+KI01+KA09,K003+K005+KA15+KA16+KI04+KI18
svm,combined,temperature,0.6420722135007849,0.023121747555900494,0.3076923076923077,0.09183673469387756,,,2,2030,K001+KI01+KA09,K003+K005+KA15+KA16+KI04+KI18
svm,combined,isotonic,0.6593406593406593,0.21223296199809383,0.4301412872841444,0.12043795620437957,,,2,2030,K001+KI01+KA09,K003+K005+KA15+KA16+KI04+KI18
svm,combined,conformal_marginal,,,,,0.7959183673469388,1.5164835164835164,2,2030,K001+KI01+KA09,K003+K005+KA15+KA16+KI04+KI18
svm,combined,conformal_class_conditional,,,,,0.8100470957613815,1.6248037676609106,2,2030,K001+KI01+KA09,K003+K005+KA15+KA16+KI04+KI18
xgboost,source,raw,0.6200941915227629,0.30337256848157107,0.7158555729984302,0.30043859649122806,,,2,2030,K001+KI01+KA09,K003+K005+KA15+KA16+KI04+KI18
xgboost,source,temperature,0.6200941915227629,0.25976120440358996,0.6844583987441131,0.286697247706422,,,2,2030,K001+KI01+KA09,K003+K005+KA15+KA16+KI04+KI18
xgboost,source,isotonic,0.5996860282574569,0.33941219343918694,0.9937205651491365,0.39968404423380727,,,2,2030,K001+KI01+KA09,K003+K005+KA15+KA16+KI04+KI18
xgboost,source,conformal_marginal,,,,,0.6420722135007849,1.0816326530612246,2,2030,K001+KI01+KA09,K003+K005+KA15+KA16+KI04+KI18
xgboost,source,conformal_class_conditional,,,,,0.5808477237048666,0.8163265306122449,2,2030,K001+KI01+KA09,K003+K005+KA15+KA16+KI04+KI18
xgboost,target,raw,0.6200941915227629,0.30337256848157107,0.21036106750392464,0.05223880597014925,,,2,2030,K001+KI01+KA09,K003+K005+KA15+KA16+KI04+KI18
xgboost,target,temperature,0.6200941915227629,0.10316778784821026,0.21350078492935637,0.04411764705882353,,,2,2030,K001+KI01+KA09,K003+K005+KA15+KA16+KI04+KI18
xgboost,target,isotonic,0.5886970172684458,0.24568467119143972,0.35478806907378335,0.10176991150442478,,,2,2030,K001+KI01+KA09,K003+K005+KA15+KA16+KI04+KI18
xgboost,target,conformal_marginal,,,,,0.9120879120879121,2.1475667189952903,2,2030,K001+KI01+KA09,K003+K005+KA15+KA16+KI04+KI18
xgboost,target,conformal_class_conditional,,,,,0.6703296703296703,1.4270015698587126,2,2030,K001+KI01+KA09,K003+K005+KA15+KA16+KI04+KI18
xgboost,combined,raw,0.6200941915227629,0.30337256848157107,0.3076923076923077,0.14795918367346939,,,2,2030,K001+KI01+KA09,K003+K005+KA15+KA16+KI04+KI18
xgboost,combined,temperature,0.6200941915227629,0.14065210505118692,0.28885400313971743,0.11956521739130435,,,2,2030,K001+KI01+KA09,K003+K005+KA15+KA16+KI04+KI18
xgboost,combined,isotonic,0.6138147566718996,0.20469900393705556,0.3751962323390895,0.10460251046025104,,,2,2030,K001+KI01+KA09,K003+K005+KA15+KA16+KI04+KI18
xgboost,combined,conformal_marginal,,,,,0.82574568288854,1.6593406593406594,2,2030,K001+KI01+KA09,K003+K005+KA15+KA16+KI04+KI18
xgboost,combined,conformal_class_conditional,,,,,0.7551020408163265,1.499215070643642,2,2030,K001+KI01+KA09,K003+K005+KA15+KA16+KI04+KI18
random_forest,source,raw,0.7307086614173228,0.14391622726735284,0.9905511811023622,0.2655007949125596,,,2,2031,K002+KI08+KA01,K005+K006+KA04+KA22+KI16+KI18
random_forest,source,temperature,0.7307086614173228,0.17709871068994526,0.9905511811023622,0.2655007949125596,,,2,2031,K002+KI08+KA01,K005+K006+KA04+KA22+KI16+KI18
random_forest,source,isotonic,0.6645669291338583,0.26491343284907143,0.9905511811023622,0.32909379968203495,,,2,2031,K002+KI08+KA01,K005+K006+KA04+KA22+KI16+KI18
random_forest,source,conformal_marginal,,,,,0.568503937007874,0.6976377952755906,2,2031,K002+KI08+KA01,K005+K006+KA04+KA22+KI16+KI18
random_forest,source,conformal_class_conditional,,,,,0.6015748031496063,0.8236220472440945,2,2031,K002+KI08+KA01,K005+K006+KA04+KA22+KI16+KI18
random_forest,target,raw,0.7307086614173228,0.14391622726735284,0.30236220472440944,0.052083333333333336,,,2,2031,K002+KI08+KA01,K005+K006+KA04+KA22+KI16+KI18
random_forest,target,temperature,0.7307086614173228,0.1551471305607283,0.37480314960629924,0.07983193277310924,,,2,2031,K002+KI08+KA01,K005+K006+KA04+KA22+KI16+KI18
random_forest,target,isotonic,0.6929133858267716,0.04647345200184193,0.33228346456692914,0.06635071090047394,,,2,2031,K002+KI08+KA01,K005+K006+KA04+KA22+KI16+KI18
random_forest,target,conformal_marginal,,,,,0.878740157480315,1.7811023622047244,2,2031,K002+KI08+KA01,K005+K006+KA04+KA22+KI16+KI18
random_forest,target,conformal_class_conditional,,,,,0.9244094488188976,1.8094488188976379,2,2031,K002+KI08+KA01,K005+K006+KA04+KA22+KI16+KI18
random_forest,combined,raw,0.7307086614173228,0.14391622726735284,0.4188976377952756,0.07518796992481203,,,2,2031,K002+KI08+KA01,K005+K006+KA04+KA22+KI16+KI18
random_forest,combined,temperature,0.7307086614173228,0.07565532060628195,0.43622047244094486,0.08303249097472924,,,2,2031,K002+KI08+KA01,K005+K006+KA04+KA22+KI16+KI18
random_forest,combined,isotonic,0.6976377952755906,0.07429523924381813,0.4330708661417323,0.09818181818181818,,,2,2031,K002+KI08+KA01,K005+K006+KA04+KA22+KI16+KI18
random_forest,combined,conformal_marginal,,,,,0.8645669291338582,1.6393700787401575,2,2031,K002+KI08+KA01,K005+K006+KA04+KA22+KI16+KI18
random_forest,combined,conformal_class_conditional,,,,,0.8929133858267716,1.6283464566929133,2,2031,K002+KI08+KA01,K005+K006+KA04+KA22+KI16+KI18
svm,source,raw,0.7370078740157481,0.15225473375957005,0.9968503937007874,0.26224328593996843,,,2,2031,K002+KI08+KA01,K005+K006+KA04+KA22+KI16+KI18
svm,source,temperature,0.7370078740157481,0.20682141986987576,0.9937007874015747,0.2630744849445325,,,2,2031,K002+KI08+KA01,K005+K006+KA04+KA22+KI16+KI18
svm,source,isotonic,0.7118110236220473,0.24343038488061752,0.9464566929133859,0.2612312811980033,,,2,2031,K002+KI08+KA01,K005+K006+KA04+KA22+KI16+KI18
svm,source,conformal_marginal,,,,,0.7070866141732284,0.9228346456692913,2,2031,K002+KI08+KA01,K005+K006+KA04+KA22+KI16+KI18
svm,source,conformal_class_conditional,,,,,0.6850393700787402,0.9291338582677166,2,2031,K002+KI08+KA01,K005+K006+KA04+KA22+KI16+KI18
svm,target,raw,0.7370078740157481,0.15225473375957005,0.2566929133858268,0.024539877300613498,,,2,2031,K002+KI08+KA01,K005+K006+KA04+KA22+KI16+KI18
svm,target,temperature,0.7370078740157481,0.0708533230241313,0.262992125984252,0.017964071856287425,,,2,2031,K002+KI08+KA01,K005+K006+KA04+KA22+KI16+KI18
svm,target,isotonic,0.6881889763779527,0.11766486359136244,0.4566929133858268,0.010344827586206896,,,2,2031,K002+KI08+KA01,K005+K006+KA04+KA22+KI16+KI18
svm,target,conformal_marginal,,,,,0.8992125984251969,1.8771653543307087,2,2031,K002+KI08+KA01,K005+K006+KA04+KA22+KI16+KI18
svm,target,conformal_class_conditional,,,,,0.9338582677165355,1.921259842519685,2,2031,K002+KI08+KA01,K005+K006+KA04+KA22+KI16+KI18
svm,combined,raw,0.7370078740157481,0.15225473375957005,0.29606299212598425,0.026595744680851064,,,2,2031,K002+KI08+KA01,K005+K006+KA04+KA22+KI16+KI18
svm,combined,temperature,0.7370078740157481,0.041697826591515955,0.31496062992125984,0.035,,,2,2031,K002+KI08+KA01,K005+K006+KA04+KA22+KI16+KI18
svm,combined,isotonic,0.7118110236220473,0.14231570850425962,0.4141732283464567,0.0076045627376425855,,,2,2031,K002+KI08+KA01,K005+K006+KA04+KA22+KI16+KI18
svm,combined,conformal_marginal,,,,,0.8692913385826772,1.6125984251968504,2,2031,K002+KI08+KA01,K005+K006+KA04+KA22+KI16+KI18
svm,combined,conformal_class_conditional,,,,,0.9023622047244094,1.7385826771653543,2,2031,K002+KI08+KA01,K005+K006+KA04+KA22+KI16+KI18
xgboost,source,raw,0.7244094488188977,0.2259520531170012,0.9322834645669291,0.2516891891891892,,,2,2031,K002+KI08+KA01,K005+K006+KA04+KA22+KI16+KI18
xgboost,source,temperature,0.7244094488188977,0.18349164194588696,0.9212598425196851,0.24786324786324787,,,2,2031,K002+KI08+KA01,K005+K006+KA04+KA22+KI16+KI18
xgboost,source,isotonic,0.6677165354330709,0.26744016003848065,1.0,0.33228346456692914,,,2,2031,K002+KI08+KA01,K005+K006+KA04+KA22+KI16+KI18
xgboost,source,conformal_marginal,,,,,0.6645669291338583,0.8519685039370078,2,2031,K002+KI08+KA01,K005+K006+KA04+KA22+KI16+KI18
xgboost,source,conformal_class_conditional,,,,,0.6346456692913386,0.9007874015748032,2,2031,K002+KI08+KA01,K005+K006+KA04+KA22+KI16+KI18
xgboost,target,raw,0.7244094488188977,0.2259520531170012,0.384251968503937,0.06557377049180328,,,2,2031,K002+KI08+KA01,K005+K006+KA04+KA22+KI16+KI18
xgboost,target,temperature,0.7244094488188977,0.06514431102905752,0.3921259842519685,0.07228915662650602,,,2,2031,K002+KI08+KA01,K005+K006+KA04+KA22+KI16+KI18
xgboost,target,isotonic,0.6614173228346457,0.07057520251786893,0.4503937007874016,0.08741258741258741,,,2,2031,K002+KI08+KA01,K005+K006+KA04+KA22+KI16+KI18
xgboost,target,conformal_marginal,,,,,0.905511811023622,1.7826771653543307,2,2031,K002+KI08+KA01,K005+K006+KA04+KA22+KI16+KI18
xgboost,target,conformal_class_conditional,,,,,0.925984251968504,1.725984251968504,2,2031,K002+KI08+KA01,K005+K006+KA04+KA22+KI16+KI18
xgboost,combined,raw,0.7244094488188977,0.2259520531170012,0.44251968503937006,0.07829181494661921,,,2,2031,K002+KI08+KA01,K005+K006+KA04+KA22+KI16+KI18
xgboost,combined,temperature,0.7244094488188977,0.07135937955528186,0.44251968503937006,0.07829181494661921,,,2,2031,K002+KI08+KA01,K005+K006+KA04+KA22+KI16+KI18
xgboost,combined,isotonic,0.6803149606299213,0.09979295104096844,0.4377952755905512,0.09712230215827339,,,2,2031,K002+KI08+KA01,K005+K006+KA04+KA22+KI16+KI18
xgboost,combined,conformal_marginal,,,,,0.8677165354330708,1.5921259842519686,2,2031,K002+KI08+KA01,K005+K006+KA04+KA22+KI16+KI18
xgboost,combined,conformal_class_conditional,,,,,0.8850393700787401,1.5669291338582678,2,2031,K002+KI08+KA01,K005+K006+KA04+KA22+KI16+KI18
random_forest,source,raw,0.6175548589341693,0.23497365505080237,0.8432601880877743,0.3382899628252788,,,2,2032,K002+KI01+KA07,K003+K005+KA16+KA30+KI14+KI17
random_forest,source,temperature,0.6175548589341693,0.2635990294831625,0.8526645768025078,0.34375,,,2,2032,K002+KI01+KA07,K003+K005+KA16+KA30+KI14+KI17
random_forest,source,isotonic,0.5736677115987461,0.3351290481570792,1.0,0.4263322884012539,,,2,2032,K002+KI01+KA07,K003+K005+KA16+KA30+KI14+KI17
random_forest,source,conformal_marginal,,,,,0.6018808777429467,0.9608150470219435,2,2032,K002+KI01+KA07,K003+K005+KA16+KA30+KI14+KI17
random_forest,source,conformal_class_conditional,,,,,0.5971786833855799,0.877742946708464,2,2032,K002+KI01+KA07,K003+K005+KA16+KA30+KI14+KI17
random_forest,target,raw,0.6175548589341693,0.23497365505080237,0.322884012539185,0.06796116504854369,,,2,2032,K002+KI01+KA07,K003+K005+KA16+KA30+KI14+KI17
random_forest,target,temperature,0.6175548589341693,0.16088372486469157,0.32445141065830724,0.06763285024154589,,,2,2032,K002+KI01+KA07,K003+K005+KA16+KA30+KI14+KI17
random_forest,target,isotonic,0.6191222570532915,0.2257046991044948,0.493730407523511,0.08571428571428572,,,2,2032,K002+KI01+KA07,K003+K005+KA16+KA30+KI14+KI17
random_forest,target,conformal_marginal,,,,,0.7304075235109718,1.3887147335423198,2,2032,K002+KI01+KA07,K003+K005+KA16+KA30+KI14+KI17
random_forest,target,conformal_class_conditional,,,,,0.7225705329153606,1.3871473354231976,2,2032,K002+KI01+KA07,K003+K005+KA16+KA30+KI14+KI17
random_forest,combined,raw,0.6175548589341693,0.23497365505080237,0.39184952978056425,0.12,,,2,2032,K002+KI01+KA07,K003+K005+KA16+KA30+KI14+KI17
random_forest,combined,temperature,0.6175548589341693,0.18266968115847187,0.4012539184952978,0.125,,,2,2032,K002+KI01+KA07,K003+K005+KA16+KA30+KI14+KI17
random_forest,combined,isotonic,0.6410658307210031,0.21708722549516526,0.542319749216301,0.13583815028901733,,,2,2032,K002+KI01+KA07,K003+K005+KA16+KA30+KI14+KI17
random_forest,combined,conformal_marginal,,,,,0.6896551724137931,1.1896551724137931,2,2032,K002+KI01+KA07,K003+K005+KA16+KA30+KI14+KI17
random_forest,combined,conformal_class_conditional,,,,,0.6927899686520376,1.1802507836990597,2,2032,K002+KI01+KA07,K003+K005+KA16+KA30+KI14+KI17
svm,source,raw,0.4843260188087774,0.3316506523370949,0.5768025078369906,0.3967391304347826,,,2,2032,K002+KI01+KA07,K003+K005+KA16+KA30+KI14+KI17
svm,source,temperature,0.4843260188087774,0.19345527699815854,0.5987460815047022,0.4031413612565445,,,2,2032,K002+KI01+KA07,K003+K005+KA16+KA30+KI14+KI17
svm,source,isotonic,0.6238244514106583,0.29567255798147124,1.0,0.3761755485893417,,,2,2032,K002+KI01+KA07,K003+K005+KA16+KA30+KI14+KI17
svm,source,conformal_marginal,,,,,0.700626959247649,1.438871473354232,2,2032,K002+KI01+KA07,K003+K005+KA16+KA30+KI14+KI17
svm,source,conformal_class_conditional,,,,,0.6536050156739812,0.9937304075235109,2,2032,K002+KI01+KA07,K003+K005+KA16+KA30+KI14+KI17
svm,target,raw,0.4843260188087774,0.3316506523370949,0.21473354231974923,0.1897810218978102,,,2,2032,K002+KI01+KA07,K003+K005+KA16+KA30+KI14+KI17
svm,target,temperature,0.4843260188087774,0.23898495773237094,0.21003134796238246,0.1791044776119403,,,2,2032,K002+KI01+KA07,K003+K005+KA16+KA30+KI14+KI17
svm,target,isotonic,0.44357366771159873,0.31559411856304526,0.3166144200626959,0.17326732673267325,,,2,2032,K002+KI01+KA07,K003+K005+KA16+KA30+KI14+KI17
svm,target,conformal_marginal,,,,,0.7398119122257053,1.5721003134796239,2,2032,K002+KI01+KA07,K003+K005+KA16+KA30+KI14+KI17
svm,target,conformal_class_conditional,,,,,0.7225705329153606,1.5031347962382444,2,2032,K002+KI01+KA07,K003+K005+KA16+KA30+KI14+KI17
svm,combined,raw,0.4843260188087774,0.3316506523370949,0.3166144200626959,0.2871287128712871,,,2,2032,K002+KI01+KA07,K003+K005+KA16+KA30+KI14+KI17
svm,combined,temperature,0.4843260188087774,0.22435864741588463,0.30250783699059564,0.2849740932642487,,,2,2032,K002+KI01+KA07,K003+K005+KA16+KA30+KI14+KI17
svm,combined,isotonic,0.6739811912225705,0.15674182921040794,0.33072100313479624,0.23696682464454977,,,2,2032,K002+KI01+KA07,K003+K005+KA16+KA30+KI14+KI17
svm,combined,conformal_marginal,,,,,0.7021943573667712,1.4435736677115987,2,2032,K002+KI01+KA07,K003+K005+KA16+KA30+KI14+KI17
svm,combined,conformal_class_conditional,,,,,0.6912225705329154,1.2727272727272727,2,2032,K002+KI01+KA07,K003+K005+KA16+KA30+KI14+KI17
xgboost,source,raw,0.6285266457680251,0.3047190580435307,0.9184952978056427,0.3430034129692833,,,2,2032,K002+KI01+KA07,K003+K005+KA16+KA30+KI14+KI17
xgboost,source,temperature,0.6285266457680251,0.27102218617433715,0.8996865203761756,0.34146341463414637,,,2,2032,K002+KI01+KA07,K003+K005+KA16+KA30+KI14+KI17
xgboost,source,isotonic,0.5877742946708464,0.3218321976467923,0.9921630094043887,0.41390205371248023,,,2,2032,K002+KI01+KA07,K003+K005+KA16+KA30+KI14+KI17
xgboost,source,conformal_marginal,,,,,0.6347962382445141,1.0109717868338557,2,2032,K002+KI01+KA07,K003+K005+KA16+KA30+KI14+KI17
xgboost,source,conformal_class_conditional,,,,,0.6206896551724138,0.9310344827586207,2,2032,K002+KI01+KA07,K003+K005+KA16+KA30+KI14+KI17
xgboost,target,raw,0.6285266457680251,0.3047190580435307,0.2413793103448276,0.025974025974025976,,,2,2032,K002+KI01+KA07,K003+K005+KA16+KA30+KI14+KI17
xgboost,target,temperature,0.6285266457680251,0.1692332775520173,0.24608150470219436,0.01910828025477707,,,2,2032,K002+KI01+KA07,K003+K005+KA16+KA30+KI14+KI17
xgboost,target,isotonic,0.5971786833855799,0.21139426755660437,0.5266457680250783,0.11904761904761904,,,2,2032,K002+KI01+KA07,K003+K005+KA16+KA30+KI14+KI17
xgboost,target,conformal_marginal,,,,,0.7351097178683386,1.3934169278996866,2,2032,K002+KI01+KA07,K003+K005+KA16+KA30+KI14+KI17
xgboost,target,conformal_class_conditional,,,,,0.7366771159874608,1.3793103448275863,2,2032,K002+KI01+KA07,K003+K005+KA16+KA30+KI14+KI17
xgboost,combined,raw,0.6285266457680251,0.3047190580435307,0.4341692789968652,0.1263537906137184,,,2,2032,K002+KI01+KA07,K003+K005+KA16+KA30+KI14+KI17
xgboost,combined,temperature,0.6285266457680251,0.19547807709054077,0.4231974921630094,0.11481481481481481,,,2,2032,K002+KI01+KA07,K003+K005+KA16+KA30+KI14+KI17
xgboost,combined,isotonic,0.64576802507837,0.19625907878346893,0.603448275862069,0.17662337662337663,,,2,2032,K002+KI01+KA07,K003+K005+KA16+KA30+KI14+KI17
xgboost,combined,conformal_marginal,,,,,0.6959247648902821,1.2351097178683386,2,2032,K002+KI01+KA07,K003+K005+KA16+KA30+KI14+KI17
xgboost,combined,conformal_class_conditional,,,,,0.7021943573667712,1.244514106583072,2,2032,K002+KI01+KA07,K003+K005+KA16+KA30+KI14+KI17
random_forest,source,raw,0.6970172684458399,0.17331307069732893,0.8979591836734694,0.2674825174825175,,,2,2033,K004+KI07+KA06,K003+K005+KA16+KA22+KI04+KI17
random_forest,source,temperature,0.6970172684458399,0.1634756209848076,0.8932496075353218,0.26537785588752194,,,2,2033,K004+KI07+KA06,K003+K005+KA16+KA22+KI04+KI17
random_forest,source,isotonic,0.6295133437990581,0.2694391965975509,0.9701726844583988,0.3592233009708738,,,2,2033,K004+KI07+KA06,K003+K005+KA16+KA22+KI04+KI17
random_forest,source,conformal_marginal,,,,,0.6138147566718996,0.7723704866562009,2,2033,K004+KI07+KA06,K003+K005+KA16+KA22+KI04+KI17
random_forest,source,conformal_class_conditional,,,,,0.5117739403453689,0.7959183673469388,2,2033,K004+KI07+KA06,K003+K005+KA16+KA22+KI04+KI17
random_forest,target,raw,0.6970172684458399,0.17331307069732893,0.25117739403453687,0.0125,,,2,2033,K004+KI07+KA06,K003+K005+KA16+KA22+KI04+KI17
random_forest,target,temperature,0.6970172684458399,0.08006951015045126,0.2967032967032967,0.026455026455026454,,,2,2033,K004+KI07+KA06,K003+K005+KA16+KA22+KI04+KI17
random_forest,target,isotonic,0.7001569858712716,0.07434114981545535,0.4850863422291994,0.07119741100323625,,,2,2033,K004+KI07+KA06,K003+K005+KA16+KA22+KI04+KI17
random_forest,target,conformal_marginal,,,,,0.9042386185243328,1.8838304552590266,2,2033,K004+KI07+KA06,K003+K005+KA16+KA22+KI04+KI17
random_forest,target,conformal_class_conditional,,,,,0.9293563579277865,1.7048665620094192,2,2033,K004+KI07+KA06,K003+K005+KA16+KA22+KI04+KI17
random_forest,combined,raw,0.6970172684458399,0.17331307069732893,0.3956043956043956,0.047619047619047616,,,2,2033,K004+KI07+KA06,K003+K005+KA16+KA22+KI04+KI17
random_forest,combined,temperature,0.6970172684458399,0.049714256394986056,0.3563579277864992,0.039647577092511016,,,2,2033,K004+KI07+KA06,K003+K005+KA16+KA22+KI04+KI17
random_forest,combined,isotonic,0.6970172684458399,0.07288805284852148,0.4850863422291994,0.0744336569579288,,,2,2033,K004+KI07+KA06,K003+K005+KA16+KA22+KI04+KI17
random_forest,combined,conformal_marginal,,,,,0.8665620094191523,1.6718995290423861,2,2033,K004+KI07+KA06,K003+K005+KA16+KA22+KI04+KI17
random_forest,combined,conformal_class_conditional,,,,,0.8854003139717426,1.5635792778649922,2,2033,K004+KI07+KA06,K003+K005+KA16+KA22+KI04+KI17
svm,source,raw,0.7127158555729984,0.16215596478702485,0.8006279434850864,0.19215686274509805,,,2,2033,K004+KI07+KA06,K003+K005+KA16+KA22+KI04+KI17
svm,source,temperature,0.7127158555729984,0.12452570689773347,0.7912087912087912,0.19047619047619047,,,2,2033,K004+KI07+KA06,K003+K005+KA16+KA22+KI04+KI17
svm,source,isotonic,0.6326530612244898,0.31083314004670337,0.8932496075353218,0.35500878734622143,,,2,2033,K004+KI07+KA06,K003+K005+KA16+KA22+KI04+KI17
svm,source,conformal_marginal,,,,,0.6813186813186813,0.8869701726844584,2,2033,K004+KI07+KA06,K003+K005+KA16+KA22+KI04+KI17
svm,source,conformal_class_conditional,,,,,0.3579277864992151,0.5965463108320251,2,2033,K004+KI07+KA06,K003+K005+KA16+KA22+KI04+KI17
svm,target,raw,0.7127158555729984,0.16215596478702485,0.30141287284144425,0.046875,,,2,2033,K004+KI07+KA06,K003+K005+KA16+KA22+KI04+KI17
svm,target,temperature,0.7127158555729984,0.08406983166048308,0.28414442700156983,0.049723756906077346,,,2,2033,K004+KI07+KA06,K003+K005+KA16+KA22+KI04+KI17
svm,target,isotonic,0.6907378335949764,0.0741651587526345,0.5023547880690737,0.103125,,,2,2033,K004+KI07+KA06,K003+K005+KA16+KA22+KI04+KI17
svm,target,conformal_marginal,,,,,0.9073783359497645,2.0156985871271584,2,2033,K004+KI07+KA06,K003+K005+KA16+KA22+KI04+KI17
svm,target,conformal_class_conditional,,,,,0.9277864992150706,1.7833594976452118,2,2033,K004+KI07+KA06,K003+K005+KA16+KA22+KI04+KI17
svm,combined,raw,0.7127158555729984,0.16215596478702485,0.31711145996860285,0.04950495049504951,,,2,2033,K004+KI07+KA06,K003+K005+KA16+KA22+KI04+KI17
svm,combined,temperature,0.7127158555729984,0.059555614890365094,0.31868131868131866,0.059113300492610835,,,2,2033,K004+KI07+KA06,K003+K005+KA16+KA22+KI04+KI17
svm,combined,isotonic,0.6781789638932496,0.07213984714268615,0.3956043956043956,0.10317460317460317,,,2,2033,K004+KI07+KA06,K003+K005+KA16+KA22+KI04+KI17
svm,combined,conformal_marginal,,,,,0.8759811616954474,1.7017268445839875,2,2033,K004+KI07+KA06,K003+K005+KA16+KA22+KI04+KI17
svm,combined,conformal_class_conditional,,,,,0.8979591836734694,1.6970172684458398,2,2033,K004+KI07+KA06,K003+K005+KA16+KA22+KI04+KI17
xgboost,source,raw,0.706436420722135,0.23456103283344676,0.9952904238618524,0.2917981072555205,,,2,2033,K004+KI07+KA06,K003+K005+KA16+KA22+KI04+KI17
xgboost,source,temperature,0.706436420722135,0.1850431862682908,0.9937205651491365,0.29067930489731436,,,2,2033,K004+KI07+KA06,K003+K005+KA16+KA22+KI04+KI17
xgboost,source,isotonic,0.6562009419152276,0.2483901655087424,0.9654631083202512,0.3300813008130081,,,2,2033,K004+KI07+KA06,K003+K005+KA16+KA22+KI04+KI17
xgboost,source,conformal_marginal,,,,,0.6467817896389325,0.8335949764521193,2,2033,K004+KI07+KA06,K003+K005+KA16+KA22+KI04+KI17
xgboost,source,conformal_class_conditional,,,,,0.5290423861852434,0.7770800627943485,2,2033,K004+KI07+KA06,K003+K005+KA16+KA22+KI04+KI17
xgboost,target,raw,0.706436420722135,0.23456103283344676,0.31868131868131866,0.034482758620689655,,,2,2033,K004+KI07+KA06,K003+K005+KA16+KA22+KI04+KI17
xgboost,target,temperature,0.706436420722135,0.09302556973166465,0.3563579277864992,0.04405286343612335,,,2,2033,K004+KI07+KA06,K003+K005+KA16+KA22+KI04+KI17
xgboost,target,isotonic,0.673469387755102,0.07809109804941222,0.4740973312401884,0.059602649006622516,,,2,2033,K004+KI07+KA06,K003+K005+KA16+KA22+KI04+KI17
xgboost,target,conformal_marginal,,,,,0.8995290423861853,1.805337519623234,2,2033,K004+KI07+KA06,K003+K005+KA16+KA22+KI04+KI17
xgboost,target,conformal_class_conditional,,,,,0.9324960753532182,1.7111459968602827,2,2033,K004+KI07+KA06,K003+K005+KA16+KA22+KI04+KI17
xgboost,combined,raw,0.706436420722135,0.23456103283344676,0.40816326530612246,0.057692307692307696,,,2,2033,K004+KI07+KA06,K003+K005+KA16+KA22+KI04+KI17
xgboost,combined,temperature,0.706436420722135,0.08431504068399018,0.41444270015698587,0.06060606060606061,,,2,2033,K004+KI07+KA06,K003+K005+KA16+KA22+KI04+KI17
xgboost,combined,isotonic,0.6671899529042387,0.09663253317102632,0.5243328100470958,0.09580838323353294,,,2,2033,K004+KI07+KA06,K003+K005+KA16+KA22+KI04+KI17
xgboost,combined,conformal_marginal,,,,,0.8712715855572999,1.6766091051805339,2,2033,K004+KI07+KA06,K003+K005+KA16+KA22+KI04+KI17
xgboost,combined,conformal_class_conditional,,,,,0.8901098901098901,1.5918367346938775,2,2033,K004+KI07+KA06,K003+K005+KA16+KA22+KI04+KI17
random_forest,source,raw,0.7095761381475667,0.1712456454644024,0.7786499215070644,0.2056451612903226,,,2,2034,K002+KI03+KA09,K003+K006+KA04+KA15+KI17+KI18
random_forest,source,temperature,0.7095761381475667,0.1359852250588312,0.7739403453689168,0.2028397565922921,,,2,2034,K002+KI03+KA09,K003+K006+KA04+KA15+KI17+KI18
random_forest,source,isotonic,0.7378335949764521,0.16256129986955348,0.9481946624803768,0.25,,,2,2034,K002+KI03+KA09,K003+K006+KA04+KA15+KI17+KI18
random_forest,source,conformal_marginal,,,,,0.7080062794348508,0.9827315541601256,2,2034,K002+KI03+KA09,K003+K006+KA04+KA15+KI17+KI18
random_forest,source,conformal_class_conditional,,,,,0.6640502354788069,0.8634222919937206,2,2034,K002+KI03+KA09,K003+K006+KA04+KA15+KI17+KI18
random_forest,target,raw,0.7095761381475667,0.1712456454644024,0.26373626373626374,0.047619047619047616,,,2,2034,K002+KI03+KA09,K003+K006+KA04+KA15+KI17+KI18
random_forest,target,temperature,0.7095761381475667,0.12346893810104044,0.24489795918367346,0.03205128205128205,,,2,2034,K002+KI03+KA09,K003+K006+KA04+KA15+KI17+KI18
random_forest,target,isotonic,0.6656200941915228,0.12506755847325954,0.37362637362637363,0.029411764705882353,,,2,2034,K002+KI03+KA09,K003+K006+KA04+KA15+KI17+KI18
random_forest,target,conformal_marginal,,,,,0.9638932496075353,2.0926216640502355,2,2034,K002+KI03+KA09,K003+K006+KA04+KA15+KI17+KI18
random_forest,target,conformal_class_conditional,,,,,0.9701726844583988,1.8822605965463108,2,2034,K002+KI03+KA09,K003+K006+KA04+KA15+KI17+KI18
random_forest,combined,raw,0.7095761381475667,0.1712456454644024,0.29356357927786497,0.0481283422459893,,,2,2034,K002+KI03+KA09,K003+K006+KA04+KA15+KI17+KI18
random_forest,combined,temperature,0.7095761381475667,0.07555148089008724,0.30141287284144425,0.041666666666666664,,,2,2034,K002+KI03+KA09,K003+K006+KA04+KA15+KI17+KI18
random_forest,combined,isotonic,0.6970172684458399,0.077786891868369,0.4317111459968603,0.04363636363636364,,,2,2034,K002+KI03+KA09,K003+K006+KA04+KA15+KI17+KI18
random_forest,combined,conformal_marginal,,,,,0.9340659340659341,1.913657770800628,2,2034,K002+KI03+KA09,K003+K006+KA04+KA15+KI17+KI18
random_forest,combined,conformal_class_conditional,,,,,0.9497645211930926,1.737833594976452,2,2034,K002+KI03+KA09,K003+K006+KA04+KA15+KI17+KI18
svm,source,raw,0.7362637362637363,0.15968890843672168,0.7378335949764521,0.15319148936170213,,,2,2034,K002+KI03+KA09,K003+K006+KA04+KA15+KI17+KI18
svm,source,temperature,0.7362637362637363,0.12193928724734883,0.7237048665620094,0.1475054229934924,,,2,2034,K002+KI03+KA09,K003+K006+KA04+KA15+KI17+KI18
svm,source,isotonic,0.7409733124018838,0.16172831269428845,0.9497645211930926,0.23471074380165288,,,2,2034,K002+KI03+KA09,K003+K006+KA04+KA15+KI17+KI18
svm,source,conformal_marginal,,,,,0.695447409733124,0.8916797488226059,2,2034,K002+KI03+KA09,K003+K006+KA04+KA15+KI17+KI18
svm,source,conformal_class_conditional,,,,,0.6985871271585558,0.9481946624803768,2,2034,K002+KI03+KA09,K003+K006+KA04+KA15+KI17+KI18
svm,target,raw,0.7362637362637363,0.15968890843672168,0.20251177394034536,0.023255813953488372,,,2,2034,K002+KI03+KA09,K003+K006+KA04+KA15+KI17+KI18
svm,target,temperature,0.7362637362637363,0.09330114435942971,0.28728414442700156,0.01092896174863388,,,2,2034,K002+KI03+KA09,K003+K006+KA04+KA15+KI17+KI18
svm,target,isotonic,0.6530612244897959,0.13126154167660434,0.5196232339089482,0.04833836858006042,,,2,2034,K002+KI03+KA09,K003+K006+KA04+KA15+KI17+KI18
svm,target,conformal_marginal,,,,,0.9544740973312402,1.987441130298273,2,2034,K002+KI03+KA09,K003+K006+KA04+KA15+KI17+KI18
svm,target,conformal_class_conditional,,,,,0.9795918367346939,1.9607535321821037,2,2034,K002+KI03+KA09,K003+K006+KA04+KA15+KI17+KI18
svm,combined,raw,0.7362637362637363,0.15968890843672168,0.3390894819466248,0.046296296296296294,,,2,2034,K002+KI03+KA09,K003+K006+KA04+KA15+KI17+KI18
svm,combined,temperature,0.7362637362637363,0.05822988995435314,0.3500784929356358,0.04484304932735426,,,2,2034,K002+KI03+KA09,K003+K006+KA04+KA15+KI17+KI18
svm,combined,isotonic,0.6923076923076923,0.09792195926632831,0.5274725274725275,0.05357142857142857,,,2,2034,K002+KI03+KA09,K003+K006+KA04+KA15+KI17+KI18
svm,combined,conformal_marginal,,,,,0.9324960753532182,1.7959183673469388,2,2034,K002+KI03+KA09,K003+K006+KA04+KA15+KI17+KI18
svm,combined,conformal_class_conditional,,,,,0.9497645211930926,1.7880690737833596,2,2034,K002+KI03+KA09,K003+K006+KA04+KA15+KI17+KI18
xgboost,source,raw,0.7268445839874411,0.21934525961030038,0.8540031397174255,0.2113970588235294,,,2,2034,K002+KI03+KA09,K003+K006+KA04+KA15+KI17+KI18
xgboost,source,temperature,0.7268445839874411,0.14704505491492909,0.8367346938775511,0.20637898686679174,,,2,2034,K002+KI03+KA09,K003+K006+KA04+KA15+KI17+KI18
xgboost,source,isotonic,0.7362637362637363,0.1770651877182421,0.8775510204081632,0.2182468694096601,,,2,2034,K002+KI03+KA09,K003+K006+KA04+KA15+KI17+KI18
xgboost,source,conformal_marginal,,,,,0.7001569858712716,0.945054945054945,2,2034,K002+KI03+KA09,K003+K006+KA04+KA15+KI17+KI18
xgboost,source,conformal_class_conditional,,,,,0.6703296703296703,0.8885400313971743,2,2034,K002+KI03+KA09,K003+K006+KA04+KA15+KI17+KI18
xgboost,target,raw,0.7268445839874411,0.21934525961030038,0.21978021978021978,0.03571428571428571,,,2,2034,K002+KI03+KA09,K003+K006+KA04+KA15+KI17+KI18
xgboost,target,temperature,0.7268445839874411,0.07814250858931258,0.24960753532182103,0.03773584905660377,,,2,2034,K002+KI03+KA09,K003+K006+KA04+KA15+KI17+KI18
xgboost,target,isotonic,0.6624803767660911,0.10721813259886645,0.41130298273155413,0.03816793893129771,,,2,2034,K002+KI03+KA09,K003+K006+KA04+KA15+KI17+KI18
xgboost,target,conformal_marginal,,,,,0.967032967032967,2.0408163265306123,2,2034,K002+KI03+KA09,K003+K006+KA04+KA15+KI17+KI18
xgboost,target,conformal_class_conditional,,,,,0.9764521193092621,1.8555729984301412,2,2034,K002+KI03+KA09,K003+K006+KA04+KA15+KI17+KI18
xgboost,combined,raw,0.7268445839874411,0.21934525961030038,0.2370486656200942,0.039735099337748346,,,2,2034,K002+KI03+KA09,K003+K006+KA04+KA15+KI17+KI18
xgboost,combined,temperature,0.7268445839874411,0.061922330048826885,0.25902668759811615,0.03636363636363636,,,2,2034,K002+KI03+KA09,K003+K006+KA04+KA15+KI17+KI18
xgboost,combined,isotonic,0.7441130298273155,0.072064536483266,0.45054945054945056,0.04878048780487805,,,2,2034,K002+KI03+KA09,K003+K006+KA04+KA15+KI17+KI18
xgboost,combined,conformal_marginal,,,,,0.9434850863422292,1.8226059654631084,2,2034,K002+KI03+KA09,K003+K006+KA04+KA15+KI17+KI18
xgboost,combined,conformal_class_conditional,,,,,0.9623233908948194,1.7362637362637363,2,2034,K002+KI03+KA09,K003+K006+KA04+KA15+KI17+KI18
random_forest,source,raw,0.6828885400313972,0.17514457701010433,0.9858712715855573,0.31210191082802546,,,2,2035,K001+KI08+KA06,K003+K006+KA04+KA15+KI18+KI21
random_forest,source,temperature,0.6828885400313972,0.24981986394155226,0.9827315541601256,0.31309904153354634,,,2,2035,K001+KI08+KA06,K003+K006+KA04+KA15+KI18+KI21
random_forest,source,isotonic,0.6514913657770801,0.27687562698242035,0.9764521193092621,0.33440514469453375,,,2,2035,K001+KI08+KA06,K003+K006+KA04+KA15+KI18+KI21
random_forest,source,conformal_marginal,,,,,0.5824175824175825,0.7786499215070644,2,2035,K001+KI08+KA06,K003+K006+KA04+KA15+KI18+KI21
random_forest,source,conformal_class_conditional,,,,,0.4631083202511774,0.6970172684458399,2,2035,K001+KI08+KA06,K003+K006+KA04+KA15+KI18+KI21
random_forest,target,raw,0.6828885400313972,0.17514457701010433,0.3359497645211931,0.0794392523364486,,,2,2035,K001+KI08+KA06,K003+K006+KA04+KA15+KI18+KI21
random_forest,target,temperature,0.6828885400313972,0.13503679878711478,0.30612244897959184,0.08205128205128205,,,2,2035,K001+KI08+KA06,K003+K006+KA04+KA15+KI18+KI21
random_forest,target,isotonic,0.6389324960753532,0.14442282609200807,0.4364207221350079,0.08992805755395683,,,2,2035,K001+KI08+KA06,K003+K006+KA04+KA15+KI18+KI21
random_forest,target,conformal_marginal,,,,,0.9544740973312402,2.19309262166405,2,2035,K001+KI08+KA06,K003+K006+KA04+KA15+KI18+KI21
random_forest,target,conformal_class_conditional,,,,,0.869701726844584,1.662480376766091,2,2035,K001+KI08+KA06,K003+K006+KA04+KA15+KI18+KI21
random_forest,combined,raw,0.6828885400313972,0.17514457701010433,0.4175824175824176,0.13157894736842105,,,2,2035,K001+KI08+KA06,K003+K006+KA04+KA15+KI18+KI21
random_forest,combined,temperature,0.6828885400313972,0.07249921422216142,0.43328100470957615,0.11594202898550725,,,2,2035,K001+KI08+KA06,K003+K006+KA04+KA15+KI18+KI21
random_forest,combined,isotonic,0.6138147566718996,0.17262752047576452,0.4772370486656201,0.10197368421052631,,,2,2035,K001+KI08+KA06,K003+K006+KA04+KA15+KI18+KI21
random_forest,combined,conformal_marginal,,,,,0.8665620094191523,1.6656200941915227,2,2035,K001+KI08+KA06,K003+K006+KA04+KA15+KI18+KI21
random_forest,combined,conformal_class_conditional,,,,,0.8540031397174255,1.5777080062794349,2,2035,K001+KI08+KA06,K003+K006+KA04+KA15+KI18+KI21
svm,source,raw,0.6938775510204082,0.19456349411879778,0.9309262166405023,0.28161888701517707,,,2,2035,K001+KI08+KA06,K003+K006+KA04+KA15+KI18+KI21
svm,source,temperature,0.6938775510204082,0.25441272166825585,0.9340659340659341,0.2823529411764706,,,2,2035,K001+KI08+KA06,K003+K006+KA04+KA15+KI18+KI21
svm,source,isotonic,0.6891679748822606,0.27520437236394574,0.9937205651491365,0.3080568720379147,,,2,2035,K001+KI08+KA06,K003+K006+KA04+KA15+KI18+KI21
svm,source,conformal_marginal,,,,,0.565149136577708,0.7142857142857143,2,2035,K001+KI08+KA06,K003+K006+KA04+KA15+KI18+KI21
svm,source,conformal_class_conditional,,,,,0.49607535321821034,0.6436420722135008,2,2035,K001+KI08+KA06,K003+K006+KA04+KA15+KI18+KI21
svm,target,raw,0.6938775510204082,0.19456349411879778,0.38618524332810045,0.06097560975609756,,,2,2035,K001+KI08+KA06,K003+K006+KA04+KA15+KI18+KI21
svm,target,temperature,0.6938775510204082,0.06375059944159799,0.34222919937205654,0.04128440366972477,,,2,2035,K001+KI08+KA06,K003+K006+KA04+KA15+KI18+KI21
svm,target,isotonic,0.6185243328100472,0.19394901446701712,0.48194662480376765,0.08143322475570032,,,2,2035,K001+KI08+KA06,K003+K006+KA04+KA15+KI18+KI21
svm,target,conformal_marginal,,,,,0.9403453689167975,2.0675039246467817,2,2035,K001+KI08+KA06,K003+K006+KA04+KA15+KI18+KI21
svm,target,conformal_class_conditional,,,,,0.847723704866562,1.7001569858712715,2,2035,K001+KI08+KA06,K003+K006+KA04+KA15+KI18+KI21
svm,combined,raw,0.6938775510204082,0.19456349411879778,0.4631083202511774,0.0847457627118644,,,2,2035,K001+KI08+KA06,K003+K006+KA04+KA15+KI18+KI21
svm,combined,temperature,0.6938775510204082,0.07244682198444569,0.4599686028257457,0.08191126279863481,,,2,2035,K001+KI08+KA06,K003+K006+KA04+KA15+KI18+KI21
svm,combined,isotonic,0.6263736263736264,0.1605269714473742,0.5274725274725275,0.12202380952380952,,,2,2035,K001+KI08+KA06,K003+K006+KA04+KA15+KI18+KI21
svm,combined,conformal_marginal,,,,,0.8335949764521193,1.4866562009419153,2,2035,K001+KI08+KA06,K003+K006+KA04+KA15+KI18+KI21
svm,combined,conformal_class_conditional,,,,,0.8178963893249608,1.5886970172684458,2,2035,K001+KI08+KA06,K003+K006+KA04+KA15+KI18+KI21
xgboost,source,raw,0.6671899529042387,0.27525075404572896,0.9921507064364207,0.33069620253164556,,,2,2035,K001+KI08+KA06,K003+K006+KA04+KA15+KI18+KI21
xgboost,source,temperature,0.6671899529042387,0.2690833809216484,0.9921507064364207,0.33069620253164556,,,2,2035,K001+KI08+KA06,K003+K006+KA04+KA15+KI18+KI21
xgboost,source,isotonic,0.6467817896389325,0.2922539322003366,0.9921507064364207,0.3528481012658228,,,2,2035,K001+KI08+KA06,K003+K006+KA04+KA15+KI18+KI21
xgboost,source,conformal_marginal,,,,,0.5557299843014128,0.7331240188383046,2,2035,K001+KI08+KA06,K003+K006+KA04+KA15+KI18+KI21
xgboost,source,conformal_class_conditional,,,,,0.5133437990580848,0.7189952904238619,2,2035,K001+KI08+KA06,K003+K006+KA04+KA15+KI18+KI21
xgboost,target,raw,0.6671899529042387,0.27525075404572896,0.3202511773940345,0.06862745098039216,,,2,2035,K001+KI08+KA06,K003+K006+KA04+KA15+KI18+KI21
xgboost,target,temperature,0.6671899529042387,0.08935052252131608,0.33751962323390894,0.06976744186046512,,,2,2035,K001+KI08+KA06,K003+K006+KA04+KA15+KI18+KI21
xgboost,target,isotonic,0.6279434850863422,0.14758315631140279,0.40188383045525905,0.05078125,,,2,2035,K001+KI08+KA06,K003+K006+KA04+KA15+KI18+KI21
xgboost,target,conformal_marginal,,,,,0.9105180533751962,1.915227629513344,2,2035,K001+KI08+KA06,K003+K006+KA04+KA15+KI18+KI21
xgboost,target,conformal_class_conditional,,,,,0.8367346938775511,1.6106750392464677,2,2035,K001+KI08+KA06,K003+K006+KA04+KA15+KI18+KI21
xgboost,combined,raw,0.6671899529042387,0.27525075404572896,0.4317111459968603,0.12727272727272726,,,2,2035,K001+KI08+KA06,K003+K006+KA04+KA15+KI18+KI21
xgboost,combined,temperature,0.6671899529042387,0.12834662192841131,0.43956043956043955,0.11785714285714285,,,2,2035,K001+KI08+KA06,K003+K006+KA04+KA15+KI18+KI21
xgboost,combined,isotonic,0.6357927786499215,0.16021137909010683,0.42857142857142855,0.06227106227106227,,,2,2035,K001+KI08+KA06,K003+K006+KA04+KA15+KI18+KI21
xgboost,combined,conformal_marginal,,,,,0.8524332810047096,1.6028257456828885,2,2035,K001+KI08+KA06,K003+K006+KA04+KA15+KI18+KI21
xgboost,combined,conformal_class_conditional,,,,,0.8037676609105181,1.4615384615384615,2,2035,K001+KI08+KA06,K003+K006+KA04+KA15+KI18+KI21
random_forest,source,raw,0.725705329153605,0.18166459094188225,0.95141065830721,0.25370675453047775,,,2,2036,K001+KI05+KA07,K003+K006+KA15+KA16+KI16+KI21
random_forest,source,temperature,0.725705329153605,0.19784548758409493,0.9529780564263323,0.25493421052631576,,,2,2036,K001+KI05+KA07,K003+K006+KA15+KA16+KI16+KI21
random_forest,source,isotonic,0.725705329153605,0.18253853587842422,0.9905956112852664,0.2674050632911392,,,2,2036,K001+KI05+KA07,K003+K006+KA15+KA16+KI16+KI21
random_forest,source,conformal_marginal,,,,,0.6912225705329154,0.9137931034482759,2,2036,K001+KI05+KA07,K003+K006+KA15+KA16+KI16+KI21
random_forest,source,conformal_class_conditional,,,,,0.6426332288401254,0.9043887147335423,2,2036,K001+KI05+KA07,K003+K006+KA15+KA16+KI16+KI21
random_forest,target,raw,0.725705329153605,0.18166459094188225,0.3761755485893417,0.041666666666666664,,,2,2036,K001+KI05+KA07,K003+K006+KA15+KA16+KI16+KI21
random_forest,target,temperature,0.725705329153605,0.210582218596728,0.28213166144200624,0.03888888888888889,,,2,2036,K001+KI05+KA07,K003+K006+KA15+KA16+KI16+KI21
random_forest,target,isotonic,0.6896551724137931,0.14099397550893436,0.5564263322884012,0.04507042253521127,,,2,2036,K001+KI05+KA07,K003+K006+KA15+KA16+KI16+KI21
random_forest,target,conformal_marginal,,,,,0.95141065830721,1.9984326018808778,2,2036,K001+KI05+KA07,K003+K006+KA15+KA16+KI16+KI21
random_forest,target,conformal_class_conditional,,,,,0.9467084639498433,1.9278996865203761,2,2036,K001+KI05+KA07,K003+K006+KA15+KA16+KI16+KI21
random_forest,combined,raw,0.725705329153605,0.18166459094188225,0.49843260188087773,0.0660377358490566,,,2,2036,K001+KI05+KA07,K003+K006+KA15+KA16+KI16+KI21
random_forest,combined,temperature,0.725705329153605,0.1408393439273853,0.32601880877742945,0.052884615384615384,,,2,2036,K001+KI05+KA07,K003+K006+KA15+KA16+KI16+KI21
random_forest,combined,isotonic,0.6896551724137931,0.14567647276016008,0.5611285266457681,0.04748603351955307,,,2,2036,K001+KI05+KA07,K003+K006+KA15+KA16+KI16+KI21
random_forest,combined,conformal_marginal,,,,,0.9075235109717869,1.6222570532915361,2,2036,K001+KI05+KA07,K003+K006+KA15+KA16+KI16+KI21
random_forest,combined,conformal_class_conditional,,,,,0.9341692789968652,1.865203761755486,2,2036,K001+KI05+KA07,K003+K006+KA15+KA16+KI16+KI21
svm,source,raw,0.7445141065830722,0.17263570706269254,0.9749216300940439,0.2491961414790997,,,2,2036,K001+KI05+KA07,K003+K006+KA15+KA16+KI16+KI21
svm,source,temperature,0.7445141065830722,0.20432205170063572,0.9764890282131662,0.24879614767255218,,,2,2036,K001+KI05+KA07,K003+K006+KA15+KA16+KI16+KI21
svm,source,isotonic,0.7523510971786834,0.2127103418922246,0.9717868338557993,0.24193548387096775,,,2,2036,K001+KI05+KA07,K003+K006+KA15+KA16+KI16+KI21
svm,source,conformal_marginal,,,,,0.677115987460815,0.8526645768025078,2,2036,K001+KI05+KA07,K003+K006+KA15+KA16+KI16+KI21
svm,source,conformal_class_conditional,,,,,0.6238244514106583,0.8150470219435737,2,2036,K001+KI05+KA07,K003+K006+KA15+KA16+KI16+KI21
svm,target,raw,0.7445141065830722,0.17263570706269254,0.25862068965517243,0.048484848484848485,,,2,2036,K001+KI05+KA07,K003+K006+KA15+KA16+KI16+KI21
svm,target,temperature,0.7445141065830722,0.1289944475322021,0.2774294670846395,0.07344632768361582,,,2,2036,K001+KI05+KA07,K003+K006+KA15+KA16+KI16+KI21
svm,target,isotonic,0.7084639498432602,0.13898990044004506,0.5642633228840125,0.04722222222222222,,,2,2036,K001+KI05+KA07,K003+K006+KA15+KA16+KI16+KI21
svm,target,conformal_marginal,,,,,0.9357366771159875,2.175548589341693,2,2036,K001+KI05+KA07,K003+K006+KA15+KA16+KI16+KI21
svm,target,conformal_class_conditional,,,,,0.9467084639498433,1.9498432601880877,2,2036,K001+KI05+KA07,K003+K006+KA15+KA16+KI16+KI21
svm,combined,raw,0.7445141065830722,0.17263570706269254,0.3871473354231975,0.09716599190283401,,,2,2036,K001+KI05+KA07,K003+K006+KA15+KA16+KI16+KI21
svm,combined,temperature,0.7445141065830722,0.06984146914102639,0.33699059561128525,0.08372093023255814,,,2,2036,K001+KI05+KA07,K003+K006+KA15+KA16+KI16+KI21
svm,combined,isotonic,0.7068965517241379,0.1042550377597972,0.5956112852664577,0.0868421052631579,,,2,2036,K001+KI05+KA07,K003+K006+KA15+KA16+KI16+KI21
svm,combined,conformal_marginal,,,,,0.8918495297805643,1.6865203761755485,2,2036,K001+KI05+KA07,K003+K006+KA15+KA16+KI16+KI21
svm,combined,conformal_class_conditional,,,,,0.9122257053291536,1.7601880877742946,2,2036,K001+KI05+KA07,K003+K006+KA15+KA16+KI16+KI21
xgboost,source,raw,0.7068965517241379,0.2584796919250936,0.9529780564263323,0.26973684210526316,,,2,2036,K001+KI05+KA07,K003+K006+KA15+KA16+KI16+KI21
xgboost,source,temperature,0.7068965517241379,0.20877731771685942,0.9404388714733543,0.2633333333333333,,,2,2036,K001+KI05+KA07,K003+K006+KA15+KA16+KI16+KI21
xgboost,source,isotonic,0.719435736677116,0.20379513288962048,0.9561128526645768,0.26557377049180325,,,2,2036,K001+KI05+KA07,K003+K006+KA15+KA16+KI16+KI21
xgboost,source,conformal_marginal,,,,,0.6943573667711599,0.945141065830721,2,2036,K001+KI05+KA07,K003+K006+KA15+KA16+KI16+KI21
xgboost,source,conformal_class_conditional,,,,,0.6332288401253918,0.9231974921630094,2,2036,K001+KI05+KA07,K003+K006+KA15+KA16+KI16+KI21
xgboost,target,raw,0.7068965517241379,0.2584796919250936,0.28213166144200624,0.08333333333333333,,,2,2036,K001+KI05+KA07,K003+K006+KA15+KA16+KI16+KI21
xgboost,target,temperature,0.7068965517241379,0.1239241944044058,0.3072100313479624,0.0663265306122449,,,2,2036,K001+KI05+KA07,K003+K006+KA15+KA16+KI16+KI21
xgboost,target,isotonic,0.6912225705329154,0.11648633081686419,0.4843260188087774,0.025889967637540454,,,2,2036,K001+KI05+KA07,K003+K006+KA15+KA16+KI16+KI21
xgboost,target,conformal_marginal,,,,,0.9278996865203761,1.890282131661442,2,2036,K001+KI05+KA07,K003+K006+KA15+KA16+KI16+KI21
xgboost,target,conformal_class_conditional,,,,,0.9184952978056427,1.749216300940439,2,2036,K001+KI05+KA07,K003+K006+KA15+KA16+KI16+KI21
xgboost,combined,raw,0.7068965517241379,0.2584796919250936,0.3103448275862069,0.09595959595959595,,,2,2036,K001+KI05+KA07,K003+K006+KA15+KA16+KI16+KI21
xgboost,combined,temperature,0.7068965517241379,0.08574564646455592,0.335423197492163,0.08878504672897196,,,2,2036,K001+KI05+KA07,K003+K006+KA15+KA16+KI16+KI21
xgboost,combined,isotonic,0.6880877742946708,0.13514441366169339,0.5501567398119123,0.04843304843304843,,,2,2036,K001+KI05+KA07,K003+K006+KA15+KA16+KI16+KI21
xgboost,combined,conformal_marginal,,,,,0.9028213166144201,1.7053291536050157,2,2036,K001+KI05+KA07,K003+K006+KA15+KA16+KI16+KI21
xgboost,combined,conformal_class_conditional,,,,,0.9043887147335423,1.6692789968652038,2,2036,K001+KI05+KA07,K003+K006+KA15+KA16+KI16+KI21
random_forest,source,raw,0.5078616352201258,0.3539049095431156,0.7264150943396226,0.4090909090909091,,,2,2037,K004+KI05+KA06,K005+K006+KA04+KA30+KI04+KI14
random_forest,source,temperature,0.5078616352201258,0.2909504231058933,0.7091194968553459,0.401330376940133,,,2,2037,K004+KI05+KA06,K005+K006+KA04+KA30+KI04+KI14
random_forest,source,isotonic,0.5141509433962265,0.34822162350924224,0.7547169811320755,0.425,,,2,2037,K004+KI05+KA06,K005+K006+KA04+KA30+KI04+KI14
random_forest,source,conformal_marginal,,,,,0.49056603773584906,0.9119496855345912,2,2037,K004+KI05+KA06,K005+K006+KA04+KA30+KI04+KI14
random_forest,source,conformal_class_conditional,,,,,0.4921383647798742,0.9638364779874213,2,2037,K004+KI05+KA06,K005+K006+KA04+KA30+KI04+KI14
random_forest,target,raw,0.5078616352201258,0.3539049095431156,0.7515723270440252,0.4246861924686193,,,2,2037,K004+KI05+KA06,K005+K006+KA04+KA30+KI04+KI14
random_forest,target,temperature,0.5078616352201258,0.33210754986811397,0.75,0.42348008385744235,,,2,2037,K004+KI05+KA06,K005+K006+KA04+KA30+KI04+KI14
random_forest,target,isotonic,0.4827044025157233,0.39173961374508015,0.8789308176100629,0.47942754919499103,,,2,2037,K004+KI05+KA06,K005+K006+KA04+KA30+KI04+KI14
random_forest,target,conformal_marginal,,,,,0.5141509433962265,1.0047169811320755,2,2037,K004+KI05+KA06,K005+K006+KA04+KA30+KI04+KI14
random_forest,target,conformal_class_conditional,,,,,0.47327044025157233,1.0393081761006289,2,2037,K004+KI05+KA06,K005+K006+KA04+KA30+KI04+KI14
random_forest,combined,raw,0.5078616352201258,0.3539049095431156,0.75,0.42348008385744235,,,2,2037,K004+KI05+KA06,K005+K006+KA04+KA30+KI04+KI14
random_forest,combined,temperature,0.5078616352201258,0.31861652701677384,0.7484276729559748,0.42016806722689076,,,2,2037,K004+KI05+KA06,K005+K006+KA04+KA30+KI04+KI14
random_forest,combined,isotonic,0.5078616352201258,0.3605868390509802,0.8238993710691824,0.4770992366412214,,,2,2037,K004+KI05+KA06,K005+K006+KA04+KA30+KI04+KI14
random_forest,combined,conformal_marginal,,,,,0.49842767295597484,0.9512578616352201,2,2037,K004+KI05+KA06,K005+K006+KA04+KA30+KI04+KI14
random_forest,combined,conformal_class_conditional,,,,,0.47327044025157233,0.9748427672955975,2,2037,K004+KI05+KA06,K005+K006+KA04+KA30+KI04+KI14
svm,source,raw,0.5471698113207547,0.31842683708031766,0.7295597484276729,0.375,,,2,2037,K004+KI05+KA06,K005+K006+KA04+KA30+KI04+KI14
svm,source,temperature,0.5471698113207547,0.2940717893308754,0.7248427672955975,0.3752711496746204,,,2,2037,K004+KI05+KA06,K005+K006+KA04+KA30+KI04+KI14
svm,source,isotonic,0.5377358490566038,0.36527091740779083,0.85062893081761,0.4121996303142329,,,2,2037,K004+KI05+KA06,K005+K006+KA04+KA30+KI04+KI14
svm,source,conformal_marginal,,,,,0.529874213836478,0.9638364779874213,2,2037,K004+KI05+KA06,K005+K006+KA04+KA30+KI04+KI14
svm,source,conformal_class_conditional,,,,,0.4779874213836478,0.9465408805031447,2,2037,K004+KI05+KA06,K005+K006+KA04+KA30+KI04+KI14
svm,target,raw,0.5471698113207547,0.31842683708031766,0.6650943396226415,0.35697399527186763,,,2,2037,K004+KI05+KA06,K005+K006+KA04+KA30+KI04+KI14
svm,target,temperature,0.5471698113207547,0.28192425499040885,0.6776729559748428,0.35730858468677495,,,2,2037,K004+KI05+KA06,K005+K006+KA04+KA30+KI04+KI14
svm,target,isotonic,0.4937106918238994,0.3847002266892082,0.789308176100629,0.44621513944223107,,,2,2037,K004+KI05+KA06,K005+K006+KA04+KA30+KI04+KI14
svm,target,conformal_marginal,,,,,0.5566037735849056,1.0518867924528301,2,2037,K004+KI05+KA06,K005+K006+KA04+KA30+KI04+KI14
svm,target,conformal_class_conditional,,,,,0.4386792452830189,1.0078616352201257,2,2037,K004+KI05+KA06,K005+K006+KA04+KA30+KI04+KI14
svm,combined,raw,0.5471698113207547,0.31842683708031766,0.7232704402515723,0.3760869565217391,,,2,2037,K004+KI05+KA06,K005+K006+KA04+KA30+KI04+KI14
svm,combined,temperature,0.5471698113207547,0.2852061147078389,0.7169811320754716,0.37719298245614036,,,2,2037,K004+KI05+KA06,K005+K006+KA04+KA30+KI04+KI14
svm,combined,isotonic,0.49528301886792453,0.365009422329743,0.7861635220125787,0.43,,,2,2037,K004+KI05+KA06,K005+K006+KA04+KA30+KI04+KI14
svm,combined,conformal_marginal,,,,,0.5534591194968553,1.0393081761006289,2,2037,K004+KI05+KA06,K005+K006+KA04+KA30+KI04+KI14
svm,combined,conformal_class_conditional,,,,,0.48742138364779874,0.9795597484276729,2,2037,K004+KI05+KA06,K005+K006+KA04+KA30+KI04+KI14
xgboost,source,raw,0.5125786163522013,0.4244582138533862,0.7122641509433962,0.4083885209713024,,,2,2037,K004+KI05+KA06,K005+K006+KA04+KA30+KI04+KI14
xgboost,source,temperature,0.5125786163522013,0.33681611009493573,0.7012578616352201,0.40358744394618834,,,2,2037,K004+KI05+KA06,K005+K006+KA04+KA30+KI04+KI14
xgboost,source,isotonic,0.5110062893081762,0.351772412306544,0.779874213836478,0.4314516129032258,,,2,2037,K004+KI05+KA06,K005+K006+KA04+KA30+KI04+KI14
xgboost,source,conformal_marginal,,,,,0.5110062893081762,0.9968553459119497,2,2037,K004+KI05+KA06,K005+K006+KA04+KA30+KI04+KI14
xgboost,source,conformal_class_conditional,,,,,0.529874213836478,1.0676100628930818,2,2037,K004+KI05+KA06,K005+K006+KA04+KA30+KI04+KI14
xgboost,target,raw,0.5125786163522013,0.4244582138533862,0.789308176100629,0.4262948207171315,,,2,2037,K004+KI05+KA06,K005+K006+KA04+KA30+KI04+KI14
xgboost,target,temperature,0.5125786163522013,0.3490133062549126,0.779874213836478,0.42338709677419356,,,2,2037,K004+KI05+KA06,K005+K006+KA04+KA30+KI04+KI14
xgboost,target,isotonic,0.4921383647798742,0.3812768975774098,0.8191823899371069,0.45489443378119004,,,2,2037,K004+KI05+KA06,K005+K006+KA04+KA30+KI04+KI14
xgboost,target,conformal_marginal,,,,,0.5220125786163522,1.0188679245283019,2,2037,K004+KI05+KA06,K005+K006+KA04+KA30+KI04+KI14
xgboost,target,conformal_class_conditional,,,,,0.48742138364779874,1.0440251572327044,2,2037,K004+KI05+KA06,K005+K006+KA04+KA30+KI04+KI14
xgboost,combined,raw,0.5125786163522013,0.4244582138533862,0.720125786163522,0.4126637554585153,,,2,2037,K004+KI05+KA06,K005+K006+KA04+KA30+KI04+KI14
xgboost,combined,temperature,0.5125786163522013,0.3449337251583717,0.7327044025157232,0.41416309012875535,,,2,2037,K004+KI05+KA06,K005+K006+KA04+KA30+KI04+KI14
xgboost,combined,isotonic,0.49842767295597484,0.3680461791222159,0.8474842767295597,0.45640074211502785,,,2,2037,K004+KI05+KA06,K005+K006+KA04+KA30+KI04+KI14
xgboost,combined,conformal_marginal,,,,,0.5220125786163522,1.0172955974842768,2,2037,K004+KI05+KA06,K005+K006+KA04+KA30+KI04+KI14
xgboost,combined,conformal_class_conditional,,,,,0.49528301886792453,0.9968553459119497,2,2037,K004+KI05+KA06,K005+K006+KA04+KA30+KI04+KI14
random_forest,source,raw,0.5918367346938775,0.273292324677446,0.8131868131868132,0.3590733590733591,,,2,2038,K004+KI08+KA03,K005+K006+KA04+KA30+KI18+KI21
random_forest,source,temperature,0.5918367346938775,0.27718198683554773,0.8131868131868132,0.3590733590733591,,,2,2038,K004+KI08+KA03,K005+K006+KA04+KA30+KI18+KI21
random_forest,source,isotonic,0.533751962323391,0.3756962581417935,0.9827315541601256,0.46485623003194887,,,2,2038,K004+KI08+KA03,K005+K006+KA04+KA30+KI18+KI21
random_forest,source,conformal_marginal,,,,,0.5196232339089482,0.8116169544740973,2,2038,K004+KI08+KA03,K005+K006+KA04+KA30+KI18+KI21
random_forest,source,conformal_class_conditional,,,,,0.5274725274725275,0.989010989010989,2,2038,K004+KI08+KA03,K005+K006+KA04+KA30+KI18+KI21
random_forest,target,raw,0.5918367346938775,0.273292324677446,0.7032967032967034,0.31473214285714285,,,2,2038,K004+KI08+KA03,K005+K006+KA04+KA30+KI18+KI21
random_forest,target,temperature,0.5918367346938775,0.24546534198023748,0.6985871271585558,0.3146067415730337,,,2,2038,K004+KI08+KA03,K005+K006+KA04+KA30+KI18+KI21
random_forest,target,isotonic,0.5886970172684458,0.2559888895006588,0.7362637362637363,0.34328358208955223,,,2,2038,K004+KI08+KA03,K005+K006+KA04+KA30+KI18+KI21
random_forest,target,conformal_marginal,,,,,0.6718995290423861,1.2668759811616954,2,2038,K004+KI08+KA03,K005+K006+KA04+KA30+KI18+KI21
random_forest,target,conformal_class_conditional,,,,,0.6687598116169545,1.2590266875981162,2,2038,K004+KI08+KA03,K005+K006+KA04+KA30+KI18+KI21
random_forest,combined,raw,0.5918367346938775,0.273292324677446,0.7221350078492935,0.3282608695652174,,,2,2038,K004+KI08+KA03,K005+K006+KA04+KA30+KI18+KI21
random_forest,combined,temperature,0.5918367346938775,0.2548849188924308,0.7158555729984302,0.32456140350877194,,,2,2038,K004+KI08+KA03,K005+K006+KA04+KA30+KI18+KI21
random_forest,combined,isotonic,0.554160125588697,0.2948911190553968,0.7990580847723705,0.37524557956778,,,2,2038,K004+KI08+KA03,K005+K006+KA04+KA30+KI18+KI21
random_forest,combined,conformal_marginal,,,,,0.6483516483516484,1.1444270015698588,2,2038,K004+KI08+KA03,K005+K006+KA04+KA30+KI18+KI21
random_forest,combined,conformal_class_conditional,,,,,0.6295133437990581,1.163265306122449,2,2038,K004+KI08+KA03,K005+K006+KA04+KA30+KI18+KI21
svm,source,raw,0.6185243328100472,0.26479091905813357,0.7864992150706437,0.3013972055888224,,,2,2038,K004+KI08+KA03,K005+K006+KA04+KA30+KI18+KI21
svm,source,temperature,0.6185243328100472,0.25016361921452057,0.7708006279434851,0.2973523421588595,,,2,2038,K004+KI08+KA03,K005+K006+KA04+KA30+KI18+KI21
svm,source,isotonic,0.5368916797488226,0.36391125900895394,0.9921507064364207,0.4620253164556962,,,2,2038,K004+KI08+KA03,K005+K006+KA04+KA30+KI18+KI21
svm,source,conformal_marginal,,,,,0.5934065934065934,0.9481946624803768,2,2038,K004+KI08+KA03,K005+K006+KA04+KA30+KI18+KI21
svm,source,conformal_class_conditional,,,,,0.5557299843014128,0.9309262166405023,2,2038,K004+KI08+KA03,K005+K006+KA04+KA30+KI18+KI21
svm,target,raw,0.6185243328100472,0.26479091905813357,0.6530612244897959,0.2403846153846154,,,2,2038,K004+KI08+KA03,K005+K006+KA04+KA30+KI18+KI21
svm,target,temperature,0.6185243328100472,0.23239558373605756,0.6546310832025117,0.23980815347721823,,,2,2038,K004+KI08+KA03,K005+K006+KA04+KA30+KI18+KI21
svm,target,isotonic,0.6012558869701727,0.2634953109598549,0.7472527472527473,0.3025210084033613,,,2,2038,K004+KI08+KA03,K005+K006+KA04+KA30+KI18+KI21
svm,target,conformal_marginal,,,,,0.6671899529042387,1.1805337519623234,2,2038,K004+KI08+KA03,K005+K006+KA04+KA30+KI18+KI21
svm,target,conformal_class_conditional,,,,,0.6263736263736264,1.1444270015698588,2,2038,K004+KI08+KA03,K005+K006+KA04+KA30+KI18+KI21
svm,combined,raw,0.6185243328100472,0.26479091905813357,0.6844583987441131,0.2591743119266055,,,2,2038,K004+KI08+KA03,K005+K006+KA04+KA30+KI18+KI21
svm,combined,temperature,0.6185243328100472,0.23645820673037696,0.7032967032967034,0.265625,,,2,2038,K004+KI08+KA03,K005+K006+KA04+KA30+KI18+KI21
svm,combined,isotonic,0.5855572998430141,0.2976896357508323,0.814756671899529,0.3603082851637765,,,2,2038,K004+KI08+KA03,K005+K006+KA04+KA30+KI18+KI21
svm,combined,conformal_marginal,,,,,0.6452119309262166,1.1161695447409734,2,2038,K004+KI08+KA03,K005+K006+KA04+KA30+KI18+KI21
svm,combined,conformal_class_conditional,,,,,0.6028257456828885,1.0518053375196232,2,2038,K004+KI08+KA03,K005+K006+KA04+KA30+KI18+KI21
xgboost,source,raw,0.5902668759811617,0.3508337781979487,0.8618524332810047,0.37340619307832423,,,2,2038,K004+KI08+KA03,K005+K006+KA04+KA30+KI18+KI21
xgboost,source,temperature,0.5902668759811617,0.30647368413263676,0.847723704866562,0.37037037037037035,,,2,2038,K004+KI08+KA03,K005+K006+KA04+KA30+KI18+KI21
xgboost,source,isotonic,0.5525902668759811,0.35885685599215655,0.9984301412872841,0.44654088050314467,,,2,2038,K004+KI08+KA03,K005+K006+KA04+KA30+KI18+KI21
xgboost,source,conformal_marginal,,,,,0.5620094191522763,0.9262166405023547,2,2038,K004+KI08+KA03,K005+K006+KA04+KA30+KI18+KI21
xgboost,source,conformal_class_conditional,,,,,0.5321821036106751,0.9497645211930926,2,2038,K004+KI08+KA03,K005+K006+KA04+KA30+KI18+KI21
xgboost,target,raw,0.5902668759811617,0.3508337781979487,0.6891679748822606,0.31662870159453305,,,2,2038,K004+KI08+KA03,K005+K006+KA04+KA30+KI18+KI21
xgboost,target,temperature,0.5902668759811617,0.26401005081405504,0.7095761381475667,0.3230088495575221,,,2,2038,K004+KI08+KA03,K005+K006+KA04+KA30+KI18+KI21
xgboost,target,isotonic,0.5635792778649922,0.309523416920122,0.7786499215070644,0.3487903225806452,,,2,2038,K004+KI08+KA03,K005+K006+KA04+KA30+KI18+KI21
xgboost,target,conformal_marginal,,,,,0.6342229199372057,1.1459968602825745,2,2038,K004+KI08+KA03,K005+K006+KA04+KA30+KI18+KI21
xgboost,target,conformal_class_conditional,,,,,0.6216640502354788,1.1695447409733124,2,2038,K004+KI08+KA03,K005+K006+KA04+KA30+KI18+KI21
xgboost,combined,raw,0.5902668759811617,0.3508337781979487,0.7378335949764521,0.32553191489361705,,,2,2038,K004+KI08+KA03,K005+K006+KA04+KA30+KI18+KI21
xgboost,combined,temperature,0.5902668759811617,0.27739769199076725,0.7331240188383046,0.3233404710920771,,,2,2038,K004+KI08+KA03,K005+K006+KA04+KA30+KI18+KI21
xgboost,combined,isotonic,0.5604395604395604,0.31841520542467316,0.8194662480376766,0.38122605363984674,,,2,2038,K004+KI08+KA03,K005+K006+KA04+KA30+KI18+KI21
xgboost,combined,conformal_marginal,,,,,0.609105180533752,1.0722135007849294,2,2038,K004+KI08+KA03,K005+K006+KA04+KA30+KI18+KI21
xgboost,combined,conformal_class_conditional,,,,,0.5871271585557299,1.0596546310832025,2,2038,K004+KI08+KA03,K005+K006+KA04+KA30+KI18+KI21
random_forest,source,raw,0.7409733124018838,0.16431811728667706,0.902668759811617,0.22608695652173913,,,2,2039,K004+KI07+KA03,K005+K006+KA15+KA30+KI16+KI18
random_forest,source,temperature,0.7409733124018838,0.16490427844011446,0.902668759811617,0.22608695652173913,,,2,2039,K004+KI07+KA03,K005+K006+KA15+KA30+KI16+KI18
random_forest,source,isotonic,0.6624803767660911,0.267397066512994,1.0,0.33751962323390894,,,2,2039,K004+KI07+KA03,K005+K006+KA15+KA30+KI16+KI18
random_forest,source,conformal_marginal,,,,,0.6860282574568289,0.8744113029827315,2,2039,K004+KI07+KA03,K005+K006+KA15+KA30+KI16+KI18
random_forest,source,conformal_class_conditional,,,,,0.6420722135007849,0.9246467817896389,2,2039,K004+KI07+KA03,K005+K006+KA15+KA30+KI16+KI18
random_forest,target,raw,0.7409733124018838,0.16431811728667706,0.28728414442700156,0.00546448087431694,,,2,2039,K004+KI07+KA03,K005+K006+KA15+KA30+KI16+KI18
random_forest,target,temperature,0.7409733124018838,0.10837156203743947,0.44427001569858715,0.04946996466431095,,,2,2039,K004+KI07+KA03,K005+K006+KA15+KA30+KI16+KI18
random_forest,target,isotonic,0.7551020408163265,0.07491348685805882,0.3956043956043956,0.023809523809523808,,,2,2039,K004+KI07+KA03,K005+K006+KA15+KA30+KI16+KI18
random_forest,target,conformal_marginal,,,,,0.9481946624803768,1.835164835164835,2,2039,K004+KI07+KA03,K005+K006+KA15+KA30+KI16+KI18
random_forest,target,conformal_class_conditional,,,,,0.9434850863422292,1.7346938775510203,2,2039,K004+KI07+KA03,K005+K006+KA15+KA30+KI16+KI18
random_forest,combined,raw,0.7409733124018838,0.16431811728667706,0.4945054945054945,0.050793650793650794,,,2,2039,K004+KI07+KA03,K005+K006+KA15+KA30+KI16+KI18
random_forest,combined,temperature,0.7409733124018838,0.04708457085010506,0.5149136577708007,0.06097560975609756,,,2,2039,K004+KI07+KA03,K005+K006+KA15+KA30+KI16+KI18
random_forest,combined,isotonic,0.7535321821036107,0.10514392172749869,0.43328100470957615,0.057971014492753624,,,2,2039,K004+KI07+KA03,K005+K006+KA15+KA30+KI16+KI18
random_forest,combined,conformal_marginal,,,,,0.9230769230769231,1.6248037676609106,2,2039,K004+KI07+KA03,K005+K006+KA15+KA30+KI16+KI18
random_forest,combined,conformal_class_conditional,,,,,0.9262166405023547,1.6499215070643642,2,2039,K004+KI07+KA03,K005+K006+KA15+KA30+KI16+KI18
svm,source,raw,0.783359497645212,0.13377175071950986,0.8634222919937206,0.15818181818181817,,,2,2039,K004+KI07+KA03,K005+K006+KA15+KA30+KI16+KI18
svm,source,temperature,0.783359497645212,0.11988449805005778,0.8571428571428571,0.15384615384615385,,,2,2039,K004+KI07+KA03,K005+K006+KA15+KA30+KI16+KI18
svm,source,isotonic,0.7111459968602826,0.2292106361723909,0.9921507064364207,0.28639240506329117,,,2,2039,K004+KI07+KA03,K005+K006+KA15+KA30+KI16+KI18
svm,source,conformal_marginal,,,,,0.7645211930926217,0.945054945054945,2,2039,K004+KI07+KA03,K005+K006+KA15+KA30+KI16+KI18
svm,source,conformal_class_conditional,,,,,0.6514913657770801,0.8885400313971743,2,2039,K004+KI07+KA03,K005+K006+KA15+KA30+KI16+KI18
svm,target,raw,0.783359497645212,0.13377175071950986,0.4364207221350079,0.007194244604316547,,,2,2039,K004+KI07+KA03,K005+K006+KA15+KA30+KI16+KI18
svm,target,temperature,0.783359497645212,0.08051266241770605,0.4175824175824176,0.011278195488721804,,,2,2039,K004+KI07+KA03,K005+K006+KA15+KA30+KI16+KI18
svm,target,isotonic,0.7817896389324961,0.07786450160027687,0.3029827315541601,0.0,,,2,2039,K004+KI07+KA03,K005+K006+KA15+KA30+KI16+KI18
svm,target,conformal_marginal,,,,,0.9591836734693877,1.946624803767661,2,2039,K004+KI07+KA03,K005+K006+KA15+KA30+KI16+KI18
svm,target,conformal_class_conditional,,,,,0.9560439560439561,1.76138147566719,2,2039,K004+KI07+KA03,K005+K006+KA15+KA30+KI16+KI18
svm,combined,raw,0.783359497645212,0.13377175071950986,0.5086342229199372,0.021604938271604937,,,2,2039,K004+KI07+KA03,K005+K006+KA15+KA30+KI16+KI18
svm,combined,temperature,0.783359497645212,0.04224516245940708,0.5054945054945055,0.024844720496894408,,,2,2039,K004+KI07+KA03,K005+K006+KA15+KA30+KI16+KI18
svm,combined,isotonic,0.7535321821036107,0.10968416426272962,0.554160125588697,0.014164305949008499,,,2,2039,K004+KI07+KA03,K005+K006+KA15+KA30+KI16+KI18
svm,combined,conformal_marginal,,,,,0.9120879120879121,1.5416012558869703,2,2039,K004+KI07+KA03,K005+K006+KA15+KA30+KI16+KI18
svm,combined,conformal_class_conditional,,,,,0.9340659340659341,1.6860282574568288,2,2039,K004+KI07+KA03,K005+K006+KA15+KA30+KI16+KI18
xgboost,source,raw,0.7566718995290423,0.21262085316132526,0.9481946624803768,0.23013245033112584,,,2,2039,K004+KI07+KA03,K005+K006+KA15+KA30+KI16+KI18
xgboost,source,temperature,0.7566718995290423,0.17663717237127463,0.9466248037676609,0.23051409618573798,,,2,2039,K004+KI07+KA03,K005+K006+KA15+KA30+KI16+KI18
xgboost,source,isotonic,0.7315541601255887,0.21410841767926406,0.9968602825745683,0.26614173228346455,,,2,2039,K004+KI07+KA03,K005+K006+KA15+KA30+KI16+KI18
xgboost,source,conformal_marginal,,,,,0.7237048665620094,0.9215070643642073,2,2039,K004+KI07+KA03,K005+K006+KA15+KA30+KI16+KI18
xgboost,source,conformal_class_conditional,,,,,0.673469387755102,0.9230769230769231,2,2039,K004+KI07+KA03,K005+K006+KA15+KA30+KI16+KI18
xgboost,target,raw,0.7566718995290423,0.21262085316132526,0.16169544740973313,0.019417475728155338,,,2,2039,K004+KI07+KA03,K005+K006+KA15+KA30+KI16+KI18
xgboost,target,temperature,0.7566718995290423,0.1139451066428969,0.1695447409733124,0.018518518518518517,,,2,2039,K004+KI07+KA03,K005+K006+KA15+KA30+KI16+KI18
xgboost,target,isotonic,0.7613814756671899,0.10005918844326409,0.2794348508634223,0.0056179775280898875,,,2,2039,K004+KI07+KA03,K005+K006+KA15+KA30+KI16+KI18
xgboost,target,conformal_marginal,,,,,0.9544740973312402,1.803767660910518,2,2039,K004+KI07+KA03,K005+K006+KA15+KA30+KI16+KI18
xgboost,target,conformal_class_conditional,,,,,0.9434850863422292,1.6703296703296704,2,2039,K004+KI07+KA03,K005+K006+KA15+KA30+KI16+KI18
xgboost,combined,raw,0.7566718995290423,0.21262085316132526,0.42543171114599687,0.033210332103321034,,,2,2039,K004+KI07+KA03,K005+K006+KA15+KA30+KI16+KI18
xgboost,combined,temperature,0.7566718995290423,0.09790084328150878,0.4521193092621664,0.034722222222222224,,,2,2039,K004+KI07+KA03,K005+K006+KA15+KA30+KI16+KI18
xgboost,combined,isotonic,0.7425431711145997,0.06119740458851408,0.40345368916797486,0.007782101167315175,,,2,2039,K004+KI07+KA03,K005+K006+KA15+KA30+KI16+KI18
xgboost,combined,conformal_marginal,,,,,0.9183673469387755,1.598116169544741,2,2039,K004+KI07+KA03,K005+K006+KA15+KA30+KI16+KI18
xgboost,combined,conformal_class_conditional,,,,,0.9167974882260597,1.565149136577708,2,2039,K004+KI07+KA03,K005+K006+KA15+KA30+KI16+KI18
random_forest,source,raw,0.7774294670846394,0.12485021374385617,0.9733542319749217,0.214170692431562,,,2,2040,K002+KI08+KA05,K005+K006+KA04+KA15+KI17+KI21
random_forest,source,temperature,0.7774294670846394,0.1377953290780183,0.9670846394984326,0.21555915721231766,,,2,2040,K002+KI08+KA05,K005+K006+KA04+KA15+KI17+KI21
random_forest,source,isotonic,0.7711598746081505,0.17498652401894782,0.9827586206896551,0.22488038277511962,,,2,2040,K002+KI08+KA05,K005+K006+KA04+KA15+KI17+KI21
random_forest,source,conformal_marginal,,,,,0.7382445141065831,0.9278996865203761,2,2040,K002+KI08+KA05,K005+K006+KA04+KA15+KI17+KI21
random_forest,source,conformal_class_conditional,,,,,0.7225705329153606,0.9122257053291536,2,2040,K002+KI08+KA05,K005+K006+KA04+KA15+KI17+KI21
random_forest,target,raw,0.7774294670846394,0.12485021374385617,0.3761755485893417,0.025,,,2,2040,K002+KI08+KA05,K005+K006+KA04+KA15+KI17+KI21
random_forest,target,temperature,0.7774294670846394,0.2113207678097332,0.3432601880877743,0.0228310502283105,,,2,2040,K002+KI08+KA05,K005+K006+KA04+KA15+KI17+KI21
random_forest,target,isotonic,0.7711598746081505,0.11642850601252452,0.5172413793103449,0.02727272727272727,,,2,2040,K002+KI08+KA05,K005+K006+KA04+KA15+KI17+KI21
random_forest,target,conformal_marginal,,,,,0.9529780564263323,2.054858934169279,2,2040,K002+KI08+KA05,K005+K006+KA04+KA15+KI17+KI21
random_forest,target,conformal_class_conditional,,,,,0.9764890282131662,1.786833855799373,2,2040,K002+KI08+KA05,K005+K006+KA04+KA15+KI17+KI21
random_forest,combined,raw,0.7774294670846394,0.12485021374385617,0.4122257053291536,0.030418250950570342,,,2,2040,K002+KI08+KA05,K005+K006+KA04+KA15+KI17+KI21
random_forest,combined,temperature,0.7774294670846394,0.13304264417436776,0.3620689655172414,0.025974025974025976,,,2,2040,K002+KI08+KA05,K005+K006+KA04+KA15+KI17+KI21
random_forest,combined,isotonic,0.7789968652037618,0.09533095081784775,0.5532915360501567,0.0339943342776204,,,2,2040,K002+KI08+KA05,K005+K006+KA04+KA15+KI17+KI21
random_forest,combined,conformal_marginal,,,,,0.9216300940438872,1.8244514106583072,2,2040,K002+KI08+KA05,K005+K006+KA04+KA15+KI17+KI21
random_forest,combined,conformal_class_conditional,,,,,0.9639498432601881,1.664576802507837,2,2040,K002+KI08+KA05,K005+K006+KA04+KA15+KI17+KI21
svm,source,raw,0.7821316614420063,0.11854558798647069,0.9717868338557993,0.20483870967741935,,,2,2040,K002+KI08+KA05,K005+K006+KA04+KA15+KI17+KI21
svm,source,temperature,0.7821316614420063,0.130919811059307,0.9670846394984326,0.20097244732576985,,,2,2040,K002+KI08+KA05,K005+K006+KA04+KA15+KI17+KI21
svm,source,isotonic,0.7711598746081505,0.1518421620450424,0.9655172413793104,0.21428571428571427,,,2,2040,K002+KI08+KA05,K005+K006+KA04+KA15+KI17+KI21
svm,source,conformal_marginal,,,,,0.7021943573667712,0.8213166144200627,2,2040,K002+KI08+KA05,K005+K006+KA04+KA15+KI17+KI21
svm,source,conformal_class_conditional,,,,,0.7163009404388715,0.8918495297805643,2,2040,K002+KI08+KA05,K005+K006+KA04+KA15+KI17+KI21
svm,target,raw,0.7821316614420063,0.11854558798647069,0.2711598746081505,0.028901734104046242,,,2,2040,K002+KI08+KA05,K005+K006+KA04+KA15+KI17+KI21
svm,target,temperature,0.7821316614420063,0.15440383200070149,0.29780564263322884,0.021052631578947368,,,2,2040,K002+KI08+KA05,K005+K006+KA04+KA15+KI17+KI21
svm,target,isotonic,0.7727272727272727,0.09013673208970104,0.5470219435736677,0.025787965616045846,,,2,2040,K002+KI08+KA05,K005+K006+KA04+KA15+KI17+KI21
svm,target,conformal_marginal,,,,,0.9420062695924765,2.170846394984326,2,2040,K002+KI08+KA05,K005+K006+KA04+KA15+KI17+KI21
svm,target,conformal_class_conditional,,,,,0.9733542319749217,1.9106583072100314,2,2040,K002+KI08+KA05,K005+K006+KA04+KA15+KI17+KI21
svm,combined,raw,0.7821316614420063,0.11854558798647069,0.3887147335423197,0.056451612903225805,,,2,2040,K002+KI08+KA05,K005+K006+KA04+KA15+KI17+KI21
svm,combined,temperature,0.7821316614420063,0.06424979976827812,0.3777429467084639,0.04979253112033195,,,2,2040,K002+KI08+KA05,K005+K006+KA04+KA15+KI17+KI21
svm,combined,isotonic,0.786833855799373,0.07434696588421033,0.6003134796238244,0.05221932114882506,,,2,2040,K002+KI08+KA05,K005+K006+KA04+KA15+KI17+KI21
svm,combined,conformal_marginal,,,,,0.9200626959247649,1.8025078369905956,2,2040,K002+KI08+KA05,K005+K006+KA04+KA15+KI17+KI21
svm,combined,conformal_class_conditional,,,,,0.9498432601880877,1.7711598746081505,2,2040,K002+KI08+KA05,K005+K006+KA04+KA15+KI17+KI21
xgboost,source,raw,0.7601880877742947,0.19579342829770058,0.9106583072100314,0.19965576592082615,,,2,2040,K002+KI08+KA05,K005+K006+KA04+KA15+KI17+KI21
xgboost,source,temperature,0.7601880877742947,0.1587024898070024,0.9122257053291536,0.19931271477663232,,,2,2040,K002+KI08+KA05,K005+K006+KA04+KA15+KI17+KI21
xgboost,source,isotonic,0.7695924764890282,0.14860519121444937,0.9373040752351097,0.20234113712374582,,,2,2040,K002+KI08+KA05,K005+K006+KA04+KA15+KI17+KI21
xgboost,source,conformal_marginal,,,,,0.7601880877742947,0.9937304075235109,2,2040,K002+KI08+KA05,K005+K006+KA04+KA15+KI17+KI21
xgboost,source,conformal_class_conditional,,,,,0.7507836990595611,0.9968652037617555,2,2040,K002+KI08+KA05,K005+K006+KA04+KA15+KI17+KI21
xgboost,target,raw,0.7601880877742947,0.19579342829770058,0.19592476489028213,0.008,,,2,2040,K002+KI08+KA05,K005+K006+KA04+KA15+KI17+KI21
xgboost,target,temperature,0.7601880877742947,0.09870674712663477,0.25391849529780564,0.012345679012345678,,,2,2040,K002+KI08+KA05,K005+K006+KA04+KA15+KI17+KI21
xgboost,target,isotonic,0.7382445141065831,0.0938911070688316,0.5219435736677116,0.021021021021021023,,,2,2040,K002+KI08+KA05,K005+K006+KA04+KA15+KI17+KI21
xgboost,target,conformal_marginal,,,,,0.9482758620689655,1.829153605015674,2,2040,K002+KI08+KA05,K005+K006+KA04+KA15+KI17+KI21
xgboost,target,conformal_class_conditional,,,,,0.9717868338557993,1.7304075235109717,2,2040,K002+KI08+KA05,K005+K006+KA04+KA15+KI17+KI21
xgboost,combined,raw,0.7601880877742947,0.19579342829770058,0.3432601880877743,0.0182648401826484,,,2,2040,K002+KI08+KA05,K005+K006+KA04+KA15+KI17+KI21
xgboost,combined,temperature,0.7601880877742947,0.07297124454607898,0.3824451410658307,0.01639344262295082,,,2,2040,K002+KI08+KA05,K005+K006+KA04+KA15+KI17+KI21
xgboost,combined,isotonic,0.7554858934169278,0.08118195219575186,0.5250783699059561,0.023880597014925373,,,2,2040,K002+KI08+KA05,K005+K006+KA04+KA15+KI17+KI21
xgboost,combined,conformal_marginal,,,,,0.9247648902821317,1.6661442006269593,2,2040,K002+KI08+KA05,K005+K006+KA04+KA15+KI17+KI21
xgboost,combined,conformal_class_conditional,,,,,0.9623824451410659,1.658307210031348,2,2040,K002+KI08+KA05,K005+K006+KA04+KA15+KI17+KI21
random_forest,source,raw,0.6194968553459119,0.22438786648068576,0.8694968553459119,0.3453887884267631,,,2,2041,K002+KI05+KA08,K005+K006+KA16+KA22+KI04+KI18
random_forest,source,temperature,0.6194968553459119,0.22224465668157845,0.8694968553459119,0.3453887884267631,,,2,2041,K002+KI05+KA08,K005+K006+KA16+KA22+KI04+KI18
random_forest,source,isotonic,0.6226415094339622,0.27503804605085413,0.9622641509433962,0.369281045751634,,,2,2041,K002+KI05+KA08,K005+K006+KA16+KA22+KI04+KI18
random_forest,source,conformal_marginal,,,,,0.5424528301886793,0.809748427672956,2,2041,K002+KI05+KA08,K005+K006+KA16+KA22+KI04+KI18
random_forest,source,conformal_class_conditional,,,,,0.5487421383647799,0.8286163522012578,2,2041,K002+KI05+KA08,K005+K006+KA16+KA22+KI04+KI18
random_forest,target,raw,0.6194968553459119,0.22438786648068576,0.2688679245283019,0.0935672514619883,,,2,2041,K002+KI05+KA08,K005+K006+KA16+KA22+KI04+KI18
random_forest,target,temperature,0.6194968553459119,0.02014092642434884,0.26257861635220126,0.07784431137724551,,,2,2041,K002+KI05+KA08,K005+K006+KA16+KA22+KI04+KI18
random_forest,target,isotonic,0.4921383647798742,0.26784971161733045,0.28773584905660377,0.1366120218579235,,,2,2041,K002+KI05+KA08,K005+K006+KA16+KA22+KI04+KI18
random_forest,target,conformal_marginal,,,,,0.8569182389937107,1.9229559748427674,2,2041,K002+KI05+KA08,K005+K006+KA16+KA22+KI04+KI18
random_forest,target,conformal_class_conditional,,,,,0.6084905660377359,1.4764150943396226,2,2041,K002+KI05+KA08,K005+K006+KA16+KA22+KI04+KI18
random_forest,combined,raw,0.6194968553459119,0.22438786648068576,0.35691823899371067,0.13656387665198239,,,2,2041,K002+KI05+KA08,K005+K006+KA16+KA22+KI04+KI18
random_forest,combined,temperature,0.6194968553459119,0.047272712265270536,0.40723270440251574,0.16988416988416988,,,2,2041,K002+KI05+KA08,K005+K006+KA16+KA22+KI04+KI18
random_forest,combined,isotonic,0.5345911949685535,0.23457964534246695,0.360062893081761,0.17903930131004367,,,2,2041,K002+KI05+KA08,K005+K006+KA16+KA22+KI04+KI18
random_forest,combined,conformal_marginal,,,,,0.7688679245283019,1.5738993710691824,2,2041,K002+KI05+KA08,K005+K006+KA16+KA22+KI04+KI18
random_forest,combined,conformal_class_conditional,,,,,0.6289308176100629,1.4276729559748427,2,2041,K002+KI05+KA08,K005+K006+KA16+KA22+KI04+KI18
svm,source,raw,0.6477987421383647,0.21129881226948288,0.8836477987421384,0.3202846975088968,,,2,2041,K002+KI05+KA08,K005+K006+KA16+KA22+KI04+KI18
svm,source,temperature,0.6477987421383647,0.2288672977584163,0.8867924528301887,0.32269503546099293,,,2,2041,K002+KI05+KA08,K005+K006+KA16+KA22+KI04+KI18
svm,source,isotonic,0.6336477987421384,0.29865995746574914,0.9685534591194969,0.3457792207792208,,,2,2041,K002+KI05+KA08,K005+K006+KA16+KA22+KI04+KI18
svm,source,conformal_marginal,,,,,0.5644654088050315,0.8113207547169812,2,2041,K002+KI05+KA08,K005+K006+KA16+KA22+KI04+KI18
svm,source,conformal_class_conditional,,,,,0.5251572327044025,0.7987421383647799,2,2041,K002+KI05+KA08,K005+K006+KA16+KA22+KI04+KI18
svm,target,raw,0.6477987421383647,0.21129881226948288,0.27358490566037735,0.05747126436781609,,,2,2041,K002+KI05+KA08,K005+K006+KA16+KA22+KI04+KI18
svm,target,temperature,0.6477987421383647,0.055777564571090066,0.27672955974842767,0.0625,,,2,2041,K002+KI05+KA08,K005+K006+KA16+KA22+KI04+KI18
svm,target,isotonic,0.4889937106918239,0.32386621863600873,0.3223270440251572,0.08780487804878048,,,2,2041,K002+KI05+KA08,K005+K006+KA16+KA22+KI04+KI18
svm,target,conformal_marginal,,,,,0.8459119496855346,1.8176100628930818,2,2041,K002+KI05+KA08,K005+K006+KA16+KA22+KI04+KI18
svm,target,conformal_class_conditional,,,,,0.6320754716981132,1.5062893081761006,2,2041,K002+KI05+KA08,K005+K006+KA16+KA22+KI04+KI18
svm,combined,raw,0.6477987421383647,0.21129881226948288,0.45754716981132076,0.16838487972508592,,,2,2041,K002+KI05+KA08,K005+K006+KA16+KA22+KI04+KI18
svm,combined,temperature,0.6477987421383647,0.09583339857708931,0.35691823899371067,0.1013215859030837,,,2,2041,K002+KI05+KA08,K005+K006+KA16+KA22+KI04+KI18
svm,combined,isotonic,0.5518867924528302,0.22282193368083866,0.4088050314465409,0.21153846153846154,,,2,2041,K002+KI05+KA08,K005+K006+KA16+KA22+KI04+KI18
svm,combined,conformal_marginal,,,,,0.8144654088050315,1.619496855345912,2,2041,K002+KI05+KA08,K005+K006+KA16+KA22+KI04+KI18
svm,combined,conformal_class_conditional,,,,,0.6352201257861635,1.4418238993710693,2,2041,K002+KI05+KA08,K005+K006+KA16+KA22+KI04+KI18
xgboost,source,raw,0.6257861635220126,0.31445049166491956,0.7720125786163522,0.319755600814664,,,2,2041,K002+KI05+KA08,K005+K006+KA16+KA22+KI04+KI18
xgboost,source,temperature,0.6257861635220126,0.22956461605767253,0.7547169811320755,0.30833333333333335,,,2,2041,K002+KI05+KA08,K005+K006+KA16+KA22+KI04+KI18
xgboost,source,isotonic,0.5880503144654088,0.28983067010666297,0.9544025157232704,0.38879736408566723,,,2,2041,K002+KI05+KA08,K005+K006+KA16+KA22+KI04+KI18
xgboost,source,conformal_marginal,,,,,0.5676100628930818,0.8757861635220126,2,2041,K002+KI05+KA08,K005+K006+KA16+KA22+KI04+KI18
xgboost,source,conformal_class_conditional,,,,,0.5738993710691824,0.9182389937106918,2,2041,K002+KI05+KA08,K005+K006+KA16+KA22+KI04+KI18
xgboost,target,raw,0.6257861635220126,0.31445049166491956,0.3474842767295597,0.17647058823529413,,,2,2041,K002+KI05+KA08,K005+K006+KA16+KA22+KI04+KI18
xgboost,target,temperature,0.6257861635220126,0.13385172914836538,0.33962264150943394,0.16666666666666666,,,2,2041,K002+KI05+KA08,K005+K006+KA16+KA22+KI04+KI18
xgboost,target,isotonic,0.4968553459119497,0.26276883936421025,0.4009433962264151,0.25882352941176473,,,2,2041,K002+KI05+KA08,K005+K006+KA16+KA22+KI04+KI18
xgboost,target,conformal_marginal,,,,,0.8223270440251572,1.8176100628930818,2,2041,K002+KI05+KA08,K005+K006+KA16+KA22+KI04+KI18
xgboost,target,conformal_class_conditional,,,,,0.6069182389937107,1.4323899371069182,2,2041,K002+KI05+KA08,K005+K006+KA16+KA22+KI04+KI18
xgboost,combined,raw,0.6257861635220126,0.31445049166491956,0.39622641509433965,0.21031746031746032,,,2,2041,K002+KI05+KA08,K005+K006+KA16+KA22+KI04+KI18
xgboost,combined,temperature,0.6257861635220126,0.1529008447384073,0.3977987421383648,0.1976284584980237,,,2,2041,K002+KI05+KA08,K005+K006+KA16+KA22+KI04+KI18
xgboost,combined,isotonic,0.5581761006289309,0.21458291293808868,0.4009433962264151,0.24313725490196078,,,2,2041,K002+KI05+KA08,K005+K006+KA16+KA22+KI04+KI18
xgboost,combined,conformal_marginal,,,,,0.7657232704402516,1.5723270440251573,2,2041,K002+KI05+KA08,K005+K006+KA16+KA22+KI04+KI18
xgboost,combined,conformal_class_conditional,,,,,0.6289308176100629,1.3553459119496856,2,2041,K002+KI05+KA08,K005+K006+KA16+KA22+KI04+KI18
random_forest,source,raw,0.7252747252747253,0.1359582432337657,0.6593406593406593,0.15714285714285714,,,2,2042,K004+KI01+KA07,K005+K006+KA04+KA15+KI14+KI17
random_forest,source,temperature,0.7252747252747253,0.1222759247557842,0.6640502354788069,0.15602836879432624,,,2,2042,K004+KI01+KA07,K005+K006+KA04+KA15+KI14+KI17
random_forest,source,isotonic,0.5824175824175825,0.3125176939137925,0.9717425431711146,0.40226171243941844,,,2,2042,K004+KI01+KA07,K005+K006+KA04+KA15+KI14+KI17
random_forest,source,conformal_marginal,,,,,0.717425431711146,0.9827315541601256,2,2042,K004+KI01+KA07,K005+K006+KA04+KA15+KI14+KI17
random_forest,source,conformal_class_conditional,,,,,0.6326530612244898,0.9293563579277865,2,2042,K004+KI01+KA07,K005+K006+KA04+KA15+KI14+KI17
random_forest,target,raw,0.7252747252747253,0.1359582432337657,0.2684458398744113,0.029239766081871343,,,2,2042,K004+KI01+KA07,K005+K006+KA04+KA15+KI14+KI17
random_forest,target,temperature,0.7252747252747253,0.17914853820828214,0.2668759811616955,0.052941176470588235,,,2,2042,K004+KI01+KA07,K005+K006+KA04+KA15+KI14+KI17
random_forest,target,isotonic,0.7205651491365777,0.07118652627107516,0.4050235478806907,0.04263565891472868,,,2,2042,K004+KI01+KA07,K005+K006+KA04+KA15+KI14+KI17
random_forest,target,conformal_marginal,,,,,0.9623233908948194,2.0894819466248036,2,2042,K004+KI01+KA07,K005+K006+KA04+KA15+KI14+KI17
random_forest,target,conformal_class_conditional,,,,,0.967032967032967,1.8461538461538463,2,2042,K004+KI01+KA07,K005+K006+KA04+KA15+KI14+KI17
random_forest,combined,raw,0.7252747252747253,0.1359582432337657,0.3092621664050236,0.04568527918781726,,,2,2042,K004+KI01+KA07,K005+K006+KA04+KA15+KI14+KI17
random_forest,combined,temperature,0.7252747252747253,0.13322589466558674,0.28414442700156983,0.049723756906077346,,,2,2042,K004+KI01+KA07,K005+K006+KA04+KA15+KI14+KI17
random_forest,combined,isotonic,0.7127158555729984,0.09582260864582326,0.4772370486656201,0.05921052631578947,,,2,2042,K004+KI01+KA07,K005+K006+KA04+KA15+KI14+KI17
random_forest,combined,conformal_marginal,,,,,0.9372056514913658,1.9058084772370487,2,2042,K004+KI01+KA07,K005+K006+KA04+KA15+KI14+KI17
random_forest,combined,conformal_class_conditional,,,,,0.9544740973312402,1.7645211930926217,2,2042,K004+KI01+KA07,K005+K006+KA04+KA15+KI14+KI17
svm,source,raw,0.5996860282574569,0.21666707346366135,0.5039246467817896,0.2087227414330218,,,2,2042,K004+KI01+KA07,K005+K006+KA04+KA15+KI14+KI17
svm,source,temperature,0.5996860282574569,0.05549871610008263,0.434850863422292,0.20938628158844766,,,2,2042,K004+KI01+KA07,K005+K006+KA04+KA15+KI14+KI17
svm,source,isotonic,0.6781789638932496,0.2552824260073757,0.989010989010989,0.31746031746031744,,,2,2042,K004+KI01+KA07,K005+K006+KA04+KA15+KI14+KI17
svm,source,conformal_marginal,,,,,0.8210361067503925,1.4599686028257457,2,2042,K004+KI01+KA07,K005+K006+KA04+KA15+KI14+KI17
svm,source,conformal_class_conditional,,,,,0.695447409733124,1.010989010989011,2,2042,K004+KI01+KA07,K005+K006+KA04+KA15+KI14+KI17
svm,target,raw,0.5996860282574569,0.21666707346366135,0.18838304552590268,0.06666666666666667,,,2,2042,K004+KI01+KA07,K005+K006+KA04+KA15+KI14+KI17
svm,target,temperature,0.5996860282574569,0.051832404089932935,0.18995290423861852,0.0743801652892562,,,2,2042,K004+KI01+KA07,K005+K006+KA04+KA15+KI14+KI17
svm,target,isotonic,0.6875981161695447,0.09958712415989547,0.25588697017268447,0.06748466257668712,,,2,2042,K004+KI01+KA07,K005+K006+KA04+KA15+KI14+KI17
svm,target,conformal_marginal,,,,,0.9419152276295133,2.4521193092621663,2,2042,K004+KI01+KA07,K005+K006+KA04+KA15+KI14+KI17
svm,target,conformal_class_conditional,,,,,0.9748822605965463,2.023547880690738,2,2042,K004+KI01+KA07,K005+K006+KA04+KA15+KI14+KI17
svm,combined,raw,0.5996860282574569,0.21666707346366135,0.2401883830455259,0.10457516339869281,,,2,2042,K004+KI01+KA07,K005+K006+KA04+KA15+KI14+KI17
svm,combined,temperature,0.5996860282574569,0.06550205745087068,0.22919937205651492,0.1095890410958904,,,2,2042,K004+KI01+KA07,K005+K006+KA04+KA15+KI14+KI17
svm,combined,isotonic,0.7488226059654631,0.1043509190474513,0.29513343799058084,0.11170212765957446,,,2,2042,K004+KI01+KA07,K005+K006+KA04+KA15+KI14+KI17
svm,combined,conformal_marginal,,,,,0.9215070643642073,2.2621664050235477,2,2042,K004+KI01+KA07,K005+K006+KA04+KA15+KI14+KI17
svm,combined,conformal_class_conditional,,,,,0.9466248037676609,1.901098901098901,2,2042,K004+KI01+KA07,K005+K006+KA04+KA15+KI14+KI17
xgboost,source,raw,0.728414442700157,0.21369273111434706,0.9262166405023547,0.2457627118644068,,,2,2042,K004+KI01+KA07,K005+K006+KA04+KA15+KI14+KI17
xgboost,source,temperature,0.728414442700157,0.17520365333750298,0.9120879120879121,0.24096385542168675,,,2,2042,K004+KI01+KA07,K005+K006+KA04+KA15+KI14+KI17
xgboost,source,isotonic,0.6279434850863422,0.2793275040054777,0.945054945054945,0.3388704318936877,,,2,2042,K004+KI01+KA07,K005+K006+KA04+KA15+KI14+KI17
xgboost,source,conformal_marginal,,,,,0.7362637362637363,1.012558869701727,2,2042,K004+KI01+KA07,K005+K006+KA04+KA15+KI14+KI17
xgboost,source,conformal_class_conditional,,,,,0.6153846153846154,0.8681318681318682,2,2042,K004+KI01+KA07,K005+K006+KA04+KA15+KI14+KI17
xgboost,target,raw,0.728414442700157,0.21369273111434706,0.23547880690737832,0.04,,,2,2042,K004+KI01+KA07,K005+K006+KA04+KA15+KI14+KI17
xgboost,target,temperature,0.728414442700157,0.09638431894686621,0.23233908948194662,0.04054054054054054,,,2,2042,K004+KI01+KA07,K005+K006+KA04+KA15+KI14+KI17
xgboost,target,isotonic,0.6985871271585558,0.08096462247910534,0.3704866562009419,0.025423728813559324,,,2,2042,K004+KI01+KA07,K005+K006+KA04+KA15+KI14+KI17
xgboost,target,conformal_marginal,,,,,0.9513343799058085,1.9968602825745683,2,2042,K004+KI01+KA07,K005+K006+KA04+KA15+KI14+KI17
xgboost,target,conformal_class_conditional,,,,,0.9654631083202512,1.8508634222919937,2,2042,K004+KI01+KA07,K005+K006+KA04+KA15+KI14+KI17
xgboost,combined,raw,0.728414442700157,0.21369273111434706,0.2967032967032967,0.042328042328042326,,,2,2042,K004+KI01+KA07,K005+K006+KA04+KA15+KI14+KI17
xgboost,combined,temperature,0.728414442700157,0.06479821730844827,0.2778649921507064,0.04519774011299435,,,2,2042,K004+KI01+KA07,K005+K006+KA04+KA15+KI14+KI17
xgboost,combined,isotonic,0.6985871271585558,0.11217642748762109,0.5729984301412873,0.07123287671232877,,,2,2042,K004+KI01+KA07,K005+K006+KA04+KA15+KI14+KI17
xgboost,combined,conformal_marginal,,,,,0.9277864992150706,1.847723704866562,2,2042,K004+KI01+KA07,K005+K006+KA04+KA15+KI14+KI17
xgboost,combined,conformal_class_conditional,,,,,0.9434850863422292,1.7535321821036107,2,2042,K004+KI01+KA07,K005+K006+KA04+KA15+KI14+KI17
random_forest,source,raw,0.8602825745682888,0.03699391268272337,0.8069073783359497,0.07198443579766536,,,2,2043,K002+KI03+KA05,K003+K006+KA15+KA22+KI14+KI17
random_forest,source,temperature,0.8602825745682888,0.02882209678922942,0.8021978021978022,0.06653620352250489,,,2,2043,K002+KI03+KA05,K003+K006+KA15+KA22+KI14+KI17
random_forest,source,isotonic,0.8649921507064364,0.06184061414421942,0.9246467817896389,0.10526315789473684,,,2,2043,K002+KI03+KA05,K003+K006+KA15+KA22+KI14+KI17
random_forest,source,conformal_marginal,,,,,0.8634222919937206,1.0266875981161696,2,2043,K002+KI03+KA05,K003+K006+KA15+KA22+KI14+KI17
random_forest,source,conformal_class_conditional,,,,,0.8759811616954474,1.0156985871271587,2,2043,K002+KI03+KA05,K003+K006+KA15+KA22+KI14+KI17
random_forest,target,raw,0.8602825745682888,0.03699391268272337,0.0,,,,2,2043,K002+KI03+KA05,K003+K006+KA15+KA22+KI14+KI17
random_forest,target,temperature,0.8602825745682888,0.36172535023853525,0.0,,,,2,2043,K002+KI03+KA05,K003+K006+KA15+KA22+KI14+KI17
random_forest,target,isotonic,0.8649921507064364,0.14227168606455207,0.4599686028257457,0.006825938566552901,,,2,2043,K002+KI03+KA05,K003+K006+KA15+KA22+KI14+KI17
random_forest,target,conformal_marginal,,,,,0.9984301412872841,1.9230769230769231,2,2043,K002+KI03+KA05,K003+K006+KA15+KA22+KI14+KI17
random_forest,target,conformal_class_conditional,,,,,0.9874411302982732,1.8712715855572999,2,2043,K002+KI03+KA05,K003+K006+KA15+KA22+KI14+KI17
random_forest,combined,raw,0.8602825745682888,0.03699391268272337,0.0,,,,2,2043,K002+KI03+KA05,K003+K006+KA15+KA22+KI14+KI17
random_forest,combined,temperature,0.8602825745682888,0.23809276852195424,0.0,,,,2,2043,K002+KI03+KA05,K003+K006+KA15+KA22+KI14+KI17
random_forest,combined,isotonic,0.8681318681318682,0.08873472735663564,0.6200941915227629,0.04050632911392405,,,2,2043,K002+KI03+KA05,K003+K006+KA15+KA22+KI14+KI17
random_forest,combined,conformal_marginal,,,,,0.9968602825745683,1.8492935635792778,2,2043,K002+KI03+KA05,K003+K006+KA15+KA22+KI14+KI17
random_forest,combined,conformal_class_conditional,,,,,0.9811616954474097,1.8304552590266876,2,2043,K002+KI03+KA05,K003+K006+KA15+KA22+KI14+KI17
svm,source,raw,0.8728414442700158,0.04509541037202572,0.8210361067503925,0.0497131931166348,,,2,2043,K002+KI03+KA05,K003+K006+KA15+KA22+KI14+KI17
svm,source,temperature,0.8728414442700158,0.03485580820835704,0.8131868131868132,0.04826254826254826,,,2,2043,K002+KI03+KA05,K003+K006+KA15+KA22+KI14+KI17
svm,source,isotonic,0.8822605965463108,0.04312736963570956,0.8602825745682888,0.058394160583941604,,,2,2043,K002+KI03+KA05,K003+K006+KA15+KA22+KI14+KI17
svm,source,conformal_marginal,,,,,0.8524332810047096,0.9340659340659341,2,2043,K002+KI03+KA05,K003+K006+KA15+KA22+KI14+KI17
svm,source,conformal_class_conditional,,,,,0.9010989010989011,1.0204081632653061,2,2043,K002+KI03+KA05,K003+K006+KA15+KA22+KI14+KI17
svm,target,raw,0.8728414442700158,0.04509541037202572,0.24175824175824176,0.0,,,2,2043,K002+KI03+KA05,K003+K006+KA15+KA22+KI14+KI17
svm,target,temperature,0.8728414442700158,0.2880005676222478,0.29984301412872844,0.0,,,2,2043,K002+KI03+KA05,K003+K006+KA15+KA22+KI14+KI17
svm,target,isotonic,0.8869701726844584,0.18276659798621397,0.6671899529042387,0.023529411764705882,,,2,2043,K002+KI03+KA05,K003+K006+KA15+KA22+KI14+KI17
svm,target,conformal_marginal,,,,,1.0,2.2668759811616956,2,2043,K002+KI03+KA05,K003+K006+KA15+KA22+KI14+KI17
svm,target,conformal_class_conditional,,,,,0.9952904238618524,1.8320251177394034,2,2043,K002+KI03+KA05,K003+K006+KA15+KA22+KI14+KI17
svm,combined,raw,0.8728414442700158,0.04509541037202572,0.24803767660910517,0.0,,,2,2043,K002+KI03+KA05,K003+K006+KA15+KA22+KI14+KI17
svm,combined,temperature,0.8728414442700158,0.17279012445109884,0.3359497645211931,0.0,,,2,2043,K002+KI03+KA05,K003+K006+KA15+KA22+KI14+KI17
svm,combined,isotonic,0.8932496075353218,0.12914318564994062,0.6138147566718996,0.01278772378516624,,,2,2043,K002+KI03+KA05,K003+K006+KA15+KA22+KI14+KI17
svm,combined,conformal_marginal,,,,,0.9984301412872841,2.036106750392465,2,2043,K002+KI03+KA05,K003+K006+KA15+KA22+KI14+KI17
svm,combined,conformal_class_conditional,,,,,0.9874411302982732,1.7582417582417582,2,2043,K002+KI03+KA05,K003+K006+KA15+KA22+KI14+KI17
xgboost,source,raw,0.8634222919937206,0.10085645453709069,0.8712715855572999,0.08468468468468468,,,2,2043,K002+KI03+KA05,K003+K006+KA15+KA22+KI14+KI17
xgboost,source,temperature,0.8634222919937206,0.03843259812093998,0.8618524332810047,0.07650273224043716,,,2,2043,K002+KI03+KA05,K003+K006+KA15+KA22+KI14+KI17
xgboost,source,isotonic,0.8854003139717426,0.05610124960856756,0.8791208791208791,0.08571428571428572,,,2,2043,K002+KI03+KA05,K003+K006+KA15+KA22+KI14+KI17
xgboost,source,conformal_marginal,,,,,0.8665620094191523,1.0031397174254317,2,2043,K002+KI03+KA05,K003+K006+KA15+KA22+KI14+KI17
xgboost,source,conformal_class_conditional,,,,,0.8838304552590267,1.0156985871271587,2,2043,K002+KI03+KA05,K003+K006+KA15+KA22+KI14+KI17
xgboost,target,raw,0.8634222919937206,0.10085645453709069,0.10989010989010989,0.0,,,2,2043,K002+KI03+KA05,K003+K006+KA15+KA22+KI14+KI17
xgboost,target,temperature,0.8634222919937206,0.31465859582008165,0.12558869701726844,0.0,,,2,2043,K002+KI03+KA05,K003+K006+KA15+KA22+KI14+KI17
xgboost,target,isotonic,0.8791208791208791,0.13188283013754004,0.5023547880690737,0.015625,,,2,2043,K002+KI03+KA05,K003+K006+KA15+KA22+KI14+KI17
xgboost,target,conformal_marginal,,,,,0.9952904238618524,1.8948194662480378,2,2043,K002+KI03+KA05,K003+K006+KA15+KA22+KI14+KI17
xgboost,target,conformal_class_conditional,,,,,0.9827315541601256,1.6766091051805339,2,2043,K002+KI03+KA05,K003+K006+KA15+KA22+KI14+KI17
xgboost,combined,raw,0.8634222919937206,0.10085645453709069,0.10989010989010989,0.0,,,2,2043,K002+KI03+KA05,K003+K006+KA15+KA22+KI14+KI17
xgboost,combined,temperature,0.8634222919937206,0.18107515099625787,0.12401883830455258,0.0,,,2,2043,K002+KI03+KA05,K003+K006+KA15+KA22+KI14+KI17
xgboost,combined,isotonic,0.8854003139717426,0.08220889394720766,0.6530612244897959,0.03365384615384615,,,2,2043,K002+KI03+KA05,K003+K006+KA15+KA22+KI14+KI17
xgboost,combined,conformal_marginal,,,,,0.9952904238618524,1.816326530612245,2,2043,K002+KI03+KA05,K003+K006+KA15+KA22+KI14+KI17
xgboost,combined,conformal_class_conditional,,,,,0.9764521193092621,1.598116169544741,2,2043,K002+KI03+KA05,K003+K006+KA15+KA22+KI14+KI17
random_forest,source,raw,0.5595611285266457,0.3161530103463992,0.7476489028213166,0.37945492662473795,,,2,2044,K002+KI03+KA08,K003+K005+KA16+KA30+KI18+KI21
random_forest,source,temperature,0.5595611285266457,0.27888451086689914,0.7460815047021944,0.37815126050420167,,,2,2044,K002+KI03+KA08,K003+K005+KA16+KA30+KI18+KI21
random_forest,source,isotonic,0.6253918495297806,0.2791986998973853,0.9968652037617555,0.3742138364779874,,,2,2044,K002+KI03+KA08,K003+K005+KA16+KA30+KI18+KI21
random_forest,source,conformal_marginal,,,,,0.5532915360501567,0.987460815047022,2,2044,K002+KI03+KA08,K003+K005+KA16+KA30+KI18+KI21
random_forest,source,conformal_class_conditional,,,,,0.5721003134796239,0.8824451410658307,2,2044,K002+KI03+KA08,K003+K005+KA16+KA30+KI18+KI21
random_forest,target,raw,0.5595611285266457,0.3161530103463992,0.7601880877742947,0.3835051546391753,,,2,2044,K002+KI03+KA08,K003+K005+KA16+KA30+KI18+KI21
random_forest,target,temperature,0.5595611285266457,0.3009478102933697,0.7633228840125392,0.3860369609856263,,,2,2044,K002+KI03+KA08,K003+K005+KA16+KA30+KI18+KI21
random_forest,target,isotonic,0.5642633228840125,0.32244395207999216,0.7884012539184952,0.3797216699801193,,,2,2044,K002+KI03+KA08,K003+K005+KA16+KA30+KI18+KI21
random_forest,target,conformal_marginal,,,,,0.6065830721003135,1.1206896551724137,2,2044,K002+KI03+KA08,K003+K005+KA16+KA30+KI18+KI21
random_forest,target,conformal_class_conditional,,,,,0.6175548589341693,1.109717868338558,2,2044,K002+KI03+KA08,K003+K005+KA16+KA30+KI18+KI21
random_forest,combined,raw,0.5595611285266457,0.3161530103463992,0.7617554858934169,0.38477366255144035,,,2,2044,K002+KI03+KA08,K003+K005+KA16+KA30+KI18+KI21
random_forest,combined,temperature,0.5595611285266457,0.2941633132139724,0.7633228840125392,0.3860369609856263,,,2,2044,K002+KI03+KA08,K003+K005+KA16+KA30+KI18+KI21
random_forest,combined,isotonic,0.5862068965517241,0.2770073858812061,0.7884012539184952,0.3797216699801193,,,2,2044,K002+KI03+KA08,K003+K005+KA16+KA30+KI18+KI21
random_forest,combined,conformal_marginal,,,,,0.5909090909090909,1.0752351097178683,2,2044,K002+KI03+KA08,K003+K005+KA16+KA30+KI18+KI21
random_forest,combined,conformal_class_conditional,,,,,0.6018808777429467,1.0407523510971788,2,2044,K002+KI03+KA08,K003+K005+KA16+KA30+KI18+KI21
svm,source,raw,0.5689655172413793,0.3200057789984604,0.713166144200627,0.34065934065934067,,,2,2044,K002+KI03+KA08,K003+K005+KA16+KA30+KI18+KI21
svm,source,temperature,0.5689655172413793,0.2715603207443509,0.6959247648902821,0.33783783783783783,,,2,2044,K002+KI03+KA08,K003+K005+KA16+KA30+KI18+KI21
svm,source,isotonic,0.6253918495297806,0.2729268325268766,0.9357366771159875,0.34003350083752093,,,2,2044,K002+KI03+KA08,K003+K005+KA16+KA30+KI18+KI21
svm,source,conformal_marginal,,,,,0.5329153605015674,0.8887147335423198,2,2044,K002+KI03+KA08,K003+K005+KA16+KA30+KI18+KI21
svm,source,conformal_class_conditional,,,,,0.6206896551724138,0.9984326018808778,2,2044,K002+KI03+KA08,K003+K005+KA16+KA30+KI18+KI21
svm,target,raw,0.5689655172413793,0.3200057789984604,0.786833855799373,0.3605577689243028,,,2,2044,K002+KI03+KA08,K003+K005+KA16+KA30+KI18+KI21
svm,target,temperature,0.5689655172413793,0.303158128053273,0.7915360501567398,0.36435643564356435,,,2,2044,K002+KI03+KA08,K003+K005+KA16+KA30+KI18+KI21
svm,target,isotonic,0.5877742946708464,0.294124216364628,0.8667711598746082,0.38698010849909587,,,2,2044,K002+KI03+KA08,K003+K005+KA16+KA30+KI18+KI21
svm,target,conformal_marginal,,,,,0.6018808777429467,1.084639498432602,2,2044,K002+KI03+KA08,K003+K005+KA16+KA30+KI18+KI21
svm,target,conformal_class_conditional,,,,,0.6159874608150471,1.098746081504702,2,2044,K002+KI03+KA08,K003+K005+KA16+KA30+KI18+KI21
svm,combined,raw,0.5689655172413793,0.3200057789984604,0.7727272727272727,0.35699797160243407,,,2,2044,K002+KI03+KA08,K003+K005+KA16+KA30+KI18+KI21
svm,combined,temperature,0.5689655172413793,0.2941811838668522,0.7570532915360502,0.35196687370600416,,,2,2044,K002+KI03+KA08,K003+K005+KA16+KA30+KI18+KI21
svm,combined,isotonic,0.5893416927899686,0.28768924341398117,0.8119122257053292,0.361003861003861,,,2,2044,K002+KI03+KA08,K003+K005+KA16+KA30+KI18+KI21
svm,combined,conformal_marginal,,,,,0.5830721003134797,1.0297805642633229,2,2044,K002+KI03+KA08,K003+K005+KA16+KA30+KI18+KI21
svm,combined,conformal_class_conditional,,,,,0.5956112852664577,1.006269592476489,2,2044,K002+KI03+KA08,K003+K005+KA16+KA30+KI18+KI21
xgboost,source,raw,0.5658307210031348,0.376853647183475,0.835423197492163,0.39399624765478425,,,2,2044,K002+KI03+KA08,K003+K005+KA16+KA30+KI18+KI21
xgboost,source,temperature,0.5658307210031348,0.2951152745487344,0.8213166144200627,0.3816793893129771,,,2,2044,K002+KI03+KA08,K003+K005+KA16+KA30+KI18+KI21
xgboost,source,isotonic,0.6081504702194357,0.28805604323262524,0.8996865203761756,0.3554006968641115,,,2,2044,K002+KI03+KA08,K003+K005+KA16+KA30+KI18+KI21
xgboost,source,conformal_marginal,,,,,0.5407523510971787,0.9404388714733543,2,2044,K002+KI03+KA08,K003+K005+KA16+KA30+KI18+KI21
xgboost,source,conformal_class_conditional,,,,,0.5862068965517241,0.9482758620689655,2,2044,K002+KI03+KA08,K003+K005+KA16+KA30+KI18+KI21
xgboost,target,raw,0.5658307210031348,0.376853647183475,0.7648902821316614,0.35450819672131145,,,2,2044,K002+KI03+KA08,K003+K005+KA16+KA30+KI18+KI21
xgboost,target,temperature,0.5658307210031348,0.3080123114302981,0.7664576802507836,0.35173824130879344,,,2,2044,K002+KI03+KA08,K003+K005+KA16+KA30+KI18+KI21
xgboost,target,isotonic,0.5642633228840125,0.310936511205824,0.8166144200626959,0.3723608445297505,,,2,2044,K002+KI03+KA08,K003+K005+KA16+KA30+KI18+KI21
xgboost,target,conformal_marginal,,,,,0.5862068965517241,1.061128526645768,2,2044,K002+KI03+KA08,K003+K005+KA16+KA30+KI18+KI21
xgboost,target,conformal_class_conditional,,,,,0.6018808777429467,1.0768025078369905,2,2044,K002+KI03+KA08,K003+K005+KA16+KA30+KI18+KI21
xgboost,combined,raw,0.5658307210031348,0.376853647183475,0.780564263322884,0.3614457831325301,,,2,2044,K002+KI03+KA08,K003+K005+KA16+KA30+KI18+KI21
xgboost,combined,temperature,0.5658307210031348,0.3035895056740725,0.7774294670846394,0.3588709677419355,,,2,2044,K002+KI03+KA08,K003+K005+KA16+KA30+KI18+KI21
xgboost,combined,isotonic,0.5752351097178683,0.2933936465441906,0.799373040752351,0.36666666666666664,,,2,2044,K002+KI03+KA08,K003+K005+KA16+KA30+KI18+KI21
xgboost,combined,conformal_marginal,,,,,0.5799373040752351,1.0376175548589341,2,2044,K002+KI03+KA08,K003+K005+KA16+KA30+KI18+KI21
xgboost,combined,conformal_class_conditional,,,,,0.603448275862069,1.0595611285266457,2,2044,K002+KI03+KA08,K003+K005+KA16+KA30+KI18+KI21
random_forest,source,raw,0.7739403453689168,0.12103220679530073,0.8728414442700158,0.18165467625899281,,,2,2045,K001+KI01+KA05,K003+K006+KA16+KA22+KI16+KI17
random_forest,source,temperature,0.7739403453689168,0.1386549960444111,0.8759811616954474,0.1863799283154122,,,2,2045,K001+KI01+KA05,K003+K006+KA16+KA22+KI16+KI17
random_forest,source,isotonic,0.7535321821036107,0.20571137728701738,0.9513343799058085,0.20957095709570958,,,2,2045,K001+KI01+KA05,K003+K006+KA16+KA22+KI16+KI17
random_forest,source,conformal_marginal,,,,,0.7912087912087912,1.0706436420722134,2,2045,K001+KI01+KA05,K003+K006+KA16+KA22+KI16+KI17
random_forest,source,conformal_class_conditional,,,,,0.7802197802197802,0.9937205651491365,2,2045,K001+KI01+KA05,K003+K006+KA16+KA22+KI16+KI17
random_forest,target,raw,0.7739403453689168,0.12103220679530073,0.23547880690737832,0.02,,,2,2045,K001+KI01+KA05,K003+K006+KA16+KA22+KI16+KI17
random_forest,target,temperature,0.7739403453689168,0.23348649615199307,0.22919937205651492,0.02054794520547945,,,2,2045,K001+KI01+KA05,K003+K006+KA16+KA22+KI16+KI17
random_forest,target,isotonic,0.7817896389324961,0.1099141080218463,0.6153846153846154,0.030612244897959183,,,2,2045,K001+KI01+KA05,K003+K006+KA16+KA22+KI16+KI17
random_forest,target,conformal_marginal,,,,,0.9042386185243328,1.8649921507064364,2,2045,K001+KI01+KA05,K003+K006+KA16+KA22+KI16+KI17
random_forest,target,conformal_class_conditional,,,,,0.9811616954474097,2.0376766091051803,2,2045,K001+KI01+KA05,K003+K006+KA16+KA22+KI16+KI17
random_forest,combined,raw,0.7739403453689168,0.12103220679530073,0.26373626373626374,0.017857142857142856,,,2,2045,K001+KI01+KA05,K003+K006+KA16+KA22+KI16+KI17
random_forest,combined,temperature,0.7739403453689168,0.16773949899887539,0.25274725274725274,0.018633540372670808,,,2,2045,K001+KI01+KA05,K003+K006+KA16+KA22+KI16+KI17
random_forest,combined,isotonic,0.7880690737833596,0.12899959760687027,0.6357927786499215,0.0345679012345679,,,2,2045,K001+KI01+KA05,K003+K006+KA16+KA22+KI16+KI17
random_forest,combined,conformal_marginal,,,,,0.8838304552590267,1.5290423861852434,2,2045,K001+KI01+KA05,K003+K006+KA16+KA22+KI16+KI17
random_forest,combined,conformal_class_conditional,,,,,0.9309262166405023,1.6357927786499216,2,2045,K001+KI01+KA05,K003+K006+KA16+KA22+KI16+KI17
svm,source,raw,0.6530612244897959,0.18752702094510548,0.6656200941915228,0.18396226415094338,,,2,2045,K001+KI01+KA05,K003+K006+KA16+KA22+KI16+KI17
svm,source,temperature,0.6530612244897959,0.12695748649080685,0.6687598116169545,0.1807511737089202,,,2,2045,K001+KI01+KA05,K003+K006+KA16+KA22+KI16+KI17
svm,source,isotonic,0.7802197802197802,0.15497780907985034,0.9795918367346939,0.20993589743589744,,,2,2045,K001+KI01+KA05,K003+K006+KA16+KA22+KI16+KI17
svm,source,conformal_marginal,,,,,0.8320251177394035,1.337519623233909,2,2045,K001+KI01+KA05,K003+K006+KA16+KA22+KI16+KI17
svm,source,conformal_class_conditional,,,,,0.7802197802197802,1.0832025117739403,2,2045,K001+KI01+KA05,K003+K006+KA16+KA22+KI16+KI17
svm,target,raw,0.6530612244897959,0.18752702094510548,0.22762951334379905,0.020689655172413793,,,2,2045,K001+KI01+KA05,K003+K006+KA16+KA22+KI16+KI17
svm,target,temperature,0.6530612244897959,0.07488060498325848,0.19309262166405022,0.032520325203252036,,,2,2045,K001+KI01+KA05,K003+K006+KA16+KA22+KI16+KI17
svm,target,isotonic,0.7676609105180534,0.10768842359814934,0.5777080062794349,0.043478260869565216,,,2,2045,K001+KI01+KA05,K003+K006+KA16+KA22+KI16+KI17
svm,target,conformal_marginal,,,,,0.9089481946624803,2.1868131868131866,2,2045,K001+KI01+KA05,K003+K006+KA16+KA22+KI16+KI17
svm,target,conformal_class_conditional,,,,,0.9591836734693877,1.9309262166405023,2,2045,K001+KI01+KA05,K003+K006+KA16+KA22+KI16+KI17
svm,combined,raw,0.6530612244897959,0.18752702094510548,0.23076923076923078,0.02040816326530612,,,2,2045,K001+KI01+KA05,K003+K006+KA16+KA22+KI16+KI17
svm,combined,temperature,0.6530612244897959,0.10014609742219038,0.20722135007849293,0.022727272727272728,,,2,2045,K001+KI01+KA05,K003+K006+KA16+KA22+KI16+KI17
svm,combined,isotonic,0.7708006279434851,0.13580485923222632,0.6656200941915228,0.04245283018867924,,,2,2045,K001+KI01+KA05,K003+K006+KA16+KA22+KI16+KI17
svm,combined,conformal_marginal,,,,,0.8979591836734694,2.0392464678178963,2,2045,K001+KI01+KA05,K003+K006+KA16+KA22+KI16+KI17
svm,combined,conformal_class_conditional,,,,,0.945054945054945,1.8131868131868132,2,2045,K001+KI01+KA05,K003+K006+KA16+KA22+KI16+KI17
xgboost,source,raw,0.7708006279434851,0.18826376830389963,0.8383045525902669,0.16666666666666666,,,2,2045,K001+KI01+KA05,K003+K006+KA16+KA22+KI16+KI17
xgboost,source,temperature,0.7708006279434851,0.14486620237435546,0.8320251177394035,0.1641509433962264,,,2,2045,K001+KI01+KA05,K003+K006+KA16+KA22+KI16+KI17
xgboost,source,isotonic,0.7692307692307693,0.18427505139151307,0.9686028257456829,0.20907617504051865,,,2,2045,K001+KI01+KA05,K003+K006+KA16+KA22+KI16+KI17
xgboost,source,conformal_marginal,,,,,0.7864992150706437,1.0643642072213502,2,2045,K001+KI01+KA05,K003+K006+KA16+KA22+KI16+KI17
xgboost,source,conformal_class_conditional,,,,,0.783359497645212,0.9905808477237049,2,2045,K001+KI01+KA05,K003+K006+KA16+KA22+KI16+KI17
xgboost,target,raw,0.7708006279434851,0.18826376830389963,0.0,,,,2,2045,K001+KI01+KA05,K003+K006+KA16+KA22+KI16+KI17
xgboost,target,temperature,0.7708006279434851,0.12826862353978305,0.0,,,,2,2045,K001+KI01+KA05,K003+K006+KA16+KA22+KI16+KI17
xgboost,target,isotonic,0.7786499215070644,0.0874612608886277,0.4003139717425432,0.00784313725490196,,,2,2045,K001+KI01+KA05,K003+K006+KA16+KA22+KI16+KI17
xgboost,target,conformal_marginal,,,,,0.9387755102040817,1.8681318681318682,2,2045,K001+KI01+KA05,K003+K006+KA16+KA22+KI16+KI17
xgboost,target,conformal_class_conditional,,,,,0.9434850863422292,1.7048665620094192,2,2045,K001+KI01+KA05,K003+K006+KA16+KA22+KI16+KI17
xgboost,combined,raw,0.7708006279434851,0.18826376830389963,0.0,,,,2,2045,K001+KI01+KA05,K003+K006+KA16+KA22+KI16+KI17
xgboost,combined,temperature,0.7708006279434851,0.07785012859289828,0.0,,,,2,2045,K001+KI01+KA05,K003+K006+KA16+KA22+KI16+KI17
xgboost,combined,isotonic,0.7676609105180534,0.11680485992947726,0.5996860282574569,0.028795811518324606,,,2,2045,K001+KI01+KA05,K003+K006+KA16+KA22+KI16+KI17
xgboost,combined,conformal_marginal,,,,,0.8916797488226059,1.620094191522763,2,2045,K001+KI01+KA05,K003+K006+KA16+KA22+KI16+KI17
xgboost,combined,conformal_class_conditional,,,,,0.9309262166405023,1.6373626373626373,2,2045,K001+KI01+KA05,K003+K006+KA16+KA22+KI16+KI17
random_forest,source,raw,0.6514913657770801,0.200357564829926,0.989010989010989,0.3476190476190476,,,2,2046,K001+KI07+KA08,K003+K005+KA15+KA30+KI04+KI14
random_forest,source,temperature,0.6514913657770801,0.2756046338843725,0.9905808477237049,0.347068145800317,,,2,2046,K001+KI07+KA08,K003+K005+KA15+KA30+KI04+KI14
random_forest,source,isotonic,0.6185243328100472,0.335050910417486,0.9623233908948194,0.37846655791190864,,,2,2046,K001+KI07+KA08,K003+K005+KA15+KA30+KI04+KI14
random_forest,source,conformal_marginal,,,,,0.5321821036106751,0.7252747252747253,2,2046,K001+KI07+KA08,K003+K005+KA15+KA30+KI04+KI14
random_forest,source,conformal_class_conditional,,,,,0.4897959183673469,0.706436420722135,2,2046,K001+KI07+KA08,K003+K005+KA15+KA30+KI04+KI14
random_forest,target,raw,0.6514913657770801,0.200357564829926,0.37676609105180536,0.058333333333333334,,,2,2046,K001+KI07+KA08,K003+K005+KA15+KA30+KI04+KI14
random_forest,target,temperature,0.6514913657770801,0.043002373002317275,0.3563579277864992,0.048458149779735685,,,2,2046,K001+KI07+KA08,K003+K005+KA15+KA30+KI04+KI14
random_forest,target,isotonic,0.640502354788069,0.18721498711302317,0.3893249607535322,0.12096774193548387,,,2,2046,K001+KI07+KA08,K003+K005+KA15+KA30+KI04+KI14
random_forest,target,conformal_marginal,,,,,0.9591836734693877,2.1758241758241756,2,2046,K001+KI07+KA08,K003+K005+KA15+KA30+KI04+KI14
random_forest,target,conformal_class_conditional,,,,,0.6703296703296703,1.4081632653061225,2,2046,K001+KI07+KA08,K003+K005+KA15+KA30+KI04+KI14
random_forest,combined,raw,0.6514913657770801,0.200357564829926,0.423861852433281,0.0962962962962963,,,2,2046,K001+KI07+KA08,K003+K005+KA15+KA30+KI04+KI14
random_forest,combined,temperature,0.6514913657770801,0.05638859429372279,0.4175824175824176,0.10150375939849623,,,2,2046,K001+KI07+KA08,K003+K005+KA15+KA30+KI04+KI14
random_forest,combined,isotonic,0.6420722135007849,0.18035082868942043,0.5117739403453689,0.1656441717791411,,,2,2046,K001+KI07+KA08,K003+K005+KA15+KA30+KI04+KI14
random_forest,combined,conformal_marginal,,,,,0.880690737833595,1.7676609105180534,2,2046,K001+KI07+KA08,K003+K005+KA15+KA30+KI04+KI14
random_forest,combined,conformal_class_conditional,,,,,0.640502354788069,1.3626373626373627,2,2046,K001+KI07+KA08,K003+K005+KA15+KA30+KI04+KI14
svm,source,raw,0.6624803767660911,0.2149644022176676,0.9607535321821036,0.32189542483660133,,,2,2046,K001+KI07+KA08,K003+K005+KA15+KA30+KI04+KI14
svm,source,temperature,0.6624803767660911,0.26748421112501,0.9324960753532182,0.30303030303030304,,,2,2046,K001+KI07+KA08,K003+K005+KA15+KA30+KI04+KI14
svm,source,isotonic,0.6593406593406593,0.2807600806864001,0.9591836734693877,0.32242225859247137,,,2,2046,K001+KI07+KA08,K003+K005+KA15+KA30+KI04+KI14
svm,source,conformal_marginal,,,,,0.5196232339089482,0.6373626373626373,2,2046,K001+KI07+KA08,K003+K005+KA15+KA30+KI04+KI14
svm,source,conformal_class_conditional,,,,,0.4097331240188383,0.5463108320251178,2,2046,K001+KI07+KA08,K003+K005+KA15+KA30+KI04+KI14
svm,target,raw,0.6624803767660911,0.2149644022176676,0.3218210361067504,0.08292682926829269,,,2,2046,K001+KI07+KA08,K003+K005+KA15+KA30+KI04+KI14
svm,target,temperature,0.6624803767660911,0.06425566547803754,0.3202511773940345,0.0784313725490196,,,2,2046,K001+KI07+KA08,K003+K005+KA15+KA30+KI04+KI14
svm,target,isotonic,0.6232339089481946,0.19517266048095788,0.5227629513343799,0.15615615615615616,,,2,2046,K001+KI07+KA08,K003+K005+KA15+KA30+KI04+KI14
svm,target,conformal_marginal,,,,,0.9560439560439561,2.196232339089482,2,2046,K001+KI07+KA08,K003+K005+KA15+KA30+KI04+KI14
svm,target,conformal_class_conditional,,,,,0.7048665620094191,1.5400313971742543,2,2046,K001+KI07+KA08,K003+K005+KA15+KA30+KI04+KI14
svm,combined,raw,0.6624803767660911,0.2149644022176676,0.43328100470957615,0.10144927536231885,,,2,2046,K001+KI07+KA08,K003+K005+KA15+KA30+KI04+KI14
svm,combined,temperature,0.6624803767660911,0.078930591915037,0.42543171114599687,0.1033210332103321,,,2,2046,K001+KI07+KA08,K003+K005+KA15+KA30+KI04+KI14
svm,combined,isotonic,0.6232339089481946,0.1927281001908268,0.5243328100470958,0.15868263473053892,,,2,2046,K001+KI07+KA08,K003+K005+KA15+KA30+KI04+KI14
svm,combined,conformal_marginal,,,,,0.814756671899529,1.4427001569858713,2,2046,K001+KI07+KA08,K003+K005+KA15+KA30+KI04+KI14
svm,combined,conformal_class_conditional,,,,,0.6687598116169545,1.4536891679748822,2,2046,K001+KI07+KA08,K003+K005+KA15+KA30+KI04+KI14
xgboost,source,raw,0.6656200941915228,0.2774637574022942,0.9623233908948194,0.3295269168026101,,,2,2046,K001+KI07+KA08,K003+K005+KA15+KA30+KI04+KI14
xgboost,source,temperature,0.6656200941915228,0.281420805502727,0.9623233908948194,0.3295269168026101,,,2,2046,K001+KI07+KA08,K003+K005+KA15+KA30+KI04+KI14
xgboost,source,isotonic,0.6389324960753532,0.3084811356765653,0.9717425431711146,0.3473344103392569,,,2,2046,K001+KI07+KA08,K003+K005+KA15+KA30+KI04+KI14
xgboost,source,conformal_marginal,,,,,0.5259026687598116,0.6938775510204082,2,2046,K001+KI07+KA08,K003+K005+KA15+KA30+KI04+KI14
xgboost,source,conformal_class_conditional,,,,,0.5102040816326531,0.7017268445839875,2,2046,K001+KI07+KA08,K003+K005+KA15+KA30+KI04+KI14
xgboost,target,raw,0.6656200941915228,0.2774637574022942,0.34065934065934067,0.027649769585253458,,,2,2046,K001+KI07+KA08,K003+K005+KA15+KA30+KI04+KI14
xgboost,target,temperature,0.6656200941915228,0.1057343930376474,0.3579277864992151,0.02631578947368421,,,2,2046,K001+KI07+KA08,K003+K005+KA15+KA30+KI04+KI14
xgboost,target,isotonic,0.6012558869701727,0.17775651776453588,0.4552590266875981,0.16551724137931034,,,2,2046,K001+KI07+KA08,K003+K005+KA15+KA30+KI04+KI14
xgboost,target,conformal_marginal,,,,,0.9356357927786499,1.9795918367346939,2,2046,K001+KI07+KA08,K003+K005+KA15+KA30+KI04+KI14
xgboost,target,conformal_class_conditional,,,,,0.6813186813186813,1.4065934065934067,2,2046,K001+KI07+KA08,K003+K005+KA15+KA30+KI04+KI14
xgboost,combined,raw,0.6656200941915228,0.2774637574022942,0.434850863422292,0.09386281588447654,,,2,2046,K001+KI07+KA08,K003+K005+KA15+KA30+KI04+KI14
xgboost,combined,temperature,0.6656200941915228,0.15376744035557738,0.4427001569858713,0.09574468085106383,,,2,2046,K001+KI07+KA08,K003+K005+KA15+KA30+KI04+KI14
xgboost,combined,isotonic,0.6514913657770801,0.17268189140861223,0.45054945054945056,0.15331010452961671,,,2,2046,K001+KI07+KA08,K003+K005+KA15+KA30+KI04+KI14
xgboost,combined,conformal_marginal,,,,,0.8649921507064364,1.6875981161695448,2,2046,K001+KI07+KA08,K003+K005+KA15+KA30+KI04+KI14
xgboost,combined,conformal_class_conditional,,,,,0.6640502354788069,1.3610675039246467,2,2046,K001+KI07+KA08,K003+K005+KA15+KA30+KI04+KI14
random_forest,source,raw,0.695447409733124,0.16200492424297058,0.9717425431711146,0.29079159935379645,,,2,2047,K001+KI08+KA09,K003+K005+KA15+KA16+KI16+KI18
random_forest,source,temperature,0.695447409733124,0.24205742899938193,0.9827315541601256,0.2987220447284345,,,2,2047,K001+KI08+KA09,K003+K005+KA15+KA16+KI16+KI18
random_forest,source,isotonic,0.6593406593406593,0.2995417056002161,0.9937205651491365,0.33965244865718797,,,2,2047,K001+KI08+KA09,K003+K005+KA15+KA16+KI16+KI18
random_forest,source,conformal_marginal,,,,,0.5871271585557299,0.7692307692307693,2,2047,K001+KI08+KA09,K003+K005+KA15+KA16+KI16+KI18
random_forest,source,conformal_class_conditional,,,,,0.5416012558869702,0.7692307692307693,2,2047,K001+KI08+KA09,K003+K005+KA15+KA16+KI16+KI18
random_forest,target,raw,0.695447409733124,0.16200492424297058,0.33124018838304553,0.07109004739336493,,,2,2047,K001+KI08+KA09,K003+K005+KA15+KA16+KI16+KI18
random_forest,target,temperature,0.695447409733124,0.13250891919826535,0.3516483516483517,0.049107142857142856,,,2,2047,K001+KI08+KA09,K003+K005+KA15+KA16+KI16+KI18
random_forest,target,isotonic,0.6860282574568289,0.07140797962313208,0.4364207221350079,0.0539568345323741,,,2,2047,K001+KI08+KA09,K003+K005+KA15+KA16+KI16+KI18
random_forest,target,conformal_marginal,,,,,0.9513343799058085,2.2229199372056514,2,2047,K001+KI08+KA09,K003+K005+KA15+KA16+KI16+KI18
random_forest,target,conformal_class_conditional,,,,,0.9199372056514914,1.7362637362637363,2,2047,K001+KI08+KA09,K003+K005+KA15+KA16+KI16+KI18
random_forest,combined,raw,0.695447409733124,0.16200492424297058,0.3893249607535322,0.10483870967741936,,,2,2047,K001+KI08+KA09,K003+K005+KA15+KA16+KI16+KI18
random_forest,combined,temperature,0.695447409733124,0.07030050722766676,0.40816326530612246,0.09230769230769231,,,2,2047,K001+KI08+KA09,K003+K005+KA15+KA16+KI16+KI18
random_forest,combined,isotonic,0.6923076923076923,0.10039731862805014,0.48665620094191525,0.08064516129032258,,,2,2047,K001+KI08+KA09,K003+K005+KA15+KA16+KI16+KI18
random_forest,combined,conformal_marginal,,,,,0.8995290423861853,1.8210361067503924,2,2047,K001+KI08+KA09,K003+K005+KA15+KA16+KI16+KI18
random_forest,combined,conformal_class_conditional,,,,,0.8963893249607535,1.6248037676609106,2,2047,K001+KI08+KA09,K003+K005+KA15+KA16+KI16+KI18
svm,source,raw,0.7048665620094191,0.17745375046301876,0.9199372056514914,0.26109215017064846,,,2,2047,K001+KI08+KA09,K003+K005+KA15+KA16+KI16+KI18
svm,source,temperature,0.7048665620094191,0.23872724349897156,0.9136577708006279,0.25773195876288657,,,2,2047,K001+KI08+KA09,K003+K005+KA15+KA16+KI16+KI18
svm,source,isotonic,0.7032967032967034,0.26368232144278875,0.9984301412872841,0.2971698113207547,,,2,2047,K001+KI08+KA09,K003+K005+KA15+KA16+KI16+KI18
svm,source,conformal_marginal,,,,,0.5698587127158555,0.7111459968602826,2,2047,K001+KI08+KA09,K003+K005+KA15+KA16+KI16+KI18
svm,source,conformal_class_conditional,,,,,0.5384615384615384,0.6844583987441131,2,2047,K001+KI08+KA09,K003+K005+KA15+KA16+KI16+KI18
svm,target,raw,0.7048665620094191,0.17745375046301876,0.3218210361067504,0.014634146341463415,,,2,2047,K001+KI08+KA09,K003+K005+KA15+KA16+KI16+KI18
svm,target,temperature,0.7048665620094191,0.058137785826571683,0.3076923076923077,0.02040816326530612,,,2,2047,K001+KI08+KA09,K003+K005+KA15+KA16+KI16+KI18
svm,target,isotonic,0.6844583987441131,0.13724983969232166,0.5023547880690737,0.0375,,,2,2047,K001+KI08+KA09,K003+K005+KA15+KA16+KI16+KI18
svm,target,conformal_marginal,,,,,0.9497645211930926,2.122448979591837,2,2047,K001+KI08+KA09,K003+K005+KA15+KA16+KI16+KI18
svm,target,conformal_class_conditional,,,,,0.9199372056514914,1.8241758241758241,2,2047,K001+KI08+KA09,K003+K005+KA15+KA16+KI16+KI18
svm,combined,raw,0.7048665620094191,0.17745375046301876,0.42229199372056514,0.06319702602230483,,,2,2047,K001+KI08+KA09,K003+K005+KA15+KA16+KI16+KI18
svm,combined,temperature,0.7048665620094191,0.05308071589813281,0.4175824175824176,0.05639097744360902,,,2,2047,K001+KI08+KA09,K003+K005+KA15+KA16+KI16+KI18
svm,combined,isotonic,0.6923076923076923,0.09511537181124279,0.533751962323391,0.08235294117647059,,,2,2047,K001+KI08+KA09,K003+K005+KA15+KA16+KI16+KI18
svm,combined,conformal_marginal,,,,,0.8854003139717426,1.6687598116169544,2,2047,K001+KI08+KA09,K003+K005+KA15+KA16+KI16+KI18
svm,combined,conformal_class_conditional,,,,,0.8822605965463108,1.6671899529042387,2,2047,K001+KI08+KA09,K003+K005+KA15+KA16+KI16+KI18
xgboost,source,raw,0.6891679748822606,0.2527963458743163,0.9874411302982732,0.3052464228934817,,,2,2047,K001+KI08+KA09,K003+K005+KA15+KA16+KI16+KI18
xgboost,source,temperature,0.6891679748822606,0.24095327267877925,0.989010989010989,0.30634920634920637,,,2,2047,K001+KI08+KA09,K003+K005+KA15+KA16+KI16+KI18
xgboost,source,isotonic,0.6656200941915228,0.2848956181588676,0.9937205651491365,0.330173775671406,,,2,2047,K001+KI08+KA09,K003+K005+KA15+KA16+KI16+KI18
xgboost,source,conformal_marginal,,,,,0.5792778649921507,0.7488226059654631,2,2047,K001+KI08+KA09,K003+K005+KA15+KA16+KI16+KI18
xgboost,source,conformal_class_conditional,,,,,0.5525902668759811,0.750392464678179,2,2047,K001+KI08+KA09,K003+K005+KA15+KA16+KI16+KI18
xgboost,target,raw,0.6891679748822606,0.2527963458743163,0.31240188383045525,0.06532663316582915,,,2,2047,K001+KI08+KA09,K003+K005+KA15+KA16+KI16+KI18
xgboost,target,temperature,0.6891679748822606,0.06774674163891435,0.315541601255887,0.05970149253731343,,,2,2047,K001+KI08+KA09,K003+K005+KA15+KA16+KI16+KI18
xgboost,target,isotonic,0.6844583987441131,0.1263834655490489,0.41915227629513346,0.04868913857677903,,,2,2047,K001+KI08+KA09,K003+K005+KA15+KA16+KI16+KI18
xgboost,target,conformal_marginal,,,,,0.9293563579277865,1.9654631083202512,2,2047,K001+KI08+KA09,K003+K005+KA15+KA16+KI16+KI18
xgboost,target,conformal_class_conditional,,,,,0.9183673469387755,1.7770800627943486,2,2047,K001+KI08+KA09,K003+K005+KA15+KA16+KI16+KI18
xgboost,combined,raw,0.6891679748822606,0.2527963458743163,0.37205651491365777,0.09282700421940929,,,2,2047,K001+KI08+KA09,K003+K005+KA15+KA16+KI16+KI18
xgboost,combined,temperature,0.6891679748822606,0.09145733255426426,0.38461538461538464,0.08163265306122448,,,2,2047,K001+KI08+KA09,K003+K005+KA15+KA16+KI16+KI18
xgboost,combined,isotonic,0.6750392464678179,0.140874120123886,0.5227629513343799,0.06906906906906907,,,2,2047,K001+KI08+KA09,K003+K005+KA15+KA16+KI16+KI18
xgboost,combined,conformal_marginal,,,,,0.902668759811617,1.7629513343799057,2,2047,K001+KI08+KA09,K003+K005+KA15+KA16+KI16+KI18
xgboost,combined,conformal_class_conditional,,,,,0.8885400313971743,1.6310832025117739,2,2047,K001+KI08+KA09,K003+K005+KA15+KA16+KI16+KI18
random_forest,source,raw,0.5447409733124019,0.3107356585949552,0.9591836734693877,0.44844517184942717,,,2,2048,K004+KI07+KA08,K005+K006+KA16+KA30+KI14+KI18
random_forest,source,temperature,0.5447409733124019,0.2973392372316698,0.957613814756672,0.4491803278688525,,,2,2048,K004+KI07+KA08,K005+K006+KA16+KA30+KI14+KI18
random_forest,source,isotonic,0.47095761381475665,0.4565806868612631,0.9764521193092621,0.5192926045016077,,,2,2048,K004+KI07+KA08,K005+K006+KA16+KA30+KI14+KI18
random_forest,source,conformal_marginal,,,,,0.45682888540031397,0.7441130298273155,2,2048,K004+KI07+KA08,K005+K006+KA16+KA30+KI14+KI18
random_forest,source,conformal_class_conditional,,,,,0.41915227629513346,0.8744113029827315,2,2048,K004+KI07+KA08,K005+K006+KA16+KA30+KI14+KI18
random_forest,target,raw,0.5447409733124019,0.3107356585949552,0.706436420722135,0.3688888888888889,,,2,2048,K004+KI07+KA08,K005+K006+KA16+KA30+KI14+KI18
random_forest,target,temperature,0.5447409733124019,0.2878004316498301,0.7127158555729984,0.3700440528634361,,,2,2048,K004+KI07+KA08,K005+K006+KA16+KA30+KI14+KI18
random_forest,target,isotonic,0.4945054945054945,0.36885349940832535,0.8194662480376766,0.4616858237547893,,,2,2048,K004+KI07+KA08,K005+K006+KA16+KA30+KI14+KI18
random_forest,target,conformal_marginal,,,,,0.565149136577708,1.042386185243328,2,2048,K004+KI07+KA08,K005+K006+KA16+KA30+KI14+KI18
random_forest,target,conformal_class_conditional,,,,,0.4599686028257457,1.0141287284144427,2,2048,K004+KI07+KA08,K005+K006+KA16+KA30+KI14+KI18
random_forest,combined,raw,0.5447409733124019,0.3107356585949552,0.7566718995290423,0.3921161825726141,,,2,2048,K004+KI07+KA08,K005+K006+KA16+KA30+KI14+KI18
random_forest,combined,temperature,0.5447409733124019,0.29047202446631915,0.7535321821036107,0.39166666666666666,,,2,2048,K004+KI07+KA08,K005+K006+KA16+KA30+KI14+KI18
random_forest,combined,isotonic,0.4945054945054945,0.3742218050618226,0.9010989010989011,0.4843205574912892,,,2,2048,K004+KI07+KA08,K005+K006+KA16+KA30+KI14+KI18
random_forest,combined,conformal_marginal,,,,,0.521193092621664,0.9324960753532182,2,2048,K004+KI07+KA08,K005+K006+KA16+KA30+KI14+KI18
random_forest,combined,conformal_class_conditional,,,,,0.44427001569858715,0.9544740973312402,2,2048,K004+KI07+KA08,K005+K006+KA16+KA30+KI14+KI18
svm,source,raw,0.5855572998430141,0.2800888484970556,0.7739403453689168,0.33468559837728196,,,2,2048,K004+KI07+KA08,K005+K006+KA16+KA30+KI14+KI18
svm,source,temperature,0.5855572998430141,0.24415339702012076,0.7676609105180534,0.3312883435582822,,,2,2048,K004+KI07+KA08,K005+K006+KA16+KA30+KI14+KI18
svm,source,isotonic,0.5007849293563579,0.46277774471990607,0.9340659340659341,0.49747899159663866,,,2,2048,K004+KI07+KA08,K005+K006+KA16+KA30+KI14+KI18
svm,source,conformal_marginal,,,,,0.554160125588697,0.8901098901098901,2,2048,K004+KI07+KA08,K005+K006+KA16+KA30+KI14+KI18
svm,source,conformal_class_conditional,,,,,0.42229199372056514,0.8131868131868132,2,2048,K004+KI07+KA08,K005+K006+KA16+KA30+KI14+KI18
svm,target,raw,0.5855572998430141,0.2800888484970556,0.6373626373626373,0.27586206896551724,,,2,2048,K004+KI07+KA08,K005+K006+KA16+KA30+KI14+KI18
svm,target,temperature,0.5855572998430141,0.25125486135050135,0.6546310832025117,0.2853717026378897,,,2,2048,K004+KI07+KA08,K005+K006+KA16+KA30+KI14+KI18
svm,target,isotonic,0.5416012558869702,0.3389115465844176,0.7786499215070644,0.3870967741935484,,,2,2048,K004+KI07+KA08,K005+K006+KA16+KA30+KI14+KI18
svm,target,conformal_marginal,,,,,0.6169544740973313,1.097331240188383,2,2048,K004+KI07+KA08,K005+K006+KA16+KA30+KI14+KI18
svm,target,conformal_class_conditional,,,,,0.49607535321821034,1.0156985871271587,2,2048,K004+KI07+KA08,K005+K006+KA16+KA30+KI14+KI18
svm,combined,raw,0.5855572998430141,0.2800888484970556,0.7629513343799058,0.3271604938271605,,,2,2048,K004+KI07+KA08,K005+K006+KA16+KA30+KI14+KI18
svm,combined,temperature,0.5855572998430141,0.24945046065462156,0.7268445839874411,0.3174946004319654,,,2,2048,K004+KI07+KA08,K005+K006+KA16+KA30+KI14+KI18
svm,combined,isotonic,0.5259026687598116,0.3575237030547671,0.8665620094191523,0.4420289855072464,,,2,2048,K004+KI07+KA08,K005+K006+KA16+KA30+KI14+KI18
svm,combined,conformal_marginal,,,,,0.5918367346938775,1.0156985871271587,2,2048,K004+KI07+KA08,K005+K006+KA16+KA30+KI14+KI18
svm,combined,conformal_class_conditional,,,,,0.4725274725274725,0.9183673469387755,2,2048,K004+KI07+KA08,K005+K006+KA16+KA30+KI14+KI18
xgboost,source,raw,0.554160125588697,0.3790797623491362,0.9937205651491365,0.4439178515007899,,,2,2048,K004+KI07+KA08,K005+K006+KA16+KA30+KI14+KI18
xgboost,source,temperature,0.554160125588697,0.32609037336622404,0.9921507064364207,0.44462025316455694,,,2,2048,K004+KI07+KA08,K005+K006+KA16+KA30+KI14+KI18
xgboost,source,isotonic,0.478806907378336,0.46915419260503255,0.9921507064364207,0.5174050632911392,,,2,2048,K004+KI07+KA08,K005+K006+KA16+KA30+KI14+KI18
xgboost,source,conformal_marginal,,,,,0.5007849293563579,0.82574568288854,2,2048,K004+KI07+KA08,K005+K006+KA16+KA30+KI14+KI18
xgboost,source,conformal_class_conditional,,,,,0.44427001569858715,0.8712715855572999,2,2048,K004+KI07+KA08,K005+K006+KA16+KA30+KI14+KI18
xgboost,target,raw,0.554160125588697,0.3790797623491362,0.7425431711145997,0.3657505285412262,,,2,2048,K004+KI07+KA08,K005+K006+KA16+KA30+KI14+KI18
xgboost,target,temperature,0.554160125588697,0.3002444364831105,0.7519623233908949,0.3674321503131524,,,2,2048,K004+KI07+KA08,K005+K006+KA16+KA30+KI14+KI18
xgboost,target,isotonic,0.5164835164835165,0.35776208914132523,0.8163265306122449,0.4346153846153846,,,2,2048,K004+KI07+KA08,K005+K006+KA16+KA30+KI14+KI18
xgboost,target,conformal_marginal,,,,,0.5808477237048666,1.0784929356357928,2,2048,K004+KI07+KA08,K005+K006+KA16+KA30+KI14+KI18
xgboost,target,conformal_class_conditional,,,,,0.48194662480376765,1.0282574568288854,2,2048,K004+KI07+KA08,K005+K006+KA16+KA30+KI14+KI18
xgboost,combined,raw,0.554160125588697,0.3790797623491362,0.7613814756671899,0.3752577319587629,,,2,2048,K004+KI07+KA08,K005+K006+KA16+KA30+KI14+KI18
xgboost,combined,temperature,0.554160125588697,0.3060345880176371,0.7739403453689168,0.3772819472616633,,,2,2048,K004+KI07+KA08,K005+K006+KA16+KA30+KI14+KI18
xgboost,combined,isotonic,0.5117739403453689,0.36161061853070875,0.8963893249607535,0.46059544658493873,,,2,2048,K004+KI07+KA08,K005+K006+KA16+KA30+KI14+KI18
xgboost,combined,conformal_marginal,,,,,0.533751962323391,0.9560439560439561,2,2048,K004+KI07+KA08,K005+K006+KA16+KA30+KI14+KI18
xgboost,combined,conformal_class_conditional,,,,,0.46153846153846156,0.9560439560439561,2,2048,K004+KI07+KA08,K005+K006+KA16+KA30+KI14+KI18
random_forest,source,raw,0.6965408805031447,0.16785822101522938,0.7908805031446541,0.24254473161033796,,,2,2049,K001+KI03+KA06,K003+K005+KA04+KA15+KI14+KI16
random_forest,source,temperature,0.6965408805031447,0.14739532312475473,0.7735849056603774,0.23373983739837398,,,2,2049,K001+KI03+KA06,K003+K005+KA04+KA15+KI14+KI16
random_forest,source,isotonic,0.7122641509433962,0.19450935807324532,0.9276729559748428,0.2711864406779661,,,2,2049,K001+KI03+KA06,K003+K005+KA04+KA15+KI14+KI16
random_forest,source,conformal_marginal,,,,,0.6918238993710691,0.9889937106918238,2,2049,K001+KI03+KA06,K003+K005+KA04+KA15+KI14+KI16
random_forest,source,conformal_class_conditional,,,,,0.589622641509434,0.85062893081761,2,2049,K001+KI03+KA06,K003+K005+KA04+KA15+KI14+KI16
random_forest,target,raw,0.6965408805031447,0.16785822101522938,0.13679245283018868,0.05747126436781609,,,2,2049,K001+KI03+KA06,K003+K005+KA04+KA15+KI14+KI16
random_forest,target,temperature,0.6965408805031447,0.13941525318807288,0.13679245283018868,0.05747126436781609,,,2,2049,K001+KI03+KA06,K003+K005+KA04+KA15+KI14+KI16
random_forest,target,isotonic,0.6981132075471698,0.09503230131869057,0.26257861635220126,0.03592814371257485,,,2,2049,K001+KI03+KA06,K003+K005+KA04+KA15+KI14+KI16
random_forest,target,conformal_marginal,,,,,0.9323899371069182,2.0440251572327046,2,2049,K001+KI03+KA06,K003+K005+KA04+KA15+KI14+KI16
random_forest,target,conformal_class_conditional,,,,,0.9261006289308176,1.820754716981132,2,2049,K001+KI03+KA06,K003+K005+KA04+KA15+KI14+KI16
random_forest,combined,raw,0.6965408805031447,0.16785822101522938,0.31761006289308175,0.06930693069306931,,,2,2049,K001+KI03+KA06,K003+K005+KA04+KA15+KI14+KI16
random_forest,combined,temperature,0.6965408805031447,0.098828504482589,0.30974842767295596,0.06091370558375635,,,2,2049,K001+KI03+KA06,K003+K005+KA04+KA15+KI14+KI16
random_forest,combined,isotonic,0.7028301886792453,0.07741397559820526,0.4937106918238994,0.07643312101910828,,,2,2049,K001+KI03+KA06,K003+K005+KA04+KA15+KI14+KI16
random_forest,combined,conformal_marginal,,,,,0.8977987421383647,1.7657232704402517,2,2049,K001+KI03+KA06,K003+K005+KA04+KA15+KI14+KI16
random_forest,combined,conformal_class_conditional,,,,,0.9119496855345912,1.7720125786163523,2,2049,K001+KI03+KA06,K003+K005+KA04+KA15+KI14+KI16
svm,source,raw,0.7059748427672956,0.19198418381980337,0.8317610062893082,0.23251417769376181,,,2,2049,K001+KI03+KA06,K003+K005+KA04+KA15+KI14+KI16
svm,source,temperature,0.7059748427672956,0.16066349742988945,0.8443396226415094,0.23277467411545624,,,2,2049,K001+KI03+KA06,K003+K005+KA04+KA15+KI14+KI16
svm,source,isotonic,0.7232704402515723,0.1889834795602865,0.9575471698113207,0.2627257799671593,,,2,2049,K001+KI03+KA06,K003+K005+KA04+KA15+KI14+KI16
svm,source,conformal_marginal,,,,,0.6729559748427673,0.9166666666666666,2,2049,K001+KI03+KA06,K003+K005+KA04+KA15+KI14+KI16
svm,source,conformal_class_conditional,,,,,0.550314465408805,0.7688679245283019,2,2049,K001+KI03+KA06,K003+K005+KA04+KA15+KI14+KI16
svm,target,raw,0.7059748427672956,0.19198418381980337,0.24371069182389937,0.05161290322580645,,,2,2049,K001+KI03+KA06,K003+K005+KA04+KA15+KI14+KI16
svm,target,temperature,0.7059748427672956,0.059473874134368,0.25,0.0440251572327044,,,2,2049,K001+KI03+KA06,K003+K005+KA04+KA15+KI14+KI16
svm,target,isotonic,0.7122641509433962,0.14271010499853068,0.5361635220125787,0.04105571847507331,,,2,2049,K001+KI03+KA06,K003+K005+KA04+KA15+KI14+KI16
svm,target,conformal_marginal,,,,,0.9261006289308176,2.001572327044025,2,2049,K001+KI03+KA06,K003+K005+KA04+KA15+KI14+KI16
svm,target,conformal_class_conditional,,,,,0.9040880503144654,1.8569182389937107,2,2049,K001+KI03+KA06,K003+K005+KA04+KA15+KI14+KI16
svm,combined,raw,0.7059748427672956,0.19198418381980337,0.2830188679245283,0.07222222222222222,,,2,2049,K001+KI03+KA06,K003+K005+KA04+KA15+KI14+KI16
svm,combined,temperature,0.7059748427672956,0.04052398874544823,0.279874213836478,0.07303370786516854,,,2,2049,K001+KI03+KA06,K003+K005+KA04+KA15+KI14+KI16
svm,combined,isotonic,0.6918238993710691,0.13115011339462873,0.5691823899371069,0.08287292817679558,,,2,2049,K001+KI03+KA06,K003+K005+KA04+KA15+KI14+KI16
svm,combined,conformal_marginal,,,,,0.8930817610062893,1.6682389937106918,2,2049,K001+KI03+KA06,K003+K005+KA04+KA15+KI14+KI16
svm,combined,conformal_class_conditional,,,,,0.8632075471698113,1.75,2,2049,K001+KI03+KA06,K003+K005+KA04+KA15+KI14+KI16
xgboost,source,raw,0.690251572327044,0.2593953135253498,0.8726415094339622,0.26126126126126126,,,2,2049,K001+KI03+KA06,K003+K005+KA04+KA15+KI14+KI16
xgboost,source,temperature,0.690251572327044,0.19569260124342303,0.8553459119496856,0.25919117647058826,,,2,2049,K001+KI03+KA06,K003+K005+KA04+KA15+KI14+KI16
xgboost,source,isotonic,0.6981132075471698,0.216247051967135,0.9371069182389937,0.2785234899328859,,,2,2049,K001+KI03+KA06,K003+K005+KA04+KA15+KI14+KI16
xgboost,source,conformal_marginal,,,,,0.6619496855345912,0.9213836477987422,2,2049,K001+KI03+KA06,K003+K005+KA04+KA15+KI14+KI16
xgboost,source,conformal_class_conditional,,,,,0.610062893081761,0.8867924528301887,2,2049,K001+KI03+KA06,K003+K005+KA04+KA15+KI14+KI16
xgboost,target,raw,0.690251572327044,0.2593953135253498,0.0015723270440251573,0.0,,,2,2049,K001+KI03+KA06,K003+K005+KA04+KA15+KI14+KI16
xgboost,target,temperature,0.690251572327044,0.0842705841333032,0.0015723270440251573,0.0,,,2,2049,K001+KI03+KA06,K003+K005+KA04+KA15+KI14+KI16
xgboost,target,isotonic,0.6792452830188679,0.1123997616963149,0.3474842767295597,0.03619909502262444,,,2,2049,K001+KI03+KA06,K003+K005+KA04+KA15+KI14+KI16
xgboost,target,conformal_marginal,,,,,0.9355345911949685,1.9591194968553458,2,2049,K001+KI03+KA06,K003+K005+KA04+KA15+KI14+KI16
xgboost,target,conformal_class_conditional,,,,,0.9135220125786163,1.7138364779874213,2,2049,K001+KI03+KA06,K003+K005+KA04+KA15+KI14+KI16
xgboost,combined,raw,0.690251572327044,0.2593953135253498,0.2138364779874214,0.029411764705882353,,,2,2049,K001+KI03+KA06,K003+K005+KA04+KA15+KI14+KI16
xgboost,combined,temperature,0.690251572327044,0.08041697637873893,0.24842767295597484,0.02531645569620253,,,2,2049,K001+KI03+KA06,K003+K005+KA04+KA15+KI14+KI16
xgboost,combined,isotonic,0.690251572327044,0.10826777363103914,0.48427672955974843,0.04220779220779221,,,2,2049,K001+KI03+KA06,K003+K005+KA04+KA15+KI14+KI16
xgboost,combined,conformal_marginal,,,,,0.8930817610062893,1.6981132075471699,2,2049,K001+KI03+KA06,K003+K005+KA04+KA15+KI14+KI16
xgboost,combined,conformal_class_conditional,,,,,0.8930817610062893,1.6556603773584906,2,2049,K001+KI03+KA06,K003+K005+KA04+KA15+KI14+KI16
