model,calibration_set,calibration,accuracy,ece,auto_rate@5%,auto_error@5%,coverage,mean_set_size,n_per_class,seed,source_calib,real_calib
cnn,source,raw,0.5541619156214367,0.33526038479201814,0.69327251995439,0.5098684210526315,,,1,1000,K001+KI07+KA01,K003+KA30+KI17
cnn,source,temperature,0.5541619156214367,0.30141435456561605,0.7480045610034207,0.49390243902439024,,,1,1000,K001+KI07+KA01,K003+KA30+KI17
cnn,source,isotonic,0.37400228050171036,0.5537011431676937,0.9954389965792474,0.6242840778923253,,,1,1000,K001+KI07+KA01,K003+KA30+KI17
cnn,source,conformal_marginal,,,,,0.6282782212086659,1.3352337514253136,1,1000,K001+KI07+KA01,K003+KA30+KI17
cnn,source,conformal_class_conditional,,,,,0.45039908779931587,1.014823261117446,1,1000,K001+KI07+KA01,K003+KA30+KI17
cnn,target,raw,0.5541619156214367,0.33526038479201814,0.233751425313569,0.6048780487804878,,,1,1000,K001+KI07+KA01,K003+KA30+KI17
cnn,target,temperature,0.5541619156214367,0.2571272179933243,0.2576966932725199,0.6415929203539823,,,1,1000,K001+KI07+KA01,K003+KA30+KI17
cnn,target,isotonic,0.42531356898517675,0.46047803371203205,0.7491448118586089,0.5555555555555556,,,1,1000,K001+KI07+KA01,K003+KA30+KI17
cnn,target,conformal_marginal,,,,,0.7023945267958951,1.6921322690992018,1,1000,K001+KI07+KA01,K003+KA30+KI17
cnn,target,conformal_class_conditional,,,,,0.3945267958950969,1.1562143671607754,1,1000,K001+KI07+KA01,K003+KA30+KI17
cnn,combined,raw,0.5541619156214367,0.33526038479201814,0.3010262257696693,0.6287878787878788,,,1,1000,K001+KI07+KA01,K003+KA30+KI17
cnn,combined,temperature,0.5541619156214367,0.27495365519940895,0.3090079817559863,0.6383763837638377,,,1,1000,K001+KI07+KA01,K003+KA30+KI17
cnn,combined,isotonic,0.3808437856328392,0.520234567649776,0.7993158494868872,0.543509272467903,,,1,1000,K001+KI07+KA01,K003+KA30+KI17
cnn,combined,conformal_marginal,,,,,0.6761687571265679,1.5860889395667046,1,1000,K001+KI07+KA01,K003+KA30+KI17
cnn,combined,conformal_class_conditional,,,,,0.4618015963511973,1.2519954389965793,1,1000,K001+KI07+KA01,K003+KA30+KI17
cnn,source,raw,0.4378563283922463,0.3643313014612314,0.0,,,,1,1001,K004+KI07+KA06,K006+KA30+KI17
cnn,source,temperature,0.4378563283922463,0.14639809062338338,0.0,,,,1,1001,K004+KI07+KA06,K006+KA30+KI17
cnn,source,isotonic,0.4047890535917902,0.3467049682967543,0.8449258836944128,0.5371120107962213,,,1,1001,K004+KI07+KA06,K006+KA30+KI17
cnn,source,conformal_marginal,,,,,1.0,2.6111744583808436,1,1001,K004+KI07+KA06,K006+KA30+KI17
cnn,source,conformal_class_conditional,,,,,0.45610034207525657,1.596351197263398,1,1001,K004+KI07+KA06,K006+KA30+KI17
cnn,target,raw,0.4378563283922463,0.3643313014612314,0.314709236031927,0.42028985507246375,,,1,1001,K004+KI07+KA06,K006+KA30+KI17
cnn,target,temperature,0.4378563283922463,0.2540574928400998,0.31356898517673887,0.41818181818181815,,,1,1001,K004+KI07+KA06,K006+KA30+KI17
cnn,target,isotonic,0.5530216647662486,0.20080185181306337,0.39110604332953247,0.4606413994169096,,,1,1001,K004+KI07+KA06,K006+KA30+KI17
cnn,target,conformal_marginal,,,,,0.6955530216647663,1.5895096921322691,1,1001,K004+KI07+KA06,K006+KA30+KI17
cnn,target,conformal_class_conditional,,,,,0.5096921322690992,1.216647662485747,1,1001,K004+KI07+KA06,K006+KA30+KI17
cnn,combined,raw,0.4378563283922463,0.3643313014612314,0.0,,,,1,1001,K004+KI07+KA06,K006+KA30+KI17
cnn,combined,temperature,0.4378563283922463,0.17963961926062444,0.0,,,,1,1001,K004+KI07+KA06,K006+KA30+KI17
cnn,combined,isotonic,0.40935005701254273,0.32126608555258074,0.6202964652223489,0.41911764705882354,,,1,1001,K004+KI07+KA06,K006+KA30+KI17
cnn,combined,conformal_marginal,,,,,0.9988597491448119,2.482326111744584,1,1001,K004+KI07+KA06,K006+KA30+KI17
cnn,combined,conformal_class_conditional,,,,,0.5575826681870011,1.8973774230330673,1,1001,K004+KI07+KA06,K006+KA30+KI17
cnn,source,raw,0.6342857142857142,0.26779137350400006,0.11542857142857142,0.0,,,1,1002,K002+KI08+KA01,K005+KA22+KI16
cnn,source,temperature,0.6342857142857142,0.22856862865581634,0.10171428571428572,0.0,,,1,1002,K002+KI08+KA01,K005+KA22+KI16
cnn,source,isotonic,0.376,0.2595632030676858,0.0,,,,1,1002,K002+KI08+KA01,K005+KA22+KI16
cnn,source,conformal_marginal,,,,,1.0,2.8,1,1002,K002+KI08+KA01,K005+KA22+KI16
cnn,source,conformal_class_conditional,,,,,0.3325714285714286,1.128,1,1002,K002+KI08+KA01,K005+KA22+KI16
cnn,target,raw,0.6342857142857142,0.26779137350400006,0.0,,,,1,1002,K002+KI08+KA01,K005+KA22+KI16
cnn,target,temperature,0.6342857142857142,0.23414397856956481,0.0,,,,1,1002,K002+KI08+KA01,K005+KA22+KI16
cnn,target,isotonic,0.5817142857142857,0.05974847372242906,0.24,0.23809523809523808,,,1,1002,K002+KI08+KA01,K005+KA22+KI16
cnn,target,conformal_marginal,,,,,0.9988571428571429,2.394285714285714,1,1002,K002+KI08+KA01,K005+KA22+KI16
cnn,target,conformal_class_conditional,,,,,1.0,1.7851428571428571,1,1002,K002+KI08+KA01,K005+KA22+KI16
cnn,combined,raw,0.6342857142857142,0.26779137350400006,0.11542857142857142,0.0,,,1,1002,K002+KI08+KA01,K005+KA22+KI16
cnn,combined,temperature,0.6342857142857142,0.211206974349485,0.10171428571428572,0.0,,,1,1002,K002+KI08+KA01,K005+KA22+KI16
cnn,combined,isotonic,0.5817142857142857,0.03699921532955615,0.24571428571428572,0.23255813953488372,,,1,1002,K002+KI08+KA01,K005+KA22+KI16
cnn,combined,conformal_marginal,,,,,1.0,2.7325714285714287,1,1002,K002+KI08+KA01,K005+KA22+KI16
cnn,combined,conformal_class_conditional,,,,,0.9988571428571429,2.5382857142857143,1,1002,K002+KI08+KA01,K005+KA22+KI16
cnn,source,raw,0.3618721461187215,0.5177591604558219,0.06164383561643835,0.05555555555555555,,,1,1003,K001+KI08+KA06,K003+KA16+KI14
cnn,source,temperature,0.3618721461187215,0.08750785577009418,0.08333333333333333,0.1780821917808219,,,1,1003,K001+KI08+KA06,K003+KA16+KI14
cnn,source,isotonic,0.2226027397260274,0.4429909271307185,0.20319634703196346,0.550561797752809,,,1,1003,K001+KI08+KA06,K003+KA16+KI14
cnn,source,conformal_marginal,,,,,0.9657534246575342,2.1358447488584473,1,1003,K001+KI08+KA06,K003+KA16+KI14
cnn,source,conformal_class_conditional,,,,,0.5376712328767124,1.5936073059360731,1,1003,K001+KI08+KA06,K003+KA16+KI14
cnn,target,raw,0.3618721461187215,0.5177591604558219,0.0,,,,1,1003,K001+KI08+KA06,K003+KA16+KI14
cnn,target,temperature,0.3618721461187215,0.2622108680618715,0.0,,,,1,1003,K001+KI08+KA06,K003+KA16+KI14
cnn,target,isotonic,0.3698630136986301,0.5221270494138843,0.7214611872146118,0.6281645569620253,,,1,1003,K001+KI08+KA06,K003+KA16+KI14
cnn,target,conformal_marginal,,,,,0.791095890410959,1.8481735159817352,1,1003,K001+KI08+KA06,K003+KA16+KI14
cnn,target,conformal_class_conditional,,,,,0.5445205479452054,1.226027397260274,1,1003,K001+KI08+KA06,K003+KA16+KI14
cnn,combined,raw,0.3618721461187215,0.5177591604558219,0.06164383561643835,0.05555555555555555,,,1,1003,K001+KI08+KA06,K003+KA16+KI14
cnn,combined,temperature,0.3618721461187215,0.13945478990397595,0.07876712328767123,0.13043478260869565,,,1,1003,K001+KI08+KA06,K003+KA16+KI14
cnn,combined,isotonic,0.3105022831050228,0.3394144697371303,0.341324200913242,0.6020066889632107,,,1,1003,K001+KI08+KA06,K003+KA16+KI14
cnn,combined,conformal_marginal,,,,,0.9200913242009132,2.0228310502283104,1,1003,K001+KI08+KA06,K003+KA16+KI14
cnn,combined,conformal_class_conditional,,,,,0.8047945205479452,1.95662100456621,1,1003,K001+KI08+KA06,K003+KA16+KI14
cnn,source,raw,0.3965714285714286,0.4365567256698286,0.32571428571428573,0.1824561403508772,,,1,1004,K004+KI01+KA09,K006+KA04+KI04
cnn,source,temperature,0.3965714285714286,0.2888691905075559,0.3302857142857143,0.19377162629757785,,,1,1004,K004+KI01+KA09,K006+KA04+KI04
cnn,source,isotonic,0.42628571428571427,0.397052797265671,0.9988571428571429,0.5743707093821511,,,1,1004,K004+KI01+KA09,K006+KA04+KI04
cnn,source,conformal_marginal,,,,,0.9245714285714286,2.2697142857142856,1,1004,K004+KI01+KA09,K006+KA04+KI04
cnn,source,conformal_class_conditional,,,,,0.4582857142857143,1.3714285714285714,1,1004,K004+KI01+KA09,K006+KA04+KI04
cnn,target,raw,0.3965714285714286,0.4365567256698286,0.0,,,,1,1004,K004+KI01+KA09,K006+KA04+KI04
cnn,target,temperature,0.3965714285714286,0.2920425900677655,0.0,,,,1,1004,K004+KI01+KA09,K006+KA04+KI04
cnn,target,isotonic,0.4777142857142857,0.22991007251638176,0.3588571428571429,0.24203821656050956,,,1,1004,K004+KI01+KA09,K006+KA04+KI04
cnn,target,conformal_marginal,,,,,0.8708571428571429,1.697142857142857,1,1004,K004+KI01+KA09,K006+KA04+KI04
cnn,target,conformal_class_conditional,,,,,0.6628571428571428,1.368,1,1004,K004+KI01+KA09,K006+KA04+KI04
cnn,combined,raw,0.3965714285714286,0.4365567256698286,0.2662857142857143,0.07296137339055794,,,1,1004,K004+KI01+KA09,K006+KA04+KI04
cnn,combined,temperature,0.3965714285714286,0.2622541596725497,0.272,0.07983193277310924,,,1,1004,K004+KI01+KA09,K006+KA04+KI04
cnn,combined,isotonic,0.5462857142857143,0.2629470136834749,0.5497142857142857,0.501039501039501,,,1,1004,K004+KI01+KA09,K006+KA04+KI04
cnn,combined,conformal_marginal,,,,,0.9142857142857143,2.1805714285714286,1,1004,K004+KI01+KA09,K006+KA04+KI04
cnn,combined,conformal_class_conditional,,,,,0.6628571428571428,1.7931428571428571,1,1004,K004+KI01+KA09,K006+KA04+KI04
cnn,source,raw,0.545662100456621,0.4095311950287671,0.0,,,,1,1005,K002+KI03+KA06,K005+KA30+KI04
cnn,source,temperature,0.545662100456621,0.1426419831686001,0.0,,,,1,1005,K002+KI03+KA06,K005+KA30+KI04
cnn,source,isotonic,0.4474885844748858,0.05125096760700951,0.3184931506849315,0.4265232974910394,,,1,1005,K002+KI03+KA06,K005+KA30+KI04
cnn,source,conformal_marginal,,,,,0.997716894977169,2.863013698630137,1,1005,K002+KI03+KA06,K005+KA30+KI04
cnn,source,conformal_class_conditional,,,,,0.7990867579908676,2.3447488584474887,1,1005,K002+KI03+KA06,K005+KA30+KI04
cnn,target,raw,0.545662100456621,0.4095311950287671,0.0,,,,1,1005,K002+KI03+KA06,K005+KA30+KI04
cnn,target,temperature,0.545662100456621,0.14264192810588436,0.0,,,,1,1005,K002+KI03+KA06,K005+KA30+KI04
cnn,target,isotonic,0.319634703196347,0.2819662712049151,0.3984018264840183,0.5415472779369628,,,1,1005,K002+KI03+KA06,K005+KA30+KI04
cnn,target,conformal_marginal,,,,,0.8698630136986302,2.3892694063926943,1,1005,K002+KI03+KA06,K005+KA30+KI04
cnn,target,conformal_class_conditional,,,,,0.7328767123287672,2.069634703196347,1,1005,K002+KI03+KA06,K005+KA30+KI04
cnn,combined,raw,0.545662100456621,0.4095311950287671,0.0,,,,1,1005,K002+KI03+KA06,K005+KA30+KI04
cnn,combined,temperature,0.545662100456621,0.1426420028439285,0.0,,,,1,1005,K002+KI03+KA06,K005+KA30+KI04
cnn,combined,isotonic,0.4394977168949772,0.08116940694520017,0.4668949771689498,0.60880195599022,,,1,1005,K002+KI03+KA06,K005+KA30+KI04
cnn,combined,conformal_marginal,,,,,0.9920091324200914,2.8047945205479454,1,1005,K002+KI03+KA06,K005+KA30+KI04
cnn,combined,conformal_class_conditional,,,,,0.75,2.288812785388128,1,1005,K002+KI03+KA06,K005+KA30+KI04
cnn,source,raw,0.48342857142857143,0.35786600147634284,0.036571428571428574,0.0,,,1,1006,K002+KI05+KA08,K005+KA04+KI16
cnn,source,temperature,0.48342857142857143,0.08090631059154933,0.03542857142857143,0.0,,,1,1006,K002+KI05+KA08,K005+KA04+KI16
cnn,source,isotonic,0.4217142857142857,0.3794156364988881,0.7142857142857143,0.5856,,,1,1006,K002+KI05+KA08,K005+KA04+KI16
cnn,source,conformal_marginal,,,,,1.0,2.8617142857142857,1,1006,K002+KI05+KA08,K005+KA04+KI16
cnn,source,conformal_class_conditional,,,,,0.21257142857142858,1.3074285714285714,1,1006,K002+KI05+KA08,K005+KA04+KI16
cnn,target,raw,0.48342857142857143,0.35786600147634284,0.0,,,,1,1006,K002+KI05+KA08,K005+KA04+KI16
cnn,target,temperature,0.48342857142857143,0.0814062347200358,0.0,,,,1,1006,K002+KI05+KA08,K005+KA04+KI16
cnn,target,isotonic,0.39885714285714285,0.29706713706338345,0.4342857142857143,0.4631578947368421,,,1,1006,K002+KI05+KA08,K005+KA04+KI16
cnn,target,conformal_marginal,,,,,0.8342857142857143,1.673142857142857,1,1006,K002+KI05+KA08,K005+KA04+KI16
cnn,target,conformal_class_conditional,,,,,0.6068571428571429,1.2754285714285714,1,1006,K002+KI05+KA08,K005+KA04+KI16
cnn,combined,raw,0.48342857142857143,0.35786600147634284,0.036571428571428574,0.0,,,1,1006,K002+KI05+KA08,K005+KA04+KI16
cnn,combined,temperature,0.48342857142857143,0.07420910341423408,0.03542857142857143,0.0,,,1,1006,K002+KI05+KA08,K005+KA04+KI16
cnn,combined,isotonic,0.4937142857142857,0.2138267825314451,0.28685714285714287,0.36254980079681276,,,1,1006,K002+KI05+KA08,K005+KA04+KI16
cnn,combined,conformal_marginal,,,,,0.9988571428571429,2.8182857142857145,1,1006,K002+KI05+KA08,K005+KA04+KI16
cnn,combined,conformal_class_conditional,,,,,0.5931428571428572,1.9714285714285715,1,1006,K002+KI05+KA08,K005+KA04+KI16
cnn,source,raw,0.24914285714285714,0.5680825580201143,0.19885714285714284,0.5344827586206896,,,1,1007,K001+KI01+KA08,K003+KA22+KI04
cnn,source,temperature,0.24914285714285714,0.2959212551200863,0.21142857142857144,0.5891891891891892,,,1,1007,K001+KI01+KA08,K003+KA22+KI04
cnn,source,isotonic,0.4114285714285714,0.4319439752910925,0.944,0.5811138014527845,,,1,1007,K001+KI01+KA08,K003+KA22+KI04
cnn,source,conformal_marginal,,,,,0.9222857142857143,2.1977142857142855,1,1007,K001+KI01+KA08,K003+KA22+KI04
cnn,source,conformal_class_conditional,,,,,0.22514285714285714,0.7485714285714286,1,1007,K001+KI01+KA08,K003+KA22+KI04
cnn,target,raw,0.24914285714285714,0.5680825580201143,0.0,,,,1,1007,K001+KI01+KA08,K003+KA22+KI04
cnn,target,temperature,0.24914285714285714,0.13605560687815668,0.0,,,,1,1007,K001+KI01+KA08,K003+KA22+KI04
cnn,target,isotonic,0.528,0.03725644545648112,0.005714285714285714,0.0,,,1,1007,K001+KI01+KA08,K003+KA22+KI04
cnn,target,conformal_marginal,,,,,0.8674285714285714,1.9245714285714286,1,1007,K001+KI01+KA08,K003+KA22+KI04
cnn,target,conformal_class_conditional,,,,,0.8228571428571428,1.8274285714285714,1,1007,K001+KI01+KA08,K003+KA22+KI04
cnn,combined,raw,0.24914285714285714,0.5680825580201143,0.19885714285714284,0.5344827586206896,,,1,1007,K001+KI01+KA08,K003+KA22+KI04
cnn,combined,temperature,0.24914285714285714,0.21719062668090802,0.21828571428571428,0.6020942408376964,,,1,1007,K001+KI01+KA08,K003+KA22+KI04
cnn,combined,isotonic,0.4377142857142857,0.26253571754090593,0.16457142857142856,0.6041666666666666,,,1,1007,K001+KI01+KA08,K003+KA22+KI04
cnn,combined,conformal_marginal,,,,,0.9051428571428571,2.104,1,1007,K001+KI01+KA08,K003+KA22+KI04
cnn,combined,conformal_class_conditional,,,,,0.8662857142857143,2.1565714285714286,1,1007,K001+KI01+KA08,K003+KA22+KI04
cnn,source,raw,0.5331050228310502,0.43564643040742,0.1324200913242009,0.1810344827586207,,,1,1008,K002+KI01+KA05,K005+KA16+KI14
cnn,source,temperature,0.5331050228310502,0.10985373187110051,0.14269406392694065,0.2,,,1,1008,K002+KI01+KA05,K005+KA16+KI14
cnn,source,isotonic,0.5319634703196348,0.2667063059132113,0.6621004566210046,0.5379310344827586,,,1,1008,K002+KI01+KA05,K005+KA16+KI14
cnn,source,conformal_marginal,,,,,0.9897260273972602,2.6232876712328768,1,1008,K002+KI01+KA05,K005+KA16+KI14
cnn,source,conformal_class_conditional,,,,,0.273972602739726,1.3538812785388128,1,1008,K002+KI01+KA05,K005+KA16+KI14
cnn,target,raw,0.5331050228310502,0.43564643040742,0.6164383561643836,0.6111111111111112,,,1,1008,K002+KI01+KA05,K005+KA16+KI14
cnn,target,temperature,0.5331050228310502,0.42553506326863766,0.6335616438356164,0.6126126126126126,,,1,1008,K002+KI01+KA05,K005+KA16+KI14
cnn,target,isotonic,0.5353881278538812,0.4620660190125522,0.9840182648401826,0.4617169373549884,,,1,1008,K002+KI01+KA05,K005+KA16+KI14
cnn,target,conformal_marginal,,,,,0.5593607305936074,1.158675799086758,1,1008,K002+KI01+KA05,K005+KA16+KI14
cnn,target,conformal_class_conditional,,,,,0.5445205479452054,1.014840182648402,1,1008,K002+KI01+KA05,K005+KA16+KI14
cnn,combined,raw,0.5331050228310502,0.43564643040742,0.1324200913242009,0.1810344827586207,,,1,1008,K002+KI01+KA05,K005+KA16+KI14
cnn,combined,temperature,0.5331050228310502,0.2837766366722822,0.1358447488584475,0.18487394957983194,,,1,1008,K002+KI01+KA05,K005+KA16+KI14
cnn,combined,isotonic,0.5365296803652968,0.2365809161210199,0.7568493150684932,0.48265460030165913,,,1,1008,K002+KI01+KA05,K005+KA16+KI14
cnn,combined,conformal_marginal,,,,,0.9703196347031964,2.5045662100456623,1,1008,K002+KI01+KA05,K005+KA16+KI14
cnn,combined,conformal_class_conditional,,,,,0.5365296803652968,1.7385844748858448,1,1008,K002+KI01+KA05,K005+KA16+KI14
cnn,source,raw,0.448,0.35330707828354285,0.288,0.07539682539682539,,,1,1009,K004+KI01+KA09,K006+KA22+KI04
cnn,source,temperature,0.448,0.267847892471717,0.28685714285714287,0.07171314741035857,,,1,1009,K004+KI01+KA09,K006+KA22+KI04
cnn,source,isotonic,0.42628571428571427,0.38664629320063026,0.9988571428571429,0.5743707093821511,,,1,1009,K004+KI01+KA09,K006+KA22+KI04
cnn,source,conformal_marginal,,,,,0.9245714285714286,2.3337142857142856,1,1009,K004+KI01+KA09,K006+KA22+KI04
cnn,source,conformal_class_conditional,,,,,0.4582857142857143,1.4228571428571428,1,1009,K004+KI01+KA09,K006+KA22+KI04
cnn,target,raw,0.448,0.35330707828354285,0.0,,,,1,1009,K004+KI01+KA09,K006+KA22+KI04
cnn,target,temperature,0.448,0.2108558225695561,0.0,,,,1,1009,K004+KI01+KA09,K006+KA22+KI04
cnn,target,isotonic,0.576,0.12939281258528315,0.21371428571428572,0.0053475935828877,,,1,1009,K004+KI01+KA09,K006+KA22+KI04
cnn,target,conformal_marginal,,,,,0.904,1.750857142857143,1,1009,K004+KI01+KA09,K006+KA22+KI04
cnn,target,conformal_class_conditional,,,,,0.9062857142857143,1.768,1,1009,K004+KI01+KA09,K006+KA22+KI04
cnn,combined,raw,0.448,0.35330707828354285,0.22285714285714286,0.005128205128205128,,,1,1009,K004+KI01+KA09,K006+KA22+KI04
cnn,combined,temperature,0.448,0.25672933064120623,0.22514285714285714,0.005076142131979695,,,1,1009,K004+KI01+KA09,K006+KA22+KI04
cnn,combined,isotonic,0.5462857142857143,0.18446823327350786,0.20914285714285713,0.00546448087431694,,,1,1009,K004+KI01+KA09,K006+KA22+KI04
cnn,combined,conformal_marginal,,,,,0.9142857142857143,2.254857142857143,1,1009,K004+KI01+KA09,K006+KA22+KI04
cnn,combined,conformal_class_conditional,,,,,0.9245714285714286,2.2674285714285713,1,1009,K004+KI01+KA09,K006+KA22+KI04
cnn,source,raw,0.5554285714285714,0.29274308193782855,0.2502857142857143,0.0182648401826484,,,1,1010,K004+KI01+KA05,K006+KA22+KI04
cnn,source,temperature,0.5554285714285714,0.15229905287744686,0.23885714285714285,0.028708133971291867,,,1,1010,K004+KI01+KA05,K006+KA22+KI04
cnn,source,isotonic,0.48342857142857143,0.3149974788442471,0.9245714285714286,0.511742892459827,,,1,1010,K004+KI01+KA05,K006+KA22+KI04
cnn,source,conformal_marginal,,,,,0.9222857142857143,2.5302857142857142,1,1010,K004+KI01+KA05,K006+KA22+KI04
cnn,source,conformal_class_conditional,,,,,0.504,1.4388571428571428,1,1010,K004+KI01+KA05,K006+KA22+KI04
cnn,target,raw,0.5554285714285714,0.29274308193782855,0.0,,,,1,1010,K004+KI01+KA05,K006+KA22+KI04
cnn,target,temperature,0.5554285714285714,0.10219002289442242,0.0,,,,1,1010,K004+KI01+KA05,K006+KA22+KI04
cnn,target,isotonic,0.5211428571428571,0.15948760076308016,0.19657142857142856,0.0,,,1,1010,K004+KI01+KA05,K006+KA22+KI04
cnn,target,conformal_marginal,,,,,0.9085714285714286,1.7885714285714285,1,1010,K004+KI01+KA05,K006+KA22+KI04
cnn,target,conformal_class_conditional,,,,,0.9074285714285715,1.792,1,1010,K004+KI01+KA05,K006+KA22+KI04
cnn,combined,raw,0.5554285714285714,0.29274308193782855,0.0,,,,1,1010,K004+KI01+KA05,K006+KA22+KI04
cnn,combined,temperature,0.5554285714285714,0.10824898226743788,0.0,,,,1,1010,K004+KI01+KA05,K006+KA22+KI04
cnn,combined,isotonic,0.5131428571428571,0.09906138535304923,0.21142857142857144,0.010810810810810811,,,1,1010,K004+KI01+KA05,K006+KA22+KI04
cnn,combined,conformal_marginal,,,,,0.9142857142857143,2.388571428571429,1,1010,K004+KI01+KA05,K006+KA22+KI04
cnn,combined,conformal_class_conditional,,,,,0.9245714285714286,2.345142857142857,1,1010,K004+KI01+KA05,K006+KA22+KI04
cnn,source,raw,0.3668571428571429,0.5585643197762287,0.0,,,,1,1011,K001+KI08+KA05,K003+KA04+KI14
cnn,source,temperature,0.3668571428571429,0.022514125519412304,0.0,,,,1,1011,K001+KI08+KA05,K003+KA04+KI14
cnn,source,isotonic,0.37942857142857145,0.20581487790203878,0.768,0.6145833333333334,,,1,1011,K001+KI08+KA05,K003+KA04+KI14
cnn,source,conformal_marginal,,,,,0.8125714285714286,2.049142857142857,1,1011,K001+KI08+KA05,K003+KA04+KI14
cnn,source,conformal_class_conditional,,,,,0.6537142857142857,1.7245714285714286,1,1011,K001+KI08+KA05,K003+KA04+KI14
cnn,target,raw,0.3668571428571429,0.5585643197762287,0.0,,,,1,1011,K001+KI08+KA05,K003+KA04+KI14
cnn,target,temperature,0.3668571428571429,0.3812226585589426,0.0,,,,1,1011,K001+KI08+KA05,K003+KA04+KI14
cnn,target,isotonic,0.37142857142857144,0.5794393899269581,0.8525714285714285,0.628686327077748,,,1,1011,K001+KI08+KA05,K003+KA04+KI14
cnn,target,conformal_marginal,,,,,0.432,1.0948571428571428,1,1011,K001+KI08+KA05,K003+KA04+KI14
cnn,target,conformal_class_conditional,,,,,0.3668571428571429,1.04,1,1011,K001+KI08+KA05,K003+KA04+KI14
cnn,combined,raw,0.3668571428571429,0.5585643197762287,0.0,,,,1,1011,K001+KI08+KA05,K003+KA04+KI14
cnn,combined,temperature,0.3668571428571429,0.03143697714635076,0.0,,,,1,1011,K001+KI08+KA05,K003+KA04+KI14
cnn,combined,isotonic,0.3668571428571429,0.3130964902823094,0.0,,,,1,1011,K001+KI08+KA05,K003+KA04+KI14
cnn,combined,conformal_marginal,,,,,0.7291428571428571,1.9062857142857144,1,1011,K001+KI08+KA05,K003+KA04+KI14
cnn,combined,conformal_class_conditional,,,,,0.5588571428571428,1.5725714285714285,1,1011,K001+KI08+KA05,K003+KA04+KI14
cnn,source,raw,0.3554285714285714,0.5553468502123428,0.184,0.006211180124223602,,,1,1012,K004+KI03+KA01,K006+KA04+KI14
cnn,source,temperature,0.3554285714285714,0.11417426217498006,0.18628571428571428,0.018404907975460124,,,1,1012,K004+KI03+KA01,K006+KA04+KI14
cnn,source,isotonic,0.34285714285714286,0.4946292330125345,0.9188571428571428,0.6293532338308457,,,1,1012,K004+KI03+KA01,K006+KA04+KI14
cnn,source,conformal_marginal,,,,,0.9702857142857143,2.408,1,1012,K004+KI03+KA01,K006+KA04+KI14
cnn,source,conformal_class_conditional,,,,,0.6125714285714285,1.3005714285714285,1,1012,K004+KI03+KA01,K006+KA04+KI14
cnn,target,raw,0.3554285714285714,0.5553468502123428,0.088,0.0,,,1,1012,K004+KI03+KA01,K006+KA04+KI14
cnn,target,temperature,0.3554285714285714,0.2878536193177754,0.088,0.0,,,1,1012,K004+KI03+KA01,K006+KA04+KI14
cnn,target,isotonic,0.5428571428571428,0.3919448621080037,0.7211428571428572,0.5039619651347068,,,1,1012,K004+KI03+KA01,K006+KA04+KI14
cnn,target,conformal_marginal,,,,,0.9885714285714285,2.5074285714285716,1,1012,K004+KI03+KA01,K006+KA04+KI14
cnn,target,conformal_class_conditional,,,,,0.5451428571428572,1.056,1,1012,K004+KI03+KA01,K006+KA04+KI14
cnn,combined,raw,0.3554285714285714,0.5553468502123428,0.088,0.0,,,1,1012,K004+KI03+KA01,K006+KA04+KI14
cnn,combined,temperature,0.3554285714285714,0.2308183784505824,0.0,,,,1,1012,K004+KI03+KA01,K006+KA04+KI14
cnn,combined,isotonic,0.3417142857142857,0.3507738649081818,0.184,0.018633540372670808,,,1,1012,K004+KI03+KA01,K006+KA04+KI14
cnn,combined,conformal_marginal,,,,,0.9737142857142858,2.4457142857142857,1,1012,K004+KI03+KA01,K006+KA04+KI14
cnn,combined,conformal_class_conditional,,,,,0.9577142857142857,2.0148571428571427,1,1012,K004+KI03+KA01,K006+KA04+KI14
cnn,source,raw,0.3824200913242009,0.45451932523481736,0.0,,,,1,1013,K001+KI05+KA03,K003+KA16+KI18
cnn,source,temperature,0.3824200913242009,0.10208989926350054,0.0,,,,1,1013,K001+KI05+KA03,K003+KA16+KI18
cnn,source,isotonic,0.4029680365296804,0.13131420971526833,0.0,,,,1,1013,K001+KI05+KA03,K003+KA16+KI18
cnn,source,conformal_marginal,,,,,0.9178082191780822,2.6118721461187215,1,1013,K001+KI05+KA03,K003+KA16+KI18
cnn,source,conformal_class_conditional,,,,,0.9235159817351598,2.32648401826484,1,1013,K001+KI05+KA03,K003+KA16+KI18
cnn,target,raw,0.3824200913242009,0.45451932523481736,0.17009132420091325,0.44966442953020136,,,1,1013,K001+KI05+KA03,K003+KA16+KI18
cnn,target,temperature,0.3824200913242009,0.1917803425521968,0.1678082191780822,0.4421768707482993,,,1,1013,K001+KI05+KA03,K003+KA16+KI18
cnn,target,isotonic,0.4577625570776256,0.4457643456870743,0.9531963470319634,0.5233532934131736,,,1,1013,K001+KI05+KA03,K003+KA16+KI18
cnn,target,conformal_marginal,,,,,0.9121004566210046,2.565068493150685,1,1013,K001+KI05+KA03,K003+KA16+KI18
cnn,target,conformal_class_conditional,,,,,0.3915525114155251,1.0068493150684932,1,1013,K001+KI05+KA03,K003+KA16+KI18
cnn,combined,raw,0.3824200913242009,0.45451932523481736,0.10273972602739725,0.1111111111111111,,,1,1013,K001+KI05+KA03,K003+KA16+KI18
cnn,combined,temperature,0.3824200913242009,0.10208989663215513,0.10273972602739725,0.1111111111111111,,,1,1013,K001+KI05+KA03,K003+KA16+KI18
cnn,combined,isotonic,0.4029680365296804,0.18659000110752896,0.2751141552511416,0.43983402489626555,,,1,1013,K001+KI05+KA03,K003+KA16+KI18
cnn,combined,conformal_marginal,,,,,0.91324200913242,2.5947488584474887,1,1013,K001+KI05+KA03,K003+KA16+KI18
cnn,combined,conformal_class_conditional,,,,,0.9189497716894978,2.2545662100456623,1,1013,K001+KI05+KA03,K003+KA16+KI18
cnn,source,raw,0.5605022831050228,0.37649718560433787,0.10844748858447488,0.010526315789473684,,,1,1014,K002+KI07+KA09,K005+KA16+KI16
cnn,source,temperature,0.5605022831050228,0.15898962404773873,0.11187214611872145,0.0,,,1,1014,K002+KI07+KA09,K005+KA16+KI16
cnn,source,isotonic,0.4018264840182648,0.2165869142326565,0.2876712328767123,0.36507936507936506,,,1,1014,K002+KI07+KA09,K005+KA16+KI16
cnn,source,conformal_marginal,,,,,0.997716894977169,2.625570776255708,1,1014,K002+KI07+KA09,K005+KA16+KI16
cnn,source,conformal_class_conditional,,,,,0.365296803652968,1.428082191780822,1,1014,K002+KI07+KA09,K005+KA16+KI16
cnn,target,raw,0.5605022831050228,0.37649718560433787,0.0,,,,1,1014,K002+KI07+KA09,K005+KA16+KI16
cnn,target,temperature,0.5605022831050228,0.15651257569267246,0.0,,,,1,1014,K002+KI07+KA09,K005+KA16+KI16
cnn,target,isotonic,0.5468036529680366,0.10467738458351863,0.1952054794520548,0.06432748538011696,,,1,1014,K002+KI07+KA09,K005+KA16+KI16
cnn,target,conformal_marginal,,,,,0.8687214611872146,1.788812785388128,1,1014,K002+KI07+KA09,K005+KA16+KI16
cnn,target,conformal_class_conditional,,,,,0.8093607305936074,1.5456621004566211,1,1014,K002+KI07+KA09,K005+KA16+KI16
cnn,combined,raw,0.5605022831050228,0.37649718560433787,0.10844748858447488,0.010526315789473684,,,1,1014,K002+KI07+KA09,K005+KA16+KI16
cnn,combined,temperature,0.5605022831050228,0.15627993285484948,0.11187214611872145,0.0,,,1,1014,K002+KI07+KA09,K005+KA16+KI16
cnn,combined,isotonic,0.4863013698630137,0.15348874318096128,0.3036529680365297,0.39849624060150374,,,1,1014,K002+KI07+KA09,K005+KA16+KI16
cnn,combined,conformal_marginal,,,,,0.9897260273972602,2.4965753424657535,1,1014,K002+KI07+KA09,K005+KA16+KI16
cnn,combined,conformal_class_conditional,,,,,0.773972602739726,2.287671232876712,1,1014,K002+KI07+KA09,K005+KA16+KI16
cnn,source,raw,0.5102739726027398,0.3755889538461187,0.0,,,,1,1015,K002+KI07+KA06,K005+KA15+KI16
cnn,source,temperature,0.5102739726027398,0.11667102603537044,0.0,,,,1,1015,K002+KI07+KA06,K005+KA15+KI16
cnn,source,isotonic,0.589041095890411,0.15542462018051834,0.319634703196347,0.35,,,1,1015,K002+KI07+KA06,K005+KA15+KI16
cnn,source,conformal_marginal,,,,,0.9965753424657534,2.752283105022831,1,1015,K002+KI07+KA06,K005+KA15+KI16
cnn,source,conformal_class_conditional,,,,,0.5605022831050228,1.9349315068493151,1,1015,K002+KI07+KA06,K005+KA15+KI16
cnn,target,raw,0.5102739726027398,0.3755889538461187,0.2785388127853881,0.3114754098360656,,,1,1015,K002+KI07+KA06,K005+KA15+KI16
cnn,target,temperature,0.5102739726027398,0.14112909870112464,0.2728310502283105,0.301255230125523,,,1,1015,K002+KI07+KA06,K005+KA15+KI16
cnn,target,isotonic,0.478310502283105,0.3304118162341596,0.5970319634703196,0.5411089866156787,,,1,1015,K002+KI07+KA06,K005+KA15+KI16
cnn,target,conformal_marginal,,,,,0.8287671232876712,1.6860730593607305,1,1015,K002+KI07+KA06,K005+KA15+KI16
cnn,target,conformal_class_conditional,,,,,0.7168949771689498,1.4257990867579908,1,1015,K002+KI07+KA06,K005+KA15+KI16
cnn,combined,raw,0.5102739726027398,0.3755889538461187,0.0,,,,1,1015,K002+KI07+KA06,K005+KA15+KI16
cnn,combined,temperature,0.5102739726027398,0.11667108623476173,0.0,,,,1,1015,K002+KI07+KA06,K005+KA15+KI16
cnn,combined,isotonic,0.454337899543379,0.17873437069869225,0.273972602739726,0.2875,,,1,1015,K002+KI07+KA06,K005+KA15+KI16
cnn,combined,conformal_marginal,,,,,0.9874429223744292,2.654109589041096,1,1015,K002+KI07+KA06,K005+KA15+KI16
cnn,combined,conformal_class_conditional,,,,,0.773972602739726,2.230593607305936,1,1015,K002+KI07+KA06,K005+KA15+KI16
cnn,source,raw,0.5091324200913242,0.4479785244271691,0.20662100456621005,0.13812154696132597,,,1,1016,K002+KI08+KA07,K005+KA30+KI14
cnn,source,temperature,0.5091324200913242,0.163098332904609,0.1643835616438356,0.1111111111111111,,,1,1016,K002+KI08+KA07,K005+KA30+KI14
cnn,source,isotonic,0.5068493150684932,0.3433154387055209,0.7808219178082192,0.47953216374269003,,,1,1016,K002+KI08+KA07,K005+KA30+KI14
cnn,source,conformal_marginal,,,,,1.0,2.752283105022831,1,1016,K002+KI08+KA07,K005+KA30+KI14
cnn,source,conformal_class_conditional,,,,,0.2751141552511416,1.3641552511415524,1,1016,K002+KI08+KA07,K005+KA30+KI14
cnn,target,raw,0.5091324200913242,0.4479785244271691,0.3093607305936073,0.28044280442804426,,,1,1016,K002+KI08+KA07,K005+KA30+KI14
cnn,target,temperature,0.5091324200913242,0.3658848137944566,0.3710045662100457,0.3569230769230769,,,1,1016,K002+KI08+KA07,K005+KA30+KI14
cnn,target,isotonic,0.5331050228310502,0.4520987323148912,0.9337899543378996,0.4889975550122249,,,1,1016,K002+KI08+KA07,K005+KA30+KI14
cnn,target,conformal_marginal,,,,,0.6426940639269406,1.360730593607306,1,1016,K002+KI08+KA07,K005+KA30+KI14
cnn,target,conformal_class_conditional,,,,,0.3984018264840183,0.8550228310502284,1,1016,K002+KI08+KA07,K005+KA30+KI14
cnn,combined,raw,0.5091324200913242,0.4479785244271691,0.20662100456621005,0.13812154696132597,,,1,1016,K002+KI08+KA07,K005+KA30+KI14
cnn,combined,temperature,0.5091324200913242,0.2434692663475567,0.17579908675799086,0.12337662337662338,,,1,1016,K002+KI08+KA07,K005+KA30+KI14
cnn,combined,isotonic,0.523972602739726,0.3483696407431298,0.8230593607305936,0.4549237170596394,,,1,1016,K002+KI08+KA07,K005+KA30+KI14
cnn,combined,conformal_marginal,,,,,0.9931506849315068,2.6860730593607305,1,1016,K002+KI08+KA07,K005+KA30+KI14
cnn,combined,conformal_class_conditional,,,,,0.3561643835616438,1.58675799086758,1,1016,K002+KI08+KA07,K005+KA30+KI14
cnn,source,raw,0.41733181299885974,0.41834938784389974,0.0,,,,1,1017,K004+KI08+KA08,K006+KA16+KI21
cnn,source,temperature,0.41733181299885974,0.12819394053203886,0.0,,,,1,1017,K004+KI08+KA08,K006+KA16+KI21
cnn,source,isotonic,0.4127708095781072,0.13480018083646084,0.0,,,,1,1017,K004+KI08+KA08,K006+KA16+KI21
cnn,source,conformal_marginal,,,,,0.8620296465222349,2.0706955530216646,1,1017,K004+KI08+KA08,K006+KA16+KI21
cnn,source,conformal_class_conditional,,,,,0.6419612314709237,1.7286202964652224,1,1017,K004+KI08+KA08,K006+KA16+KI21
cnn,target,raw,0.41733181299885974,0.41834938784389974,0.5233751425313569,0.4749455337690632,,,1,1017,K004+KI08+KA08,K006+KA16+KI21
cnn,target,temperature,0.41733181299885974,0.33203946349034974,0.5108323831242874,0.46205357142857145,,,1,1017,K004+KI08+KA08,K006+KA16+KI21
cnn,target,isotonic,0.4161915621436716,0.4906349186222883,0.9885974914481186,0.5790080738177624,,,1,1017,K004+KI08+KA08,K006+KA16+KI21
cnn,target,conformal_marginal,,,,,0.5632839224629419,1.3454960091220067,1,1017,K004+KI08+KA08,K006+KA16+KI21
cnn,target,conformal_class_conditional,,,,,0.42873432155074115,0.9771949828962372,1,1017,K004+KI08+KA08,K006+KA16+KI21
cnn,combined,raw,0.41733181299885974,0.41834938784389974,0.4469783352337514,0.4005102040816326,,,1,1017,K004+KI08+KA08,K006+KA16+KI21
cnn,combined,temperature,0.41733181299885974,0.13477490629842184,0.4492588369441277,0.39847715736040606,,,1,1017,K004+KI08+KA08,K006+KA16+KI21
cnn,combined,isotonic,0.443557582668187,0.3391529803327501,0.45153933865450396,0.398989898989899,,,1,1017,K004+KI08+KA08,K006+KA16+KI21
cnn,combined,conformal_marginal,,,,,0.8460661345496009,1.9908779931584948,1,1017,K004+KI08+KA08,K006+KA16+KI21
cnn,combined,conformal_class_conditional,,,,,0.629418472063854,1.6567844925883695,1,1017,K004+KI08+KA08,K006+KA16+KI21
cnn,source,raw,0.4029680365296804,0.40806268063561635,0.0,,,,1,1018,K004+KI07+KA05,K006+KA04+KI17
cnn,source,temperature,0.4029680365296804,0.24896090400155269,0.0,,,,1,1018,K004+KI07+KA05,K006+KA04+KI17
cnn,source,isotonic,0.4155251141552511,0.3059132012093465,0.6381278538812786,0.44364937388193204,,,1,1018,K004+KI07+KA05,K006+KA04+KI17
cnn,source,conformal_marginal,,,,,0.9954337899543378,2.6358447488584473,1,1018,K004+KI07+KA05,K006+KA04+KI17
cnn,source,conformal_class_conditional,,,,,0.45662100456621,1.5331050228310503,1,1018,K004+KI07+KA05,K006+KA04+KI17
cnn,target,raw,0.4029680365296804,0.40806268063561635,0.4018264840182648,0.3977272727272727,,,1,1018,K004+KI07+KA05,K006+KA04+KI17
cnn,target,temperature,0.4029680365296804,0.2641579183078917,0.363013698630137,0.34276729559748426,,,1,1018,K004+KI07+KA05,K006+KA04+KI17
cnn,target,isotonic,0.5057077625570776,0.176451047119317,0.3915525114155251,0.44314868804664725,,,1,1018,K004+KI07+KA05,K006+KA04+KI17
cnn,target,conformal_marginal,,,,,0.6244292237442922,1.4429223744292237,1,1018,K004+KI07+KA05,K006+KA04+KI17
cnn,target,conformal_class_conditional,,,,,0.6404109589041096,1.4417808219178083,1,1018,K004+KI07+KA05,K006+KA04+KI17
cnn,combined,raw,0.4029680365296804,0.40806268063561635,0.0,,,,1,1018,K004+KI07+KA05,K006+KA04+KI17
cnn,combined,temperature,0.4029680365296804,0.18739110330620554,0.0,,,,1,1018,K004+KI07+KA05,K006+KA04+KI17
cnn,combined,isotonic,0.4554794520547945,0.18856434355824608,0.3675799086757991,0.30434782608695654,,,1,1018,K004+KI07+KA05,K006+KA04+KI17
cnn,combined,conformal_marginal,,,,,0.9908675799086758,2.5730593607305936,1,1018,K004+KI07+KA05,K006+KA04+KI17
cnn,combined,conformal_class_conditional,,,,,0.6940639269406392,2.1358447488584473,1,1018,K004+KI07+KA05,K006+KA04+KI17
cnn,source,raw,0.3588571428571429,0.49322886916731434,0.09942857142857142,0.06896551724137931,,,1,1019,K002+KI01+KA01,K005+KA04+KI14
cnn,source,temperature,0.3588571428571429,0.1372623132316636,0.09142857142857143,0.075,,,1,1019,K002+KI01+KA01,K005+KA04+KI14
cnn,source,isotonic,0.3737142857142857,0.2806588734154339,0.18742857142857142,0.024390243902439025,,,1,1019,K002+KI01+KA01,K005+KA04+KI14
cnn,source,conformal_marginal,,,,,1.0,2.825142857142857,1,1019,K002+KI01+KA01,K005+KA04+KI14
cnn,source,conformal_class_conditional,,,,,0.2742857142857143,1.3062857142857143,1,1019,K002+KI01+KA01,K005+KA04+KI14
cnn,target,raw,0.3588571428571429,0.49322886916731434,0.3222857142857143,0.45390070921985815,,,1,1019,K002+KI01+KA01,K005+KA04+KI14
cnn,target,temperature,0.3588571428571429,0.32500138037553705,0.3382857142857143,0.46959459459459457,,,1,1019,K002+KI01+KA01,K005+KA04+KI14
cnn,target,isotonic,0.47085714285714286,0.46468178474816696,0.8514285714285714,0.5409395973154363,,,1,1019,K002+KI01+KA01,K005+KA04+KI14
cnn,target,conformal_marginal,,,,,0.7965714285714286,1.6091428571428572,1,1019,K002+KI01+KA01,K005+KA04+KI14
cnn,target,conformal_class_conditional,,,,,0.3931428571428571,0.96,1,1019,K002+KI01+KA01,K005+KA04+KI14
cnn,combined,raw,0.3588571428571429,0.49322886916731434,0.09942857142857142,0.06896551724137931,,,1,1019,K002+KI01+KA01,K005+KA04+KI14
cnn,combined,temperature,0.3588571428571429,0.1839868164874878,0.09142857142857143,0.075,,,1,1019,K002+KI01+KA01,K005+KA04+KI14
cnn,combined,isotonic,0.5268571428571428,0.2738226474031327,0.6902857142857143,0.5364238410596026,,,1,1019,K002+KI01+KA01,K005+KA04+KI14
cnn,combined,conformal_marginal,,,,,0.9954285714285714,2.76,1,1019,K002+KI01+KA01,K005+KA04+KI14
cnn,combined,conformal_class_conditional,,,,,0.38742857142857146,1.768,1,1019,K002+KI01+KA01,K005+KA04+KI14
cnn,source,raw,0.4127708095781072,0.47157013778437856,0.0,,,,1,1020,K004+KI05+KA08,K006+KA30+KI17
cnn,source,temperature,0.4127708095781072,0.20520121432096974,0.0,,,,1,1020,K004+KI05+KA08,K006+KA30+KI17
cnn,source,isotonic,0.4070695553021665,0.10328024299668269,0.0,,,,1,1020,K004+KI05+KA08,K006+KA30+KI17
cnn,source,conformal_marginal,,,,,1.0,2.8141391106043327,1,1020,K004+KI05+KA08,K006+KA30+KI17
cnn,source,conformal_class_conditional,,,,,0.8152793614595211,2.2428734321550743,1,1020,K004+KI05+KA08,K006+KA30+KI17
cnn,target,raw,0.4127708095781072,0.47157013778437856,0.09350057012542759,0.012195121951219513,,,1,1020,K004+KI05+KA08,K006+KA30+KI17
cnn,target,temperature,0.4127708095781072,0.22740106758216405,0.09236031927023945,0.0,,,1,1020,K004+KI05+KA08,K006+KA30+KI17
cnn,target,isotonic,0.49486887115165334,0.11405565635968755,0.1847206385404789,0.043209876543209874,,,1,1020,K004+KI05+KA08,K006+KA30+KI17
cnn,target,conformal_marginal,,,,,0.9942987457240593,2.7787913340935004,1,1020,K004+KI05+KA08,K006+KA30+KI17
cnn,target,conformal_class_conditional,,,,,0.806157354618016,1.6488027366020523,1,1020,K004+KI05+KA08,K006+KA30+KI17
cnn,combined,raw,0.4127708095781072,0.47157013778437856,0.09122006841505131,0.0,,,1,1020,K004+KI05+KA08,K006+KA30+KI17
cnn,combined,temperature,0.4127708095781072,0.205201221821767,0.09122006841505131,0.0,,,1,1020,K004+KI05+KA08,K006+KA30+KI17
cnn,combined,isotonic,0.5131128848346637,0.05730486553774837,0.09464082098061574,0.0,,,1,1020,K004+KI05+KA08,K006+KA30+KI17
cnn,combined,conformal_marginal,,,,,0.9977194982896237,2.806157354618016,1,1020,K004+KI05+KA08,K006+KA30+KI17
cnn,combined,conformal_class_conditional,,,,,0.8882554161915621,2.5210946408209804,1,1020,K004+KI05+KA08,K006+KA30+KI17
cnn,source,raw,0.365296803652968,0.546525072994064,0.0,,,,1,1021,K001+KI05+KA07,K003+KA16+KI16
cnn,source,temperature,0.365296803652968,0.18457812488714848,0.0,,,,1,1021,K001+KI05+KA07,K003+KA16+KI16
cnn,source,isotonic,0.4600456621004566,0.16259559160848092,0.3493150684931507,0.4803921568627451,,,1,1021,K001+KI05+KA07,K003+KA16+KI16
cnn,source,conformal_marginal,,,,,1.0,2.877853881278539,1,1021,K001+KI05+KA07,K003+KA16+KI16
cnn,source,conformal_class_conditional,,,,,0.636986301369863,1.8664383561643836,1,1021,K001+KI05+KA07,K003+KA16+KI16
cnn,target,raw,0.365296803652968,0.546525072994064,0.0,,,,1,1021,K001+KI05+KA07,K003+KA16+KI16
cnn,target,temperature,0.365296803652968,0.18457812998922435,0.0,,,,1,1021,K001+KI05+KA07,K003+KA16+KI16
cnn,target,isotonic,0.545662100456621,0.06420612320857076,0.182648401826484,0.5,,,1,1021,K001+KI05+KA07,K003+KA16+KI16
cnn,target,conformal_marginal,,,,,0.9121004566210046,2.3447488584474887,1,1021,K001+KI05+KA07,K003+KA16+KI16
cnn,target,conformal_class_conditional,,,,,0.6312785388127854,1.5114155251141552,1,1021,K001+KI05+KA07,K003+KA16+KI16
cnn,combined,raw,0.365296803652968,0.546525072994064,0.0,,,,1,1021,K001+KI05+KA07,K003+KA16+KI16
cnn,combined,temperature,0.365296803652968,0.1845781539065131,0.0,,,,1,1021,K001+KI05+KA07,K003+KA16+KI16
cnn,combined,isotonic,0.3424657534246575,0.27282917859609385,0.2796803652968037,0.6,,,1,1021,K001+KI05+KA07,K003+KA16+KI16
cnn,combined,conformal_marginal,,,,,0.9988584474885844,2.743150684931507,1,1021,K001+KI05+KA07,K003+KA16+KI16
cnn,combined,conformal_class_conditional,,,,,0.9851598173515982,2.5125570776255706,1,1021,K001+KI05+KA07,K003+KA16+KI16
cnn,source,raw,0.3984018264840183,0.42690924762545657,0.0,,,,1,1022,K004+KI07+KA01,K006+KA15+KI04
cnn,source,temperature,0.3984018264840183,0.12428977756007173,0.0,,,,1,1022,K004+KI07+KA01,K006+KA15+KI04
cnn,source,isotonic,0.4611872146118721,0.2950553026265822,0.9463470319634704,0.5150784077201448,,,1,1022,K004+KI07+KA01,K006+KA15+KI04
cnn,source,conformal_marginal,,,,,0.997716894977169,2.7922374429223744,1,1022,K004+KI07+KA01,K006+KA15+KI04
cnn,source,conformal_class_conditional,,,,,0.4611872146118721,1.5468036529680365,1,1022,K004+KI07+KA01,K006+KA15+KI04
cnn,target,raw,0.3984018264840183,0.42690924762545657,0.3219178082191781,0.41134751773049644,,,1,1022,K004+KI07+KA01,K006+KA15+KI04
cnn,target,temperature,0.3984018264840183,0.2571466921942385,0.3299086757990868,0.3875432525951557,,,1,1022,K004+KI07+KA01,K006+KA15+KI04
cnn,target,isotonic,0.4634703196347032,0.25775286160205546,0.3242009132420091,0.4295774647887324,,,1,1022,K004+KI07+KA01,K006+KA15+KI04
cnn,target,conformal_marginal,,,,,0.7294520547945206,1.5787671232876712,1,1022,K004+KI07+KA01,K006+KA15+KI04
cnn,target,conformal_class_conditional,,,,,0.7408675799086758,1.6004566210045663,1,1022,K004+KI07+KA01,K006+KA15+KI04
cnn,combined,raw,0.3984018264840183,0.42690924762545657,0.0,,,,1,1022,K004+KI07+KA01,K006+KA15+KI04
cnn,combined,temperature,0.3984018264840183,0.133079573721206,0.0,,,,1,1022,K004+KI07+KA01,K006+KA15+KI04
cnn,combined,isotonic,0.4589041095890411,0.2009665166580651,0.2705479452054795,0.3206751054852321,,,1,1022,K004+KI07+KA01,K006+KA15+KI04
cnn,combined,conformal_marginal,,,,,0.9965753424657534,2.6141552511415527,1,1022,K004+KI07+KA01,K006+KA15+KI04
cnn,combined,conformal_class_conditional,,,,,0.8139269406392694,2.2933789954337898,1,1022,K004+KI07+KA01,K006+KA15+KI04
cnn,source,raw,0.43657142857142855,0.4627252545845715,0.7417142857142857,0.5932203389830508,,,1,1023,K001+KI07+KA09,K003+KA22+KI16
cnn,source,temperature,0.43657142857142855,0.44832413928395143,0.7657142857142857,0.5940298507462687,,,1,1023,K001+KI07+KA09,K003+KA22+KI16
cnn,source,isotonic,0.3577142857142857,0.5410630195970105,0.768,0.6116071428571429,,,1,1023,K001+KI07+KA09,K003+KA22+KI16
cnn,source,conformal_marginal,,,,,0.5394285714285715,1.2377142857142858,1,1023,K001+KI07+KA09,K003+KA22+KI16
cnn,source,conformal_class_conditional,,,,,0.3977142857142857,0.992,1,1023,K001+KI07+KA09,K003+KA22+KI16
cnn,target,raw,0.43657142857142855,0.4627252545845715,0.5234285714285715,0.5524017467248908,,,1,1023,K001+KI07+KA09,K003+KA22+KI16
cnn,target,temperature,0.43657142857142855,0.09312508757377208,0.5074285714285715,0.5608108108108109,,,1,1023,K001+KI07+KA09,K003+KA22+KI16
cnn,target,isotonic,0.3657142857142857,0.5187420563028117,0.8742857142857143,0.6901960784313725,,,1,1023,K001+KI07+KA09,K003+KA22+KI16
cnn,target,conformal_marginal,,,,,0.8091428571428572,2.12,1,1023,K001+KI07+KA09,K003+KA22+KI16
cnn,target,conformal_class_conditional,,,,,0.5645714285714286,1.294857142857143,1,1023,K001+KI07+KA09,K003+KA22+KI16
cnn,combined,raw,0.43657142857142855,0.4627252545845715,0.5668571428571428,0.5544354838709677,,,1,1023,K001+KI07+KA09,K003+KA22+KI16
cnn,combined,temperature,0.43657142857142855,0.2466187816990481,0.5497142857142857,0.5509355509355509,,,1,1023,K001+KI07+KA09,K003+KA22+KI16
cnn,combined,isotonic,0.3577142857142857,0.48423324064882095,0.7108571428571429,0.6688102893890675,,,1,1023,K001+KI07+KA09,K003+KA22+KI16
cnn,combined,conformal_marginal,,,,,0.792,1.953142857142857,1,1023,K001+KI07+KA09,K003+KA22+KI16
cnn,combined,conformal_class_conditional,,,,,0.6422857142857142,1.5291428571428571,1,1023,K001+KI07+KA09,K003+KA22+KI16
cnn,source,raw,0.3550228310502283,0.4760158296367579,0.0,,,,1,1024,K002+KI07+KA05,K005+KA30+KI14
cnn,source,temperature,0.3550228310502283,0.17253080896440273,0.0,,,,1,1024,K002+KI07+KA05,K005+KA30+KI14
cnn,source,isotonic,0.4018264840182648,0.2461641246839183,0.2317351598173516,0.20689655172413793,,,1,1024,K002+KI07+KA05,K005+KA30+KI14
cnn,source,conformal_marginal,,,,,0.9954337899543378,2.8127853881278537,1,1024,K002+KI07+KA05,K005+KA30+KI14
cnn,source,conformal_class_conditional,,,,,0.2853881278538813,1.4052511415525115,1,1024,K002+KI07+KA05,K005+KA30+KI14
cnn,target,raw,0.3550228310502283,0.4760158296367579,0.4360730593607306,0.3743455497382199,,,1,1024,K002+KI07+KA05,K005+KA30+KI14
cnn,target,temperature,0.3550228310502283,0.46242523240577216,0.4372146118721461,0.37597911227154046,,,1,1024,K002+KI07+KA05,K005+KA30+KI14
cnn,target,isotonic,0.4497716894977169,0.47246606860946583,0.9828767123287672,0.5470383275261324,,,1,1024,K002+KI07+KA05,K005+KA30+KI14
cnn,target,conformal_marginal,,,,,0.6164383561643836,1.3344748858447488,1,1024,K002+KI07+KA05,K005+KA30+KI14
cnn,target,conformal_class_conditional,,,,,0.5,1.1860730593607305,1,1024,K002+KI07+KA05,K005+KA30+KI14
cnn,combined,raw,0.3550228310502283,0.4760158296367579,0.0,,,,1,1024,K002+KI07+KA05,K005+KA30+KI14
cnn,combined,temperature,0.3550228310502283,0.23041946272209898,0.0,,,,1,1024,K002+KI07+KA05,K005+KA30+KI14
cnn,combined,isotonic,0.4486301369863014,0.36430056577045233,0.5308219178082192,0.5827956989247312,,,1,1024,K002+KI07+KA05,K005+KA30+KI14
cnn,combined,conformal_marginal,,,,,0.980593607305936,2.7294520547945207,1,1024,K002+KI07+KA05,K005+KA30+KI14
cnn,combined,conformal_class_conditional,,,,,0.4794520547945205,1.9783105022831051,1,1024,K002+KI07+KA05,K005+KA30+KI14
cnn,source,raw,0.3554285714285714,0.5585595674955428,0.15771428571428572,0.1956521739130435,,,1,1025,K004+KI03+KA01,K006+KA22+KI18
cnn,source,temperature,0.3554285714285714,0.052936405527699924,0.21371428571428572,0.3315508021390374,,,1,1025,K004+KI03+KA01,K006+KA22+KI18
cnn,source,isotonic,0.34285714285714286,0.513707434601899,0.9234285714285714,0.6311881188118812,,,1,1025,K004+KI03+KA01,K006+KA22+KI18
cnn,source,conformal_marginal,,,,,0.936,2.345142857142857,1,1025,K004+KI03+KA01,K006+KA22+KI18
cnn,source,conformal_class_conditional,,,,,0.6125714285714285,1.2445714285714287,1,1025,K004+KI03+KA01,K006+KA22+KI18
cnn,target,raw,0.3554285714285714,0.5585595674955428,0.31542857142857145,0.4891304347826087,,,1,1025,K004+KI03+KA01,K006+KA22+KI18
cnn,target,temperature,0.3554285714285714,0.3485292511286698,0.3417142857142857,0.5083612040133779,,,1,1025,K004+KI03+KA01,K006+KA22+KI18
cnn,target,isotonic,0.4502857142857143,0.5470415286604593,0.9988571428571429,0.5503432494279176,,,1,1025,K004+KI03+KA01,K006+KA22+KI18
cnn,target,conformal_marginal,,,,,0.6914285714285714,1.6125714285714285,1,1025,K004+KI03+KA01,K006+KA22+KI18
cnn,target,conformal_class_conditional,,,,,0.37942857142857145,0.8548571428571429,1,1025,K004+KI03+KA01,K006+KA22+KI18
cnn,combined,raw,0.3554285714285714,0.5585595674955428,0.17485714285714285,0.24836601307189543,,,1,1025,K004+KI03+KA01,K006+KA22+KI18
cnn,combined,temperature,0.3554285714285714,0.17875627918769493,0.21142857142857144,0.32972972972972975,,,1,1025,K004+KI03+KA01,K006+KA22+KI18
cnn,combined,isotonic,0.47085714285714286,0.1796595269143242,0.18171428571428572,0.2578616352201258,,,1,1025,K004+KI03+KA01,K006+KA22+KI18
cnn,combined,conformal_marginal,,,,,0.8925714285714286,2.0605714285714285,1,1025,K004+KI03+KA01,K006+KA22+KI18
cnn,combined,conformal_class_conditional,,,,,0.8708571428571429,1.8868571428571428,1,1025,K004+KI03+KA01,K006+KA22+KI18
cnn,source,raw,0.5337142857142857,0.3530916835294856,0.0,,,,1,1026,K002+KI08+KA05,K005+KA22+KI14
cnn,source,temperature,0.5337142857142857,0.13829366795041392,0.0,,,,1,1026,K002+KI08+KA05,K005+KA22+KI14
cnn,source,isotonic,0.49714285714285716,0.2438106693398905,0.6217142857142857,0.53125,,,1,1026,K002+KI08+KA05,K005+KA22+KI14
cnn,source,conformal_marginal,,,,,1.0,2.8605714285714288,1,1026,K002+KI08+KA05,K005+KA22+KI14
cnn,source,conformal_class_conditional,,,,,0.3142857142857143,1.3782857142857143,1,1026,K002+KI08+KA05,K005+KA22+KI14
cnn,target,raw,0.5337142857142857,0.3530916835294856,0.0,,,,1,1026,K002+KI08+KA05,K005+KA22+KI14
cnn,target,temperature,0.5337142857142857,0.13112023922243346,0.0,,,,1,1026,K002+KI08+KA05,K005+KA22+KI14
cnn,target,isotonic,0.6354285714285715,0.4545933551534163,0.904,0.4020227560050569,,,1,1026,K002+KI08+KA05,K005+KA22+KI14
cnn,target,conformal_marginal,,,,,0.976,2.3645714285714288,1,1026,K002+KI08+KA05,K005+KA22+KI14
cnn,target,conformal_class_conditional,,,,,0.6365714285714286,1.0902857142857143,1,1026,K002+KI08+KA05,K005+KA22+KI14
cnn,combined,raw,0.5337142857142857,0.3530916835294856,0.0,,,,1,1026,K002+KI08+KA05,K005+KA22+KI14
cnn,combined,temperature,0.5337142857142857,0.09066345653419523,0.0,,,,1,1026,K002+KI08+KA05,K005+KA22+KI14
cnn,combined,isotonic,0.5394285714285715,0.30170926355133687,0.7497142857142857,0.4847560975609756,,,1,1026,K002+KI08+KA05,K005+KA22+KI14
cnn,combined,conformal_marginal,,,,,1.0,2.798857142857143,1,1026,K002+KI08+KA05,K005+KA22+KI14
cnn,combined,conformal_class_conditional,,,,,0.6365714285714286,1.88,1,1026,K002+KI08+KA05,K005+KA22+KI14
cnn,source,raw,0.6937142857142857,0.25045641701028565,0.0,,,,1,1027,K002+KI08+KA03,K005+KA04+KI04
cnn,source,temperature,0.6937142857142857,0.2917416136792625,0.0,,,,1,1027,K002+KI08+KA03,K005+KA04+KI04
cnn,source,isotonic,0.18285714285714286,0.1648960731637551,0.022857142857142857,1.0,,,1,1027,K002+KI08+KA03,K005+KA04+KI04
cnn,source,conformal_marginal,,,,,1.0,2.5268571428571427,1,1027,K002+KI08+KA03,K005+KA04+KI04
cnn,source,conformal_class_conditional,,,,,0.8194285714285714,2.233142857142857,1,1027,K002+KI08+KA03,K005+KA04+KI04
cnn,target,raw,0.6937142857142857,0.25045641701028565,0.0,,,,1,1027,K002+KI08+KA03,K005+KA04+KI04
cnn,target,temperature,0.6937142857142857,0.21833403624576342,0.0,,,,1,1027,K002+KI08+KA03,K005+KA04+KI04
cnn,target,isotonic,0.6971428571428572,0.11953691177986124,0.5165714285714286,0.14380530973451328,,,1,1027,K002+KI08+KA03,K005+KA04+KI04
cnn,target,conformal_marginal,,,,,0.8468571428571429,1.3977142857142857,1,1027,K002+KI08+KA03,K005+KA04+KI04
cnn,target,conformal_class_conditional,,,,,0.8491428571428571,1.4034285714285715,1,1027,K002+KI08+KA03,K005+KA04+KI04
cnn,combined,raw,0.6937142857142857,0.25045641701028565,0.0,,,,1,1027,K002+KI08+KA03,K005+KA04+KI04
cnn,combined,temperature,0.6937142857142857,0.2917414493337115,0.0,,,,1,1027,K002+KI08+KA03,K005+KA04+KI04
cnn,combined,isotonic,0.5154285714285715,0.13630966883837597,0.28685714285714287,0.36254980079681276,,,1,1027,K002+KI08+KA03,K005+KA04+KI04
cnn,combined,conformal_marginal,,,,,0.9988571428571429,2.3634285714285714,1,1027,K002+KI08+KA03,K005+KA04+KI04
cnn,combined,conformal_class_conditional,,,,,0.8902857142857142,2.288,1,1027,K002+KI08+KA03,K005+KA04+KI04
cnn,source,raw,0.4063926940639269,0.5266047644504566,0.0,,,,1,1028,K002+KI07+KA08,K005+KA30+KI18
cnn,source,temperature,0.4063926940639269,0.01559104284786491,0.0,,,,1,1028,K002+KI07+KA08,K005+KA30+KI18
cnn,source,isotonic,0.3253424657534247,0.3655319664021762,0.4509132420091324,0.5848101265822785,,,1,1028,K002+KI07+KA08,K005+KA30+KI18
cnn,source,conformal_marginal,,,,,0.997716894977169,2.689497716894977,1,1028,K002+KI07+KA08,K005+KA30+KI18
cnn,source,conformal_class_conditional,,,,,0.2671232876712329,1.5547945205479452,1,1028,K002+KI07+KA08,K005+KA30+KI18
cnn,target,raw,0.4063926940639269,0.5266047644504566,0.9680365296803652,0.597877358490566,,,1,1028,K002+KI07+KA08,K005+KA30+KI18
cnn,target,temperature,0.4063926940639269,0.5664865271639996,0.9942922374429224,0.5958668197474167,,,1,1028,K002+KI07+KA08,K005+KA30+KI18
cnn,target,isotonic,0.365296803652968,0.6235297957776731,0.9611872146118722,0.6247030878859857,,,1,1028,K002+KI07+KA08,K005+KA30+KI18
cnn,target,conformal_marginal,,,,,0.3447488584474886,0.9052511415525114,1,1028,K002+KI07+KA08,K005+KA30+KI18
cnn,target,conformal_class_conditional,,,,,0.3538812785388128,0.8070776255707762,1,1028,K002+KI07+KA08,K005+KA30+KI18
cnn,combined,raw,0.4063926940639269,0.5266047644504566,0.0,,,,1,1028,K002+KI07+KA08,K005+KA30+KI18
cnn,combined,temperature,0.4063926940639269,0.3838391463811221,0.0,,,,1,1028,K002+KI07+KA08,K005+KA30+KI18
cnn,combined,isotonic,0.4166666666666667,0.43597701461653904,0.6940639269406392,0.5526315789473685,,,1,1028,K002+KI07+KA08,K005+KA30+KI18
cnn,combined,conformal_marginal,,,,,0.997716894977169,2.5924657534246576,1,1028,K002+KI07+KA08,K005+KA30+KI18
cnn,combined,conformal_class_conditional,,,,,0.3904109589041096,1.7945205479452055,1,1028,K002+KI07+KA08,K005+KA30+KI18
cnn,source,raw,0.3938356164383562,0.4290627607310502,0.0,,,,1,1029,K002+KI07+KA05,K005+KA04+KI21
cnn,source,temperature,0.3938356164383562,0.13178045677821354,0.0,,,,1,1029,K002+KI07+KA05,K005+KA04+KI21
cnn,source,isotonic,0.4634703196347032,0.20315136640780995,0.22602739726027396,0.18686868686868688,,,1,1029,K002+KI07+KA05,K005+KA04+KI21
cnn,source,conformal_marginal,,,,,0.9954337899543378,2.8127853881278537,1,1029,K002+KI07+KA05,K005+KA04+KI21
cnn,source,conformal_class_conditional,,,,,0.3401826484018265,1.4908675799086757,1,1029,K002+KI07+KA05,K005+KA04+KI21
cnn,target,raw,0.3938356164383562,0.4290627607310502,0.0,,,,1,1029,K002+KI07+KA05,K005+KA04+KI21
cnn,target,temperature,0.3938356164383562,0.38690376984810604,0.0,,,,1,1029,K002+KI07+KA05,K005+KA04+KI21
cnn,target,isotonic,0.4452054794520548,0.32583482474312897,0.4589041095890411,0.40298507462686567,,,1,1029,K002+KI07+KA05,K005+KA04+KI21
cnn,target,conformal_marginal,,,,,0.704337899543379,1.42351598173516,1,1029,K002+KI07+KA05,K005+KA04+KI21
cnn,target,conformal_class_conditional,,,,,0.7054794520547946,1.3504566210045663,1,1029,K002+KI07+KA05,K005+KA04+KI21
cnn,combined,raw,0.3938356164383562,0.4290627607310502,0.0,,,,1,1029,K002+KI07+KA05,K005+KA04+KI21
cnn,combined,temperature,0.3938356164383562,0.2461422033997279,0.0,,,,1,1029,K002+KI07+KA05,K005+KA04+KI21
cnn,combined,isotonic,0.4885844748858447,0.15103921354369532,0.2271689497716895,0.19095477386934673,,,1,1029,K002+KI07+KA05,K005+KA04+KI21
cnn,combined,conformal_marginal,,,,,0.980593607305936,2.7294520547945207,1,1029,K002+KI07+KA05,K005+KA04+KI21
cnn,combined,conformal_class_conditional,,,,,0.6643835616438356,2.113013698630137,1,1029,K002+KI07+KA05,K005+KA04+KI21
cnn,source,raw,0.5714285714285714,0.35134862756091434,0.0,,,,1,1030,K002+KI01+KA06,K005+KA22+KI14
cnn,source,temperature,0.5714285714285714,0.17664415274978912,0.0,,,,1,1030,K002+KI01+KA06,K005+KA22+KI14
cnn,source,isotonic,0.6365714285714286,0.3136567841032708,0.4377142857142857,0.5300261096605744,,,1,1030,K002+KI01+KA06,K005+KA22+KI14
cnn,source,conformal_marginal,,,,,1.0,2.8754285714285714,1,1030,K002+KI01+KA06,K005+KA22+KI14
cnn,source,conformal_class_conditional,,,,,0.6251428571428571,1.8057142857142856,1,1030,K002+KI01+KA06,K005+KA22+KI14
cnn,target,raw,0.5714285714285714,0.35134862756091434,0.0,,,,1,1030,K002+KI01+KA06,K005+KA22+KI14
cnn,target,temperature,0.5714285714285714,0.1766440016798162,0.0,,,,1,1030,K002+KI01+KA06,K005+KA22+KI14
cnn,target,isotonic,0.4742857142857143,0.11664167435223749,0.0,,,,1,1030,K002+KI01+KA06,K005+KA22+KI14
cnn,target,conformal_marginal,,,,,0.8788571428571429,2.2365714285714287,1,1030,K002+KI01+KA06,K005+KA22+KI14
cnn,target,conformal_class_conditional,,,,,0.6365714285714286,1.6045714285714285,1,1030,K002+KI01+KA06,K005+KA22+KI14
cnn,combined,raw,0.5714285714285714,0.35134862756091434,0.0,,,,1,1030,K002+KI01+KA06,K005+KA22+KI14
cnn,combined,temperature,0.5714285714285714,0.17664411699604468,0.0,,,,1,1030,K002+KI01+KA06,K005+KA22+KI14
cnn,combined,isotonic,0.6365714285714286,0.36686028871398363,0.904,0.4020227560050569,,,1,1030,K002+KI01+KA06,K005+KA22+KI14
cnn,combined,conformal_marginal,,,,,0.9954285714285714,2.84,1,1030,K002+KI01+KA06,K005+KA22+KI14
cnn,combined,conformal_class_conditional,,,,,0.6365714285714286,1.9028571428571428,1,1030,K002+KI01+KA06,K005+KA22+KI14
cnn,source,raw,0.3470319634703196,0.44451573966004565,0.0,,,,1,1031,K004+KI07+KA06,K006+KA30+KI18
cnn,source,temperature,0.3470319634703196,0.15536668460877182,0.0,,,,1,1031,K004+KI07+KA06,K006+KA30+KI18
cnn,source,isotonic,0.3732876712328767,0.3816800593151434,0.795662100456621,0.5710186513629842,,,1,1031,K004+KI07+KA06,K006+KA30+KI18
cnn,source,conformal_marginal,,,,,1.0,2.7465753424657535,1,1031,K004+KI07+KA06,K006+KA30+KI18
cnn,source,conformal_class_conditional,,,,,0.365296803652968,1.5936073059360731,1,1031,K004+KI07+KA06,K006+KA30+KI18
cnn,target,raw,0.3470319634703196,0.44451573966004565,0.9920091324200914,0.6524741081703107,,,1,1031,K004+KI07+KA06,K006+KA30+KI18
cnn,target,temperature,0.3470319634703196,0.6216674307868753,0.9920091324200914,0.6536248561565017,,,1,1031,K004+KI07+KA06,K006+KA30+KI18
cnn,target,isotonic,0.45662100456621,0.4693760115590027,0.5605022831050228,0.6415478615071283,,,1,1031,K004+KI07+KA06,K006+KA30+KI18
cnn,target,conformal_marginal,,,,,0.29337899543379,0.8207762557077626,1,1031,K004+KI07+KA06,K006+KA30+KI18
cnn,target,conformal_class_conditional,,,,,0.15296803652968036,0.5068493150684932,1,1031,K004+KI07+KA06,K006+KA30+KI18
cnn,combined,raw,0.3470319634703196,0.44451573966004565,0.04223744292237443,0.0,,,1,1031,K004+KI07+KA06,K006+KA30+KI18
cnn,combined,temperature,0.3470319634703196,0.24619374616083411,0.04680365296803653,0.0,,,1,1031,K004+KI07+KA06,K006+KA30+KI18
cnn,combined,isotonic,0.3424657534246575,0.42000508947404364,0.5079908675799086,0.47415730337078654,,,1,1031,K004+KI07+KA06,K006+KA30+KI18
cnn,combined,conformal_marginal,,,,,0.9988584474885844,2.6312785388127855,1,1031,K004+KI07+KA06,K006+KA30+KI18
cnn,combined,conformal_class_conditional,,,,,0.4029680365296804,1.812785388127854,1,1031,K004+KI07+KA06,K006+KA30+KI18
cnn,source,raw,0.589041095890411,0.30623106430559355,0.0,,,,1,1032,K002+KI03+KA05,K005+KA22+KI21
cnn,source,temperature,0.589041095890411,0.19531997487901104,0.0,,,,1,1032,K002+KI03+KA05,K005+KA22+KI21
cnn,source,isotonic,0.3664383561643836,0.08774863505794364,0.2968036529680365,0.4423076923076923,,,1,1032,K002+KI03+KA05,K005+KA22+KI21
cnn,source,conformal_marginal,,,,,1.0,2.884703196347032,1,1032,K002+KI03+KA05,K005+KA22+KI21
cnn,source,conformal_class_conditional,,,,,0.7796803652968036,2.2728310502283104,1,1032,K002+KI03+KA05,K005+KA22+KI21
cnn,target,raw,0.589041095890411,0.30623106430559355,0.0,,,,1,1032,K002+KI03+KA05,K005+KA22+KI21
cnn,target,temperature,0.589041095890411,0.19531999850848902,0.0,,,,1,1032,K002+KI03+KA05,K005+KA22+KI21
cnn,target,isotonic,0.22488584474885845,0.37437655488692095,0.9143835616438356,0.8002496878901373,,,1,1032,K002+KI03+KA05,K005+KA22+KI21
cnn,target,conformal_marginal,,,,,1.0,2.8732876712328768,1,1032,K002+KI03+KA05,K005+KA22+KI21
cnn,target,conformal_class_conditional,,,,,1.0,2.7146118721461185,1,1032,K002+KI03+KA05,K005+KA22+KI21
cnn,combined,raw,0.589041095890411,0.30623106430559355,0.0,,,,1,1032,K002+KI03+KA05,K005+KA22+KI21
cnn,combined,temperature,0.589041095890411,0.1953199872173503,0.0,,,,1,1032,K002+KI03+KA05,K005+KA22+KI21
cnn,combined,isotonic,0.3013698630136986,0.18848558303449492,0.5365296803652968,0.6595744680851063,,,1,1032,K002+KI03+KA05,K005+KA22+KI21
cnn,combined,conformal_marginal,,,,,1.0,2.8835616438356166,1,1032,K002+KI03+KA05,K005+KA22+KI21
cnn,combined,conformal_class_conditional,,,,,1.0,2.8881278538812785,1,1032,K002+KI03+KA05,K005+KA22+KI21
cnn,source,raw,0.4691780821917808,0.4280256842982877,0.10273972602739725,0.011111111111111112,,,1,1033,K002+KI07+KA09,K005+KA16+KI18
cnn,source,temperature,0.4691780821917808,0.18519172030762707,0.10159817351598173,0.0,,,1,1033,K002+KI07+KA09,K005+KA16+KI18
cnn,source,isotonic,0.3470319634703196,0.2713106162244738,0.2876712328767123,0.36507936507936506,,,1,1033,K002+KI07+KA09,K005+KA16+KI18
cnn,source,conformal_marginal,,,,,0.997716894977169,2.6837899543378994,1,1033,K002+KI07+KA09,K005+KA16+KI18
cnn,source,conformal_class_conditional,,,,,0.2751141552511416,1.3390410958904109,1,1033,K002+KI07+KA09,K005+KA16+KI18
cnn,target,raw,0.4691780821917808,0.4280256842982877,0.18378995433789955,0.10559006211180125,,,1,1033,K002+KI07+KA09,K005+KA16+KI18
cnn,target,temperature,0.4691780821917808,0.2845099906749158,0.18378995433789955,0.11801242236024845,,,1,1033,K002+KI07+KA09,K005+KA16+KI18
cnn,target,isotonic,0.4942922374429224,0.4457613984438702,0.9029680365296804,0.46017699115044247,,,1,1033,K002+KI07+KA09,K005+KA16+KI18
cnn,target,conformal_marginal,,,,,0.8687214611872146,1.8687214611872147,1,1033,K002+KI07+KA09,K005+KA16+KI18
cnn,target,conformal_class_conditional,,,,,0.5251141552511416,1.0331050228310503,1,1033,K002+KI07+KA09,K005+KA16+KI18
cnn,combined,raw,0.4691780821917808,0.4280256842982877,0.11529680365296803,0.019801980198019802,,,1,1033,K002+KI07+KA09,K005+KA16+KI18
cnn,combined,temperature,0.4691780821917808,0.22297095087402197,0.11757990867579908,0.02912621359223301,,,1,1033,K002+KI07+KA09,K005+KA16+KI18
cnn,combined,isotonic,0.3835616438356164,0.31295255836651725,0.5924657534246576,0.6069364161849711,,,1,1033,K002+KI07+KA09,K005+KA16+KI18
cnn,combined,conformal_marginal,,,,,0.9897260273972602,2.5810502283105023,1,1033,K002+KI07+KA09,K005+KA16+KI18
cnn,combined,conformal_class_conditional,,,,,0.591324200913242,2.0547945205479454,1,1033,K002+KI07+KA09,K005+KA16+KI18
cnn,source,raw,0.5427594070695553,0.3578326687929304,0.11516533637400228,0.0,,,1,1034,K002+KI08+KA01,K005+KA30+KI21
cnn,source,temperature,0.5427594070695553,0.20870399603841763,0.10148232611174458,0.0,,,1,1034,K002+KI08+KA01,K005+KA30+KI21
cnn,source,isotonic,0.28506271379703535,0.34229861350080204,0.0,,,,1,1034,K002+KI08+KA01,K005+KA30+KI21
cnn,source,conformal_marginal,,,,,1.0,2.799315849486887,1,1034,K002+KI08+KA01,K005+KA30+KI21
cnn,source,conformal_class_conditional,,,,,0.33181299885974913,1.216647662485747,1,1034,K002+KI08+KA01,K005+KA30+KI21
cnn,target,raw,0.5427594070695553,0.3578326687929304,0.0,,,,1,1034,K002+KI08+KA01,K005+KA30+KI21
cnn,target,temperature,0.5427594070695553,0.14181159153331005,0.0,,,,1,1034,K002+KI08+KA01,K005+KA30+KI21
cnn,target,isotonic,0.4709236031927024,0.25222372176895935,0.43101482326111745,0.3253968253968254,,,1,1034,K002+KI08+KA01,K005+KA30+KI21
cnn,target,conformal_marginal,,,,,0.9064994298745724,2.0182440136830104,1,1034,K002+KI08+KA01,K005+KA30+KI21
cnn,target,conformal_class_conditional,,,,,0.6408209806157354,1.2919042189281642,1,1034,K002+KI08+KA01,K005+KA30+KI21
cnn,combined,raw,0.5427594070695553,0.3578326687929304,0.11516533637400228,0.0,,,1,1034,K002+KI08+KA01,K005+KA30+KI21
cnn,combined,temperature,0.5427594070695553,0.08074552498245219,0.10148232611174458,0.0,,,1,1034,K002+KI08+KA01,K005+KA30+KI21
cnn,combined,isotonic,0.41733181299885974,0.1805929827895641,0.2394526795895097,0.22857142857142856,,,1,1034,K002+KI08+KA01,K005+KA30+KI21
cnn,combined,conformal_marginal,,,,,1.0,2.7309007981755986,1,1034,K002+KI08+KA01,K005+KA30+KI21
cnn,combined,conformal_class_conditional,,,,,0.6123147092360319,2.039908779931585,1,1034,K002+KI08+KA01,K005+KA30+KI21
cnn,source,raw,0.19863013698630136,0.6975230226124429,0.0,,,,1,1035,K001+KI05+KA09,K003+KA30+KI14
cnn,source,temperature,0.19863013698630136,0.19717031012267552,0.0,,,,1,1035,K001+KI05+KA09,K003+KA30+KI14
cnn,source,isotonic,0.2785388127853881,0.35665248629989055,0.25,0.634703196347032,,,1,1035,K001+KI05+KA09,K003+KA30+KI14
cnn,source,conformal_marginal,,,,,0.9988584474885844,2.7968036529680367,1,1035,K001+KI05+KA09,K003+KA30+KI14
cnn,source,conformal_class_conditional,,,,,0.636986301369863,1.7705479452054795,1,1035,K001+KI05+KA09,K003+KA30+KI14
cnn,target,raw,0.19863013698630136,0.6975230226124429,1.0,0.8013698630136986,,,1,1035,K001+KI05+KA09,K003+KA30+KI14
cnn,target,temperature,0.19863013698630136,0.7838033318677275,0.9840182648401826,0.802784222737819,,,1,1035,K001+KI05+KA09,K003+KA30+KI14
cnn,target,isotonic,0.19748858447488585,0.7883068424556414,0.7636986301369864,0.7458893871449925,,,1,1035,K001+KI05+KA09,K003+KA30+KI14
cnn,target,conformal_marginal,,,,,0.24771689497716895,1.0639269406392695,1,1035,K001+KI05+KA09,K003+KA30+KI14
cnn,target,conformal_class_conditional,,,,,0.1872146118721461,0.7146118721461188,1,1035,K001+KI05+KA09,K003+KA30+KI14
cnn,combined,raw,0.19863013698630136,0.6975230226124429,0.0,,,,1,1035,K001+KI05+KA09,K003+KA30+KI14
cnn,combined,temperature,0.19863013698630136,0.3288761232416367,0.0,,,,1,1035,K001+KI05+KA09,K003+KA30+KI14
cnn,combined,isotonic,0.2842465753424658,0.4351493918895445,0.2545662100456621,0.6412556053811659,,,1,1035,K001+KI05+KA09,K003+KA30+KI14
cnn,combined,conformal_marginal,,,,,0.9942922374429224,2.7465753424657535,1,1035,K001+KI05+KA09,K003+KA30+KI14
cnn,combined,conformal_class_conditional,,,,,0.6415525114155252,2.0114155251141552,1,1035,K001+KI05+KA09,K003+KA30+KI14
cnn,source,raw,0.3462857142857143,0.4960898400408,0.0,,,,1,1036,K002+KI01+KA07,K005+KA04+KI14
cnn,source,temperature,0.3462857142857143,0.13390611402998193,0.0,,,,1,1036,K002+KI01+KA07,K005+KA04+KI14
cnn,source,isotonic,0.3211428571428571,0.3177758355213564,0.3028571428571429,0.39622641509433965,,,1,1036,K002+KI01+KA07,K005+KA04+KI14
cnn,source,conformal_marginal,,,,,0.9702857142857143,2.8514285714285714,1,1036,K002+KI01+KA07,K005+KA04+KI14
cnn,source,conformal_class_conditional,,,,,0.3485714285714286,1.5794285714285714,1,1036,K002+KI01+KA07,K005+KA04+KI14
cnn,target,raw,0.3462857142857143,0.4960898400408,0.0,,,,1,1036,K002+KI01+KA07,K005+KA04+KI14
cnn,target,temperature,0.3462857142857143,0.21842625874961138,0.0,,,,1,1036,K002+KI01+KA07,K005+KA04+KI14
cnn,target,isotonic,0.38285714285714284,0.3734658406603228,0.7222857142857143,0.555379746835443,,,1,1036,K002+KI01+KA07,K005+KA04+KI14
cnn,target,conformal_marginal,,,,,0.8697142857142857,2.08,1,1036,K002+KI01+KA07,K005+KA04+KI14
cnn,target,conformal_class_conditional,,,,,0.2857142857142857,1.3977142857142857,1,1036,K002+KI01+KA07,K005+KA04+KI14
cnn,combined,raw,0.3462857142857143,0.4960898400408,0.0,,,,1,1036,K002+KI01+KA07,K005+KA04+KI14
cnn,combined,temperature,0.3462857142857143,0.11991676360055559,0.0,,,,1,1036,K002+KI01+KA07,K005+KA04+KI14
cnn,combined,isotonic,0.4662857142857143,0.21378307495774423,0.6811428571428572,0.5335570469798657,,,1,1036,K002+KI01+KA07,K005+KA04+KI14
cnn,combined,conformal_marginal,,,,,0.9485714285714286,2.777142857142857,1,1036,K002+KI01+KA07,K005+KA04+KI14
cnn,combined,conformal_class_conditional,,,,,0.39085714285714285,1.872,1,1036,K002+KI01+KA07,K005+KA04+KI14
cnn,source,raw,0.541095890410959,0.4500526818746575,0.2420091324200913,0.3113207547169811,,,1,1037,K002+KI01+KA09,K005+KA30+KI14
cnn,source,temperature,0.541095890410959,0.24034322183748,0.2363013698630137,0.2995169082125604,,,1,1037,K002+KI01+KA09,K005+KA30+KI14
cnn,source,isotonic,0.5399543378995434,0.2169369320674165,0.730593607305936,0.49375,,,1,1037,K002+KI01+KA09,K005+KA30+KI14
cnn,source,conformal_marginal,,,,,0.9771689497716894,2.5821917808219177,1,1037,K002+KI01+KA09,K005+KA30+KI14
cnn,source,conformal_class_conditional,,,,,0.273972602739726,1.167808219178082,1,1037,K002+KI01+KA09,K005+KA30+KI14
cnn,target,raw,0.541095890410959,0.4500526818746575,0.6484018264840182,0.5985915492957746,,,1,1037,K002+KI01+KA09,K005+KA30+KI14
cnn,target,temperature,0.541095890410959,0.4346625789056396,0.6449771689497716,0.6,,,1,1037,K002+KI01+KA09,K005+KA30+KI14
cnn,target,isotonic,0.5376712328767124,0.4761114039788709,0.9440639269406392,0.4836759371221282,,,1,1037,K002+KI01+KA09,K005+KA30+KI14
cnn,target,conformal_marginal,,,,,0.545662100456621,1.0662100456621004,1,1037,K002+KI01+KA09,K005+KA30+KI14
cnn,target,conformal_class_conditional,,,,,0.5285388127853882,1.0365296803652968,1,1037,K002+KI01+KA09,K005+KA30+KI14
cnn,combined,raw,0.541095890410959,0.4500526818746575,0.2420091324200913,0.3113207547169811,,,1,1037,K002+KI01+KA09,K005+KA30+KI14
cnn,combined,temperature,0.541095890410959,0.2576041832627778,0.24315068493150685,0.3145539906103286,,,1,1037,K002+KI01+KA09,K005+KA30+KI14
cnn,combined,isotonic,0.54337899543379,0.20312169734986552,0.8047945205479452,0.45390070921985815,,,1,1037,K002+KI01+KA09,K005+KA30+KI14
cnn,combined,conformal_marginal,,,,,0.954337899543379,2.482876712328767,1,1037,K002+KI01+KA09,K005+KA30+KI14
cnn,combined,conformal_class_conditional,,,,,0.5273972602739726,1.7408675799086757,1,1037,K002+KI01+KA09,K005+KA30+KI14
cnn,source,raw,0.4417808219178082,0.509895062131621,0.0,,,,1,1038,K002+KI03+KA07,K005+KA15+KI14
cnn,source,temperature,0.4417808219178082,0.0308582927911515,0.0,,,,1,1038,K002+KI03+KA07,K005+KA15+KI14
cnn,source,isotonic,0.2968036529680365,0.24176114262704101,0.13812785388127855,0.2975206611570248,,,1,1038,K002+KI03+KA07,K005+KA15+KI14
cnn,source,conformal_marginal,,,,,0.9509132420091324,2.680365296803653,1,1038,K002+KI03+KA07,K005+KA15+KI14
cnn,source,conformal_class_conditional,,,,,0.5856164383561644,2.0057077625570776,1,1038,K002+KI03+KA07,K005+KA15+KI14
cnn,target,raw,0.4417808219178082,0.509895062131621,0.3984018264840183,0.5730659025787965,,,1,1038,K002+KI03+KA07,K005+KA15+KI14
cnn,target,temperature,0.4417808219178082,0.364750476490965,0.4029680365296804,0.5694050991501416,,,1,1038,K002+KI03+KA07,K005+KA15+KI14
cnn,target,isotonic,0.4497716894977169,0.5214306201157349,0.8447488584474886,0.6270270270270271,,,1,1038,K002+KI03+KA07,K005+KA15+KI14
cnn,target,conformal_marginal,,,,,0.6598173515981736,1.4029680365296804,1,1038,K002+KI03+KA07,K005+KA15+KI14
cnn,target,conformal_class_conditional,,,,,0.2910958904109589,0.8984018264840182,1,1038,K002+KI03+KA07,K005+KA15+KI14
cnn,combined,raw,0.4417808219178082,0.509895062131621,0.0,,,,1,1038,K002+KI03+KA07,K005+KA15+KI14
cnn,combined,temperature,0.4417808219178082,0.06153010188885902,0.0,,,,1,1038,K002+KI03+KA07,K005+KA15+KI14
cnn,combined,isotonic,0.4143835616438356,0.22978408311044332,0.13812785388127855,0.2975206611570248,,,1,1038,K002+KI03+KA07,K005+KA15+KI14
cnn,combined,conformal_marginal,,,,,0.9337899543378996,2.6392694063926943,1,1038,K002+KI03+KA07,K005+KA15+KI14
cnn,combined,conformal_class_conditional,,,,,0.5787671232876712,2.060502283105023,1,1038,K002+KI03+KA07,K005+KA15+KI14
cnn,source,raw,0.4828767123287671,0.35489347059714615,0.0365296803652968,0.0,,,1,1039,K002+KI05+KA08,K005+KA04+KI21
cnn,source,temperature,0.4828767123287671,0.1019185422918101,0.03538812785388128,0.0,,,1,1039,K002+KI05+KA08,K005+KA04+KI21
cnn,source,isotonic,0.4212328767123288,0.3798110598038128,0.7146118721461188,0.5862619808306709,,,1,1039,K002+KI05+KA08,K005+KA04+KI21
cnn,source,conformal_marginal,,,,,1.0,2.8618721461187215,1,1039,K002+KI05+KA08,K005+KA04+KI21
cnn,source,conformal_class_conditional,,,,,0.21232876712328766,1.3082191780821917,1,1039,K002+KI05+KA08,K005+KA04+KI21
cnn,target,raw,0.4828767123287671,0.35489347059714615,0.0,,,,1,1039,K002+KI05+KA08,K005+KA04+KI21
cnn,target,temperature,0.4828767123287671,0.05943394380158233,0.0,,,,1,1039,K002+KI05+KA08,K005+KA04+KI21
cnn,target,isotonic,0.4018264840182648,0.29566117249169227,0.4337899543378995,0.4631578947368421,,,1,1039,K002+KI05+KA08,K005+KA04+KI21
cnn,target,conformal_marginal,,,,,0.9246575342465754,2.279680365296804,1,1039,K002+KI05+KA08,K005+KA04+KI21
cnn,target,conformal_class_conditional,,,,,0.6643835616438356,1.3789954337899544,1,1039,K002+KI05+KA08,K005+KA04+KI21
cnn,combined,raw,0.4828767123287671,0.35489347059714615,0.0365296803652968,0.0,,,1,1039,K002+KI05+KA08,K005+KA04+KI21
cnn,combined,temperature,0.4828767123287671,0.08707199035200983,0.03538812785388128,0.0,,,1,1039,K002+KI05+KA08,K005+KA04+KI21
cnn,combined,isotonic,0.4931506849315068,0.21412217553445217,0.2888127853881279,0.3675889328063241,,,1,1039,K002+KI05+KA08,K005+KA04+KI21
cnn,combined,conformal_marginal,,,,,0.9988584474885844,2.8219178082191783,1,1039,K002+KI05+KA08,K005+KA04+KI21
cnn,combined,conformal_class_conditional,,,,,0.660958904109589,2.077625570776256,1,1039,K002+KI05+KA08,K005+KA04+KI21
cnn,source,raw,0.36228571428571427,0.5524771901041142,0.006857142857142857,0.5,,,1,1040,K001+KI08+KA06,K003+KA04+KI18
cnn,source,temperature,0.36228571428571427,0.2419346805242403,0.029714285714285714,0.5,,,1,1040,K001+KI08+KA06,K003+KA04+KI18
cnn,source,isotonic,0.22285714285714286,0.41458051213899955,0.14057142857142857,0.7967479674796748,,,1,1040,K001+KI08+KA06,K003+KA04+KI18
cnn,source,conformal_marginal,,,,,0.9634285714285714,2.330285714285714,1,1040,K001+KI08+KA06,K003+KA04+KI18
cnn,source,conformal_class_conditional,,,,,0.5382857142857143,1.6914285714285715,1,1040,K001+KI08+KA06,K003+KA04+KI18
cnn,target,raw,0.36228571428571427,0.5524771901041142,0.7394285714285714,0.732612055641422,,,1,1040,K001+KI08+KA06,K003+KA04+KI18
cnn,target,temperature,0.36228571428571427,0.5360729969143502,0.7131428571428572,0.7580128205128205,,,1,1040,K001+KI08+KA06,K003+KA04+KI18
cnn,target,isotonic,0.2925714285714286,0.6539596981387705,0.7977142857142857,0.7277936962750716,,,1,1040,K001+KI08+KA06,K003+KA04+KI18
cnn,target,conformal_marginal,,,,,0.3657142857142857,1.1805714285714286,1,1040,K001+KI08+KA06,K003+KA04+KI18
cnn,target,conformal_class_conditional,,,,,0.2834285714285714,0.7885714285714286,1,1040,K001+KI08+KA06,K003+KA04+KI18
cnn,combined,raw,0.36228571428571427,0.5524771901041142,0.022857142857142857,0.6,,,1,1040,K001+KI08+KA06,K003+KA04+KI18
cnn,combined,temperature,0.36228571428571427,0.37362812277489027,0.045714285714285714,0.625,,,1,1040,K001+KI08+KA06,K003+KA04+KI18
cnn,combined,isotonic,0.38171428571428573,0.2901049583811161,0.4617142857142857,0.6806930693069307,,,1,1040,K001+KI08+KA06,K003+KA04+KI18
cnn,combined,conformal_marginal,,,,,0.8708571428571429,2.081142857142857,1,1040,K001+KI08+KA06,K003+KA04+KI18
cnn,combined,conformal_class_conditional,,,,,0.6274285714285714,1.8697142857142857,1,1040,K001+KI08+KA06,K003+KA04+KI18
cnn,source,raw,0.4823261117445838,0.40683054254070683,0.0,,,,1,1041,K004+KI07+KA03,K006+KA15+KI21
cnn,source,temperature,0.4823261117445838,0.165451484860131,0.0,,,,1,1041,K004+KI07+KA03,K006+KA15+KI21
cnn,source,isotonic,0.45610034207525657,0.10092999538895793,0.09236031927023945,0.012345679012345678,,,1,1041,K004+KI07+KA03,K006+KA15+KI21
cnn,source,conformal_marginal,,,,,0.9122006841505131,2.233751425313569,1,1041,K004+KI07+KA03,K006+KA15+KI21
cnn,source,conformal_class_conditional,,,,,0.8494868871151653,1.9464082098061573,1,1041,K004+KI07+KA03,K006+KA15+KI21
cnn,target,raw,0.4823261117445838,0.40683054254070683,0.0,,,,1,1041,K004+KI07+KA03,K006+KA15+KI21
cnn,target,temperature,0.4823261117445838,0.35152558800811384,0.0,,,,1,1041,K004+KI07+KA03,K006+KA15+KI21
cnn,target,isotonic,0.5051311288483467,0.30318109111930014,0.5541619156214367,0.39711934156378603,,,1,1041,K004+KI07+KA03,K006+KA15+KI21
cnn,target,conformal_marginal,,,,,0.6556442417331813,1.3591790193842646,1,1041,K004+KI07+KA03,K006+KA15+KI21
cnn,target,conformal_class_conditional,,,,,0.6066134549600912,1.2690992018244014,1,1041,K004+KI07+KA03,K006+KA15+KI21
cnn,combined,raw,0.4823261117445838,0.40683054254070683,0.0,,,,1,1041,K004+KI07+KA03,K006+KA15+KI21
cnn,combined,temperature,0.4823261117445838,0.16545135527830146,0.0,,,,1,1041,K004+KI07+KA03,K006+KA15+KI21
cnn,combined,isotonic,0.4663625997719498,0.13619360793571333,0.09122006841505131,0.0,,,1,1041,K004+KI07+KA03,K006+KA15+KI21
cnn,combined,conformal_marginal,,,,,0.8814139110604333,2.144811858608894,1,1041,K004+KI07+KA03,K006+KA15+KI21
cnn,combined,conformal_class_conditional,,,,,0.8358038768529077,1.9156214367160775,1,1041,K004+KI07+KA03,K006+KA15+KI21
cnn,source,raw,0.43542857142857144,0.4498040169509714,0.0,,,,1,1042,K004+KI03+KA05,K006+KA04+KI16
cnn,source,temperature,0.43542857142857144,0.13986476663680592,0.0,,,,1,1042,K004+KI03+KA05,K006+KA04+KI16
cnn,source,isotonic,0.3474285714285714,0.229269297208675,0.19085714285714286,0.1437125748502994,,,1,1042,K004+KI03+KA05,K006+KA04+KI16
cnn,source,conformal_marginal,,,,,1.0,2.8445714285714288,1,1042,K004+KI03+KA05,K006+KA04+KI16
cnn,source,conformal_class_conditional,,,,,0.7245714285714285,2.101714285714286,1,1042,K004+KI03+KA05,K006+KA04+KI16
cnn,target,raw,0.43542857142857144,0.4498040169509714,0.432,0.4126984126984127,,,1,1042,K004+KI03+KA05,K006+KA04+KI16
cnn,target,temperature,0.43542857142857144,0.2604413561742649,0.42628571428571427,0.38605898123324395,,,1,1042,K004+KI03+KA05,K006+KA04+KI16
cnn,target,isotonic,0.5554285714285714,0.17609903621608064,0.4217142857142857,0.4173441734417344,,,1,1042,K004+KI03+KA05,K006+KA04+KI16
cnn,target,conformal_marginal,,,,,0.6514285714285715,1.3817142857142857,1,1042,K004+KI03+KA05,K006+KA04+KI16
cnn,target,conformal_class_conditional,,,,,0.6811428571428572,1.4228571428571428,1,1042,K004+KI03+KA05,K006+KA04+KI16
cnn,combined,raw,0.43542857142857144,0.4498040169509714,0.0,,,,1,1042,K004+KI03+KA05,K006+KA04+KI16
cnn,combined,temperature,0.43542857142857144,0.13986477065852437,0.0,,,,1,1042,K004+KI03+KA05,K006+KA04+KI16
cnn,combined,isotonic,0.5554285714285714,0.06673232664231148,0.21257142857142858,0.0,,,1,1042,K004+KI03+KA05,K006+KA04+KI16
cnn,combined,conformal_marginal,,,,,0.9988571428571429,2.7714285714285714,1,1042,K004+KI03+KA05,K006+KA04+KI16
cnn,combined,conformal_class_conditional,,,,,0.9051428571428571,2.2937142857142856,1,1042,K004+KI03+KA05,K006+KA04+KI16
cnn,source,raw,0.4611872146118721,0.41826982788424655,0.3093607305936073,0.3062730627306273,,,1,1043,K004+KI01+KA01,K006+KA15+KI14
cnn,source,temperature,0.4611872146118721,0.15836859958716187,0.3778538812785388,0.39274924471299094,,,1,1043,K004+KI01+KA01,K006+KA15+KI14
cnn,source,isotonic,0.2636986301369863,0.59145850462956,0.9714611872146118,0.7332549941245593,,,1,1043,K004+KI01+KA01,K006+KA15+KI14
cnn,source,conformal_marginal,,,,,0.9463470319634704,2.2248858447488584,1,1043,K004+KI01+KA01,K006+KA15+KI14
cnn,source,conformal_class_conditional,,,,,0.3093607305936073,0.9577625570776256,1,1043,K004+KI01+KA01,K006+KA15+KI14
cnn,target,raw,0.4611872146118721,0.41826982788424655,0.7454337899543378,0.5742725880551302,,,1,1043,K004+KI01+KA01,K006+KA15+KI14
cnn,target,temperature,0.4611872146118721,0.4217460162686706,0.747716894977169,0.5755725190839694,,,1,1043,K004+KI01+KA01,K006+KA15+KI14
cnn,target,isotonic,0.4589041095890411,0.5224377635800403,0.9828767123287672,0.5365853658536586,,,1,1043,K004+KI01+KA01,K006+KA15+KI14
cnn,target,conformal_marginal,,,,,0.5388127853881278,1.1952054794520548,1,1043,K004+KI01+KA01,K006+KA15+KI14
cnn,target,conformal_class_conditional,,,,,0.4577625570776256,1.0091324200913243,1,1043,K004+KI01+KA01,K006+KA15+KI14
cnn,combined,raw,0.4611872146118721,0.41826982788424655,0.3093607305936073,0.3062730627306273,,,1,1043,K004+KI01+KA01,K006+KA15+KI14
cnn,combined,temperature,0.4611872146118721,0.2633675988680958,0.3641552511415525,0.3730407523510972,,,1,1043,K004+KI01+KA01,K006+KA15+KI14
cnn,combined,isotonic,0.4463470319634703,0.3479600393449645,0.6255707762557078,0.6021897810218978,,,1,1043,K004+KI01+KA01,K006+KA15+KI14
cnn,combined,conformal_marginal,,,,,0.9257990867579908,2.1495433789954337,1,1043,K004+KI01+KA01,K006+KA15+KI14
cnn,combined,conformal_class_conditional,,,,,0.5490867579908676,1.5068493150684932,1,1043,K004+KI01+KA01,K006+KA15+KI14
cnn,source,raw,0.5268571428571428,0.5038556415876574,0.344,0.5880398671096345,,,1,1044,K001+KI08+KA01,K003+KA22+KI04
cnn,source,temperature,0.5268571428571428,0.26257454770021105,0.36914285714285716,0.6068111455108359,,,1,1044,K001+KI08+KA01,K003+KA22+KI04
cnn,source,isotonic,0.5085714285714286,0.4110635196664122,0.8434285714285714,0.4986449864498645,,,1,1044,K001+KI08+KA01,K003+KA22+KI04
cnn,source,conformal_marginal,,,,,0.7394285714285714,1.689142857142857,1,1044,K001+KI08+KA01,K003+KA22+KI04
cnn,source,conformal_class_conditional,,,,,0.38171428571428573,0.8708571428571429,1,1044,K001+KI08+KA01,K003+KA22+KI04
cnn,target,raw,0.5268571428571428,0.5038556415876574,0.0,,,,1,1044,K001+KI08+KA01,K003+KA22+KI04
cnn,target,temperature,0.5268571428571428,0.1588361187340969,0.0,,,,1,1044,K001+KI08+KA01,K003+KA22+KI04
cnn,target,isotonic,0.5142857142857142,0.1513458851722843,0.0,,,,1,1044,K001+KI08+KA01,K003+KA22+KI04
cnn,target,conformal_marginal,,,,,0.968,2.4034285714285715,1,1044,K001+KI08+KA01,K003+KA22+KI04
cnn,target,conformal_class_conditional,,,,,0.8765714285714286,1.8765714285714286,1,1044,K001+KI08+KA01,K003+KA22+KI04
cnn,combined,raw,0.5268571428571428,0.5038556415876574,0.006857142857142857,0.16666666666666666,,,1,1044,K001+KI08+KA01,K003+KA22+KI04
cnn,combined,temperature,0.5268571428571428,0.09646190218545754,0.002285714285714286,0.5,,,1,1044,K001+KI08+KA01,K003+KA22+KI04
cnn,combined,isotonic,0.5668571428571428,0.09355809542302877,0.936,0.4346764346764347,,,1,1044,K001+KI08+KA01,K003+KA22+KI04
cnn,combined,conformal_marginal,,,,,0.8834285714285715,2.008,1,1044,K001+KI08+KA01,K003+KA22+KI04
cnn,combined,conformal_class_conditional,,,,,0.8754285714285714,1.8742857142857143,1,1044,K001+KI08+KA01,K003+KA22+KI04
cnn,source,raw,0.4492588369441277,0.40933410833751427,0.5701254275940707,0.446,,,1,1045,K004+KI01+KA07,K006+KA15+KI21
cnn,source,temperature,0.4492588369441277,0.1469840200838755,0.4823261117445838,0.4373522458628842,,,1,1045,K004+KI01+KA07,K006+KA15+KI21
cnn,source,isotonic,0.4104903078677309,0.3551544732675814,0.7810718358038768,0.5708029197080292,,,1,1045,K004+KI01+KA07,K006+KA15+KI21
cnn,source,conformal_marginal,,,,,0.9167616875712656,2.140250855188141,1,1045,K004+KI01+KA07,K006+KA15+KI21
cnn,source,conformal_class_conditional,,,,,0.41391106043329534,1.1391106043329533,1,1045,K004+KI01+KA07,K006+KA15+KI21
cnn,target,raw,0.4492588369441277,0.40933410833751427,0.0,,,,1,1045,K004+KI01+KA07,K006+KA15+KI21
cnn,target,temperature,0.4492588369441277,0.2589405114609409,0.0,,,,1,1045,K004+KI01+KA07,K006+KA15+KI21
cnn,target,isotonic,0.500570125427594,0.28102506680785244,0.6100342075256556,0.44299065420560746,,,1,1045,K004+KI01+KA07,K006+KA15+KI21
cnn,target,conformal_marginal,,,,,0.8152793614595211,1.6385404789053593,1,1045,K004+KI01+KA07,K006+KA15+KI21
cnn,target,conformal_class_conditional,,,,,0.6054732041049031,1.3044469783352337,1,1045,K004+KI01+KA07,K006+KA15+KI21
cnn,combined,raw,0.4492588369441277,0.40933410833751427,0.25655644241733183,0.2577777777777778,,,1,1045,K004+KI01+KA07,K006+KA15+KI21
cnn,combined,temperature,0.4492588369441277,0.18518256842798864,0.22805017103762829,0.16,,,1,1045,K004+KI01+KA07,K006+KA15+KI21
cnn,combined,isotonic,0.49714937286202965,0.14983790065553576,0.23717217787913342,0.16346153846153846,,,1,1045,K004+KI01+KA07,K006+KA15+KI21
cnn,combined,conformal_marginal,,,,,0.9042189281641961,2.072976054732041,1,1045,K004+KI01+KA07,K006+KA15+KI21
cnn,combined,conformal_class_conditional,,,,,0.6716077537058153,1.7149372862029646,1,1045,K004+KI01+KA07,K006+KA15+KI21
cnn,source,raw,0.3881278538812785,0.44566837332146125,0.1689497716894977,0.47297297297297297,,,1,1046,K001+KI01+KA05,K003+KA16+KI04
cnn,source,temperature,0.3881278538812785,0.1867137166285943,0.1860730593607306,0.4785276073619632,,,1,1046,K001+KI01+KA05,K003+KA16+KI04
cnn,source,isotonic,0.45662100456621,0.41332150860639055,0.70662100456621,0.4911147011308562,,,1,1046,K001+KI01+KA05,K003+KA16+KI04
cnn,source,conformal_marginal,,,,,0.8401826484018264,2.077625570776256,1,1046,K001+KI01+KA05,K003+KA16+KI04
cnn,source,conformal_class_conditional,,,,,0.3116438356164384,0.8550228310502284,1,1046,K001+KI01+KA05,K003+KA16+KI04
cnn,target,raw,0.3881278538812785,0.44566837332146125,0.0,,,,1,1046,K001+KI01+KA05,K003+KA16+KI04
cnn,target,temperature,0.3881278538812785,0.04079386142561266,0.0,,,,1,1046,K001+KI01+KA05,K003+KA16+KI04
cnn,target,isotonic,0.5445205479452054,0.06004048109961614,0.18036529680365296,0.4936708860759494,,,1,1046,K001+KI01+KA05,K003+KA16+KI04
cnn,target,conformal_marginal,,,,,0.8515981735159818,2.1506849315068495,1,1046,K001+KI01+KA05,K003+KA16+KI04
cnn,target,conformal_class_conditional,,,,,0.769406392694064,1.7705479452054795,1,1046,K001+KI01+KA05,K003+KA16+KI04
cnn,combined,raw,0.3881278538812785,0.44566837332146125,0.0,,,,1,1046,K001+KI01+KA05,K003+KA16+KI04
cnn,combined,temperature,0.3881278538812785,0.06685689288947086,0.0,,,,1,1046,K001+KI01+KA05,K003+KA16+KI04
cnn,combined,isotonic,0.545662100456621,0.13876494503425407,0.0867579908675799,0.0,,,1,1046,K001+KI01+KA05,K003+KA16+KI04
cnn,combined,conformal_marginal,,,,,0.8504566210045662,2.1232876712328768,1,1046,K001+KI01+KA05,K003+KA16+KI04
cnn,combined,conformal_class_conditional,,,,,0.8447488584474886,2.0913242009132422,1,1046,K001+KI01+KA05,K003+KA16+KI04
cnn,source,raw,0.33409350057012543,0.5734399141020525,0.07981755986316989,0.0,,,1,1047,K001+KI05+KA01,K003+KA30+KI17
cnn,source,temperature,0.33409350057012543,0.11478951954439462,0.08209806157354618,0.0,,,1,1047,K001+KI05+KA01,K003+KA30+KI17
cnn,source,isotonic,0.3637400228050171,0.22749501555506038,0.21094640820980615,0.20540540540540542,,,1,1047,K001+KI05+KA01,K003+KA30+KI17
cnn,source,conformal_marginal,,,,,1.0,2.77309007981756,1,1047,K001+KI05+KA01,K003+KA30+KI17
cnn,source,conformal_class_conditional,,,,,0.636259977194983,1.727480045610034,1,1047,K001+KI05+KA01,K003+KA30+KI17
cnn,target,raw,0.33409350057012543,0.5734399141020525,0.0,,,,1,1047,K001+KI05+KA01,K003+KA30+KI17
cnn,target,temperature,0.33409350057012543,0.5023103559943567,0.7685290763968073,0.6483679525222552,,,1,1047,K001+KI05+KA01,K003+KA30+KI17
cnn,target,isotonic,0.28278221208665905,0.548618517293239,0.7001140250855188,0.6091205211726385,,,1,1047,K001+KI05+KA01,K003+KA30+KI17
cnn,target,conformal_marginal,,,,,0.4241733181299886,1.1984036488027365,1,1047,K001+KI05+KA01,K003+KA30+KI17
cnn,target,conformal_class_conditional,,,,,0.4218928164196123,1.168757126567845,1,1047,K001+KI05+KA01,K003+KA30+KI17
cnn,combined,raw,0.33409350057012543,0.5734399141020525,0.07981755986316989,0.0,,,1,1047,K001+KI05+KA01,K003+KA30+KI17
cnn,combined,temperature,0.33409350057012543,0.20237342308809786,0.08209806157354618,0.0,,,1,1047,K001+KI05+KA01,K003+KA30+KI17
cnn,combined,isotonic,0.28734321550741165,0.3177528337945431,0.21436716077537057,0.2127659574468085,,,1,1047,K001+KI05+KA01,K003+KA30+KI17
cnn,combined,conformal_marginal,,,,,1.0,2.694412770809578,1,1047,K001+KI05+KA01,K003+KA30+KI17
cnn,combined,conformal_class_conditional,,,,,0.636259977194983,1.9007981755986316,1,1047,K001+KI05+KA01,K003+KA30+KI17
cnn,source,raw,0.3013698630136986,0.5261633657745434,0.2614155251141553,0.3318777292576419,,,1,1048,K004+KI01+KA09,K006+KA30+KI18
cnn,source,temperature,0.3013698630136986,0.31613007188915904,0.2682648401826484,0.34893617021276596,,,1,1048,K004+KI01+KA09,K006+KA30+KI18
cnn,source,isotonic,0.3344748858447489,0.470097313070923,0.980593607305936,0.660069848661234,,,1,1048,K004+KI01+KA09,K006+KA30+KI18
cnn,source,conformal_marginal,,,,,0.9246575342465754,2.4646118721461185,1,1048,K004+KI01+KA09,K006+KA30+KI18
cnn,source,conformal_class_conditional,,,,,0.3664383561643836,1.3778538812785388,1,1048,K004+KI01+KA09,K006+KA30+KI18
cnn,target,raw,0.3013698630136986,0.5261633657745434,0.8447488584474886,0.727027027027027,,,1,1048,K004+KI01+KA09,K006+KA30+KI18
cnn,target,temperature,0.3013698630136986,0.6073490232825768,0.8470319634703196,0.7264150943396226,,,1,1048,K004+KI01+KA09,K006+KA30+KI18
cnn,target,isotonic,0.3984018264840183,0.521956270789547,0.660958904109589,0.5561312607944733,,,1,1048,K004+KI01+KA09,K006+KA30+KI18
cnn,target,conformal_marginal,,,,,0.317351598173516,1.0319634703196348,1,1048,K004+KI01+KA09,K006+KA30+KI18
cnn,target,conformal_class_conditional,,,,,0.20662100456621005,0.545662100456621,1,1048,K004+KI01+KA09,K006+KA30+KI18
cnn,combined,raw,0.3013698630136986,0.5261633657745434,0.3036529680365297,0.41729323308270677,,,1,1048,K004+KI01+KA09,K006+KA30+KI18
cnn,combined,temperature,0.3013698630136986,0.3181719928943795,0.2979452054794521,0.3946360153256705,,,1,1048,K004+KI01+KA09,K006+KA30+KI18
cnn,combined,isotonic,0.3333333333333333,0.32560189349690194,0.3926940639269406,0.5406976744186046,,,1,1048,K004+KI01+KA09,K006+KA30+KI18
cnn,combined,conformal_marginal,,,,,0.9155251141552512,2.3835616438356166,1,1048,K004+KI01+KA09,K006+KA30+KI18
cnn,combined,conformal_class_conditional,,,,,0.4189497716894977,1.7385844748858448,1,1048,K004+KI01+KA09,K006+KA30+KI18
cnn,source,raw,0.4851598173515982,0.3682371522246576,0.3698630136986301,0.4783950617283951,,,1,1049,K004+KI08+KA01,K006+KA30+KI14
cnn,source,temperature,0.4851598173515982,0.09249192677419243,0.3732876712328767,0.4617737003058104,,,1,1049,K004+KI08+KA01,K006+KA30+KI14
cnn,source,isotonic,0.23515981735159816,0.43695903454217666,0.3744292237442922,0.6189024390243902,,,1,1049,K004+KI08+KA01,K006+KA30+KI14
cnn,source,conformal_marginal,,,,,0.9257990867579908,2.3687214611872145,1,1049,K004+KI08+KA01,K006+KA30+KI14
cnn,source,conformal_class_conditional,,,,,0.4531963470319635,1.360730593607306,1,1049,K004+KI08+KA01,K006+KA30+KI14
cnn,target,raw,0.4851598173515982,0.3682371522246576,0.9657534246575342,0.5118203309692672,,,1,1049,K004+KI08+KA01,K006+KA30+KI14
cnn,target,temperature,0.4851598173515982,0.49062365868423685,0.9908675799086758,0.5126728110599078,,,1,1049,K004+KI08+KA01,K006+KA30+KI14
cnn,target,isotonic,0.4851598173515982,0.5020052710402696,0.976027397260274,0.5134502923976608,,,1,1049,K004+KI08+KA01,K006+KA30+KI14
cnn,target,conformal_marginal,,,,,0.4429223744292237,0.865296803652968,1,1049,K004+KI08+KA01,K006+KA30+KI14
cnn,target,conformal_class_conditional,,,,,0.3995433789954338,0.7328767123287672,1,1049,K004+KI08+KA01,K006+KA30+KI14
cnn,combined,raw,0.4851598173515982,0.3682371522246576,0.3698630136986301,0.4783950617283951,,,1,1049,K004+KI08+KA01,K006+KA30+KI14
cnn,combined,temperature,0.4851598173515982,0.11377141347973978,0.3721461187214612,0.4662576687116564,,,1,1049,K004+KI08+KA01,K006+KA30+KI14
cnn,combined,isotonic,0.478310502283105,0.22116687792083647,0.4360730593607306,0.45287958115183247,,,1,1049,K004+KI08+KA01,K006+KA30+KI14
cnn,combined,conformal_marginal,,,,,0.8812785388127854,2.26027397260274,1,1049,K004+KI08+KA01,K006+KA30+KI14
cnn,combined,conformal_class_conditional,,,,,0.6415525114155252,1.7876712328767124,1,1049,K004+KI08+KA01,K006+KA30+KI14
cnn,source,raw,0.5940438871473355,0.2905199631297806,0.9012539184952978,0.41739130434782606,,,2,2000,K001+KI07+KA06,K003+K005+KA15+KA16+KI14+KI17
cnn,source,temperature,0.5940438871473355,0.2843093272021163,0.9341692789968652,0.4110738255033557,,,2,2000,K001+KI07+KA06,K003+K005+KA15+KA16+KI14+KI17
cnn,source,isotonic,0.42946708463949845,0.5292311182900785,0.9749216300940439,0.5803858520900321,,,2,2000,K001+KI07+KA06,K003+K005+KA15+KA16+KI14+KI17
cnn,source,conformal_marginal,,,,,0.6551724137931034,1.4169278996865204,2,2000,K001+KI07+KA06,K003+K005+KA15+KA16+KI14+KI17
cnn,source,conformal_class_conditional,,,,,0.33072100313479624,1.0031347962382444,2,2000,K001+KI07+KA06,K003+K005+KA15+KA16+KI14+KI17
cnn,target,raw,0.5940438871473355,0.2905199631297806,0.0,,,,2,2000,K001+KI07+KA06,K003+K005+KA15+KA16+KI14+KI17
cnn,target,temperature,0.5940438871473355,0.3024619479950371,0.0,,,,2,2000,K001+KI07+KA06,K003+K005+KA15+KA16+KI14+KI17
cnn,target,isotonic,0.5156739811912225,0.114352619402227,0.050156739811912224,0.78125,,,2,2000,K001+KI07+KA06,K003+K005+KA15+KA16+KI14+KI17
cnn,target,conformal_marginal,,,,,0.7774294670846394,1.8887147335423198,2,2000,K001+KI07+KA06,K003+K005+KA15+KA16+KI14+KI17
cnn,target,conformal_class_conditional,,,,,0.6520376175548589,1.6504702194357366,2,2000,K001+KI07+KA06,K003+K005+KA15+KA16+KI14+KI17
cnn,combined,raw,0.5940438871473355,0.2905199631297806,0.26802507836990597,0.5789473684210527,,,2,2000,K001+KI07+KA06,K003+K005+KA15+KA16+KI14+KI17
cnn,combined,temperature,0.5940438871473355,0.3159150477625112,0.2727272727272727,0.5977011494252874,,,2,2000,K001+KI07+KA06,K003+K005+KA15+KA16+KI14+KI17
cnn,combined,isotonic,0.438871473354232,0.2526052858014281,0.23197492163009403,0.9864864864864865,,,2,2000,K001+KI07+KA06,K003+K005+KA15+KA16+KI14+KI17
cnn,combined,conformal_marginal,,,,,0.7664576802507836,1.858934169278997,2,2000,K001+KI07+KA06,K003+K005+KA15+KA16+KI14+KI17
cnn,combined,conformal_class_conditional,,,,,0.6536050156739812,1.6818181818181819,2,2000,K001+KI07+KA06,K003+K005+KA15+KA16+KI14+KI17
cnn,source,raw,0.16037735849056603,0.7095264177979561,0.2562893081761006,0.5337423312883436,,,2,2001,K001+KI01+KA05,K003+K005+KA04+KA30+KI14+KI16
cnn,source,temperature,0.16037735849056603,0.4492906024916962,0.300314465408805,0.5863874345549738,,,2,2001,K001+KI01+KA05,K003+K005+KA04+KA30+KI14+KI16
cnn,source,isotonic,0.3223270440251572,0.5832955918088012,0.7657232704402516,0.6550308008213552,,,2,2001,K001+KI01+KA05,K003+K005+KA04+KA30+KI14+KI16
cnn,source,conformal_marginal,,,,,0.7374213836477987,2.0534591194968552,2,2001,K001+KI01+KA05,K003+K005+KA04+KA30+KI14+KI16
cnn,source,conformal_class_conditional,,,,,0.25157232704402516,0.9465408805031447,2,2001,K001+KI01+KA05,K003+K005+KA04+KA30+KI14+KI16
cnn,target,raw,0.16037735849056603,0.7095264177979561,0.5471698113207547,0.7701149425287356,,,2,2001,K001+KI01+KA05,K003+K005+KA04+KA30+KI14+KI16
cnn,target,temperature,0.16037735849056603,0.6078307545249066,0.5314465408805031,0.7633136094674556,,,2,2001,K001+KI01+KA05,K003+K005+KA04+KA30+KI14+KI16
cnn,target,isotonic,0.279874213836478,0.6016191324397117,0.7012578616352201,0.8183856502242153,,,2,2001,K001+KI01+KA05,K003+K005+KA04+KA30+KI14+KI16
cnn,target,conformal_marginal,,,,,0.3632075471698113,1.3584905660377358,2,2001,K001+KI01+KA05,K003+K005+KA04+KA30+KI14+KI16
cnn,target,conformal_class_conditional,,,,,0.3805031446540881,1.3427672955974843,2,2001,K001+KI01+KA05,K003+K005+KA04+KA30+KI14+KI16
cnn,combined,raw,0.16037735849056603,0.7095264177979561,0.26257861635220126,0.5389221556886228,,,2,2001,K001+KI01+KA05,K003+K005+KA04+KA30+KI14+KI16
cnn,combined,temperature,0.16037735849056603,0.5348419580287855,0.2940251572327044,0.5775401069518716,,,2,2001,K001+KI01+KA05,K003+K005+KA04+KA30+KI14+KI16
cnn,combined,isotonic,0.279874213836478,0.5162327790420911,0.35062893081761004,0.6636771300448431,,,2,2001,K001+KI01+KA05,K003+K005+KA04+KA30+KI14+KI16
cnn,combined,conformal_marginal,,,,,0.5833333333333334,1.7751572327044025,2,2001,K001+KI01+KA05,K003+K005+KA04+KA30+KI14+KI16
cnn,combined,conformal_class_conditional,,,,,0.4748427672955975,1.729559748427673,2,2001,K001+KI01+KA05,K003+K005+KA04+KA30+KI14+KI16
cnn,source,raw,0.25274725274725274,0.6188039529684457,0.12401883830455258,0.0,,,2,2002,K004+KI05+KA07,K005+K006+KA04+KA15+KI18+KI21
cnn,source,temperature,0.25274725274725274,0.22003511246964597,0.12558869701726844,0.0,,,2,2002,K004+KI05+KA07,K005+K006+KA04+KA15+KI18+KI21
cnn,source,isotonic,0.13971742543171115,0.4948269605481761,0.22919937205651492,0.4520547945205479,,,2,2002,K004+KI05+KA07,K005+K006+KA04+KA15+KI18+KI21
cnn,source,conformal_marginal,,,,,0.9984301412872841,2.7111459968602825,2,2002,K004+KI05+KA07,K005+K006+KA04+KA15+KI18+KI21
cnn,source,conformal_class_conditional,,,,,0.6263736263736264,1.6718995290423861,2,2002,K004+KI05+KA07,K005+K006+KA04+KA15+KI18+KI21
cnn,target,raw,0.25274725274725274,0.6188039529684457,0.14442700156985872,0.13043478260869565,,,2,2002,K004+KI05+KA07,K005+K006+KA04+KA15+KI18+KI21
cnn,target,temperature,0.25274725274725274,0.3272433369509671,0.141287284144427,0.1111111111111111,,,2,2002,K004+KI05+KA07,K005+K006+KA04+KA15+KI18+KI21
cnn,target,isotonic,0.49293563579277866,0.1456755157585513,0.2653061224489796,0.42011834319526625,,,2,2002,K004+KI05+KA07,K005+K006+KA04+KA15+KI18+KI21
cnn,target,conformal_marginal,,,,,0.9764521193092621,2.609105180533752,2,2002,K004+KI05+KA07,K005+K006+KA04+KA15+KI18+KI21
cnn,target,conformal_class_conditional,,,,,0.5949764521193093,2.2621664050235477,2,2002,K004+KI05+KA07,K005+K006+KA04+KA15+KI18+KI21
cnn,combined,raw,0.25274725274725274,0.6188039529684457,0.1271585557299843,0.012345679012345678,,,2,2002,K004+KI05+KA07,K005+K006+KA04+KA15+KI18+KI21
cnn,combined,temperature,0.25274725274725274,0.29521026410888773,0.1271585557299843,0.012345679012345678,,,2,2002,K004+KI05+KA07,K005+K006+KA04+KA15+KI18+KI21
cnn,combined,isotonic,0.4913657770800628,0.0334441792834346,0.130298273155416,0.03614457831325301,,,2,2002,K004+KI05+KA07,K005+K006+KA04+KA15+KI18+KI21
cnn,combined,conformal_marginal,,,,,0.9843014128728415,2.6467817896389323,2,2002,K004+KI05+KA07,K005+K006+KA04+KA15+KI18+KI21
cnn,combined,conformal_class_conditional,,,,,0.9042386185243328,2.5274725274725274,2,2002,K004+KI05+KA07,K005+K006+KA04+KA15+KI18+KI21
cnn,source,raw,0.3761755485893417,0.5366469029706897,0.061128526645768025,1.0,,,2,2003,K004+KI03+KA09,K003+K005+KA16+KA30+KI17+KI18
cnn,source,temperature,0.3761755485893417,0.025714121134118924,0.07366771159874608,0.8297872340425532,,,2,2003,K004+KI03+KA09,K003+K005+KA16+KA30+KI17+KI18
cnn,source,isotonic,0.27586206896551724,0.49263930155230645,0.2617554858934169,0.5269461077844312,,,2,2003,K004+KI03+KA09,K003+K005+KA16+KA30+KI17+KI18
cnn,source,conformal_marginal,,,,,0.9137931034482759,2.6081504702194356,2,2003,K004+KI03+KA09,K003+K005+KA16+KA30+KI17+KI18
cnn,source,conformal_class_conditional,,,,,0.54858934169279,1.7225705329153604,2,2003,K004+KI03+KA09,K003+K005+KA16+KA30+KI17+KI18
cnn,target,raw,0.3761755485893417,0.5366469029706897,0.2335423197492163,0.7181208053691275,,,2,2003,K004+KI03+KA09,K003+K005+KA16+KA30+KI17+KI18
cnn,target,temperature,0.3761755485893417,0.1792255329252187,0.2664576802507837,0.6470588235294118,,,2,2003,K004+KI03+KA09,K003+K005+KA16+KA30+KI17+KI18
cnn,target,isotonic,0.4498432601880878,0.29518335332100404,0.6347962382445141,0.5012345679012346,,,2,2003,K004+KI03+KA09,K003+K005+KA16+KA30+KI17+KI18
cnn,target,conformal_marginal,,,,,0.877742946708464,2.195924764890282,2,2003,K004+KI03+KA09,K003+K005+KA16+KA30+KI17+KI18
cnn,target,conformal_class_conditional,,,,,0.6175548589341693,1.8793103448275863,2,2003,K004+KI03+KA09,K003+K005+KA16+KA30+KI17+KI18
cnn,combined,raw,0.3761755485893417,0.5366469029706897,0.0768025078369906,1.0,,,2,2003,K004+KI03+KA09,K003+K005+KA16+KA30+KI17+KI18
cnn,combined,temperature,0.3761755485893417,0.0863124744745899,0.09090909090909091,0.8620689655172413,,,2,2003,K004+KI03+KA09,K003+K005+KA16+KA30+KI17+KI18
cnn,combined,isotonic,0.438871473354232,0.30876751393746465,0.5642633228840125,0.5444444444444444,,,2,2003,K004+KI03+KA09,K003+K005+KA16+KA30+KI17+KI18
cnn,combined,conformal_marginal,,,,,0.9012539184952978,2.540752351097179,2,2003,K004+KI03+KA09,K003+K005+KA16+KA30+KI17+KI18
cnn,combined,conformal_class_conditional,,,,,0.7037617554858934,2.109717868338558,2,2003,K004+KI03+KA09,K003+K005+KA16+KA30+KI17+KI18
cnn,source,raw,0.46226415094339623,0.3237444340937107,0.3380503144654088,0.4046511627906977,,,2,2004,K004+KI01+KA07,K005+K006+KA22+KA30+KI14+KI18
cnn,source,temperature,0.46226415094339623,0.1521649589703005,0.27672955974842767,0.48863636363636365,,,2,2004,K004+KI01+KA07,K005+K006+KA22+KA30+KI14+KI18
cnn,source,isotonic,0.4386792452830189,0.33138576197502134,0.6886792452830188,0.5273972602739726,,,2,2004,K004+KI01+KA07,K005+K006+KA22+KA30+KI14+KI18
cnn,source,conformal_marginal,,,,,1.0,2.3176100628930816,2,2004,K004+KI01+KA07,K005+K006+KA22+KA30+KI14+KI18
cnn,source,conformal_class_conditional,,,,,0.4009433962264151,1.1179245283018868,2,2004,K004+KI01+KA07,K005+K006+KA22+KA30+KI14+KI18
cnn,target,raw,0.46226415094339623,0.3237444340937107,0.12578616352201258,0.0,,,2,2004,K004+KI01+KA07,K005+K006+KA22+KA30+KI14+KI18
cnn,target,temperature,0.46226415094339623,0.10571721389931568,0.12578616352201258,0.0,,,2,2004,K004+KI01+KA07,K005+K006+KA22+KA30+KI14+KI18
cnn,target,isotonic,0.5,0.39218431120342073,0.9386792452830188,0.5326633165829145,,,2,2004,K004+KI01+KA07,K005+K006+KA22+KA30+KI14+KI18
cnn,target,conformal_marginal,,,,,1.0,2.457547169811321,2,2004,K004+KI01+KA07,K005+K006+KA22+KA30+KI14+KI18
cnn,target,conformal_class_conditional,,,,,0.5,1.85062893081761,2,2004,K004+KI01+KA07,K005+K006+KA22+KA30+KI14+KI18
cnn,combined,raw,0.46226415094339623,0.3237444340937107,0.12578616352201258,0.0,,,2,2004,K004+KI01+KA07,K005+K006+KA22+KA30+KI14+KI18
cnn,combined,temperature,0.46226415094339623,0.11109201266430373,0.12578616352201258,0.0,,,2,2004,K004+KI01+KA07,K005+K006+KA22+KA30+KI14+KI18
cnn,combined,isotonic,0.5,0.08767097159726897,0.25157232704402516,0.30625,,,2,2004,K004+KI01+KA07,K005+K006+KA22+KA30+KI14+KI18
cnn,combined,conformal_marginal,,,,,1.0,2.3663522012578615,2,2004,K004+KI01+KA07,K005+K006+KA22+KA30+KI14+KI18
cnn,combined,conformal_class_conditional,,,,,0.710691823899371,2.1336477987421385,2,2004,K004+KI01+KA07,K005+K006+KA22+KA30+KI14+KI18
cnn,source,raw,0.47962382445141066,0.36311393153667715,0.10501567398119123,0.04477611940298507,,,2,2005,K001+KI08+KA07,K003+K006+KA16+KA30+KI16+KI21
cnn,source,temperature,0.47962382445141066,0.07478597853233568,0.11285266457680251,0.05555555555555555,,,2,2005,K001+KI08+KA07,K003+K006+KA16+KA30+KI16+KI21
cnn,source,isotonic,0.35266457680250785,0.31914210863683307,0.08934169278996865,0.3684210526315789,,,2,2005,K001+KI08+KA07,K003+K006+KA16+KA30+KI16+KI21
cnn,source,conformal_marginal,,,,,0.9435736677115988,2.4247648902821317,2,2005,K001+KI08+KA07,K003+K006+KA16+KA30+KI16+KI21
cnn,source,conformal_class_conditional,,,,,0.49216300940438873,1.6959247648902822,2,2005,K001+KI08+KA07,K003+K006+KA16+KA30+KI16+KI21
cnn,target,raw,0.47962382445141066,0.36311393153667715,0.0,,,,2,2005,K001+KI08+KA07,K003+K006+KA16+KA30+KI16+KI21
cnn,target,temperature,0.47962382445141066,0.093657182409272,0.0,,,,2,2005,K001+KI08+KA07,K003+K006+KA16+KA30+KI16+KI21
cnn,target,isotonic,0.49686520376175547,0.07325711238291494,0.19905956112852666,0.4251968503937008,,,2,2005,K001+KI08+KA07,K003+K006+KA16+KA30+KI16+KI21
cnn,target,conformal_marginal,,,,,0.9545454545454546,2.481191222570533,2,2005,K001+KI08+KA07,K003+K006+KA16+KA30+KI16+KI21
cnn,target,conformal_class_conditional,,,,,0.9075235109717869,2.5360501567398117,2,2005,K001+KI08+KA07,K003+K006+KA16+KA30+KI16+KI21
cnn,combined,raw,0.47962382445141066,0.36311393153667715,0.03134796238244514,0.0,,,2,2005,K001+KI08+KA07,K003+K006+KA16+KA30+KI16+KI21
cnn,combined,temperature,0.47962382445141066,0.08809381037756331,0.01567398119122257,0.0,,,2,2005,K001+KI08+KA07,K003+K006+KA16+KA30+KI16+KI21
cnn,combined,isotonic,0.46865203761755486,0.1914915247809611,0.26802507836990597,0.32748538011695905,,,2,2005,K001+KI08+KA07,K003+K006+KA16+KA30+KI16+KI21
cnn,combined,conformal_marginal,,,,,0.9498432601880877,2.4420062695924765,2,2005,K001+KI08+KA07,K003+K006+KA16+KA30+KI16+KI21
cnn,combined,conformal_class_conditional,,,,,0.8855799373040752,2.5031347962382444,2,2005,K001+KI08+KA07,K003+K006+KA16+KA30+KI16+KI21
cnn,source,raw,0.37676609105180536,0.5807891300554162,0.0,,,,2,2006,K001+KI05+KA05,K003+K006+KA15+KA30+KI04+KI16
cnn,source,temperature,0.37676609105180536,0.12130437601766102,0.0,,,,2,2006,K001+KI05+KA05,K003+K006+KA15+KA30+KI04+KI16
cnn,source,isotonic,0.12558869701726844,0.39657111149553015,0.16012558869701726,1.0,,,2,2006,K001+KI05+KA05,K003+K006+KA15+KA30+KI04+KI16
cnn,source,conformal_marginal,,,,,0.9905808477237049,2.6248037676609104,2,2006,K001+KI05+KA05,K003+K006+KA15+KA30+KI04+KI16
cnn,source,conformal_class_conditional,,,,,0.6248037676609105,1.6279434850863421,2,2006,K001+KI05+KA05,K003+K006+KA15+KA30+KI04+KI16
cnn,target,raw,0.37676609105180536,0.5807891300554162,0.0,,,,2,2006,K001+KI05+KA05,K003+K006+KA15+KA30+KI04+KI16
cnn,target,temperature,0.37676609105180536,0.09035032146390379,0.0,,,,2,2006,K001+KI05+KA05,K003+K006+KA15+KA30+KI04+KI16
cnn,target,isotonic,0.3783359497645212,0.43344311946667513,0.0,,,,2,2006,K001+KI05+KA05,K003+K006+KA15+KA30+KI04+KI16
cnn,target,conformal_marginal,,,,,0.6279434850863422,1.58712715855573,2,2006,K001+KI05+KA05,K003+K006+KA15+KA30+KI04+KI16
cnn,target,conformal_class_conditional,,,,,0.5007849293563579,1.3767660910518054,2,2006,K001+KI05+KA05,K003+K006+KA15+KA30+KI04+KI16
cnn,combined,raw,0.37676609105180536,0.5807891300554162,0.0,,,,2,2006,K001+KI05+KA05,K003+K006+KA15+KA30+KI04+KI16
cnn,combined,temperature,0.37676609105180536,0.12130445232420807,0.0,,,,2,2006,K001+KI05+KA05,K003+K006+KA15+KA30+KI04+KI16
cnn,combined,isotonic,0.3783359497645212,0.17696394217229347,0.12244897959183673,1.0,,,2,2006,K001+KI05+KA05,K003+K006+KA15+KA30+KI04+KI16
cnn,combined,conformal_marginal,,,,,0.8461538461538461,2.1664050235478807,2,2006,K001+KI05+KA05,K003+K006+KA15+KA30+KI04+KI16
cnn,combined,conformal_class_conditional,,,,,0.6153846153846154,1.6781789638932496,2,2006,K001+KI05+KA05,K003+K006+KA15+KA30+KI04+KI16
cnn,source,raw,0.4937106918238994,0.4183612306325472,0.07232704402515723,1.0,,,2,2007,K002+KI01+KA09,K003+K006+KA22+KA30+KI14+KI16
cnn,source,temperature,0.4937106918238994,0.2881251653654468,0.06918238993710692,1.0,,,2,2007,K002+KI01+KA09,K003+K006+KA22+KA30+KI14+KI16
cnn,source,isotonic,0.4921383647798742,0.20726045832897816,0.6257861635220126,0.5879396984924623,,,2,2007,K002+KI01+KA09,K003+K006+KA22+KA30+KI14+KI16
cnn,source,conformal_marginal,,,,,0.9716981132075472,2.889937106918239,2,2007,K002+KI01+KA09,K003+K006+KA22+KA30+KI14+KI16
cnn,source,conformal_class_conditional,,,,,0.25157232704402516,1.2468553459119496,2,2007,K002+KI01+KA09,K003+K006+KA22+KA30+KI14+KI16
cnn,target,raw,0.4937106918238994,0.4183612306325472,0.04559748427672956,1.0,,,2,2007,K002+KI01+KA09,K003+K006+KA22+KA30+KI14+KI16
cnn,target,temperature,0.4937106918238994,0.26679647313813226,0.03773584905660377,1.0,,,2,2007,K002+KI01+KA09,K003+K006+KA22+KA30+KI14+KI16
cnn,target,isotonic,0.4937106918238994,0.03791923210601909,0.02830188679245283,1.0,,,2,2007,K002+KI01+KA09,K003+K006+KA22+KA30+KI14+KI16
cnn,target,conformal_marginal,,,,,0.8663522012578616,2.501572327044025,2,2007,K002+KI01+KA09,K003+K006+KA22+KA30+KI14+KI16
cnn,target,conformal_class_conditional,,,,,0.800314465408805,1.8773584905660377,2,2007,K002+KI01+KA09,K003+K006+KA22+KA30+KI14+KI16
cnn,combined,raw,0.4937106918238994,0.4183612306325472,0.04716981132075472,1.0,,,2,2007,K002+KI01+KA09,K003+K006+KA22+KA30+KI14+KI16
cnn,combined,temperature,0.4937106918238994,0.2400455041039074,0.04874213836477988,1.0,,,2,2007,K002+KI01+KA09,K003+K006+KA22+KA30+KI14+KI16
cnn,combined,isotonic,0.4937106918238994,0.09350163000912057,0.03930817610062893,0.8,,,2,2007,K002+KI01+KA09,K003+K006+KA22+KA30+KI14+KI16
cnn,combined,conformal_marginal,,,,,0.9371069182389937,2.768867924528302,2,2007,K002+KI01+KA09,K003+K006+KA22+KA30+KI14+KI16
cnn,combined,conformal_class_conditional,,,,,0.8962264150943396,2.731132075471698,2,2007,K002+KI01+KA09,K003+K006+KA22+KA30+KI14+KI16
cnn,source,raw,0.5902668759811617,0.2729067235524334,0.31868131868131866,0.18226600985221675,,,2,2008,K004+KI01+KA01,K005+K006+KA04+KA30+KI16+KI17
cnn,source,temperature,0.5902668759811617,0.09769436102512802,0.3281004709576138,0.17703349282296652,,,2,2008,K004+KI01+KA01,K005+K006+KA04+KA30+KI16+KI17
cnn,source,isotonic,0.48665620094191525,0.3281069841867533,0.9795918367346939,0.5080128205128205,,,2,2008,K004+KI01+KA01,K005+K006+KA04+KA30+KI16+KI17
cnn,source,conformal_marginal,,,,,1.0,2.218210361067504,2,2008,K004+KI01+KA01,K005+K006+KA04+KA30+KI16+KI17
cnn,source,conformal_class_conditional,,,,,0.46153846153846156,1.1883830455259026,2,2008,K004+KI01+KA01,K005+K006+KA04+KA30+KI16+KI17
cnn,target,raw,0.5902668759811617,0.2729067235524334,0.0,,,,2,2008,K004+KI01+KA01,K005+K006+KA04+KA30+KI16+KI17
cnn,target,temperature,0.5902668759811617,0.1297995508691508,0.0,,,,2,2008,K004+KI01+KA01,K005+K006+KA04+KA30+KI16+KI17
cnn,target,isotonic,0.4427001569858713,0.22952754232302774,0.40345368916797486,0.32684824902723736,,,2,2008,K004+KI01+KA01,K005+K006+KA04+KA30+KI16+KI17
cnn,target,conformal_marginal,,,,,1.0,2.2229199372056514,2,2008,K004+KI01+KA01,K005+K006+KA04+KA30+KI16+KI17
cnn,target,conformal_class_conditional,,,,,0.7613814756671899,1.902668759811617,2,2008,K004+KI01+KA01,K005+K006+KA04+KA30+KI16+KI17
cnn,combined,raw,0.5902668759811617,0.2729067235524334,0.24489795918367346,0.02564102564102564,,,2,2008,K004+KI01+KA01,K005+K006+KA04+KA30+KI16+KI17
cnn,combined,temperature,0.5902668759811617,0.11186443932835746,0.23861852433281006,0.02631578947368421,,,2,2008,K004+KI01+KA01,K005+K006+KA04+KA30+KI16+KI17
cnn,combined,isotonic,0.40816326530612246,0.22425539168612912,0.29356357927786497,0.0748663101604278,,,2,2008,K004+KI01+KA01,K005+K006+KA04+KA30+KI16+KI17
cnn,combined,conformal_marginal,,,,,1.0,2.218210361067504,2,2008,K004+KI01+KA01,K005+K006+KA04+KA30+KI16+KI17
cnn,combined,conformal_class_conditional,,,,,0.750392464678179,1.8414442700156985,2,2008,K004+KI01+KA01,K005+K006+KA04+KA30+KI16+KI17
cnn,source,raw,0.5698587127158555,0.23068777814238628,0.0,,,,2,2009,K004+KI07+KA06,K003+K005+KA04+KA16+KI17+KI18
cnn,source,temperature,0.5698587127158555,0.1624269795452969,0.0,,,,2,2009,K004+KI07+KA06,K003+K005+KA04+KA16+KI17+KI18
cnn,source,isotonic,0.37676609105180536,0.3363661047729483,0.7723704866562009,0.5447154471544715,,,2,2009,K004+KI07+KA06,K003+K005+KA04+KA16+KI17+KI18
cnn,source,conformal_marginal,,,,,1.0,3.0,2,2009,K004+KI07+KA06,K003+K005+KA04+KA16+KI17+KI18
cnn,source,conformal_class_conditional,,,,,0.37676609105180536,1.6656200941915227,2,2009,K004+KI07+KA06,K003+K005+KA04+KA16+KI17+KI18
cnn,target,raw,0.5698587127158555,0.23068777814238628,0.06750392464678179,1.0,,,2,2009,K004+KI07+KA06,K003+K005+KA04+KA16+KI17+KI18
cnn,target,temperature,0.5698587127158555,0.172223212177534,0.01726844583987441,1.0,,,2,2009,K004+KI07+KA06,K003+K005+KA04+KA16+KI17+KI18
cnn,target,isotonic,0.3202511773940345,0.38892848168806776,0.16483516483516483,0.5047619047619047,,,2,2009,K004+KI07+KA06,K003+K005+KA04+KA16+KI17+KI18
cnn,target,conformal_marginal,,,,,0.9199372056514914,2.014128728414443,2,2009,K004+KI07+KA06,K003+K005+KA04+KA16+KI17+KI18
cnn,target,conformal_class_conditional,,,,,0.8383045525902669,1.913657770800628,2,2009,K004+KI07+KA06,K003+K005+KA04+KA16+KI17+KI18
cnn,combined,raw,0.5698587127158555,0.23068777814238628,0.0,,,,2,2009,K004+KI07+KA06,K003+K005+KA04+KA16+KI17+KI18
cnn,combined,temperature,0.5698587127158555,0.21916233389607978,0.0,,,,2,2009,K004+KI07+KA06,K003+K005+KA04+KA16+KI17+KI18
cnn,combined,isotonic,0.434850863422292,0.07949728504380198,0.08163265306122448,0.0,,,2,2009,K004+KI07+KA06,K003+K005+KA04+KA16+KI17+KI18
cnn,combined,conformal_marginal,,,,,0.989010989010989,2.708006279434851,2,2009,K004+KI07+KA06,K003+K005+KA04+KA16+KI17+KI18
cnn,combined,conformal_class_conditional,,,,,0.8194662480376766,2.621664050235479,2,2009,K004+KI07+KA06,K003+K005+KA04+KA16+KI17+KI18
cnn,source,raw,0.4301412872841444,0.4061805007062794,0.21978021978021978,0.0,,,2,2010,K004+KI03+KA06,K003+K005+KA15+KA22+KI16+KI21
cnn,source,temperature,0.4301412872841444,0.12208071556410137,0.24332810047095763,0.03225806451612903,,,2,2010,K004+KI03+KA06,K003+K005+KA15+KA22+KI16+KI21
cnn,source,isotonic,0.5054945054945055,0.358757668823472,0.6530612244897959,0.4567307692307692,,,2,2010,K004+KI03+KA06,K003+K005+KA15+KA22+KI16+KI21
cnn,source,conformal_marginal,,,,,1.0,2.161695447409733,2,2010,K004+KI03+KA06,K003+K005+KA15+KA22+KI16+KI21
cnn,source,conformal_class_conditional,,,,,0.6263736263736264,1.2762951334379906,2,2010,K004+KI03+KA06,K003+K005+KA15+KA22+KI16+KI21
cnn,target,raw,0.4301412872841444,0.4061805007062794,0.21978021978021978,0.0,,,2,2010,K004+KI03+KA06,K003+K005+KA15+KA22+KI16+KI21
cnn,target,temperature,0.4301412872841444,0.2115881030893663,0.24646781789638933,0.03821656050955414,,,2,2010,K004+KI03+KA06,K003+K005+KA15+KA22+KI16+KI21
cnn,target,isotonic,0.6687598116169545,0.16900691979201454,0.4976452119309262,0.13249211356466878,,,2,2010,K004+KI03+KA06,K003+K005+KA15+KA22+KI16+KI21
cnn,target,conformal_marginal,,,,,0.9984301412872841,2.0784929356357926,2,2010,K004+KI03+KA06,K003+K005+KA15+KA22+KI16+KI21
cnn,target,conformal_class_conditional,,,,,0.9921507064364207,2.1130298273155415,2,2010,K004+KI03+KA06,K003+K005+KA15+KA22+KI16+KI21
cnn,combined,raw,0.4301412872841444,0.4061805007062794,0.21978021978021978,0.0,,,2,2010,K004+KI03+KA06,K003+K005+KA15+KA22+KI16+KI21
cnn,combined,temperature,0.4301412872841444,0.12208067501464237,0.24646781789638933,0.03821656050955414,,,2,2010,K004+KI03+KA06,K003+K005+KA15+KA22+KI16+KI21
cnn,combined,isotonic,0.5510204081632653,0.10851937272625567,0.21036106750392464,0.0,,,2,2010,K004+KI03+KA06,K003+K005+KA15+KA22+KI16+KI21
cnn,combined,conformal_marginal,,,,,0.9984301412872841,2.0926216640502355,2,2010,K004+KI03+KA06,K003+K005+KA15+KA22+KI16+KI21
cnn,combined,conformal_class_conditional,,,,,0.9905808477237049,2.0706436420722136,2,2010,K004+KI03+KA06,K003+K005+KA15+KA22+KI16+KI21
cnn,source,raw,0.49293563579277866,0.3330396486486657,0.4317111459968603,0.24363636363636362,,,2,2011,K004+KI01+KA07,K005+K006+KA15+KA22+KI14+KI21
cnn,source,temperature,0.49293563579277866,0.1804385366732279,0.3516483516483517,0.24107142857142858,,,2,2011,K004+KI01+KA07,K005+K006+KA15+KA22+KI14+KI21
cnn,source,isotonic,0.43956043956043955,0.33197876460858544,0.6985871271585558,0.5191011235955056,,,2,2011,K004+KI01+KA07,K005+K006+KA15+KA22+KI14+KI21
cnn,source,conformal_marginal,,,,,1.0,2.084772370486656,2,2011,K004+KI01+KA07,K005+K006+KA15+KA22+KI14+KI21
cnn,source,conformal_class_conditional,,,,,0.40188383045525905,1.0235478806907379,2,2011,K004+KI01+KA07,K005+K006+KA15+KA22+KI14+KI21
cnn,target,raw,0.49293563579277866,0.3330396486486657,0.0,,,,2,2011,K004+KI01+KA07,K005+K006+KA15+KA22+KI14+KI21
cnn,target,temperature,0.49293563579277866,0.1863441178527643,0.0,,,,2,2011,K004+KI01+KA07,K005+K006+KA15+KA22+KI14+KI21
cnn,target,isotonic,0.6216640502354788,0.16158920427426518,0.6923076923076923,0.36961451247165533,,,2,2011,K004+KI01+KA07,K005+K006+KA15+KA22+KI14+KI21
cnn,target,conformal_marginal,,,,,1.0,2.2496075353218212,2,2011,K004+KI01+KA07,K005+K006+KA15+KA22+KI14+KI21
cnn,target,conformal_class_conditional,,,,,0.6279434850863422,1.8712715855572999,2,2011,K004+KI01+KA07,K005+K006+KA15+KA22+KI14+KI21
cnn,combined,raw,0.49293563579277866,0.3330396486486657,0.0,,,,2,2011,K004+KI01+KA07,K005+K006+KA15+KA22+KI14+KI21
cnn,combined,temperature,0.49293563579277866,0.19402628355841636,0.24175824175824176,0.0,,,2,2011,K004+KI01+KA07,K005+K006+KA15+KA22+KI14+KI21
cnn,combined,isotonic,0.5588697017268446,0.0785199713795423,0.2684458398744113,0.08771929824561403,,,2,2011,K004+KI01+KA07,K005+K006+KA15+KA22+KI14+KI21
cnn,combined,conformal_marginal,,,,,1.0,2.1444270015698588,2,2011,K004+KI01+KA07,K005+K006+KA15+KA22+KI14+KI21
cnn,combined,conformal_class_conditional,,,,,0.7268445839874411,1.9654631083202512,2,2011,K004+KI01+KA07,K005+K006+KA15+KA22+KI14+KI21
cnn,source,raw,0.5031347962382445,0.38325948286661454,0.0,,,,2,2012,K004+KI05+KA09,K003+K005+KA15+KA30+KI04+KI21
cnn,source,temperature,0.5031347962382445,0.10379886980567403,0.0,,,,2,2012,K004+KI05+KA09,K003+K005+KA15+KA30+KI04+KI21
cnn,source,isotonic,0.23510971786833856,0.4286651987514458,0.22413793103448276,0.0,,,2,2012,K004+KI05+KA09,K003+K005+KA15+KA30+KI04+KI21
cnn,source,conformal_marginal,,,,,1.0,2.6018808777429467,2,2012,K004+KI05+KA09,K003+K005+KA15+KA30+KI04+KI21
cnn,source,conformal_class_conditional,,,,,0.6253918495297806,1.7711598746081505,2,2012,K004+KI05+KA09,K003+K005+KA15+KA30+KI04+KI21
cnn,target,raw,0.5031347962382445,0.38325948286661454,0.2445141065830721,0.0,,,2,2012,K004+KI05+KA09,K003+K005+KA15+KA30+KI04+KI21
cnn,target,temperature,0.5031347962382445,0.15157675300676224,0.2445141065830721,0.0,,,2,2012,K004+KI05+KA09,K003+K005+KA15+KA30+KI04+KI21
cnn,target,isotonic,0.3385579937304075,0.22070887972259579,0.004702194357366771,0.0,,,2,2012,K004+KI05+KA09,K003+K005+KA15+KA30+KI04+KI21
cnn,target,conformal_marginal,,,,,0.9843260188087775,2.199059561128527,2,2012,K004+KI05+KA09,K003+K005+KA15+KA30+KI04+KI21
cnn,target,conformal_class_conditional,,,,,0.8213166144200627,2.0047021943573666,2,2012,K004+KI05+KA09,K003+K005+KA15+KA30+KI04+KI21
cnn,combined,raw,0.5031347962382445,0.38325948286661454,0.14733542319749215,0.0,,,2,2012,K004+KI05+KA09,K003+K005+KA15+KA30+KI04+KI21
cnn,combined,temperature,0.5031347962382445,0.12014513253645975,0.14576802507836992,0.0,,,2,2012,K004+KI05+KA09,K003+K005+KA15+KA30+KI04+KI21
cnn,combined,isotonic,0.6191222570532915,0.08971350780521913,0.2507836990595611,0.04375,,,2,2012,K004+KI05+KA09,K003+K005+KA15+KA30+KI04+KI21
cnn,combined,conformal_marginal,,,,,1.0,2.5376175548589344,2,2012,K004+KI05+KA09,K003+K005+KA15+KA30+KI04+KI21
cnn,combined,conformal_class_conditional,,,,,0.7821316614420063,2.166144200626959,2,2012,K004+KI05+KA09,K003+K005+KA15+KA30+KI04+KI21
cnn,source,raw,0.18181818181818182,0.7033308625195924,0.06583072100313479,0.9761904761904762,,,2,2013,K002+KI05+KA01,K003+K006+KA16+KA30+KI14+KI21
cnn,source,temperature,0.18181818181818182,0.31158922334004735,0.054858934169279,0.9714285714285714,,,2,2013,K002+KI05+KA01,K003+K006+KA16+KA30+KI14+KI21
cnn,source,isotonic,0.12695924764890282,0.5887096639406694,0.44200626959247646,0.7163120567375887,,,2,2013,K002+KI05+KA01,K003+K006+KA16+KA30+KI14+KI21
cnn,source,conformal_marginal,,,,,0.9968652037617555,2.938871473354232,2,2013,K002+KI05+KA01,K003+K006+KA16+KA30+KI14+KI21
cnn,source,conformal_class_conditional,,,,,0.1974921630094044,1.1818181818181819,2,2013,K002+KI05+KA01,K003+K006+KA16+KA30+KI14+KI21
cnn,target,raw,0.18181818181818182,0.7033308625195924,0.07523510971786834,0.9166666666666666,,,2,2013,K002+KI05+KA01,K003+K006+KA16+KA30+KI14+KI21
cnn,target,temperature,0.18181818181818182,0.4179615684089141,0.09717868338557993,0.8709677419354839,,,2,2013,K002+KI05+KA01,K003+K006+KA16+KA30+KI14+KI21
cnn,target,isotonic,0.36990595611285265,0.5114350907221438,0.3495297805642633,0.6412556053811659,,,2,2013,K002+KI05+KA01,K003+K006+KA16+KA30+KI14+KI21
cnn,target,conformal_marginal,,,,,0.8871473354231975,2.3887147335423196,2,2013,K002+KI05+KA01,K003+K006+KA16+KA30+KI14+KI21
cnn,target,conformal_class_conditional,,,,,0.7382445141065831,1.6269592476489028,2,2013,K002+KI05+KA01,K003+K006+KA16+KA30+KI14+KI21
cnn,combined,raw,0.18181818181818182,0.7033308625195924,0.06896551724137931,0.9772727272727273,,,2,2013,K002+KI05+KA01,K003+K006+KA16+KA30+KI14+KI21
cnn,combined,temperature,0.18181818181818182,0.35915524648785857,0.06739811912225706,0.9302325581395349,,,2,2013,K002+KI05+KA01,K003+K006+KA16+KA30+KI14+KI21
cnn,combined,isotonic,0.35893416927899685,0.2455182047598827,0.07523510971786834,0.9166666666666666,,,2,2013,K002+KI05+KA01,K003+K006+KA16+KA30+KI14+KI21
cnn,combined,conformal_marginal,,,,,0.9764890282131662,2.8087774294670846,2,2013,K002+KI05+KA01,K003+K006+KA16+KA30+KI14+KI21
cnn,combined,conformal_class_conditional,,,,,0.8573667711598746,2.5783699059561127,2,2013,K002+KI05+KA01,K003+K006+KA16+KA30+KI14+KI21
cnn,source,raw,0.27699530516431925,0.5470220863638497,0.0,,,,2,2014,K002+KI01+KA07,K003+K006+KA15+KA16+KI17+KI21
cnn,source,temperature,0.27699530516431925,0.1089034275308881,0.0,,,,2,2014,K002+KI01+KA07,K003+K006+KA15+KA16+KI17+KI21
cnn,source,isotonic,0.31768388106416273,0.24351532991238176,0.0406885758998435,1.0,,,2,2014,K002+KI01+KA07,K003+K006+KA15+KA16+KI17+KI21
cnn,source,conformal_marginal,,,,,0.9593114241001565,2.890453834115806,2,2014,K002+KI01+KA07,K003+K006+KA15+KA16+KI17+KI21
cnn,source,conformal_class_conditional,,,,,0.3865414710485133,1.6964006259780908,2,2014,K002+KI01+KA07,K003+K006+KA15+KA16+KI17+KI21
cnn,target,raw,0.27699530516431925,0.5470220863638497,0.13928012519561817,0.9887640449438202,,,2,2014,K002+KI01+KA07,K003+K006+KA15+KA16+KI17+KI21
cnn,target,temperature,0.27699530516431925,0.2889194904326236,0.15179968701095461,0.9896907216494846,,,2,2014,K002+KI01+KA07,K003+K006+KA15+KA16+KI17+KI21
cnn,target,isotonic,0.405320813771518,0.30773011098666714,0.3677621283255086,0.6127659574468085,,,2,2014,K002+KI01+KA07,K003+K006+KA15+KA16+KI17+KI21
cnn,target,conformal_marginal,,,,,0.8262910798122066,2.164319248826291,2,2014,K002+KI01+KA07,K003+K006+KA15+KA16+KI17+KI21
cnn,target,conformal_class_conditional,,,,,0.7480438184663537,1.5070422535211268,2,2014,K002+KI01+KA07,K003+K006+KA15+KA16+KI17+KI21
cnn,combined,raw,0.27699530516431925,0.5470220863638497,0.03912363067292645,1.0,,,2,2014,K002+KI01+KA07,K003+K006+KA15+KA16+KI17+KI21
cnn,combined,temperature,0.27699530516431925,0.23686917293039686,0.03755868544600939,1.0,,,2,2014,K002+KI01+KA07,K003+K006+KA15+KA16+KI17+KI21
cnn,combined,isotonic,0.48826291079812206,0.12794405810353393,0.0,,,,2,2014,K002+KI01+KA07,K003+K006+KA15+KA16+KI17+KI21
cnn,combined,conformal_marginal,,,,,0.9014084507042254,2.779342723004695,2,2014,K002+KI01+KA07,K003+K006+KA15+KA16+KI17+KI21
cnn,combined,conformal_class_conditional,,,,,0.8716744913928013,2.435054773082942,2,2014,K002+KI01+KA07,K003+K006+KA15+KA16+KI17+KI21
cnn,source,raw,0.4003139717425432,0.5094735517155417,0.10675039246467818,0.0,,,2,2015,K004+KI03+KA09,K005+K006+KA22+KA30+KI14+KI21
cnn,source,temperature,0.4003139717425432,0.17098347238475617,0.13657770800627944,0.0,,,2,2015,K004+KI03+KA09,K005+K006+KA22+KA30+KI14+KI21
cnn,source,isotonic,0.25117739403453687,0.5042356487088626,0.22762951334379905,0.4482758620689655,,,2,2015,K004+KI03+KA09,K005+K006+KA22+KA30+KI14+KI21
cnn,source,conformal_marginal,,,,,1.0,2.609105180533752,2,2015,K004+KI03+KA09,K005+K006+KA22+KA30+KI14+KI21
cnn,source,conformal_class_conditional,,,,,0.6263736263736264,1.7660910518053374,2,2015,K004+KI03+KA09,K005+K006+KA22+KA30+KI14+KI21
cnn,target,raw,0.4003139717425432,0.5094735517155417,0.0,,,,2,2015,K004+KI03+KA09,K005+K006+KA22+KA30+KI14+KI21
cnn,target,temperature,0.4003139717425432,0.13830621208568966,0.11616954474097331,0.0,,,2,2015,K004+KI03+KA09,K005+K006+KA22+KA30+KI14+KI21
cnn,target,isotonic,0.5290423861852434,0.10121816456119433,0.3202511773940345,0.21568627450980393,,,2,2015,K004+KI03+KA09,K005+K006+KA22+KA30+KI14+KI21
cnn,target,conformal_marginal,,,,,1.0,2.642072213500785,2,2015,K004+KI03+KA09,K005+K006+KA22+KA30+KI14+KI21
cnn,target,conformal_class_conditional,,,,,0.8838304552590267,2.1758241758241756,2,2015,K004+KI03+KA09,K005+K006+KA22+KA30+KI14+KI21
cnn,combined,raw,0.4003139717425432,0.5094735517155417,0.09419152276295134,0.0,,,2,2015,K004+KI03+KA09,K005+K006+KA22+KA30+KI14+KI21
cnn,combined,temperature,0.4003139717425432,0.17098343510709937,0.11930926216640503,0.0,,,2,2015,K004+KI03+KA09,K005+K006+KA22+KA30+KI14+KI21
cnn,combined,isotonic,0.29513343799058084,0.29093867678513324,0.31711145996860285,0.2079207920792079,,,2,2015,K004+KI03+KA09,K005+K006+KA22+KA30+KI14+KI21
cnn,combined,conformal_marginal,,,,,1.0,2.6169544740973314,2,2015,K004+KI03+KA09,K005+K006+KA22+KA30+KI14+KI21
cnn,combined,conformal_class_conditional,,,,,0.869701726844584,2.3594976452119307,2,2015,K004+KI03+KA09,K005+K006+KA22+KA30+KI14+KI21
cnn,source,raw,0.609105180533752,0.26283179573563586,0.0,,,,2,2016,K001+KI07+KA03,K003+K006+KA04+KA16+KI14+KI17
cnn,source,temperature,0.609105180533752,0.17151401812040695,0.0,,,,2,2016,K001+KI07+KA03,K003+K006+KA04+KA16+KI14+KI17
cnn,source,isotonic,0.6263736263736264,0.08223488109355234,0.03610675039246468,0.08695652173913043,,,2,2016,K001+KI07+KA03,K003+K006+KA04+KA16+KI14+KI17
cnn,source,conformal_marginal,,,,,1.0,2.6357927786499213,2,2016,K001+KI07+KA03,K003+K006+KA04+KA16+KI14+KI17
cnn,source,conformal_class_conditional,,,,,0.9387755102040817,1.7017268445839875,2,2016,K001+KI07+KA03,K003+K006+KA04+KA16+KI14+KI17
cnn,target,raw,0.609105180533752,0.26283179573563586,0.16169544740973313,0.0,,,2,2016,K001+KI07+KA03,K003+K006+KA04+KA16+KI14+KI17
cnn,target,temperature,0.609105180533752,0.12107648997363346,0.16012558869701726,0.0,,,2,2016,K001+KI07+KA03,K003+K006+KA04+KA16+KI14+KI17
cnn,target,isotonic,0.5714285714285714,0.11142785259145967,0.40188383045525905,0.3046875,,,2,2016,K001+KI07+KA03,K003+K006+KA04+KA16+KI14+KI17
cnn,target,conformal_marginal,,,,,0.9481946624803768,2.2998430141287285,2,2016,K001+KI07+KA03,K003+K006+KA04+KA16+KI14+KI17
cnn,target,conformal_class_conditional,,,,,0.9748822605965463,1.7111459968602827,2,2016,K001+KI07+KA03,K003+K006+KA04+KA16+KI14+KI17
cnn,combined,raw,0.609105180533752,0.26283179573563586,0.1271585557299843,0.0,,,2,2016,K001+KI07+KA03,K003+K006+KA04+KA16+KI14+KI17
cnn,combined,temperature,0.609105180533752,0.18389092272866453,0.12872841444270017,0.0,,,2,2016,K001+KI07+KA03,K003+K006+KA04+KA16+KI14+KI17
cnn,combined,isotonic,0.6185243328100472,0.10054183976814995,0.3956043956043956,0.3055555555555556,,,2,2016,K001+KI07+KA03,K003+K006+KA04+KA16+KI14+KI17
cnn,combined,conformal_marginal,,,,,0.989010989010989,2.4505494505494507,2,2016,K001+KI07+KA03,K003+K006+KA04+KA16+KI14+KI17
cnn,combined,conformal_class_conditional,,,,,0.978021978021978,1.814756671899529,2,2016,K001+KI07+KA03,K003+K006+KA04+KA16+KI14+KI17
cnn,source,raw,0.43956043956043955,0.45236765489717423,0.0,,,,2,2017,K002+KI03+KA05,K003+K006+KA16+KA22+KI16+KI21
cnn,source,temperature,0.43956043956043955,0.04730594572509032,0.0,,,,2,2017,K002+KI03+KA05,K003+K006+KA16+KA22+KI16+KI21
cnn,source,isotonic,0.2543171114599686,0.20127340912384895,0.28885400313971743,0.625,,,2,2017,K002+KI03+KA05,K003+K006+KA16+KA22+KI16+KI21
cnn,source,conformal_marginal,,,,,1.0,2.9968602825745685,2,2017,K002+KI03+KA05,K003+K006+KA16+KA22+KI16+KI21
cnn,source,conformal_class_conditional,,,,,0.7441130298273155,2.2480376766091053,2,2017,K002+KI03+KA05,K003+K006+KA16+KA22+KI16+KI21
cnn,target,raw,0.43956043956043955,0.45236765489717423,0.0,,,,2,2017,K002+KI03+KA05,K003+K006+KA16+KA22+KI16+KI21
cnn,target,temperature,0.43956043956043955,0.0879559692862503,0.0,,,,2,2017,K002+KI03+KA05,K003+K006+KA16+KA22+KI16+KI21
cnn,target,isotonic,0.5007849293563579,0.01011120308992786,0.0,,,,2,2017,K002+KI03+KA05,K003+K006+KA16+KA22+KI16+KI21
cnn,target,conformal_marginal,,,,,1.0,2.978021978021978,2,2017,K002+KI03+KA05,K003+K006+KA16+KA22+KI16+KI21
cnn,target,conformal_class_conditional,,,,,0.8744113029827315,2.0,2,2017,K002+KI03+KA05,K003+K006+KA16+KA22+KI16+KI21
cnn,combined,raw,0.43956043956043955,0.45236765489717423,0.0,,,,2,2017,K002+KI03+KA05,K003+K006+KA16+KA22+KI16+KI21
cnn,combined,temperature,0.43956043956043955,0.047305933112326955,0.0,,,,2,2017,K002+KI03+KA05,K003+K006+KA16+KA22+KI16+KI21
cnn,combined,isotonic,0.41287284144427,0.035444964809778434,0.0,,,,2,2017,K002+KI03+KA05,K003+K006+KA16+KA22+KI16+KI21
cnn,combined,conformal_marginal,,,,,1.0,2.9921507064364206,2,2017,K002+KI03+KA05,K003+K006+KA16+KA22+KI16+KI21
cnn,combined,conformal_class_conditional,,,,,1.0,2.9952904238618525,2,2017,K002+KI03+KA05,K003+K006+KA16+KA22+KI16+KI21
cnn,source,raw,0.35478806907378335,0.5236677026365777,0.14599686028257458,0.3118279569892473,,,2,2018,K001+KI08+KA07,K003+K005+KA04+KA30+KI04+KI21
cnn,source,temperature,0.35478806907378335,0.12360933601901312,0.17739403453689168,0.39823008849557523,,,2,2018,K001+KI08+KA07,K003+K005+KA04+KA30+KI04+KI21
cnn,source,isotonic,0.34065934065934067,0.3284055760327313,0.06907378335949764,0.18181818181818182,,,2,2018,K001+KI08+KA07,K003+K005+KA04+KA30+KI04+KI21
cnn,source,conformal_marginal,,,,,0.8681318681318682,2.295133437990581,2,2018,K001+KI08+KA07,K003+K005+KA04+KA30+KI04+KI21
cnn,source,conformal_class_conditional,,,,,0.41915227629513346,1.7205651491365777,2,2018,K001+KI08+KA07,K003+K005+KA04+KA30+KI04+KI21
cnn,target,raw,0.35478806907378335,0.5236677026365777,0.0,,,,2,2018,K001+KI08+KA07,K003+K005+KA04+KA30+KI04+KI21
cnn,target,temperature,0.35478806907378335,0.250802361171869,0.0,,,,2,2018,K001+KI08+KA07,K003+K005+KA04+KA30+KI04+KI21
cnn,target,isotonic,0.2904238618524333,0.45397735060899513,0.4552590266875981,0.7172413793103448,,,2,2018,K001+KI08+KA07,K003+K005+KA04+KA30+KI04+KI21
cnn,target,conformal_marginal,,,,,0.5839874411302983,1.6043956043956045,2,2018,K001+KI08+KA07,K003+K005+KA04+KA30+KI04+KI21
cnn,target,conformal_class_conditional,,,,,0.6106750392464678,1.5792778649921506,2,2018,K001+KI08+KA07,K003+K005+KA04+KA30+KI04+KI21
cnn,combined,raw,0.35478806907378335,0.5236677026365777,0.11930926216640503,0.2236842105263158,,,2,2018,K001+KI08+KA07,K003+K005+KA04+KA30+KI04+KI21
cnn,combined,temperature,0.35478806907378335,0.19585543316017404,0.08948194662480377,0.15789473684210525,,,2,2018,K001+KI08+KA07,K003+K005+KA04+KA30+KI04+KI21
cnn,combined,isotonic,0.3328100470957614,0.40893956867769843,0.2087912087912088,0.518796992481203,,,2,2018,K001+KI08+KA07,K003+K005+KA04+KA30+KI04+KI21
cnn,combined,conformal_marginal,,,,,0.7237048665620094,1.8571428571428572,2,2018,K001+KI08+KA07,K003+K005+KA04+KA30+KI04+KI21
cnn,combined,conformal_class_conditional,,,,,0.6122448979591837,1.9811616954474098,2,2018,K001+KI08+KA07,K003+K005+KA04+KA30+KI04+KI21
cnn,source,raw,0.3761755485893417,0.4965565961344827,0.10501567398119123,0.04477611940298507,,,2,2019,K001+KI08+KA07,K003+K006+KA15+KA30+KI16+KI17
cnn,source,temperature,0.3761755485893417,0.1365243071572723,0.11285266457680251,0.05555555555555555,,,2,2019,K001+KI08+KA07,K003+K006+KA15+KA30+KI16+KI17
cnn,source,isotonic,0.3777429467084639,0.31061377689897607,0.08620689655172414,0.34545454545454546,,,2,2019,K001+KI08+KA07,K003+K006+KA15+KA30+KI16+KI17
cnn,source,conformal_marginal,,,,,0.9435736677115988,2.371473354231975,2,2019,K001+KI08+KA07,K003+K006+KA15+KA30+KI16+KI17
cnn,source,conformal_class_conditional,,,,,0.5188087774294671,1.7053291536050157,2,2019,K001+KI08+KA07,K003+K006+KA15+KA30+KI16+KI17
cnn,target,raw,0.3761755485893417,0.4965565961344827,0.0,,,,2,2019,K001+KI08+KA07,K003+K006+KA15+KA30+KI16+KI17
cnn,target,temperature,0.3761755485893417,0.15011430137750367,0.0,,,,2,2019,K001+KI08+KA07,K003+K006+KA15+KA30+KI16+KI17
cnn,target,isotonic,0.3777429467084639,0.2392411619473976,0.3166144200626959,0.42574257425742573,,,2,2019,K001+KI08+KA07,K003+K006+KA15+KA30+KI16+KI17
cnn,target,conformal_marginal,,,,,0.9545454545454546,2.4482758620689653,2,2019,K001+KI08+KA07,K003+K006+KA15+KA30+KI16+KI17
cnn,target,conformal_class_conditional,,,,,0.6128526645768025,2.0658307210031346,2,2019,K001+KI08+KA07,K003+K006+KA15+KA30+KI16+KI17
cnn,combined,raw,0.3761755485893417,0.4965565961344827,0.03134796238244514,0.0,,,2,2019,K001+KI08+KA07,K003+K006+KA15+KA30+KI16+KI17
cnn,combined,temperature,0.3761755485893417,0.14298522045014705,0.01567398119122257,0.0,,,2,2019,K001+KI08+KA07,K003+K006+KA15+KA30+KI16+KI17
cnn,combined,isotonic,0.3761755485893417,0.23085212220275667,0.3103448275862069,0.41414141414141414,,,2,2019,K001+KI08+KA07,K003+K006+KA15+KA30+KI16+KI17
cnn,combined,conformal_marginal,,,,,0.9498432601880877,2.3934169278996866,2,2019,K001+KI08+KA07,K003+K006+KA15+KA30+KI16+KI17
cnn,combined,conformal_class_conditional,,,,,0.603448275862069,2.0470219435736676,2,2019,K001+KI08+KA07,K003+K006+KA15+KA30+KI16+KI17
cnn,source,raw,0.2566929133858268,0.6761866496434645,0.3968503937007874,0.7142857142857143,,,2,2020,K001+KI01+KA07,K003+K005+KA04+KA22+KI16+KI18
cnn,source,temperature,0.2566929133858268,0.43077911974322347,0.4645669291338583,0.735593220338983,,,2,2020,K001+KI01+KA07,K003+K005+KA04+KA22+KI16+KI18
cnn,source,isotonic,0.2755905511811024,0.5975771442008819,0.8330708661417323,0.6918714555765595,,,2,2020,K001+KI01+KA07,K003+K005+KA04+KA22+KI16+KI18
cnn,source,conformal_marginal,,,,,0.7133858267716535,1.689763779527559,2,2020,K001+KI01+KA07,K003+K005+KA04+KA22+KI16+KI18
cnn,source,conformal_class_conditional,,,,,0.25196850393700787,0.8929133858267716,2,2020,K001+KI01+KA07,K003+K005+KA04+KA22+KI16+KI18
cnn,target,raw,0.2566929133858268,0.6761866496434645,0.631496062992126,0.7855361596009975,,,2,2020,K001+KI01+KA07,K003+K005+KA04+KA22+KI16+KI18
cnn,target,temperature,0.2566929133858268,0.454000366237087,0.6692913385826772,0.7764705882352941,,,2,2020,K001+KI01+KA07,K003+K005+KA04+KA22+KI16+KI18
cnn,target,isotonic,0.34330708661417325,0.5470307225761628,0.694488188976378,0.6780045351473923,,,2,2020,K001+KI01+KA07,K003+K005+KA04+KA22+KI16+KI18
cnn,target,conformal_marginal,,,,,0.6850393700787402,1.647244094488189,2,2020,K001+KI01+KA07,K003+K005+KA04+KA22+KI16+KI18
cnn,target,conformal_class_conditional,,,,,0.48661417322834644,1.294488188976378,2,2020,K001+KI01+KA07,K003+K005+KA04+KA22+KI16+KI18
cnn,combined,raw,0.2566929133858268,0.6761866496434645,0.46614173228346456,0.7364864864864865,,,2,2020,K001+KI01+KA07,K003+K005+KA04+KA22+KI16+KI18
cnn,combined,temperature,0.2566929133858268,0.44463059085928575,0.5322834645669291,0.7603550295857988,,,2,2020,K001+KI01+KA07,K003+K005+KA04+KA22+KI16+KI18
cnn,combined,isotonic,0.3401574803149606,0.49247692070710236,0.5606299212598426,0.6067415730337079,,,2,2020,K001+KI01+KA07,K003+K005+KA04+KA22+KI16+KI18
cnn,combined,conformal_marginal,,,,,0.6929133858267716,1.6566929133858268,2,2020,K001+KI01+KA07,K003+K005+KA04+KA22+KI16+KI18
cnn,combined,conformal_class_conditional,,,,,0.6078740157480315,1.4913385826771655,2,2020,K001+KI01+KA07,K003+K005+KA04+KA22+KI16+KI18
cnn,source,raw,0.2507836990595611,0.6262165932956113,0.0,,,,2,2021,K004+KI03+KA05,K005+K006+KA15+KA16+KI17+KI18
cnn,source,temperature,0.2507836990595611,0.24535183435082444,0.0,,,,2,2021,K004+KI03+KA05,K005+K006+KA15+KA16+KI17+KI18
cnn,source,isotonic,0.22727272727272727,0.22445614664141642,0.1896551724137931,0.47107438016528924,,,2,2021,K004+KI03+KA05,K005+K006+KA15+KA16+KI17+KI18
cnn,source,conformal_marginal,,,,,1.0,2.8981191222570533,2,2021,K004+KI03+KA05,K005+K006+KA15+KA16+KI17+KI18
cnn,source,conformal_class_conditional,,,,,0.6253918495297806,2.09717868338558,2,2021,K004+KI03+KA05,K005+K006+KA15+KA16+KI17+KI18
cnn,target,raw,0.2507836990595611,0.6262165932956113,0.29310344827586204,0.47593582887700536,,,2,2021,K004+KI03+KA05,K005+K006+KA15+KA16+KI17+KI18
cnn,target,temperature,0.2507836990595611,0.34653827762569966,0.30877742946708464,0.4619289340101523,,,2,2021,K004+KI03+KA05,K005+K006+KA15+KA16+KI17+KI18
cnn,target,isotonic,0.3181818181818182,0.48984764955553195,0.6614420062695925,0.5853080568720379,,,2,2021,K004+KI03+KA05,K005+K006+KA15+KA16+KI17+KI18
cnn,target,conformal_marginal,,,,,0.8949843260188087,1.9247648902821317,2,2021,K004+KI03+KA05,K005+K006+KA15+KA16+KI17+KI18
cnn,target,conformal_class_conditional,,,,,0.4717868338557994,1.5109717868338557,2,2021,K004+KI03+KA05,K005+K006+KA15+KA16+KI17+KI18
cnn,combined,raw,0.2507836990595611,0.6262165932956113,0.006269592476489028,0.0,,,2,2021,K004+KI03+KA05,K005+K006+KA15+KA16+KI17+KI18
cnn,combined,temperature,0.2507836990595611,0.24479161724690718,0.006269592476489028,0.0,,,2,2021,K004+KI03+KA05,K005+K006+KA15+KA16+KI17+KI18
cnn,combined,isotonic,0.3056426332288401,0.360503709853521,0.3385579937304075,0.3101851851851852,,,2,2021,K004+KI03+KA05,K005+K006+KA15+KA16+KI17+KI18
cnn,combined,conformal_marginal,,,,,0.9890282131661442,2.626959247648903,2,2021,K004+KI03+KA05,K005+K006+KA15+KA16+KI17+KI18
cnn,combined,conformal_class_conditional,,,,,0.6253918495297806,2.0893416927899686,2,2021,K004+KI03+KA05,K005+K006+KA15+KA16+KI17+KI18
cnn,source,raw,0.46141732283464565,0.3183878101807874,0.3165354330708661,0.4527363184079602,,,2,2022,K004+KI01+KA07,K003+K005+KA04+KA22+KI04+KI14
cnn,source,temperature,0.46141732283464565,0.18549888615445753,0.35748031496062993,0.44493392070484583,,,2,2022,K004+KI01+KA07,K003+K005+KA04+KA22+KI04+KI14
cnn,source,isotonic,0.48661417322834644,0.2524070600300653,0.7480314960629921,0.49473684210526314,,,2,2022,K004+KI01+KA07,K003+K005+KA04+KA22+KI04+KI14
cnn,source,conformal_marginal,,,,,1.0,2.1448818897637794,2,2022,K004+KI01+KA07,K003+K005+KA04+KA22+KI04+KI14
cnn,source,conformal_class_conditional,,,,,0.5007874015748032,1.1732283464566928,2,2022,K004+KI01+KA07,K003+K005+KA04+KA22+KI04+KI14
cnn,target,raw,0.46141732283464565,0.3183878101807874,0.12125984251968504,0.0,,,2,2022,K004+KI01+KA07,K003+K005+KA04+KA22+KI04+KI14
cnn,target,temperature,0.46141732283464565,0.11874912342900254,0.12283464566929134,0.0,,,2,2022,K004+KI01+KA07,K003+K005+KA04+KA22+KI04+KI14
cnn,target,isotonic,0.5763779527559055,0.06721322097736981,0.15275590551181104,0.13402061855670103,,,2,2022,K004+KI01+KA07,K003+K005+KA04+KA22+KI04+KI14
cnn,target,conformal_marginal,,,,,1.0,2.277165354330709,2,2022,K004+KI01+KA07,K003+K005+KA04+KA22+KI04+KI14
cnn,target,conformal_class_conditional,,,,,0.9716535433070866,2.474015748031496,2,2022,K004+KI01+KA07,K003+K005+KA04+KA22+KI04+KI14
cnn,combined,raw,0.46141732283464565,0.3183878101807874,0.12125984251968504,0.0,,,2,2022,K004+KI01+KA07,K003+K005+KA04+KA22+KI04+KI14
cnn,combined,temperature,0.46141732283464565,0.12985226123141963,0.12283464566929134,0.0,,,2,2022,K004+KI01+KA07,K003+K005+KA04+KA22+KI04+KI14
cnn,combined,isotonic,0.5196850393700787,0.05162656007826992,0.29763779527559053,0.3915343915343915,,,2,2022,K004+KI01+KA07,K003+K005+KA04+KA22+KI04+KI14
cnn,combined,conformal_marginal,,,,,1.0,2.1826771653543307,2,2022,K004+KI01+KA07,K003+K005+KA04+KA22+KI04+KI14
cnn,combined,conformal_class_conditional,,,,,0.968503937007874,2.4204724409448817,2,2022,K004+KI01+KA07,K003+K005+KA04+KA22+KI04+KI14
cnn,source,raw,0.18181818181818182,0.7033308625195924,0.06583072100313479,0.9761904761904762,,,2,2023,K002+KI05+KA01,K003+K006+KA16+KA30+KI14+KI21
cnn,source,temperature,0.18181818181818182,0.31158922334004735,0.054858934169279,0.9714285714285714,,,2,2023,K002+KI05+KA01,K003+K006+KA16+KA30+KI14+KI21
cnn,source,isotonic,0.12695924764890282,0.5887096639406694,0.44200626959247646,0.7163120567375887,,,2,2023,K002+KI05+KA01,K003+K006+KA16+KA30+KI14+KI21
cnn,source,conformal_marginal,,,,,0.9968652037617555,2.938871473354232,2,2023,K002+KI05+KA01,K003+K006+KA16+KA30+KI14+KI21
cnn,source,conformal_class_conditional,,,,,0.1974921630094044,1.1818181818181819,2,2023,K002+KI05+KA01,K003+K006+KA16+KA30+KI14+KI21
cnn,target,raw,0.18181818181818182,0.7033308625195924,0.07523510971786834,0.9166666666666666,,,2,2023,K002+KI05+KA01,K003+K006+KA16+KA30+KI14+KI21
cnn,target,temperature,0.18181818181818182,0.4179615684089141,0.09717868338557993,0.8709677419354839,,,2,2023,K002+KI05+KA01,K003+K006+KA16+KA30+KI14+KI21
cnn,target,isotonic,0.36990595611285265,0.5114350907221438,0.3495297805642633,0.6412556053811659,,,2,2023,K002+KI05+KA01,K003+K006+KA16+KA30+KI14+KI21
cnn,target,conformal_marginal,,,,,0.8871473354231975,2.3887147335423196,2,2023,K002+KI05+KA01,K003+K006+KA16+KA30+KI14+KI21
cnn,target,conformal_class_conditional,,,,,0.7382445141065831,1.6269592476489028,2,2023,K002+KI05+KA01,K003+K006+KA16+KA30+KI14+KI21
cnn,combined,raw,0.18181818181818182,0.7033308625195924,0.06896551724137931,0.9772727272727273,,,2,2023,K002+KI05+KA01,K003+K006+KA16+KA30+KI14+KI21
cnn,combined,temperature,0.18181818181818182,0.35915524648785857,0.06739811912225706,0.9302325581395349,,,2,2023,K002+KI05+KA01,K003+K006+KA16+KA30+KI14+KI21
cnn,combined,isotonic,0.35893416927899685,0.2455182047598827,0.07523510971786834,0.9166666666666666,,,2,2023,K002+KI05+KA01,K003+K006+KA16+KA30+KI14+KI21
cnn,combined,conformal_marginal,,,,,0.9764890282131662,2.8087774294670846,2,2023,K002+KI05+KA01,K003+K006+KA16+KA30+KI14+KI21
cnn,combined,conformal_class_conditional,,,,,0.8573667711598746,2.5783699059561127,2,2023,K002+KI05+KA01,K003+K006+KA16+KA30+KI14+KI21
cnn,source,raw,0.4599686028257457,0.4382851715067503,0.717425431711146,0.47702407002188185,,,2,2024,K001+KI07+KA07,K003+K006+KA22+KA30+KI14+KI21
cnn,source,temperature,0.4599686028257457,0.3482380986955532,0.7802197802197802,0.5171026156941649,,,2,2024,K001+KI07+KA07,K003+K006+KA22+KA30+KI14+KI21
cnn,source,isotonic,0.4521193092621664,0.46951040428192403,0.8069073783359497,0.5583657587548638,,,2,2024,K001+KI07+KA07,K003+K006+KA22+KA30+KI14+KI21
cnn,source,conformal_marginal,,,,,0.7252747252747253,1.3642072213500784,2,2024,K001+KI07+KA07,K003+K006+KA22+KA30+KI14+KI21
cnn,source,conformal_class_conditional,,,,,0.5824175824175825,1.0580847723704867,2,2024,K001+KI07+KA07,K003+K006+KA22+KA30+KI14+KI21
cnn,target,raw,0.4599686028257457,0.4382851715067503,0.0,,,,2,2024,K001+KI07+KA07,K003+K006+KA22+KA30+KI14+KI21
cnn,target,temperature,0.4599686028257457,0.04724150079296193,0.0,,,,2,2024,K001+KI07+KA07,K003+K006+KA22+KA30+KI14+KI21
cnn,target,isotonic,0.4850863422291994,0.35150426686459696,0.41915227629513346,0.41947565543071164,,,2,2024,K001+KI07+KA07,K003+K006+KA22+KA30+KI14+KI21
cnn,target,conformal_marginal,,,,,1.0,2.879120879120879,2,2024,K001+KI07+KA07,K003+K006+KA22+KA30+KI14+KI21
cnn,target,conformal_class_conditional,,,,,0.945054945054945,1.8869701726844583,2,2024,K001+KI07+KA07,K003+K006+KA22+KA30+KI14+KI21
cnn,combined,raw,0.4599686028257457,0.4382851715067503,0.0,,,,2,2024,K001+KI07+KA07,K003+K006+KA22+KA30+KI14+KI21
cnn,combined,temperature,0.4599686028257457,0.11638741938142687,0.0,,,,2,2024,K001+KI07+KA07,K003+K006+KA22+KA30+KI14+KI21
cnn,combined,isotonic,0.4631083202511774,0.39923985433787457,0.41915227629513346,0.41947565543071164,,,2,2024,K001+KI07+KA07,K003+K006+KA22+KA30+KI14+KI21
cnn,combined,conformal_marginal,,,,,1.0,2.7237048665620094,2,2024,K001+KI07+KA07,K003+K006+KA22+KA30+KI14+KI21
cnn,combined,conformal_class_conditional,,,,,0.9309262166405023,1.847723704866562,2,2024,K001+KI07+KA07,K003+K006+KA22+KA30+KI14+KI21
cnn,source,raw,0.24921630094043887,0.7063262054982757,0.0,,,,2,2025,K002+KI03+KA07,K003+K006+KA16+KA30+KI14+KI21
cnn,source,temperature,0.24921630094043887,0.15244574224071253,0.0,,,,2,2025,K002+KI03+KA07,K003+K006+KA16+KA30+KI14+KI21
cnn,source,isotonic,0.32601880877742945,0.15696260981440224,0.0,,,,2,2025,K002+KI03+KA07,K003+K006+KA16+KA30+KI14+KI21
cnn,source,conformal_marginal,,,,,0.987460815047022,2.946708463949843,2,2025,K002+KI03+KA07,K003+K006+KA16+KA30+KI14+KI21
cnn,source,conformal_class_conditional,,,,,0.6442006269592476,2.14576802507837,2,2025,K002+KI03+KA07,K003+K006+KA16+KA30+KI14+KI21
cnn,target,raw,0.24921630094043887,0.7063262054982757,0.003134796238244514,1.0,,,2,2025,K002+KI03+KA07,K003+K006+KA16+KA30+KI14+KI21
cnn,target,temperature,0.24921630094043887,0.38498138659052183,0.003134796238244514,1.0,,,2,2025,K002+KI03+KA07,K003+K006+KA16+KA30+KI14+KI21
cnn,target,isotonic,0.24921630094043887,0.6166991058180537,0.5015673981191222,0.75,,,2,2025,K002+KI03+KA07,K003+K006+KA16+KA30+KI14+KI21
cnn,target,conformal_marginal,,,,,0.9764890282131662,2.9231974921630095,2,2025,K002+KI03+KA07,K003+K006+KA16+KA30+KI14+KI21
cnn,target,conformal_class_conditional,,,,,0.6238244514106583,1.4984326018808778,2,2025,K002+KI03+KA07,K003+K006+KA16+KA30+KI14+KI21
cnn,combined,raw,0.24921630094043887,0.7063262054982757,0.003134796238244514,1.0,,,2,2025,K002+KI03+KA07,K003+K006+KA16+KA30+KI14+KI21
cnn,combined,temperature,0.24921630094043887,0.25065038136374784,0.003134796238244514,1.0,,,2,2025,K002+KI03+KA07,K003+K006+KA16+KA30+KI14+KI21
cnn,combined,isotonic,0.24921630094043887,0.4182884342765006,0.006269592476489028,1.0,,,2,2025,K002+KI03+KA07,K003+K006+KA16+KA30+KI14+KI21
cnn,combined,conformal_marginal,,,,,0.9843260188087775,2.93730407523511,2,2025,K002+KI03+KA07,K003+K006+KA16+KA30+KI14+KI21
cnn,combined,conformal_class_conditional,,,,,0.7492163009404389,2.456112852664577,2,2025,K002+KI03+KA07,K003+K006+KA16+KA30+KI14+KI21
cnn,source,raw,0.4379905808477237,0.42403686038288857,0.0,,,,2,2026,K004+KI05+KA08,K003+K005+KA04+KA15+KI16+KI17
cnn,source,temperature,0.4379905808477237,0.21820498933922533,0.0,,,,2,2026,K004+KI05+KA08,K003+K005+KA04+KA15+KI16+KI17
cnn,source,isotonic,0.28100470957613816,0.26015618960803283,0.0,,,,2,2026,K004+KI05+KA08,K003+K005+KA04+KA15+KI16+KI17
cnn,source,conformal_marginal,,,,,1.0,2.783359497645212,2,2026,K004+KI05+KA08,K003+K005+KA04+KA15+KI16+KI17
cnn,source,conformal_class_conditional,,,,,0.7409733124018838,2.1287284144427003,2,2026,K004+KI05+KA08,K003+K005+KA04+KA15+KI16+KI17
cnn,target,raw,0.4379905808477237,0.42403686038288857,0.10518053375196232,0.0,,,2,2026,K004+KI05+KA08,K003+K005+KA04+KA15+KI16+KI17
cnn,target,temperature,0.4379905808477237,0.13844306890504315,0.10989010989010989,0.0,,,2,2026,K004+KI05+KA08,K003+K005+KA04+KA15+KI16+KI17
cnn,target,isotonic,0.3516483516483517,0.2601493275721101,0.09733124018838304,0.22580645161290322,,,2,2026,K004+KI05+KA08,K003+K005+KA04+KA15+KI16+KI17
cnn,target,conformal_marginal,,,,,1.0,2.6875981161695446,2,2026,K004+KI05+KA08,K003+K005+KA04+KA15+KI16+KI17
cnn,target,conformal_class_conditional,,,,,0.8649921507064364,2.2967032967032965,2,2026,K004+KI05+KA08,K003+K005+KA04+KA15+KI16+KI17
cnn,combined,raw,0.4379905808477237,0.42403686038288857,0.07535321821036106,0.0,,,2,2026,K004+KI05+KA08,K003+K005+KA04+KA15+KI16+KI17
cnn,combined,temperature,0.4379905808477237,0.21820499046992842,0.07378335949764521,0.0,,,2,2026,K004+KI05+KA08,K003+K005+KA04+KA15+KI16+KI17
cnn,combined,isotonic,0.4474097331240188,0.11521609553831162,0.004709576138147566,0.0,,,2,2026,K004+KI05+KA08,K003+K005+KA04+KA15+KI16+KI17
cnn,combined,conformal_marginal,,,,,1.0,2.7551020408163267,2,2026,K004+KI05+KA08,K003+K005+KA04+KA15+KI16+KI17
cnn,combined,conformal_class_conditional,,,,,0.847723704866562,2.475667189952904,2,2026,K004+KI05+KA08,K003+K005+KA04+KA15+KI16+KI17
cnn,source,raw,0.4827586206896552,0.4709316340238244,0.13479623824451412,0.10465116279069768,,,2,2027,K002+KI08+KA06,K003+K005+KA15+KA16+KI14+KI21
cnn,source,temperature,0.4827586206896552,0.12908042632141392,0.12852664576802508,0.04878048780487805,,,2,2027,K002+KI08+KA06,K003+K005+KA15+KA16+KI14+KI21
cnn,source,isotonic,0.4341692789968652,0.3336437415457329,0.8134796238244514,0.5452793834296724,,,2,2027,K002+KI08+KA06,K003+K005+KA15+KA16+KI14+KI21
cnn,source,conformal_marginal,,,,,0.9968652037617555,2.695924764890282,2,2027,K002+KI08+KA06,K003+K005+KA15+KA16+KI14+KI21
cnn,source,conformal_class_conditional,,,,,0.4561128526645768,1.713166144200627,2,2027,K002+KI08+KA06,K003+K005+KA15+KA16+KI14+KI21
cnn,target,raw,0.4827586206896552,0.4709316340238244,0.0,,,,2,2027,K002+KI08+KA06,K003+K005+KA15+KA16+KI14+KI21
cnn,target,temperature,0.4827586206896552,0.11981305350895156,0.0,,,,2,2027,K002+KI08+KA06,K003+K005+KA15+KA16+KI14+KI21
cnn,target,isotonic,0.5031347962382445,0.2964703225144071,0.2084639498432602,0.3383458646616541,,,2,2027,K002+KI08+KA06,K003+K005+KA15+KA16+KI14+KI21
cnn,target,conformal_marginal,,,,,1.0,2.793103448275862,2,2027,K002+KI08+KA06,K003+K005+KA15+KA16+KI14+KI21
cnn,target,conformal_class_conditional,,,,,0.8714733542319749,1.7680250783699059,2,2027,K002+KI08+KA06,K003+K005+KA15+KA16+KI14+KI21
cnn,combined,raw,0.4827586206896552,0.4709316340238244,0.0,,,,2,2027,K002+KI08+KA06,K003+K005+KA15+KA16+KI14+KI21
cnn,combined,temperature,0.4827586206896552,0.2003195528058031,0.0,,,,2,2027,K002+KI08+KA06,K003+K005+KA15+KA16+KI14+KI21
cnn,combined,isotonic,0.5203761755485894,0.1497336300024884,0.12539184952978055,0.0,,,2,2027,K002+KI08+KA06,K003+K005+KA15+KA16+KI14+KI21
cnn,combined,conformal_marginal,,,,,1.0,2.761755485893417,2,2027,K002+KI08+KA06,K003+K005+KA15+KA16+KI14+KI21
cnn,combined,conformal_class_conditional,,,,,0.8808777429467085,2.501567398119122,2,2027,K002+KI08+KA06,K003+K005+KA15+KA16+KI14+KI21
cnn,source,raw,0.45682888540031397,0.4677460690540031,0.0,,,,2,2028,K002+KI07+KA06,K005+K006+KA15+KA30+KI14+KI16
cnn,source,temperature,0.45682888540031397,0.061229590192308087,0.0,,,,2,2028,K002+KI07+KA06,K005+K006+KA15+KA30+KI14+KI16
cnn,source,isotonic,0.5604395604395604,0.1838136127996376,0.3139717425431711,0.49,,,2,2028,K002+KI07+KA06,K005+K006+KA15+KA30+KI14+KI16
cnn,source,conformal_marginal,,,,,0.9952904238618524,2.901098901098901,2,2028,K002+KI07+KA06,K005+K006+KA15+KA30+KI14+KI16
cnn,source,conformal_class_conditional,,,,,0.5149136577708007,1.9544740973312402,2,2028,K002+KI07+KA06,K005+K006+KA15+KA30+KI14+KI16
cnn,target,raw,0.45682888540031397,0.4677460690540031,0.2857142857142857,0.4835164835164835,,,2,2028,K002+KI07+KA06,K005+K006+KA15+KA30+KI14+KI16
cnn,target,temperature,0.45682888540031397,0.22653467094971222,0.30612244897959184,0.49230769230769234,,,2,2028,K002+KI07+KA06,K005+K006+KA15+KA30+KI14+KI16
cnn,target,isotonic,0.4427001569858713,0.3622539716811642,0.5290423861852434,0.5252225519287834,,,2,2028,K002+KI07+KA06,K005+K006+KA15+KA30+KI14+KI16
cnn,target,conformal_marginal,,,,,0.6891679748822606,1.423861852433281,2,2028,K002+KI07+KA06,K005+K006+KA15+KA30+KI14+KI16
cnn,target,conformal_class_conditional,,,,,0.6153846153846154,1.3218210361067504,2,2028,K002+KI07+KA06,K005+K006+KA15+KA30+KI14+KI16
cnn,combined,raw,0.45682888540031397,0.4677460690540031,0.01098901098901099,0.8571428571428571,,,2,2028,K002+KI07+KA06,K005+K006+KA15+KA30+KI14+KI16
cnn,combined,temperature,0.45682888540031397,0.05777424262043326,0.01098901098901099,0.8571428571428571,,,2,2028,K002+KI07+KA06,K005+K006+KA15+KA30+KI14+KI16
cnn,combined,isotonic,0.43328100470957615,0.19444022890910917,0.26373626373626374,0.43452380952380953,,,2,2028,K002+KI07+KA06,K005+K006+KA15+KA30+KI14+KI16
cnn,combined,conformal_marginal,,,,,0.9544740973312402,2.4929356357927785,2,2028,K002+KI07+KA06,K005+K006+KA15+KA30+KI14+KI16
cnn,combined,conformal_class_conditional,,,,,0.6609105180533752,2.1569858712715857,2,2028,K002+KI07+KA06,K005+K006+KA15+KA30+KI14+KI16
cnn,source,raw,0.610062893081761,0.23131775355896217,0.0,,,,2,2029,K001+KI08+KA03,K003+K006+KA04+KA22+KI04+KI21
cnn,source,temperature,0.610062893081761,0.21615271693920002,0.0,,,,2,2029,K001+KI08+KA03,K003+K006+KA04+KA22+KI04+KI21
cnn,source,isotonic,0.4858490566037736,0.14043086487473577,0.860062893081761,0.5813528336380256,,,2,2029,K001+KI08+KA03,K003+K006+KA04+KA22+KI04+KI21
cnn,source,conformal_marginal,,,,,1.0,2.770440251572327,2,2029,K001+KI08+KA03,K003+K006+KA04+KA22+KI04+KI21
cnn,source,conformal_class_conditional,,,,,0.9559748427672956,2.0330188679245285,2,2029,K001+KI08+KA03,K003+K006+KA04+KA22+KI04+KI21
cnn,target,raw,0.610062893081761,0.23131775355896217,0.24528301886792453,0.0,,,2,2029,K001+KI08+KA03,K003+K006+KA04+KA22+KI04+KI21
cnn,target,temperature,0.610062893081761,0.2310730860947955,0.23742138364779874,0.0,,,2,2029,K001+KI08+KA03,K003+K006+KA04+KA22+KI04+KI21
cnn,target,isotonic,0.7437106918238994,0.3006621516752115,0.4119496855345912,0.366412213740458,,,2,2029,K001+KI08+KA03,K003+K006+KA04+KA22+KI04+KI21
cnn,target,conformal_marginal,,,,,0.9528301886792453,1.7955974842767295,2,2029,K001+KI08+KA03,K003+K006+KA04+KA22+KI04+KI21
cnn,target,conformal_class_conditional,,,,,0.7908805031446541,1.5833333333333333,2,2029,K001+KI08+KA03,K003+K006+KA04+KA22+KI04+KI21
cnn,combined,raw,0.610062893081761,0.23131775355896217,0.0,,,,2,2029,K001+KI08+KA03,K003+K006+KA04+KA22+KI04+KI21
cnn,combined,temperature,0.610062893081761,0.2161527613246061,0.0,,,,2,2029,K001+KI08+KA03,K003+K006+KA04+KA22+KI04+KI21
cnn,combined,isotonic,0.7311320754716981,0.18954004548876735,0.0110062893081761,0.0,,,2,2029,K001+KI08+KA03,K003+K006+KA04+KA22+KI04+KI21
cnn,combined,conformal_marginal,,,,,1.0,2.619496855345912,2,2029,K001+KI08+KA03,K003+K006+KA04+KA22+KI04+KI21
cnn,combined,conformal_class_conditional,,,,,0.9245283018867925,1.9261006289308176,2,2029,K001+KI08+KA03,K003+K006+KA04+KA22+KI04+KI21
cnn,source,raw,0.2401883830455259,0.5893164620695446,0.13186813186813187,0.9880952380952381,,,2,2030,K001+KI01+KA09,K003+K005+KA15+KA16+KI04+KI18
cnn,source,temperature,0.2401883830455259,0.31903474758964356,0.18524332810047095,0.9915254237288136,,,2,2030,K001+KI01+KA09,K003+K005+KA15+KA16+KI04+KI18
cnn,source,isotonic,0.16012558869701726,0.6590709385739862,0.6656200941915228,0.8207547169811321,,,2,2030,K001+KI01+KA09,K003+K005+KA15+KA16+KI04+KI18
cnn,source,conformal_marginal,,,,,0.8367346938775511,2.3469387755102042,2,2030,K001+KI01+KA09,K003+K005+KA15+KA16+KI04+KI18
cnn,source,conformal_class_conditional,,,,,0.0706436420722135,0.8885400313971743,2,2030,K001+KI01+KA09,K003+K005+KA15+KA16+KI04+KI18
cnn,target,raw,0.2401883830455259,0.5893164620695446,0.13814756671899528,0.9886363636363636,,,2,2030,K001+KI01+KA09,K003+K005+KA15+KA16+KI04+KI18
cnn,target,temperature,0.2401883830455259,0.2892166532952403,0.18838304552590268,0.9916666666666667,,,2,2030,K001+KI01+KA09,K003+K005+KA15+KA16+KI04+KI18
cnn,target,isotonic,0.25745682888540034,0.43705013401404885,0.0847723704866562,1.0,,,2,2030,K001+KI01+KA09,K003+K005+KA15+KA16+KI04+KI18
cnn,target,conformal_marginal,,,,,0.7425431711145997,2.084772370486656,2,2030,K001+KI01+KA09,K003+K005+KA15+KA16+KI04+KI18
cnn,target,conformal_class_conditional,,,,,0.7488226059654631,1.7660910518053374,2,2030,K001+KI01+KA09,K003+K005+KA15+KA16+KI04+KI18
cnn,combined,raw,0.2401883830455259,0.5893164620695446,0.13343799058084774,0.9882352941176471,,,2,2030,K001+KI01+KA09,K003+K005+KA15+KA16+KI04+KI18
cnn,combined,temperature,0.2401883830455259,0.3019507069948775,0.18838304552590268,0.9916666666666667,,,2,2030,K001+KI01+KA09,K003+K005+KA15+KA16+KI04+KI18
cnn,combined,isotonic,0.24960753532182103,0.3958476661851509,0.18995290423861852,0.9917355371900827,,,2,2030,K001+KI01+KA09,K003+K005+KA15+KA16+KI04+KI18
cnn,combined,conformal_marginal,,,,,0.8037676609105181,2.2574568288854002,2,2030,K001+KI01+KA09,K003+K005+KA15+KA16+KI04+KI18
cnn,combined,conformal_class_conditional,,,,,0.7802197802197802,2.291993720565149,2,2030,K001+KI01+KA09,K003+K005+KA15+KA16+KI04+KI18
cnn,source,raw,0.5496062992125984,0.36365583399181106,0.006299212598425197,0.0,,,2,2031,K002+KI08+KA01,K005+K006+KA04+KA22+KI16+KI18
cnn,source,temperature,0.5496062992125984,0.22485640699557918,0.0031496062992125984,0.0,,,2,2031,K002+KI08+KA01,K005+K006+KA04+KA22+KI16+KI18
cnn,source,isotonic,0.3653543307086614,0.2637824631500017,0.0,,,,2,2031,K002+KI08+KA01,K005+K006+KA04+KA22+KI16+KI18
cnn,source,conformal_marginal,,,,,1.0,2.995275590551181,2,2031,K002+KI08+KA01,K005+K006+KA04+KA22+KI16+KI18
cnn,source,conformal_class_conditional,,,,,0.2062992125984252,1.0803149606299212,2,2031,K002+KI08+KA01,K005+K006+KA04+KA22+KI16+KI18
cnn,target,raw,0.5496062992125984,0.36365583399181106,0.06614173228346457,0.0,,,2,2031,K002+KI08+KA01,K005+K006+KA04+KA22+KI16+KI18
cnn,target,temperature,0.5496062992125984,0.2404465799530236,0.06456692913385827,0.0,,,2,2031,K002+KI08+KA01,K005+K006+KA04+KA22+KI16+KI18
cnn,target,isotonic,0.494488188976378,0.20960011207169948,0.08503937007874016,0.0,,,2,2031,K002+KI08+KA01,K005+K006+KA04+KA22+KI16+KI18
cnn,target,conformal_marginal,,,,,0.9606299212598425,2.393700787401575,2,2031,K002+KI08+KA01,K005+K006+KA04+KA22+KI16+KI18
cnn,target,conformal_class_conditional,,,,,0.9984251968503937,1.9023622047244095,2,2031,K002+KI08+KA01,K005+K006+KA04+KA22+KI16+KI18
cnn,combined,raw,0.5496062992125984,0.36365583399181106,0.009448818897637795,0.0,,,2,2031,K002+KI08+KA01,K005+K006+KA04+KA22+KI16+KI18
cnn,combined,temperature,0.5496062992125984,0.2891741249338136,0.007874015748031496,0.0,,,2,2031,K002+KI08+KA01,K005+K006+KA04+KA22+KI16+KI18
cnn,combined,isotonic,0.5385826771653544,0.0977679522228579,0.04409448818897638,0.0,,,2,2031,K002+KI08+KA01,K005+K006+KA04+KA22+KI16+KI18
cnn,combined,conformal_marginal,,,,,1.0,2.9133858267716537,2,2031,K002+KI08+KA01,K005+K006+KA04+KA22+KI16+KI18
cnn,combined,conformal_class_conditional,,,,,0.9937007874015747,2.7543307086614175,2,2031,K002+KI08+KA01,K005+K006+KA04+KA22+KI16+KI18
cnn,source,raw,0.2836990595611285,0.5467018802076804,0.0,,,,2,2032,K002+KI01+KA07,K003+K005+KA16+KA30+KI14+KI17
cnn,source,temperature,0.2836990595611285,0.10914794439668364,0.0,,,,2,2032,K002+KI01+KA07,K003+K005+KA16+KA30+KI14+KI17
cnn,source,isotonic,0.32601880877742945,0.3055651713259733,0.28996865203761757,0.5675675675675675,,,2,2032,K002+KI01+KA07,K003+K005+KA16+KA30+KI14+KI17
cnn,source,conformal_marginal,,,,,0.9592476489028213,2.7962382445141065,2,2032,K002+KI01+KA07,K003+K005+KA16+KA30+KI14+KI17
cnn,source,conformal_class_conditional,,,,,0.2617554858934169,1.5642633228840126,2,2032,K002+KI01+KA07,K003+K005+KA16+KA30+KI14+KI17
cnn,target,raw,0.2836990595611285,0.5467018802076804,0.23510971786833856,0.54,,,2,2032,K002+KI01+KA07,K003+K005+KA16+KA30+KI14+KI17
cnn,target,temperature,0.2836990595611285,0.33106823719402145,0.23981191222570533,0.5294117647058824,,,2,2032,K002+KI01+KA07,K003+K005+KA16+KA30+KI14+KI17
cnn,target,isotonic,0.37460815047021945,0.39059750087774436,0.2617554858934169,0.5209580838323353,,,2,2032,K002+KI01+KA07,K003+K005+KA16+KA30+KI14+KI17
cnn,target,conformal_marginal,,,,,0.7821316614420063,1.8667711598746082,2,2032,K002+KI01+KA07,K003+K005+KA16+KA30+KI14+KI17
cnn,target,conformal_class_conditional,,,,,0.5,1.7836990595611286,2,2032,K002+KI01+KA07,K003+K005+KA16+KA30+KI14+KI17
cnn,combined,raw,0.2836990595611285,0.5467018802076804,0.0,,,,2,2032,K002+KI01+KA07,K003+K005+KA16+KA30+KI14+KI17
cnn,combined,temperature,0.2836990595611285,0.23392205630689353,0.0,,,,2,2032,K002+KI01+KA07,K003+K005+KA16+KA30+KI14+KI17
cnn,combined,isotonic,0.49686520376175547,0.267776459842916,0.28996865203761757,0.5675675675675675,,,2,2032,K002+KI01+KA07,K003+K005+KA16+KA30+KI14+KI17
cnn,combined,conformal_marginal,,,,,0.9012539184952978,2.6018808777429467,2,2032,K002+KI01+KA07,K003+K005+KA16+KA30+KI14+KI17
cnn,combined,conformal_class_conditional,,,,,0.49686520376175547,2.0329153605015673,2,2032,K002+KI01+KA07,K003+K005+KA16+KA30+KI14+KI17
cnn,source,raw,0.695447409733124,0.13962974928759814,0.0,,,,2,2033,K004+KI07+KA06,K003+K005+KA16+KA22+KI04+KI17
cnn,source,temperature,0.695447409733124,0.2685448440890954,0.0,,,,2,2033,K004+KI07+KA06,K003+K005+KA16+KA22+KI04+KI17
cnn,source,isotonic,0.4474097331240188,0.2880356375533349,0.8618524332810047,0.48816029143898,,,2,2033,K004+KI07+KA06,K003+K005+KA16+KA22+KI04+KI17
cnn,source,conformal_marginal,,,,,1.0,2.7974882260596545,2,2033,K004+KI07+KA06,K003+K005+KA16+KA22+KI04+KI17
cnn,source,conformal_class_conditional,,,,,0.5023547880690737,1.6703296703296704,2,2033,K004+KI07+KA06,K003+K005+KA16+KA22+KI04+KI17
cnn,target,raw,0.695447409733124,0.13962974928759814,0.1664050235478807,0.330188679245283,,,2,2033,K004+KI07+KA06,K003+K005+KA16+KA22+KI04+KI17
cnn,target,temperature,0.695447409733124,0.25617169798950135,0.11773940345368916,0.06666666666666667,,,2,2033,K004+KI07+KA06,K003+K005+KA16+KA22+KI04+KI17
cnn,target,isotonic,0.5054945054945055,0.12059673962521317,0.11145996860282574,0.08450704225352113,,,2,2033,K004+KI07+KA06,K003+K005+KA16+KA22+KI04+KI17
cnn,target,conformal_marginal,,,,,0.9199372056514914,1.8178963893249607,2,2033,K004+KI07+KA06,K003+K005+KA16+KA22+KI04+KI17
cnn,target,conformal_class_conditional,,,,,0.8775510204081632,1.750392464678179,2,2033,K004+KI07+KA06,K003+K005+KA16+KA22+KI04+KI17
cnn,combined,raw,0.695447409733124,0.13962974928759814,0.06436420722135008,0.0,,,2,2033,K004+KI07+KA06,K003+K005+KA16+KA22+KI04+KI17
cnn,combined,temperature,0.695447409733124,0.24638330835451389,0.08163265306122448,0.0,,,2,2033,K004+KI07+KA06,K003+K005+KA16+KA22+KI04+KI17
cnn,combined,isotonic,0.5164835164835165,0.09307240195258479,0.15698587127158556,0.0,,,2,2033,K004+KI07+KA06,K003+K005+KA16+KA22+KI04+KI17
cnn,combined,conformal_marginal,,,,,0.989010989010989,2.379905808477237,2,2033,K004+KI07+KA06,K003+K005+KA16+KA22+KI04+KI17
cnn,combined,conformal_class_conditional,,,,,0.8775510204081632,2.456828885400314,2,2033,K004+KI07+KA06,K003+K005+KA16+KA22+KI04+KI17
cnn,source,raw,0.2684458398744113,0.6212115501693878,0.0,,,,2,2034,K002+KI03+KA09,K003+K006+KA04+KA15+KI17+KI18
cnn,source,temperature,0.2684458398744113,0.19951126497096,0.0,,,,2,2034,K002+KI03+KA09,K003+K006+KA04+KA15+KI17+KI18
cnn,source,isotonic,0.3783359497645212,0.33319810279403117,0.10518053375196232,1.0,,,2,2034,K002+KI03+KA09,K003+K006+KA04+KA15+KI17+KI18
cnn,source,conformal_marginal,,,,,0.9230769230769231,2.814756671899529,2,2034,K002+KI03+KA09,K003+K006+KA04+KA15+KI17+KI18
cnn,source,conformal_class_conditional,,,,,0.5102040816326531,1.967032967032967,2,2034,K002+KI03+KA09,K003+K006+KA04+KA15+KI17+KI18
cnn,target,raw,0.2684458398744113,0.6212115501693878,0.3108320251177394,1.0,,,2,2034,K002+KI03+KA09,K003+K006+KA04+KA15+KI17+KI18
cnn,target,temperature,0.2684458398744113,0.49058335942803677,0.34222919937205654,0.9954128440366973,,,2,2034,K002+KI03+KA09,K003+K006+KA04+KA15+KI17+KI18
cnn,target,isotonic,0.13186813186813187,0.6656677030861281,0.6043956043956044,0.9662337662337662,,,2,2034,K002+KI03+KA09,K003+K006+KA04+KA15+KI17+KI18
cnn,target,conformal_marginal,,,,,0.5620094191522763,1.5604395604395604,2,2034,K002+KI03+KA09,K003+K006+KA04+KA15+KI17+KI18
cnn,target,conformal_class_conditional,,,,,0.3751962323390895,1.3296703296703296,2,2034,K002+KI03+KA09,K003+K006+KA04+KA15+KI17+KI18
cnn,combined,raw,0.2684458398744113,0.6212115501693878,0.0989010989010989,1.0,,,2,2034,K002+KI03+KA09,K003+K006+KA04+KA15+KI17+KI18
cnn,combined,temperature,0.2684458398744113,0.3282833391876726,0.07221350078492936,1.0,,,2,2034,K002+KI03+KA09,K003+K006+KA04+KA15+KI17+KI18
cnn,combined,isotonic,0.271585557299843,0.45073770511523004,0.1130298273155416,1.0,,,2,2034,K002+KI03+KA09,K003+K006+KA04+KA15+KI17+KI18
cnn,combined,conformal_marginal,,,,,0.8100470957613815,2.5902668759811616,2,2034,K002+KI03+KA09,K003+K006+KA04+KA15+KI17+KI18
cnn,combined,conformal_class_conditional,,,,,0.7535321821036107,2.463108320251177,2,2034,K002+KI03+KA09,K003+K006+KA04+KA15+KI17+KI18
cnn,source,raw,0.3751962323390895,0.5191503356536893,0.009419152276295133,0.5,,,2,2035,K001+KI08+KA06,K003+K006+KA04+KA15+KI18+KI21
cnn,source,temperature,0.3751962323390895,0.20585324889388454,0.03296703296703297,0.38095238095238093,,,2,2035,K001+KI08+KA06,K003+K006+KA04+KA15+KI18+KI21
cnn,source,isotonic,0.29356357927786497,0.3493070727831309,0.16012558869701726,0.7549019607843137,,,2,2035,K001+KI08+KA06,K003+K006+KA04+KA15+KI18+KI21
cnn,source,conformal_marginal,,,,,0.957613814756672,2.437990580847724,2,2035,K001+KI08+KA06,K003+K006+KA04+KA15+KI18+KI21
cnn,source,conformal_class_conditional,,,,,0.5180533751962323,1.7032967032967032,2,2035,K001+KI08+KA06,K003+K006+KA04+KA15+KI18+KI21
cnn,target,raw,0.3751962323390895,0.5191503356536893,0.0282574568288854,0.5555555555555556,,,2,2035,K001+KI08+KA06,K003+K006+KA04+KA15+KI18+KI21
cnn,target,temperature,0.3751962323390895,0.3518604509356698,0.026687598116169546,0.29411764705882354,,,2,2035,K001+KI08+KA06,K003+K006+KA04+KA15+KI18+KI21
cnn,target,isotonic,0.24803767660910517,0.4475120638333836,0.15384615384615385,0.5816326530612245,,,2,2035,K001+KI08+KA06,K003+K006+KA04+KA15+KI18+KI21
cnn,target,conformal_marginal,,,,,0.8932496075353218,2.1789638932496076,2,2035,K001+KI08+KA06,K003+K006+KA04+KA15+KI18+KI21
cnn,target,conformal_class_conditional,,,,,0.6279434850863422,1.8273155416012559,2,2035,K001+KI08+KA06,K003+K006+KA04+KA15+KI18+KI21
cnn,combined,raw,0.3751962323390895,0.5191503356536893,0.02511773940345369,0.5625,,,2,2035,K001+KI08+KA06,K003+K006+KA04+KA15+KI18+KI21
cnn,combined,temperature,0.3751962323390895,0.27581706862607713,0.029827315541601257,0.3157894736842105,,,2,2035,K001+KI08+KA06,K003+K006+KA04+KA15+KI18+KI21
cnn,combined,isotonic,0.28414442700156983,0.33293525701345444,0.17896389324960754,0.4298245614035088,,,2,2035,K001+KI08+KA06,K003+K006+KA04+KA15+KI18+KI21
cnn,combined,conformal_marginal,,,,,0.9262166405023547,2.2543171114599687,2,2035,K001+KI08+KA06,K003+K006+KA04+KA15+KI18+KI21
cnn,combined,conformal_class_conditional,,,,,0.5886970172684458,1.8759811616954474,2,2035,K001+KI08+KA06,K003+K006+KA04+KA15+KI18+KI21
cnn,source,raw,0.5,0.40423314841034486,0.0,,,,2,2036,K001+KI05+KA07,K003+K006+KA15+KA16+KI16+KI21
cnn,source,temperature,0.5,0.24902816124542715,0.0,,,,2,2036,K001+KI05+KA07,K003+K006+KA15+KA16+KI16+KI21
cnn,source,isotonic,0.49843260188087773,0.14585020991422168,0.3557993730407524,0.29955947136563876,,,2,2036,K001+KI05+KA07,K003+K006+KA15+KA16+KI16+KI21
cnn,source,conformal_marginal,,,,,1.0,2.8369905956112853,2,2036,K001+KI05+KA07,K003+K006+KA15+KA16+KI16+KI21
cnn,source,conformal_class_conditional,,,,,0.6253918495297806,1.8197492163009403,2,2036,K001+KI05+KA07,K003+K006+KA15+KA16+KI16+KI21
cnn,target,raw,0.5,0.40423314841034486,0.0,,,,2,2036,K001+KI05+KA07,K003+K006+KA15+KA16+KI16+KI21
cnn,target,temperature,0.5,0.2490281876294473,0.0,,,,2,2036,K001+KI05+KA07,K003+K006+KA15+KA16+KI16+KI21
cnn,target,isotonic,0.5736677115987461,0.24020290837239294,0.29310344827586204,0.5721925133689839,,,2,2036,K001+KI05+KA07,K003+K006+KA15+KA16+KI16+KI21
cnn,target,conformal_marginal,,,,,0.987460815047022,2.4827586206896552,2,2036,K001+KI05+KA07,K003+K006+KA15+KA16+KI16+KI21
cnn,target,conformal_class_conditional,,,,,0.9796238244514106,2.1677115987460813,2,2036,K001+KI05+KA07,K003+K006+KA15+KA16+KI16+KI21
cnn,combined,raw,0.5,0.40423314841034486,0.0,,,,2,2036,K001+KI05+KA07,K003+K006+KA15+KA16+KI16+KI21
cnn,combined,temperature,0.5,0.24902818919601238,0.0,,,,2,2036,K001+KI05+KA07,K003+K006+KA15+KA16+KI16+KI21
cnn,combined,isotonic,0.6175548589341693,0.2576410931813957,0.0,,,,2,2036,K001+KI05+KA07,K003+K006+KA15+KA16+KI16+KI21
cnn,combined,conformal_marginal,,,,,1.0,2.628526645768025,2,2036,K001+KI05+KA07,K003+K006+KA15+KA16+KI16+KI21
cnn,combined,conformal_class_conditional,,,,,0.9733542319749217,2.4545454545454546,2,2036,K001+KI05+KA07,K003+K006+KA15+KA16+KI16+KI21
cnn,source,raw,0.25943396226415094,0.6332545444172955,0.0,,,,2,2037,K004+KI05+KA06,K005+K006+KA04+KA30+KI04+KI14
cnn,source,temperature,0.25943396226415094,0.36137468509076237,0.0,,,,2,2037,K004+KI05+KA06,K005+K006+KA04+KA30+KI04+KI14
cnn,source,isotonic,0.25157232704402516,0.42775795849083587,0.41823899371069184,0.39849624060150374,,,2,2037,K004+KI05+KA06,K005+K006+KA04+KA30+KI04+KI14
cnn,source,conformal_marginal,,,,,1.0,2.411949685534591,2,2037,K004+KI05+KA06,K005+K006+KA04+KA30+KI04+KI14
cnn,source,conformal_class_conditional,,,,,0.6257861635220126,1.6635220125786163,2,2037,K004+KI05+KA06,K005+K006+KA04+KA30+KI04+KI14
cnn,target,raw,0.25943396226415094,0.6332545444172955,0.28773584905660377,0.12568306010928962,,,2,2037,K004+KI05+KA06,K005+K006+KA04+KA30+KI04+KI14
cnn,target,temperature,0.25943396226415094,0.4190695400620936,0.2830188679245283,0.1111111111111111,,,2,2037,K004+KI05+KA06,K005+K006+KA04+KA30+KI04+KI14
cnn,target,isotonic,0.3380503144654088,0.35382425065278306,0.279874213836478,0.10112359550561797,,,2,2037,K004+KI05+KA06,K005+K006+KA04+KA30+KI04+KI14
cnn,target,conformal_marginal,,,,,1.0,2.341194968553459,2,2037,K004+KI05+KA06,K005+K006+KA04+KA30+KI04+KI14
cnn,target,conformal_class_conditional,,,,,0.5581761006289309,1.971698113207547,2,2037,K004+KI05+KA06,K005+K006+KA04+KA30+KI04+KI14
cnn,combined,raw,0.25943396226415094,0.6332545444172955,0.24842767295597484,0.0,,,2,2037,K004+KI05+KA06,K005+K006+KA04+KA30+KI04+KI14
cnn,combined,temperature,0.25943396226415094,0.4101490305231365,0.24842767295597484,0.0,,,2,2037,K004+KI05+KA06,K005+K006+KA04+KA30+KI04+KI14
cnn,combined,isotonic,0.33962264150943394,0.3072734573282626,0.26572327044025157,0.05325443786982249,,,2,2037,K004+KI05+KA06,K005+K006+KA04+KA30+KI04+KI14
cnn,combined,conformal_marginal,,,,,1.0,2.3647798742138364,2,2037,K004+KI05+KA06,K005+K006+KA04+KA30+KI04+KI14
cnn,combined,conformal_class_conditional,,,,,0.6588050314465409,2.058176100628931,2,2037,K004+KI05+KA06,K005+K006+KA04+KA30+KI04+KI14
cnn,source,raw,0.43956043956043955,0.43975231058838304,0.0,,,,2,2038,K004+KI08+KA03,K005+K006+KA04+KA30+KI18+KI21
cnn,source,temperature,0.43956043956043955,0.11348471757173934,0.0,,,,2,2038,K004+KI08+KA03,K005+K006+KA04+KA30+KI18+KI21
cnn,source,isotonic,0.12872841444270017,0.31265287037198025,0.130298273155416,1.0,,,2,2038,K004+KI08+KA03,K005+K006+KA04+KA30+KI18+KI21
cnn,source,conformal_marginal,,,,,1.0,2.770800627943485,2,2038,K004+KI08+KA03,K005+K006+KA04+KA30+KI18+KI21
cnn,source,conformal_class_conditional,,,,,0.9010989010989011,2.5180533751962324,2,2038,K004+KI08+KA03,K005+K006+KA04+KA30+KI18+KI21
cnn,target,raw,0.43956043956043955,0.43975231058838304,0.2684458398744113,0.08187134502923976,,,2,2038,K004+KI08+KA03,K005+K006+KA04+KA30+KI18+KI21
cnn,target,temperature,0.43956043956043955,0.2900487330493404,0.2684458398744113,0.08187134502923976,,,2,2038,K004+KI08+KA03,K005+K006+KA04+KA30+KI18+KI21
cnn,target,isotonic,0.4552590266875981,0.37812221394470946,0.7519623233908949,0.4509394572025052,,,2,2038,K004+KI08+KA03,K005+K006+KA04+KA30+KI18+KI21
cnn,target,conformal_marginal,,,,,0.8901098901098901,1.9058084772370487,2,2038,K004+KI08+KA03,K005+K006+KA04+KA30+KI18+KI21
cnn,target,conformal_class_conditional,,,,,0.6200941915227629,1.2794348508634223,2,2038,K004+KI08+KA03,K005+K006+KA04+KA30+KI18+KI21
cnn,combined,raw,0.43956043956043955,0.43975231058838304,0.0,,,,2,2038,K004+KI08+KA03,K005+K006+KA04+KA30+KI18+KI21
cnn,combined,temperature,0.43956043956043955,0.11348470187489179,0.0,,,,2,2038,K004+KI08+KA03,K005+K006+KA04+KA30+KI18+KI21
cnn,combined,isotonic,0.282574568288854,0.30000263930329235,0.1978021978021978,0.373015873015873,,,2,2038,K004+KI08+KA03,K005+K006+KA04+KA30+KI18+KI21
cnn,combined,conformal_marginal,,,,,1.0,2.4850863422291996,2,2038,K004+KI08+KA03,K005+K006+KA04+KA30+KI18+KI21
cnn,combined,conformal_class_conditional,,,,,0.8869701726844584,2.328100470957614,2,2038,K004+KI08+KA03,K005+K006+KA04+KA30+KI18+KI21
cnn,source,raw,0.5368916797488226,0.33906047244505494,0.0,,,,2,2039,K004+KI07+KA03,K005+K006+KA15+KA30+KI16+KI18
cnn,source,temperature,0.5368916797488226,0.1259420990022445,0.0,,,,2,2039,K004+KI07+KA03,K005+K006+KA15+KA30+KI16+KI18
cnn,source,isotonic,0.25117739403453687,0.24620327388950256,0.1271585557299843,0.012345679012345678,,,2,2039,K004+KI07+KA03,K005+K006+KA15+KA30+KI16+KI18
cnn,source,conformal_marginal,,,,,0.8791208791208791,2.2747252747252746,2,2039,K004+KI07+KA03,K005+K006+KA15+KA30+KI16+KI18
cnn,source,conformal_class_conditional,,,,,0.7645211930926217,1.989010989010989,2,2039,K004+KI07+KA03,K005+K006+KA15+KA30+KI16+KI18
cnn,target,raw,0.5368916797488226,0.33906047244505494,0.5070643642072213,0.5046439628482973,,,2,2039,K004+KI07+KA03,K005+K006+KA15+KA30+KI16+KI18
cnn,target,temperature,0.5368916797488226,0.23680509769747668,0.5070643642072213,0.4984520123839009,,,2,2039,K004+KI07+KA03,K005+K006+KA15+KA30+KI16+KI18
cnn,target,isotonic,0.2668759811616955,0.5875569505848603,0.9984301412872841,0.7327044025157232,,,2,2039,K004+KI07+KA03,K005+K006+KA15+KA30+KI16+KI18
cnn,target,conformal_marginal,,,,,0.7456828885400314,1.6248037676609106,2,2039,K004+KI07+KA03,K005+K006+KA15+KA30+KI16+KI18
cnn,target,conformal_class_conditional,,,,,0.36891679748822603,1.2590266875981162,2,2039,K004+KI07+KA03,K005+K006+KA15+KA30+KI16+KI18
cnn,combined,raw,0.5368916797488226,0.33906047244505494,0.28885400313971743,0.4891304347826087,,,2,2039,K004+KI07+KA03,K005+K006+KA15+KA30+KI16+KI18
cnn,combined,temperature,0.5368916797488226,0.13804235381272828,0.3532182103610675,0.4533333333333333,,,2,2039,K004+KI07+KA03,K005+K006+KA15+KA30+KI16+KI18
cnn,combined,isotonic,0.25588697017268447,0.3801821343702925,0.271585557299843,0.16184971098265896,,,2,2039,K004+KI07+KA03,K005+K006+KA15+KA30+KI16+KI18
cnn,combined,conformal_marginal,,,,,0.792778649921507,2.0470957613814758,2,2039,K004+KI07+KA03,K005+K006+KA15+KA30+KI16+KI18
cnn,combined,conformal_class_conditional,,,,,0.5902668759811617,1.6734693877551021,2,2039,K004+KI07+KA03,K005+K006+KA15+KA30+KI16+KI18
cnn,source,raw,0.5501567398119123,0.3851553516586206,0.0,,,,2,2040,K002+KI08+KA05,K005+K006+KA04+KA15+KI17+KI21
cnn,source,temperature,0.5501567398119123,0.07231388761566217,0.0,,,,2,2040,K002+KI08+KA05,K005+K006+KA04+KA15+KI17+KI21
cnn,source,isotonic,0.5360501567398119,0.1760792448198603,0.47962382445141066,0.5228758169934641,,,2,2040,K002+KI08+KA05,K005+K006+KA04+KA15+KI17+KI21
cnn,source,conformal_marginal,,,,,1.0,2.949843260188088,2,2040,K002+KI08+KA05,K005+K006+KA04+KA15+KI17+KI21
cnn,source,conformal_class_conditional,,,,,0.4090909090909091,1.6536050156739812,2,2040,K002+KI08+KA05,K005+K006+KA04+KA15+KI17+KI21
cnn,target,raw,0.5501567398119123,0.3851553516586206,0.4717868338557994,0.46179401993355484,,,2,2040,K002+KI08+KA05,K005+K006+KA04+KA15+KI17+KI21
cnn,target,temperature,0.5501567398119123,0.20943078366979778,0.45454545454545453,0.4517241379310345,,,2,2040,K002+KI08+KA05,K005+K006+KA04+KA15+KI17+KI21
cnn,target,isotonic,0.542319749216301,0.28749245884775576,0.6018808777429467,0.4765625,,,2,2040,K002+KI08+KA05,K005+K006+KA04+KA15+KI17+KI21
cnn,target,conformal_marginal,,,,,0.6865203761755486,1.3730407523510972,2,2040,K002+KI08+KA05,K005+K006+KA04+KA15+KI17+KI21
cnn,target,conformal_class_conditional,,,,,0.64576802507837,1.274294670846395,2,2040,K002+KI08+KA05,K005+K006+KA04+KA15+KI17+KI21
cnn,combined,raw,0.5501567398119123,0.3851553516586206,0.03605015673981191,0.13043478260869565,,,2,2040,K002+KI08+KA05,K005+K006+KA04+KA15+KI17+KI21
cnn,combined,temperature,0.5501567398119123,0.10631193230429455,0.018808777429467086,0.16666666666666666,,,2,2040,K002+KI08+KA05,K005+K006+KA04+KA15+KI17+KI21
cnn,combined,isotonic,0.5266457680250783,0.3011838703325596,0.2413793103448276,0.474025974025974,,,2,2040,K002+KI08+KA05,K005+K006+KA04+KA15+KI17+KI21
cnn,combined,conformal_marginal,,,,,0.9937304075235109,2.727272727272727,2,2040,K002+KI08+KA05,K005+K006+KA04+KA15+KI17+KI21
cnn,combined,conformal_class_conditional,,,,,0.6238244514106583,2.0642633228840124,2,2040,K002+KI08+KA05,K005+K006+KA04+KA15+KI17+KI21
cnn,source,raw,0.44654088050314467,0.37631101066713835,0.0,,,,2,2041,K002+KI05+KA08,K005+K006+KA16+KA22+KI04+KI18
cnn,source,temperature,0.44654088050314467,0.06334727333692644,0.0,,,,2,2041,K002+KI05+KA08,K005+K006+KA16+KA22+KI04+KI18
cnn,source,isotonic,0.4606918238993711,0.3672852187210758,0.8223270440251572,0.6118546845124283,,,2,2041,K002+KI05+KA08,K005+K006+KA16+KA22+KI04+KI18
cnn,source,conformal_marginal,,,,,1.0,2.998427672955975,2,2041,K002+KI05+KA08,K005+K006+KA16+KA22+KI04+KI18
cnn,source,conformal_class_conditional,,,,,0.2562893081761006,1.421383647798742,2,2041,K002+KI05+KA08,K005+K006+KA16+KA22+KI04+KI18
cnn,target,raw,0.44654088050314467,0.37631101066713835,0.0,,,,2,2041,K002+KI05+KA08,K005+K006+KA16+KA22+KI04+KI18
cnn,target,temperature,0.44654088050314467,0.10625557647763689,0.0015723270440251573,0.0,,,2,2041,K002+KI05+KA08,K005+K006+KA16+KA22+KI04+KI18
cnn,target,isotonic,0.5031446540880503,0.13559609126674163,0.30345911949685533,0.5854922279792746,,,2,2041,K002+KI05+KA08,K005+K006+KA16+KA22+KI04+KI18
cnn,target,conformal_marginal,,,,,0.9905660377358491,2.8160377358490565,2,2041,K002+KI05+KA08,K005+K006+KA16+KA22+KI04+KI18
cnn,target,conformal_class_conditional,,,,,0.7735849056603774,1.830188679245283,2,2041,K002+KI05+KA08,K005+K006+KA16+KA22+KI04+KI18
cnn,combined,raw,0.44654088050314467,0.37631101066713835,0.0,,,,2,2041,K002+KI05+KA08,K005+K006+KA16+KA22+KI04+KI18
cnn,combined,temperature,0.44654088050314467,0.06347871305281699,0.0,,,,2,2041,K002+KI05+KA08,K005+K006+KA16+KA22+KI04+KI18
cnn,combined,isotonic,0.5031446540880503,0.1484565514151458,0.06761006289308176,0.06976744186046512,,,2,2041,K002+KI05+KA08,K005+K006+KA16+KA22+KI04+KI18
cnn,combined,conformal_marginal,,,,,1.0,2.990566037735849,2,2041,K002+KI05+KA08,K005+K006+KA16+KA22+KI04+KI18
cnn,combined,conformal_class_conditional,,,,,0.7610062893081762,2.602201257861635,2,2041,K002+KI05+KA08,K005+K006+KA16+KA22+KI04+KI18
cnn,source,raw,0.46153846153846156,0.3548852148163266,0.45682888540031397,0.4054982817869416,,,2,2042,K004+KI01+KA07,K005+K006+KA04+KA15+KI14+KI17
cnn,source,temperature,0.46153846153846156,0.2525983871422944,0.4065934065934066,0.3667953667953668,,,2,2042,K004+KI01+KA07,K005+K006+KA04+KA15+KI14+KI17
cnn,source,isotonic,0.5133437990580848,0.25628036774360574,0.8116169544740973,0.46808510638297873,,,2,2042,K004+KI01+KA07,K005+K006+KA04+KA15+KI14+KI17
cnn,source,conformal_marginal,,,,,0.9764521193092621,2.1664050235478807,2,2042,K004+KI01+KA07,K005+K006+KA04+KA15+KI14+KI17
cnn,source,conformal_class_conditional,,,,,0.5007849293563579,1.3218210361067504,2,2042,K004+KI01+KA07,K005+K006+KA04+KA15+KI14+KI17
cnn,target,raw,0.46153846153846156,0.3548852148163266,0.0,,,,2,2042,K004+KI01+KA07,K005+K006+KA04+KA15+KI14+KI17
cnn,target,temperature,0.46153846153846156,0.1990396672907854,0.0,,,,2,2042,K004+KI01+KA07,K005+K006+KA04+KA15+KI14+KI17
cnn,target,isotonic,0.4207221350078493,0.21887752401410843,0.24803767660910517,0.10126582278481013,,,2,2042,K004+KI01+KA07,K005+K006+KA04+KA15+KI14+KI17
cnn,target,conformal_marginal,,,,,0.9937205651491365,2.279434850863422,2,2042,K004+KI01+KA07,K005+K006+KA04+KA15+KI14+KI17
cnn,target,conformal_class_conditional,,,,,0.880690737833595,2.3485086342229198,2,2042,K004+KI01+KA07,K005+K006+KA04+KA15+KI14+KI17
cnn,combined,raw,0.46153846153846156,0.3548852148163266,0.0,,,,2,2042,K004+KI01+KA07,K005+K006+KA04+KA15+KI14+KI17
cnn,combined,temperature,0.46153846153846156,0.2126715041620948,0.24175824175824176,0.0,,,2,2042,K004+KI01+KA07,K005+K006+KA04+KA15+KI14+KI17
cnn,combined,isotonic,0.5557299843014128,0.125471849260085,0.2260596546310832,0.0,,,2,2042,K004+KI01+KA07,K005+K006+KA04+KA15+KI14+KI17
cnn,combined,conformal_marginal,,,,,0.9795918367346939,2.196232339089482,2,2042,K004+KI01+KA07,K005+K006+KA04+KA15+KI14+KI17
cnn,combined,conformal_class_conditional,,,,,0.8351648351648352,2.260596546310832,2,2042,K004+KI01+KA07,K005+K006+KA04+KA15+KI14+KI17
cnn,source,raw,0.24489795918367346,0.6894138032392465,0.0,,,,2,2043,K002+KI03+KA05,K003+K006+KA15+KA22+KI14+KI17
cnn,source,temperature,0.24489795918367346,0.15387791213701413,0.0,,,,2,2043,K002+KI03+KA05,K003+K006+KA15+KA22+KI14+KI17
cnn,source,isotonic,0.2543171114599686,0.19474120244726284,0.24489795918367346,0.5576923076923077,,,2,2043,K002+KI03+KA05,K003+K006+KA15+KA22+KI14+KI17
cnn,source,conformal_marginal,,,,,1.0,2.9733124018838306,2,2043,K002+KI03+KA05,K003+K006+KA15+KA22+KI14+KI17
cnn,source,conformal_class_conditional,,,,,0.7001569858712716,2.437990580847724,2,2043,K002+KI03+KA05,K003+K006+KA15+KA22+KI14+KI17
cnn,target,raw,0.24489795918367346,0.6894138032392465,0.0,,,,2,2043,K002+KI03+KA05,K003+K006+KA15+KA22+KI14+KI17
cnn,target,temperature,0.24489795918367346,0.43569720661607153,0.0,,,,2,2043,K002+KI03+KA05,K003+K006+KA15+KA22+KI14+KI17
cnn,target,isotonic,0.20251177394034536,0.6563241200653742,0.42857142857142855,0.8754578754578755,,,2,2043,K002+KI03+KA05,K003+K006+KA15+KA22+KI14+KI17
cnn,target,conformal_marginal,,,,,0.9827315541601256,2.866562009419152,2,2043,K002+KI03+KA05,K003+K006+KA15+KA22+KI14+KI17
cnn,target,conformal_class_conditional,,,,,0.49921507064364207,1.5227629513343799,2,2043,K002+KI03+KA05,K003+K006+KA15+KA22+KI14+KI17
cnn,combined,raw,0.24489795918367346,0.6894138032392465,0.0,,,,2,2043,K002+KI03+KA05,K003+K006+KA15+KA22+KI14+KI17
cnn,combined,temperature,0.24489795918367346,0.25047444185692097,0.0,,,,2,2043,K002+KI03+KA05,K003+K006+KA15+KA22+KI14+KI17
cnn,combined,isotonic,0.20408163265306123,0.4036866697294123,0.004709576138147566,1.0,,,2,2043,K002+KI03+KA05,K003+K006+KA15+KA22+KI14+KI17
cnn,combined,conformal_marginal,,,,,0.9952904238618524,2.956043956043956,2,2043,K002+KI03+KA05,K003+K006+KA15+KA22+KI14+KI17
cnn,combined,conformal_class_conditional,,,,,0.989010989010989,2.9607535321821037,2,2043,K002+KI03+KA05,K003+K006+KA15+KA22+KI14+KI17
cnn,source,raw,0.41849529780564265,0.48960484123620696,0.0,,,,2,2044,K002+KI03+KA08,K003+K005+KA16+KA30+KI18+KI21
cnn,source,temperature,0.41849529780564265,0.13772412286642638,0.0,,,,2,2044,K002+KI03+KA08,K003+K005+KA16+KA30+KI18+KI21
cnn,source,isotonic,0.2476489028213166,0.2058273344414024,0.45141065830721006,0.7222222222222222,,,2,2044,K002+KI03+KA08,K003+K005+KA16+KA30+KI18+KI21
cnn,source,conformal_marginal,,,,,0.9702194357366771,2.6912225705329154,2,2044,K002+KI03+KA08,K003+K005+KA16+KA30+KI18+KI21
cnn,source,conformal_class_conditional,,,,,0.6990595611285266,2.175548589341693,2,2044,K002+KI03+KA08,K003+K005+KA16+KA30+KI18+KI21
cnn,target,raw,0.41849529780564265,0.48960484123620696,0.0,,,,2,2044,K002+KI03+KA08,K003+K005+KA16+KA30+KI18+KI21
cnn,target,temperature,0.41849529780564265,0.2341563563905271,0.0,,,,2,2044,K002+KI03+KA08,K003+K005+KA16+KA30+KI18+KI21
cnn,target,isotonic,0.18025078369905956,0.5938473159730073,0.47492163009404387,0.735973597359736,,,2,2044,K002+KI03+KA08,K003+K005+KA16+KA30+KI18+KI21
cnn,target,conformal_marginal,,,,,0.9357366771159875,2.6128526645768027,2,2044,K002+KI03+KA08,K003+K005+KA16+KA30+KI18+KI21
cnn,target,conformal_class_conditional,,,,,0.7492163009404389,1.7398119122257054,2,2044,K002+KI03+KA08,K003+K005+KA16+KA30+KI18+KI21
cnn,combined,raw,0.41849529780564265,0.48960484123620696,0.0,,,,2,2044,K002+KI03+KA08,K003+K005+KA16+KA30+KI18+KI21
cnn,combined,temperature,0.41849529780564265,0.17969311548809724,0.0,,,,2,2044,K002+KI03+KA08,K003+K005+KA16+KA30+KI18+KI21
cnn,combined,isotonic,0.21786833855799373,0.4236549202241989,0.23197492163009403,0.4594594594594595,,,2,2044,K002+KI03+KA08,K003+K005+KA16+KA30+KI18+KI21
cnn,combined,conformal_marginal,,,,,0.9498432601880877,2.6442006269592477,2,2044,K002+KI03+KA08,K003+K005+KA16+KA30+KI18+KI21
cnn,combined,conformal_class_conditional,,,,,0.7492163009404389,2.335423197492163,2,2044,K002+KI03+KA08,K003+K005+KA16+KA30+KI18+KI21
cnn,source,raw,0.533751962323391,0.36020224163893255,0.25902668759811615,0.5272727272727272,,,2,2045,K001+KI01+KA05,K003+K006+KA16+KA22+KI16+KI17
cnn,source,temperature,0.533751962323391,0.14839977001722773,0.3092621664050236,0.5685279187817259,,,2,2045,K001+KI01+KA05,K003+K006+KA16+KA22+KI16+KI17
cnn,source,isotonic,0.5416012558869702,0.3665066036166039,0.7880690737833596,0.4641434262948207,,,2,2045,K001+KI01+KA05,K003+K006+KA16+KA22+KI16+KI17
cnn,source,conformal_marginal,,,,,0.8508634222919937,1.869701726844584,2,2045,K001+KI01+KA05,K003+K006+KA16+KA22+KI16+KI17
cnn,source,conformal_class_conditional,,,,,0.3029827315541601,0.8383045525902669,2,2045,K001+KI01+KA05,K003+K006+KA16+KA22+KI16+KI17
cnn,target,raw,0.533751962323391,0.36020224163893255,0.0,,,,2,2045,K001+KI01+KA05,K003+K006+KA16+KA22+KI16+KI17
cnn,target,temperature,0.533751962323391,0.13767854789862224,0.0,,,,2,2045,K001+KI01+KA05,K003+K006+KA16+KA22+KI16+KI17
cnn,target,isotonic,0.6263736263736264,0.16308602339713757,0.6875981161695447,0.3721461187214612,,,2,2045,K001+KI01+KA05,K003+K006+KA16+KA22+KI16+KI17
cnn,target,conformal_marginal,,,,,0.8775510204081632,2.098901098901099,2,2045,K001+KI01+KA05,K003+K006+KA16+KA22+KI16+KI17
cnn,target,conformal_class_conditional,,,,,0.750392464678179,1.7708006279434851,2,2045,K001+KI01+KA05,K003+K006+KA16+KA22+KI16+KI17
cnn,combined,raw,0.533751962323391,0.36020224163893255,0.25902668759811615,0.5272727272727272,,,2,2045,K001+KI01+KA05,K003+K006+KA16+KA22+KI16+KI17
cnn,combined,temperature,0.533751962323391,0.13767860527601483,0.3281004709576138,0.5933014354066986,,,2,2045,K001+KI01+KA05,K003+K006+KA16+KA22+KI16+KI17
cnn,combined,isotonic,0.5274725274725275,0.42109821436001127,0.3814756671899529,0.6460905349794238,,,2,2045,K001+KI01+KA05,K003+K006+KA16+KA22+KI16+KI17
cnn,combined,conformal_marginal,,,,,0.8665620094191523,1.9811616954474098,2,2045,K001+KI01+KA05,K003+K006+KA16+KA22+KI16+KI17
cnn,combined,conformal_class_conditional,,,,,0.750392464678179,1.7990580847723705,2,2045,K001+KI01+KA05,K003+K006+KA16+KA22+KI16+KI17
cnn,source,raw,0.34850863422291994,0.5088368372483517,0.7048665620094191,0.6904231625835189,,,2,2046,K001+KI07+KA08,K003+K005+KA15+KA30+KI04+KI14
cnn,source,temperature,0.34850863422291994,0.47259788906203315,0.7488226059654631,0.6939203354297694,,,2,2046,K001+KI07+KA08,K003+K005+KA15+KA30+KI04+KI14
cnn,source,isotonic,0.315541601255887,0.6183695757320078,0.9638932496075353,0.6856677524429967,,,2,2046,K001+KI07+KA08,K003+K005+KA15+KA30+KI04+KI14
cnn,source,conformal_marginal,,,,,0.5588697017268446,1.3987441130298273,2,2046,K001+KI07+KA08,K003+K005+KA15+KA30+KI04+KI14
cnn,source,conformal_class_conditional,,,,,0.3563579277864992,1.0392464678178963,2,2046,K001+KI07+KA08,K003+K005+KA15+KA30+KI04+KI14
cnn,target,raw,0.34850863422291994,0.5088368372483517,0.0,,,,2,2046,K001+KI07+KA08,K003+K005+KA15+KA30+KI04+KI14
cnn,target,temperature,0.34850863422291994,0.36851239153070803,0.0,,,,2,2046,K001+KI07+KA08,K003+K005+KA15+KA30+KI04+KI14
cnn,target,isotonic,0.3814756671899529,0.46532662924460855,0.3532182103610675,0.5955555555555555,,,2,2046,K001+KI07+KA08,K003+K005+KA15+KA30+KI04+KI14
cnn,target,conformal_marginal,,,,,0.6813186813186813,1.8069073783359497,2,2046,K001+KI07+KA08,K003+K005+KA15+KA30+KI04+KI14
cnn,target,conformal_class_conditional,,,,,0.5102040816326531,1.4207221350078494,2,2046,K001+KI07+KA08,K003+K005+KA15+KA30+KI04+KI14
cnn,combined,raw,0.34850863422291994,0.5088368372483517,0.19309262166405022,0.6666666666666666,,,2,2046,K001+KI07+KA08,K003+K005+KA15+KA30+KI04+KI14
cnn,combined,temperature,0.34850863422291994,0.4060385344554698,0.0,,,,2,2046,K001+KI07+KA08,K003+K005+KA15+KA30+KI04+KI14
cnn,combined,isotonic,0.304552590266876,0.5411593698858886,0.5824175824175825,0.77088948787062,,,2,2046,K001+KI07+KA08,K003+K005+KA15+KA30+KI04+KI14
cnn,combined,conformal_marginal,,,,,0.6546310832025117,1.708006279434851,2,2046,K001+KI07+KA08,K003+K005+KA15+KA30+KI04+KI14
cnn,combined,conformal_class_conditional,,,,,0.5023547880690737,1.4599686028257457,2,2046,K001+KI07+KA08,K003+K005+KA15+KA30+KI04+KI14
cnn,source,raw,0.24489795918367346,0.6738307102855574,0.5934065934065934,0.8042328042328042,,,2,2047,K001+KI08+KA09,K003+K005+KA15+KA16+KI16+KI18
cnn,source,temperature,0.24489795918367346,0.15920332456862818,0.6075353218210361,0.8010335917312662,,,2,2047,K001+KI08+KA09,K003+K005+KA15+KA16+KI16+KI18
cnn,source,isotonic,0.31711145996860285,0.4882373835167059,0.7488226059654631,0.6624737945492662,,,2,2047,K001+KI08+KA09,K003+K005+KA15+KA16+KI16+KI18
cnn,source,conformal_marginal,,,,,0.7864992150706437,2.0,2,2047,K001+KI08+KA09,K003+K005+KA15+KA16+KI16+KI18
cnn,source,conformal_class_conditional,,,,,0.5447409733124019,1.3987441130298273,2,2047,K001+KI08+KA09,K003+K005+KA15+KA16+KI16+KI18
cnn,target,raw,0.24489795918367346,0.6738307102855574,0.02197802197802198,0.5,,,2,2047,K001+KI08+KA09,K003+K005+KA15+KA16+KI16+KI18
cnn,target,temperature,0.24489795918367346,0.35416145215018596,0.04709576138147567,0.4,,,2,2047,K001+KI08+KA09,K003+K005+KA15+KA16+KI16+KI18
cnn,target,isotonic,0.2370486656200942,0.48254125334936404,0.16169544740973313,1.0,,,2,2047,K001+KI08+KA09,K003+K005+KA15+KA16+KI16+KI18
cnn,target,conformal_marginal,,,,,0.8963893249607535,2.2574568288854002,2,2047,K001+KI08+KA09,K003+K005+KA15+KA16+KI16+KI18
cnn,target,conformal_class_conditional,,,,,0.7786499215070644,1.7456828885400315,2,2047,K001+KI08+KA09,K003+K005+KA15+KA16+KI16+KI18
cnn,combined,raw,0.24489795918367346,0.6738307102855574,0.02197802197802198,0.5,,,2,2047,K001+KI08+KA09,K003+K005+KA15+KA16+KI16+KI18
cnn,combined,temperature,0.24489795918367346,0.30640107600032135,0.04866562009419152,0.41935483870967744,,,2,2047,K001+KI08+KA09,K003+K005+KA15+KA16+KI16+KI18
cnn,combined,isotonic,0.27629513343799056,0.3955440096163789,0.13657770800627944,1.0,,,2,2047,K001+KI08+KA09,K003+K005+KA15+KA16+KI16+KI18
cnn,combined,conformal_marginal,,,,,0.8602825745682888,2.1271585557299844,2,2047,K001+KI08+KA09,K003+K005+KA15+KA16+KI16+KI18
cnn,combined,conformal_class_conditional,,,,,0.783359497645212,1.860282574568289,2,2047,K001+KI08+KA09,K003+K005+KA15+KA16+KI16+KI18
cnn,source,raw,0.2794348508634223,0.4759421349370487,0.0,,,,2,2048,K004+KI07+KA08,K005+K006+KA16+KA30+KI14+KI18
cnn,source,temperature,0.2794348508634223,0.23696169422694008,0.0,,,,2,2048,K004+KI07+KA08,K005+K006+KA16+KA30+KI14+KI18
cnn,source,isotonic,0.3453689167974882,0.32402391231166444,0.4065934065934066,0.61003861003861,,,2,2048,K004+KI07+KA08,K005+K006+KA16+KA30+KI14+KI18
cnn,source,conformal_marginal,,,,,1.0,2.6766091051805336,2,2048,K004+KI07+KA08,K005+K006+KA16+KA30+KI14+KI18
cnn,source,conformal_class_conditional,,,,,0.2150706436420722,1.403453689167975,2,2048,K004+KI07+KA08,K005+K006+KA16+KA30+KI14+KI18
cnn,target,raw,0.2794348508634223,0.4759421349370487,0.11930926216640503,0.0,,,2,2048,K004+KI07+KA08,K005+K006+KA16+KA30+KI14+KI18
cnn,target,temperature,0.2794348508634223,0.28561929107944656,0.06907378335949764,0.0,,,2,2048,K004+KI07+KA08,K005+K006+KA16+KA30+KI14+KI18
cnn,target,isotonic,0.3328100470957614,0.4707986084355683,0.6546310832025117,0.5347721822541966,,,2,2048,K004+KI07+KA08,K005+K006+KA16+KA30+KI14+KI18
cnn,target,conformal_marginal,,,,,1.0,2.270015698587127,2,2048,K004+KI07+KA08,K005+K006+KA16+KA30+KI14+KI18
cnn,target,conformal_class_conditional,,,,,0.5007849293563579,1.34850863422292,2,2048,K004+KI07+KA08,K005+K006+KA16+KA30+KI14+KI18
cnn,combined,raw,0.2794348508634223,0.4759421349370487,0.07221350078492936,0.0,,,2,2048,K004+KI07+KA08,K005+K006+KA16+KA30+KI14+KI18
cnn,combined,temperature,0.2794348508634223,0.27209565281107106,0.06593406593406594,0.0,,,2,2048,K004+KI07+KA08,K005+K006+KA16+KA30+KI14+KI18
cnn,combined,isotonic,0.2778649921507064,0.3446083811029722,0.12558869701726844,0.0,,,2,2048,K004+KI07+KA08,K005+K006+KA16+KA30+KI14+KI18
cnn,combined,conformal_marginal,,,,,1.0,2.437990580847724,2,2048,K004+KI07+KA08,K005+K006+KA16+KA30+KI14+KI18
cnn,combined,conformal_class_conditional,,,,,0.5290423861852434,2.0376766091051803,2,2048,K004+KI07+KA08,K005+K006+KA16+KA30+KI14+KI18
cnn,source,raw,0.20911949685534592,0.637738603236478,0.0,,,,2,2049,K001+KI03+KA06,K003+K005+KA04+KA15+KI14+KI16
cnn,source,temperature,0.20911949685534592,0.3473274729566693,0.0,,,,2,2049,K001+KI03+KA06,K003+K005+KA04+KA15+KI14+KI16
cnn,source,isotonic,0.26572327044025157,0.4541689472164875,0.5141509433962265,0.6422018348623854,,,2,2049,K001+KI03+KA06,K003+K005+KA04+KA15+KI14+KI16
cnn,source,conformal_marginal,,,,,0.8836477987421384,2.0723270440251573,2,2049,K001+KI03+KA06,K003+K005+KA04+KA15+KI14+KI16
cnn,source,conformal_class_conditional,,,,,0.4748427672955975,1.3474842767295598,2,2049,K001+KI03+KA06,K003+K005+KA04+KA15+KI14+KI16
cnn,target,raw,0.20911949685534592,0.637738603236478,0.2641509433962264,0.5238095238095238,,,2,2049,K001+KI03+KA06,K003+K005+KA04+KA15+KI14+KI16
cnn,target,temperature,0.20911949685534592,0.46530956427024245,0.2389937106918239,0.47368421052631576,,,2,2049,K001+KI03+KA06,K003+K005+KA04+KA15+KI14+KI16
cnn,target,isotonic,0.470125786163522,0.3883927470076331,0.4056603773584906,0.689922480620155,,,2,2049,K001+KI03+KA06,K003+K005+KA04+KA15+KI14+KI16
cnn,target,conformal_marginal,,,,,0.5864779874213837,1.5864779874213837,2,2049,K001+KI03+KA06,K003+K005+KA04+KA15+KI14+KI16
cnn,target,conformal_class_conditional,,,,,0.4921383647798742,1.4449685534591195,2,2049,K001+KI03+KA06,K003+K005+KA04+KA15+KI14+KI16
cnn,combined,raw,0.20911949685534592,0.637738603236478,0.1871069182389937,0.3277310924369748,,,2,2049,K001+KI03+KA06,K003+K005+KA04+KA15+KI14+KI16
cnn,combined,temperature,0.20911949685534592,0.40642316973256404,0.18238993710691823,0.3103448275862069,,,2,2049,K001+KI03+KA06,K003+K005+KA04+KA15+KI14+KI16
cnn,combined,isotonic,0.4606918238993711,0.2710250557990505,0.300314465408805,0.5130890052356021,,,2,2049,K001+KI03+KA06,K003+K005+KA04+KA15+KI14+KI16
cnn,combined,conformal_marginal,,,,,0.7987421383647799,1.8113207547169812,2,2049,K001+KI03+KA06,K003+K005+KA04+KA15+KI14+KI16
cnn,combined,conformal_class_conditional,,,,,0.7248427672955975,1.7232704402515724,2,2049,K001+KI03+KA06,K003+K005+KA04+KA15+KI14+KI16
