model,calibration_set,calibration,accuracy,ece,auto_rate@5%,auto_error@5%,coverage,mean_set_size,n_per_class,seed,source_calib,real_calib
cnn_adabn,source,raw,0.5917901938426454,0.23903488033181303,0.669327251995439,0.42248722316865417,,,1,1000,K001+KI07+KA01,K003+KA30+KI17
cnn_adabn,source,temperature,0.5917901938426454,0.2542182302538061,0.7103762827822121,0.41412520064205455,,,1,1000,K001+KI07+KA01,K003+KA30+KI17
cnn_adabn,source,isotonic,0.3979475484606613,0.4984070710423303,0.9794754846066135,0.5948777648428405,,,1,1000,K001+KI07+KA01,K003+KA30+KI17
cnn_adabn,source,conformal_marginal,,,,,0.645381984036488,1.3683010262257698,1,1000,K001+KI07+KA01,K003+KA30+KI17
cnn_adabn,source,conformal_class_conditional,,,,,0.41961231470923605,1.041049030786773,1,1000,K001+KI07+KA01,K003+KA30+KI17
cnn_adabn,target,raw,0.5917901938426454,0.23903488033181303,0.24743443557582667,0.631336405529954,,,1,1000,K001+KI07+KA01,K003+KA30+KI17
cnn_adabn,target,temperature,0.5917901938426454,0.2918205537610245,0.24857468643101482,0.6330275229357798,,,1,1000,K001+KI07+KA01,K003+KA30+KI17
cnn_adabn,target,isotonic,0.4526795895096921,0.43864297689262155,0.8574686431014823,0.5545212765957447,,,1,1000,K001+KI07+KA01,K003+KA30+KI17
cnn_adabn,target,conformal_marginal,,,,,0.758266818700114,2.2200684150513115,1,1000,K001+KI07+KA01,K003+KA30+KI17
cnn_adabn,target,conformal_class_conditional,,,,,0.39680729760547323,1.1242873432155074,1,1000,K001+KI07+KA01,K003+KA30+KI17
cnn_adabn,combined,raw,0.5917901938426454,0.23903488033181303,0.25655644241733183,0.6444444444444445,,,1,1000,K001+KI07+KA01,K003+KA30+KI17
cnn_adabn,combined,temperature,0.5917901938426454,0.2902099031861899,0.2633979475484607,0.6536796536796536,,,1,1000,K001+KI07+KA01,K003+KA30+KI17
cnn_adabn,combined,isotonic,0.3660205245153934,0.5449009077604746,0.9669327251995439,0.6273584905660378,,,1,1000,K001+KI07+KA01,K003+KA30+KI17
cnn_adabn,combined,conformal_marginal,,,,,0.7366020524515393,1.9646522234891677,1,1000,K001+KI07+KA01,K003+KA30+KI17
cnn_adabn,combined,conformal_class_conditional,,,,,0.42873432155074115,1.2041049030786772,1,1000,K001+KI07+KA01,K003+KA30+KI17
cnn_adabn,source,raw,0.5051311288483467,0.31417685260399086,0.0,,,,1,1001,K004+KI07+KA06,K006+KA30+KI17
cnn_adabn,source,temperature,0.5051311288483467,0.09609445426788545,0.0,,,,1,1001,K004+KI07+KA06,K006+KA30+KI17
cnn_adabn,source,isotonic,0.4264538198403649,0.2959605153706035,0.7468643101482326,0.5236641221374045,,,1,1001,K004+KI07+KA06,K006+KA30+KI17
cnn_adabn,source,conformal_marginal,,,,,1.0,2.588369441277081,1,1001,K004+KI07+KA06,K006+KA30+KI17
cnn_adabn,source,conformal_class_conditional,,,,,0.3751425313568985,1.273660205245154,1,1001,K004+KI07+KA06,K006+KA30+KI17
cnn_adabn,target,raw,0.5051311288483467,0.31417685260399086,0.0,,,,1,1001,K004+KI07+KA06,K006+KA30+KI17
cnn_adabn,target,temperature,0.5051311288483467,0.09782127057827376,0.0,,,,1,1001,K004+KI07+KA06,K006+KA30+KI17
cnn_adabn,target,isotonic,0.5313568985176739,0.1450840619588117,0.3055872291904219,0.13432835820895522,,,1,1001,K004+KI07+KA06,K006+KA30+KI17
cnn_adabn,target,conformal_marginal,,,,,1.0,2.5062713797035348,1,1001,K004+KI07+KA06,K006+KA30+KI17
cnn_adabn,target,conformal_class_conditional,,,,,0.6784492588369442,1.3968072976054733,1,1001,K004+KI07+KA06,K006+KA30+KI17
cnn_adabn,combined,raw,0.5051311288483467,0.31417685260399086,0.0,,,,1,1001,K004+KI07+KA06,K006+KA30+KI17
cnn_adabn,combined,temperature,0.5051311288483467,0.09030614743821301,0.0,,,,1,1001,K004+KI07+KA06,K006+KA30+KI17
cnn_adabn,combined,isotonic,0.5222348916761688,0.16320916303168026,0.4184720638540479,0.28610354223433243,,,1,1001,K004+KI07+KA06,K006+KA30+KI17
cnn_adabn,combined,conformal_marginal,,,,,1.0,2.549600912200684,1,1001,K004+KI07+KA06,K006+KA30+KI17
cnn_adabn,combined,conformal_class_conditional,,,,,0.758266818700114,2.143671607753706,1,1001,K004+KI07+KA06,K006+KA30+KI17
cnn_adabn,source,raw,0.6342857142857142,0.2990147705779429,0.26857142857142857,0.04680851063829787,,,1,1002,K002+KI08+KA01,K005+KA22+KI16
cnn_adabn,source,temperature,0.6342857142857142,0.186662617904416,0.2662857142857143,0.030042918454935622,,,1,1002,K002+KI08+KA01,K005+KA22+KI16
cnn_adabn,source,isotonic,0.42742857142857144,0.23420788252924032,0.09828571428571428,0.0,,,1,1002,K002+KI08+KA01,K005+KA22+KI16
cnn_adabn,source,conformal_marginal,,,,,0.9988571428571429,2.4891428571428573,1,1002,K002+KI08+KA01,K005+KA22+KI16
cnn_adabn,source,conformal_class_conditional,,,,,0.2822857142857143,1.038857142857143,1,1002,K002+KI08+KA01,K005+KA22+KI16
cnn_adabn,target,raw,0.6342857142857142,0.2990147705779429,0.0,,,,1,1002,K002+KI08+KA01,K005+KA22+KI16
cnn_adabn,target,temperature,0.6342857142857142,0.22485656481958408,0.0,,,,1,1002,K002+KI08+KA01,K005+KA22+KI16
cnn_adabn,target,isotonic,0.5942857142857143,0.08858167557514185,0.18285714285714286,0.0,,,1,1002,K002+KI08+KA01,K005+KA22+KI16
cnn_adabn,target,conformal_marginal,,,,,0.9862857142857143,2.4114285714285715,1,1002,K002+KI08+KA01,K005+KA22+KI16
cnn_adabn,target,conformal_class_conditional,,,,,1.0,1.7325714285714287,1,1002,K002+KI08+KA01,K005+KA22+KI16
cnn_adabn,combined,raw,0.6342857142857142,0.2990147705779429,0.20342857142857143,0.0,,,1,1002,K002+KI08+KA01,K005+KA22+KI16
cnn_adabn,combined,temperature,0.6342857142857142,0.26059017772239157,0.224,0.0,,,1,1002,K002+KI08+KA01,K005+KA22+KI16
cnn_adabn,combined,isotonic,0.5668571428571428,0.07667807937425655,0.0,,,,1,1002,K002+KI08+KA01,K005+KA22+KI16
cnn_adabn,combined,conformal_marginal,,,,,0.9954285714285714,2.458285714285714,1,1002,K002+KI08+KA01,K005+KA22+KI16
cnn_adabn,combined,conformal_class_conditional,,,,,0.9862857142857143,2.4491428571428573,1,1002,K002+KI08+KA01,K005+KA22+KI16
cnn_adabn,source,raw,0.363013698630137,0.5843160763916667,0.3424657534246575,0.5366666666666666,,,1,1003,K001+KI08+KA06,K003+KA16+KI14
cnn_adabn,source,temperature,0.363013698630137,0.1268438832117344,0.3687214611872146,0.5108359133126935,,,1,1003,K001+KI08+KA06,K003+KA16+KI14
cnn_adabn,source,isotonic,0.3059360730593607,0.48400031899310736,0.5605022831050228,0.5763747454175153,,,1,1003,K001+KI08+KA06,K003+KA16+KI14
cnn_adabn,source,conformal_marginal,,,,,0.7351598173515982,1.797945205479452,1,1003,K001+KI08+KA06,K003+KA16+KI14
cnn_adabn,source,conformal_class_conditional,,,,,0.4098173515981735,1.4315068493150684,1,1003,K001+KI08+KA06,K003+KA16+KI14
cnn_adabn,target,raw,0.363013698630137,0.5843160763916667,0.0,,,,1,1003,K001+KI08+KA06,K003+KA16+KI14
cnn_adabn,target,temperature,0.363013698630137,0.3759626004714584,0.0,,,,1,1003,K001+KI08+KA06,K003+KA16+KI14
cnn_adabn,target,isotonic,0.365296803652968,0.5407208380554738,0.7271689497716894,0.6059654631083202,,,1,1003,K001+KI08+KA06,K003+KA16+KI14
cnn_adabn,target,conformal_marginal,,,,,0.6278538812785388,1.4783105022831051,1,1003,K001+KI08+KA06,K003+KA16+KI14
cnn_adabn,target,conformal_class_conditional,,,,,0.523972602739726,1.1598173515981736,1,1003,K001+KI08+KA06,K003+KA16+KI14
cnn_adabn,combined,raw,0.363013698630137,0.5843160763916667,0.3424657534246575,0.5366666666666666,,,1,1003,K001+KI08+KA06,K003+KA16+KI14
cnn_adabn,combined,temperature,0.363013698630137,0.223305900513383,0.3641552511415525,0.5141065830721003,,,1,1003,K001+KI08+KA06,K003+KA16+KI14
cnn_adabn,combined,isotonic,0.3139269406392694,0.46934412659630376,0.5810502283105022,0.5599214145383105,,,1,1003,K001+KI08+KA06,K003+KA16+KI14
cnn_adabn,combined,conformal_marginal,,,,,0.6940639269406392,1.6666666666666667,1,1003,K001+KI08+KA06,K003+KA16+KI14
cnn_adabn,combined,conformal_class_conditional,,,,,0.6232876712328768,1.6255707762557077,1,1003,K001+KI08+KA06,K003+KA16+KI14
cnn_adabn,source,raw,0.4857142857142857,0.3685487351673143,0.4845714285714286,0.3419811320754717,,,1,1004,K004+KI01+KA09,K006+KA04+KI04
cnn_adabn,source,temperature,0.4857142857142857,0.17902904975310105,0.4582857142857143,0.3341645885286783,,,1,1004,K004+KI01+KA09,K006+KA04+KI04
cnn_adabn,source,isotonic,0.3977142857142857,0.39276181125367954,0.9874285714285714,0.5983796296296297,,,1,1004,K004+KI01+KA09,K006+KA04+KI04
cnn_adabn,source,conformal_marginal,,,,,0.9542857142857143,2.3931428571428572,1,1004,K004+KI01+KA09,K006+KA04+KI04
cnn_adabn,source,conformal_class_conditional,,,,,0.4685714285714286,1.4422857142857144,1,1004,K004+KI01+KA09,K006+KA04+KI04
cnn_adabn,target,raw,0.4857142857142857,0.3685487351673143,0.0,,,,1,1004,K004+KI01+KA09,K006+KA04+KI04
cnn_adabn,target,temperature,0.4857142857142857,0.14881266502622142,0.0,,,,1,1004,K004+KI01+KA09,K006+KA04+KI04
cnn_adabn,target,isotonic,0.5588571428571428,0.16729784514173388,0.2948571428571429,0.07751937984496124,,,1,1004,K004+KI01+KA09,K006+KA04+KI04
cnn_adabn,target,conformal_marginal,,,,,0.9931428571428571,2.681142857142857,1,1004,K004+KI01+KA09,K006+KA04+KI04
cnn_adabn,target,conformal_class_conditional,,,,,0.7382857142857143,1.5177142857142858,1,1004,K004+KI01+KA09,K006+KA04+KI04
cnn_adabn,combined,raw,0.4857142857142857,0.3685487351673143,0.0,,,,1,1004,K004+KI01+KA09,K006+KA04+KI04
cnn_adabn,combined,temperature,0.4857142857142857,0.198248077944677,0.0,,,,1,1004,K004+KI01+KA09,K006+KA04+KI04
cnn_adabn,combined,isotonic,0.5005714285714286,0.07380176785856785,0.13714285714285715,0.0,,,1,1004,K004+KI01+KA09,K006+KA04+KI04
cnn_adabn,combined,conformal_marginal,,,,,0.9657142857142857,2.498285714285714,1,1004,K004+KI01+KA09,K006+KA04+KI04
cnn_adabn,combined,conformal_class_conditional,,,,,0.8251428571428572,2.145142857142857,1,1004,K004+KI01+KA09,K006+KA04+KI04
cnn_adabn,source,raw,0.54337899543379,0.44380658888299096,0.0,,,,1,1005,K002+KI03+KA06,K005+KA30+KI04
cnn_adabn,source,temperature,0.54337899543379,0.12435548269909619,0.0,,,,1,1005,K002+KI03+KA06,K005+KA30+KI04
cnn_adabn,source,isotonic,0.4315068493150685,0.036199465138572764,0.3493150684931507,0.477124183006536,,,1,1005,K002+KI03+KA06,K005+KA30+KI04
cnn_adabn,source,conformal_marginal,,,,,0.884703196347032,2.4315068493150687,1,1005,K002+KI03+KA06,K005+KA30+KI04
cnn_adabn,source,conformal_class_conditional,,,,,0.6986301369863014,2.078767123287671,1,1005,K002+KI03+KA06,K005+KA30+KI04
cnn_adabn,target,raw,0.54337899543379,0.44380658888299096,0.0,,,,1,1005,K002+KI03+KA06,K005+KA30+KI04
cnn_adabn,target,temperature,0.54337899543379,0.12435540844068182,0.0,,,,1,1005,K002+KI03+KA06,K005+KA30+KI04
cnn_adabn,target,isotonic,0.3276255707762557,0.3154656030099677,0.4509132420091324,0.5949367088607594,,,1,1005,K002+KI03+KA06,K005+KA30+KI04
cnn_adabn,target,conformal_marginal,,,,,0.8310502283105022,2.2705479452054793,1,1005,K002+KI03+KA06,K005+KA30+KI04
cnn_adabn,target,conformal_class_conditional,,,,,0.7454337899543378,1.788812785388128,1,1005,K002+KI03+KA06,K005+KA30+KI04
cnn_adabn,combined,raw,0.54337899543379,0.44380658888299096,0.0,,,,1,1005,K002+KI03+KA06,K005+KA30+KI04
cnn_adabn,combined,temperature,0.54337899543379,0.124355500577687,0.0,,,,1,1005,K002+KI03+KA06,K005+KA30+KI04
cnn_adabn,combined,isotonic,0.4098173515981735,0.09863527238534665,0.4954337899543379,0.631336405529954,,,1,1005,K002+KI03+KA06,K005+KA30+KI04
cnn_adabn,combined,conformal_marginal,,,,,0.8710045662100456,2.3812785388127855,1,1005,K002+KI03+KA06,K005+KA30+KI04
cnn_adabn,combined,conformal_class_conditional,,,,,0.7363013698630136,2.103881278538813,1,1005,K002+KI03+KA06,K005+KA30+KI04
cnn_adabn,source,raw,0.6091428571428571,0.3860724943970285,0.1382857142857143,0.32231404958677684,,,1,1006,K002+KI05+KA08,K005+KA04+KI16
cnn_adabn,source,temperature,0.6091428571428571,0.14614292834914572,0.14514285714285713,0.30708661417322836,,,1,1006,K002+KI05+KA08,K005+KA04+KI16
cnn_adabn,source,isotonic,0.4674285714285714,0.3478152561747785,0.8685714285714285,0.5078947368421053,,,1,1006,K002+KI05+KA08,K005+KA04+KI16
cnn_adabn,source,conformal_marginal,,,,,0.9371428571428572,2.545142857142857,1,1006,K002+KI05+KA08,K005+KA04+KI16
cnn_adabn,source,conformal_class_conditional,,,,,0.33371428571428574,1.4022857142857144,1,1006,K002+KI05+KA08,K005+KA04+KI16
cnn_adabn,target,raw,0.6091428571428571,0.3860724943970285,0.0,,,,1,1006,K002+KI05+KA08,K005+KA04+KI16
cnn_adabn,target,temperature,0.6091428571428571,0.1787482261278006,0.0,,,,1,1006,K002+KI05+KA08,K005+KA04+KI16
cnn_adabn,target,isotonic,0.4685714285714286,0.2292266988481872,0.4205714285714286,0.391304347826087,,,1,1006,K002+KI05+KA08,K005+KA04+KI16
cnn_adabn,target,conformal_marginal,,,,,0.8548571428571429,2.136,1,1006,K002+KI05+KA08,K005+KA04+KI16
cnn_adabn,target,conformal_class_conditional,,,,,0.6091428571428571,1.2674285714285713,1,1006,K002+KI05+KA08,K005+KA04+KI16
cnn_adabn,combined,raw,0.6091428571428571,0.3860724943970285,0.1382857142857143,0.32231404958677684,,,1,1006,K002+KI05+KA08,K005+KA04+KI16
cnn_adabn,combined,temperature,0.6091428571428571,0.16051542238089891,0.14514285714285713,0.30708661417322836,,,1,1006,K002+KI05+KA08,K005+KA04+KI16
cnn_adabn,combined,isotonic,0.536,0.1542191252877004,0.3211428571428571,0.40569395017793597,,,1,1006,K002+KI05+KA08,K005+KA04+KI16
cnn_adabn,combined,conformal_marginal,,,,,0.9142857142857143,2.454857142857143,1,1006,K002+KI05+KA08,K005+KA04+KI16
cnn_adabn,combined,conformal_class_conditional,,,,,0.6434285714285715,1.9885714285714287,1,1006,K002+KI05+KA08,K005+KA04+KI16
cnn_adabn,source,raw,0.5291428571428571,0.3673624819811428,0.16457142857142856,0.5763888888888888,,,1,1007,K001+KI01+KA08,K003+KA22+KI04
cnn_adabn,source,temperature,0.5291428571428571,0.19996603287486867,0.17942857142857144,0.5477707006369427,,,1,1007,K001+KI01+KA08,K003+KA22+KI04
cnn_adabn,source,isotonic,0.4514285714285714,0.3665259570876853,0.9017142857142857,0.5259822560202788,,,1,1007,K001+KI01+KA08,K003+KA22+KI04
cnn_adabn,source,conformal_marginal,,,,,0.896,2.3817142857142857,1,1007,K001+KI01+KA08,K003+KA22+KI04
cnn_adabn,source,conformal_class_conditional,,,,,0.31542857142857145,1.161142857142857,1,1007,K001+KI01+KA08,K003+KA22+KI04
cnn_adabn,target,raw,0.5291428571428571,0.3673624819811428,0.0,,,,1,1007,K001+KI01+KA08,K003+KA22+KI04
cnn_adabn,target,temperature,0.5291428571428571,0.14242814752633387,0.0,,,,1,1007,K001+KI01+KA08,K003+KA22+KI04
cnn_adabn,target,isotonic,0.5462857142857143,0.05235077793493625,0.9085714285714286,0.49937106918238994,,,1,1007,K001+KI01+KA08,K003+KA22+KI04
cnn_adabn,target,conformal_marginal,,,,,0.9268571428571428,2.7885714285714287,1,1007,K001+KI01+KA08,K003+KA22+KI04
cnn_adabn,target,conformal_class_conditional,,,,,0.8502857142857143,1.8914285714285715,1,1007,K001+KI01+KA08,K003+KA22+KI04
cnn_adabn,combined,raw,0.5291428571428571,0.3673624819811428,0.0,,,,1,1007,K001+KI01+KA08,K003+KA22+KI04
cnn_adabn,combined,temperature,0.5291428571428571,0.1936834493519122,0.0,,,,1,1007,K001+KI01+KA08,K003+KA22+KI04
cnn_adabn,combined,isotonic,0.2857142857142857,0.23399369677949688,0.025142857142857144,0.0,,,1,1007,K001+KI01+KA08,K003+KA22+KI04
cnn_adabn,combined,conformal_marginal,,,,,0.9142857142857143,2.6514285714285712,1,1007,K001+KI01+KA08,K003+KA22+KI04
cnn_adabn,combined,conformal_class_conditional,,,,,0.9302857142857143,2.474285714285714,1,1007,K001+KI01+KA08,K003+KA22+KI04
cnn_adabn,source,raw,0.5376712328767124,0.44985870667728317,0.3070776255707763,0.42379182156133827,,,1,1008,K002+KI01+KA05,K005+KA16+KI14
cnn_adabn,source,temperature,0.5376712328767124,0.13558928287113858,0.3116438356164384,0.42124542124542125,,,1,1008,K002+KI01+KA05,K005+KA16+KI14
cnn_adabn,source,isotonic,0.5376712328767124,0.3848071824915329,0.7705479452054794,0.5703703703703704,,,1,1008,K002+KI01+KA05,K005+KA16+KI14
cnn_adabn,source,conformal_marginal,,,,,0.8858447488584474,2.3310502283105023,1,1008,K002+KI01+KA05,K005+KA16+KI14
cnn_adabn,source,conformal_class_conditional,,,,,0.2773972602739726,1.2408675799086757,1,1008,K002+KI01+KA05,K005+KA16+KI14
cnn_adabn,target,raw,0.5376712328767124,0.44985870667728317,0.0,,,,1,1008,K002+KI01+KA05,K005+KA16+KI14
cnn_adabn,target,temperature,0.5376712328767124,0.4490474729996863,0.0,,,,1,1008,K002+KI01+KA05,K005+KA16+KI14
cnn_adabn,target,isotonic,0.5445205479452054,0.4551573339626796,1.0,0.4554794520547945,,,1,1008,K002+KI01+KA05,K005+KA16+KI14
cnn_adabn,target,conformal_marginal,,,,,0.545662100456621,1.0707762557077625,1,1008,K002+KI01+KA05,K005+KA16+KI14
cnn_adabn,target,conformal_class_conditional,,,,,0.5445205479452054,1.0,1,1008,K002+KI01+KA05,K005+KA16+KI14
cnn_adabn,combined,raw,0.5376712328767124,0.44985870667728317,0.3070776255707763,0.42379182156133827,,,1,1008,K002+KI01+KA05,K005+KA16+KI14
cnn_adabn,combined,temperature,0.5376712328767124,0.2425455519304834,0.3105022831050228,0.41911764705882354,,,1,1008,K002+KI01+KA05,K005+KA16+KI14
cnn_adabn,combined,isotonic,0.5445205479452054,0.3636605730376379,0.8515981735159818,0.5187667560321716,,,1,1008,K002+KI01+KA05,K005+KA16+KI14
cnn_adabn,combined,conformal_marginal,,,,,0.8641552511415526,2.2579908675799087,1,1008,K002+KI01+KA05,K005+KA16+KI14
cnn_adabn,combined,conformal_class_conditional,,,,,0.5445205479452054,1.6689497716894977,1,1008,K002+KI01+KA05,K005+KA16+KI14
cnn_adabn,source,raw,0.5531428571428572,0.3071795410910857,0.4845714285714286,0.3419811320754717,,,1,1009,K004+KI01+KA09,K006+KA22+KI04
cnn_adabn,source,temperature,0.5531428571428572,0.12211813107267411,0.4582857142857143,0.3341645885286783,,,1,1009,K004+KI01+KA09,K006+KA22+KI04
cnn_adabn,source,isotonic,0.3977142857142857,0.39119336163118196,0.9862857142857143,0.5979142526071842,,,1,1009,K004+KI01+KA09,K006+KA22+KI04
cnn_adabn,source,conformal_marginal,,,,,0.9542857142857143,2.3931428571428572,1,1009,K004+KI01+KA09,K006+KA22+KI04
cnn_adabn,source,conformal_class_conditional,,,,,0.4685714285714286,1.425142857142857,1,1009,K004+KI01+KA09,K006+KA22+KI04
cnn_adabn,target,raw,0.5531428571428572,0.3071795410910857,0.0,,,,1,1009,K004+KI01+KA09,K006+KA22+KI04
cnn_adabn,target,temperature,0.5531428571428572,0.15524383203910966,0.0,,,,1,1009,K004+KI01+KA09,K006+KA22+KI04
cnn_adabn,target,isotonic,0.6114285714285714,0.1130087828279682,0.24571428571428572,0.023255813953488372,,,1,1009,K004+KI01+KA09,K006+KA22+KI04
cnn_adabn,target,conformal_marginal,,,,,0.9931428571428571,2.681142857142857,1,1009,K004+KI01+KA09,K006+KA22+KI04
cnn_adabn,target,conformal_class_conditional,,,,,0.8525714285714285,1.6765714285714286,1,1009,K004+KI01+KA09,K006+KA22+KI04
cnn_adabn,combined,raw,0.5531428571428572,0.3071795410910857,0.0,,,,1,1009,K004+KI01+KA09,K006+KA22+KI04
cnn_adabn,combined,temperature,0.5531428571428572,0.1263227718750755,0.0,,,,1,1009,K004+KI01+KA09,K006+KA22+KI04
cnn_adabn,combined,isotonic,0.5405714285714286,0.12137415837600218,0.1337142857142857,0.0,,,1,1009,K004+KI01+KA09,K006+KA22+KI04
cnn_adabn,combined,conformal_marginal,,,,,0.9657142857142857,2.498285714285714,1,1009,K004+KI01+KA09,K006+KA22+KI04
cnn_adabn,combined,conformal_class_conditional,,,,,0.9325714285714286,2.3097142857142856,1,1009,K004+KI01+KA09,K006+KA22+KI04
cnn_adabn,source,raw,0.7142857142857143,0.23564857647634277,0.4045714285714286,0.3587570621468927,,,1,1010,K004+KI01+KA05,K006+KA22+KI04
cnn_adabn,source,temperature,0.7142857142857143,0.30339328931133813,0.39085714285714285,0.38011695906432746,,,1,1010,K004+KI01+KA05,K006+KA22+KI04
cnn_adabn,source,isotonic,0.4742857142857143,0.31760911412109327,0.9451428571428572,0.5344619105199516,,,1,1010,K004+KI01+KA05,K006+KA22+KI04
cnn_adabn,source,conformal_marginal,,,,,0.9862857142857143,2.5005714285714284,1,1010,K004+KI01+KA05,K006+KA22+KI04
cnn_adabn,source,conformal_class_conditional,,,,,0.5657142857142857,1.558857142857143,1,1010,K004+KI01+KA05,K006+KA22+KI04
cnn_adabn,target,raw,0.7142857142857143,0.23564857647634277,0.0,,,,1,1010,K004+KI01+KA05,K006+KA22+KI04
cnn_adabn,target,temperature,0.7142857142857143,0.32090789771112876,0.0,,,,1,1010,K004+KI01+KA05,K006+KA22+KI04
cnn_adabn,target,isotonic,0.5451428571428572,0.1504603610521144,0.17942857142857144,0.0,,,1,1010,K004+KI01+KA05,K006+KA22+KI04
cnn_adabn,target,conformal_marginal,,,,,0.9931428571428571,2.5382857142857143,1,1010,K004+KI01+KA05,K006+KA22+KI04
cnn_adabn,target,conformal_class_conditional,,,,,0.9028571428571428,1.7737142857142858,1,1010,K004+KI01+KA05,K006+KA22+KI04
cnn_adabn,combined,raw,0.7142857142857143,0.23564857647634277,0.0,,,,1,1010,K004+KI01+KA05,K006+KA22+KI04
cnn_adabn,combined,temperature,0.7142857142857143,0.32090790595835833,0.0,,,,1,1010,K004+KI01+KA05,K006+KA22+KI04
cnn_adabn,combined,isotonic,0.5611428571428572,0.13049102347764102,0.09257142857142857,0.0,,,1,1010,K004+KI01+KA05,K006+KA22+KI04
cnn_adabn,combined,conformal_marginal,,,,,0.9862857142857143,2.5062857142857142,1,1010,K004+KI01+KA05,K006+KA22+KI04
cnn_adabn,combined,conformal_class_conditional,,,,,0.9897142857142858,2.4594285714285715,1,1010,K004+KI01+KA05,K006+KA22+KI04
cnn_adabn,source,raw,0.3657142857142857,0.5626140754196571,0.0,,,,1,1011,K001+KI08+KA05,K003+KA04+KI14
cnn_adabn,source,temperature,0.3657142857142857,0.033644254519818374,0.0,,,,1,1011,K001+KI08+KA05,K003+KA04+KI14
cnn_adabn,source,isotonic,0.40685714285714286,0.2625094425345901,0.7634285714285715,0.6332335329341318,,,1,1011,K001+KI08+KA05,K003+KA04+KI14
cnn_adabn,source,conformal_marginal,,,,,0.6445714285714286,1.814857142857143,1,1011,K001+KI08+KA05,K003+KA04+KI14
cnn_adabn,source,conformal_class_conditional,,,,,0.5508571428571428,1.6571428571428573,1,1011,K001+KI08+KA05,K003+KA04+KI14
cnn_adabn,target,raw,0.3657142857142857,0.5626140754196571,0.0,,,,1,1011,K001+KI08+KA05,K003+KA04+KI14
cnn_adabn,target,temperature,0.3657142857142857,0.4648342544197669,0.0,,,,1,1011,K001+KI08+KA05,K003+KA04+KI14
cnn_adabn,target,isotonic,0.38857142857142857,0.4981354697572843,0.664,0.5989672977624785,,,1,1011,K001+KI08+KA05,K003+KA04+KI14
cnn_adabn,target,conformal_marginal,,,,,0.3942857142857143,1.0925714285714285,1,1011,K001+KI08+KA05,K003+KA04+KI14
cnn_adabn,target,conformal_class_conditional,,,,,0.4045714285714286,1.0982857142857143,1,1011,K001+KI08+KA05,K003+KA04+KI14
cnn_adabn,combined,raw,0.3657142857142857,0.5626140754196571,0.0,,,,1,1011,K001+KI08+KA05,K003+KA04+KI14
cnn_adabn,combined,temperature,0.3657142857142857,0.0336443441708065,0.0,,,,1,1011,K001+KI08+KA05,K003+KA04+KI14
cnn_adabn,combined,isotonic,0.3782857142857143,0.23384108613358448,0.584,0.6653620352250489,,,1,1011,K001+KI08+KA05,K003+KA04+KI14
cnn_adabn,combined,conformal_marginal,,,,,0.6114285714285714,1.7097142857142857,1,1011,K001+KI08+KA05,K003+KA04+KI14
cnn_adabn,combined,conformal_class_conditional,,,,,0.5314285714285715,1.6114285714285714,1,1011,K001+KI08+KA05,K003+KA04+KI14
cnn_adabn,source,raw,0.4594285714285714,0.41130220436,0.25142857142857145,0.22272727272727272,,,1,1012,K004+KI03+KA01,K006+KA04+KI14
cnn_adabn,source,temperature,0.4594285714285714,0.05202795860184445,0.27314285714285713,0.26359832635983266,,,1,1012,K004+KI03+KA01,K006+KA04+KI14
cnn_adabn,source,isotonic,0.3942857142857143,0.4267227327823405,0.8822857142857143,0.5738341968911918,,,1,1012,K004+KI03+KA01,K006+KA04+KI14
cnn_adabn,source,conformal_marginal,,,,,0.9085714285714286,2.2742857142857145,1,1012,K004+KI03+KA01,K006+KA04+KI14
cnn_adabn,source,conformal_class_conditional,,,,,0.6,1.4777142857142858,1,1012,K004+KI03+KA01,K006+KA04+KI14
cnn_adabn,target,raw,0.4594285714285714,0.41130220436,0.2914285714285714,0.30196078431372547,,,1,1012,K004+KI03+KA01,K006+KA04+KI14
cnn_adabn,target,temperature,0.4594285714285714,0.1960060226436752,0.272,0.2605042016806723,,,1,1012,K004+KI03+KA01,K006+KA04+KI14
cnn_adabn,target,isotonic,0.5394285714285715,0.3772783598222647,0.8194285714285714,0.44490934449093444,,,1,1012,K004+KI03+KA01,K006+KA04+KI14
cnn_adabn,target,conformal_marginal,,,,,0.7588571428571429,1.8651428571428572,1,1012,K004+KI03+KA01,K006+KA04+KI14
cnn_adabn,target,conformal_class_conditional,,,,,0.5451428571428572,1.0,1,1012,K004+KI03+KA01,K006+KA04+KI14
cnn_adabn,combined,raw,0.4594285714285714,0.41130220436,0.26857142857142857,0.251063829787234,,,1,1012,K004+KI03+KA01,K006+KA04+KI14
cnn_adabn,combined,temperature,0.4594285714285714,0.1499842923728703,0.2651428571428571,0.24568965517241378,,,1,1012,K004+KI03+KA01,K006+KA04+KI14
cnn_adabn,combined,isotonic,0.37142857142857144,0.3274057229209768,0.27314285714285713,0.2594142259414226,,,1,1012,K004+KI03+KA01,K006+KA04+KI14
cnn_adabn,combined,conformal_marginal,,,,,0.8788571428571429,2.133714285714286,1,1012,K004+KI03+KA01,K006+KA04+KI14
cnn_adabn,combined,conformal_class_conditional,,,,,0.92,2.107428571428571,1,1012,K004+KI03+KA01,K006+KA04+KI14
cnn_adabn,source,raw,0.5285388127853882,0.4295199910385845,0.0,,,,1,1013,K001+KI05+KA03,K003+KA16+KI18
cnn_adabn,source,temperature,0.5285388127853882,0.12133158394840393,0.0,,,,1,1013,K001+KI05+KA03,K003+KA16+KI18
cnn_adabn,source,isotonic,0.4052511415525114,0.12841945496554358,0.0,,,,1,1013,K001+KI05+KA03,K003+KA16+KI18
cnn_adabn,source,conformal_marginal,,,,,0.8938356164383562,2.365296803652968,1,1013,K001+KI05+KA03,K003+KA16+KI18
cnn_adabn,source,conformal_class_conditional,,,,,0.908675799086758,2.1289954337899544,1,1013,K001+KI05+KA03,K003+KA16+KI18
cnn_adabn,target,raw,0.5285388127853882,0.4295199910385845,0.819634703196347,0.5250696378830083,,,1,1013,K001+KI05+KA03,K003+KA16+KI18
cnn_adabn,target,temperature,0.5285388127853882,0.3977066239494642,0.8002283105022832,0.5378031383737518,,,1,1013,K001+KI05+KA03,K003+KA16+KI18
cnn_adabn,target,isotonic,0.54337899543379,0.4286670054534805,0.9988584474885844,0.45714285714285713,,,1,1013,K001+KI05+KA03,K003+KA16+KI18
cnn_adabn,target,conformal_marginal,,,,,0.5445205479452054,1.082191780821918,1,1013,K001+KI05+KA03,K003+KA16+KI18
cnn_adabn,target,conformal_class_conditional,,,,,0.3824200913242009,0.83675799086758,1,1013,K001+KI05+KA03,K003+KA16+KI18
cnn_adabn,combined,raw,0.5285388127853882,0.4295199910385845,0.2317351598173516,0.28078817733990147,,,1,1013,K001+KI05+KA03,K003+KA16+KI18
cnn_adabn,combined,temperature,0.5285388127853882,0.21973744747733204,0.2408675799086758,0.27488151658767773,,,1,1013,K001+KI05+KA03,K003+KA16+KI18
cnn_adabn,combined,isotonic,0.5331050228310502,0.1833675311113279,0.5228310502283106,0.48253275109170307,,,1,1013,K001+KI05+KA03,K003+KA16+KI18
cnn_adabn,combined,conformal_marginal,,,,,0.863013698630137,2.2636986301369864,1,1013,K001+KI05+KA03,K003+KA16+KI18
cnn_adabn,combined,conformal_class_conditional,,,,,0.8812785388127854,2.019406392694064,1,1013,K001+KI05+KA03,K003+KA16+KI18
cnn_adabn,source,raw,0.5787671232876712,0.36600643457591325,0.339041095890411,0.2996632996632997,,,1,1014,K002+KI07+KA09,K005+KA16+KI16
cnn_adabn,source,temperature,0.5787671232876712,0.1936456790425054,0.3504566210045662,0.30618892508143325,,,1,1014,K002+KI07+KA09,K005+KA16+KI16
cnn_adabn,source,isotonic,0.4988584474885845,0.22692014423101314,0.4748858447488584,0.4831730769230769,,,1,1014,K002+KI07+KA09,K005+KA16+KI16
cnn_adabn,source,conformal_marginal,,,,,0.889269406392694,2.1267123287671232,1,1014,K002+KI07+KA09,K005+KA16+KI16
cnn_adabn,source,conformal_class_conditional,,,,,0.3378995433789954,1.1769406392694064,1,1014,K002+KI07+KA09,K005+KA16+KI16
cnn_adabn,target,raw,0.5787671232876712,0.36600643457591325,0.0,,,,1,1014,K002+KI07+KA09,K005+KA16+KI16
cnn_adabn,target,temperature,0.5787671232876712,0.16867364725377929,0.0,,,,1,1014,K002+KI07+KA09,K005+KA16+KI16
cnn_adabn,target,isotonic,0.545662100456621,0.11239460467918268,0.18835616438356165,0.030303030303030304,,,1,1014,K002+KI07+KA09,K005+KA16+KI16
cnn_adabn,target,conformal_marginal,,,,,0.8744292237442922,2.058219178082192,1,1014,K002+KI07+KA09,K005+KA16+KI16
cnn_adabn,target,conformal_class_conditional,,,,,0.8116438356164384,1.6073059360730593,1,1014,K002+KI07+KA09,K005+KA16+KI16
cnn_adabn,combined,raw,0.5787671232876712,0.36600643457591325,0.0,,,,1,1014,K002+KI07+KA09,K005+KA16+KI16
cnn_adabn,combined,temperature,0.5787671232876712,0.15885364086118897,0.0,,,,1,1014,K002+KI07+KA09,K005+KA16+KI16
cnn_adabn,combined,isotonic,0.4463470319634703,0.18143758509732422,0.3310502283105023,0.44482758620689655,,,1,1014,K002+KI07+KA09,K005+KA16+KI16
cnn_adabn,combined,conformal_marginal,,,,,0.8789954337899544,2.078767123287671,1,1014,K002+KI07+KA09,K005+KA16+KI16
cnn_adabn,combined,conformal_class_conditional,,,,,0.79337899543379,2.0684931506849313,1,1014,K002+KI07+KA09,K005+KA16+KI16
cnn_adabn,source,raw,0.4235159817351598,0.4658260019622147,0.0,,,,1,1015,K002+KI07+KA06,K005+KA15+KI16
cnn_adabn,source,temperature,0.4235159817351598,0.13250335842378289,0.0,,,,1,1015,K002+KI07+KA06,K005+KA15+KI16
cnn_adabn,source,isotonic,0.5513698630136986,0.13714834163284673,0.2842465753424658,0.3132530120481928,,,1,1015,K002+KI07+KA06,K005+KA15+KI16
cnn_adabn,source,conformal_marginal,,,,,0.9440639269406392,2.3892694063926943,1,1015,K002+KI07+KA06,K005+KA15+KI16
cnn_adabn,source,conformal_class_conditional,,,,,0.526255707762557,1.8242009132420092,1,1015,K002+KI07+KA06,K005+KA15+KI16
cnn_adabn,target,raw,0.4235159817351598,0.4658260019622147,0.341324200913242,0.3210702341137124,,,1,1015,K002+KI07+KA06,K005+KA15+KI16
cnn_adabn,target,temperature,0.4235159817351598,0.2451307549296722,0.3561643835616438,0.32371794871794873,,,1,1015,K002+KI07+KA06,K005+KA15+KI16
cnn_adabn,target,isotonic,0.45662100456621,0.35706172138722314,0.6187214611872146,0.540590405904059,,,1,1015,K002+KI07+KA06,K005+KA15+KI16
cnn_adabn,target,conformal_marginal,,,,,0.7465753424657534,1.5262557077625571,1,1015,K002+KI07+KA06,K005+KA15+KI16
cnn_adabn,target,conformal_class_conditional,,,,,0.6837899543378996,1.3961187214611872,1,1015,K002+KI07+KA06,K005+KA15+KI16
cnn_adabn,combined,raw,0.4235159817351598,0.4658260019622147,0.0,,,,1,1015,K002+KI07+KA06,K005+KA15+KI16
cnn_adabn,combined,temperature,0.4235159817351598,0.13250336037981297,0.0,,,,1,1015,K002+KI07+KA06,K005+KA15+KI16
cnn_adabn,combined,isotonic,0.5136986301369864,0.15746063695059248,0.0,,,,1,1015,K002+KI07+KA06,K005+KA15+KI16
cnn_adabn,combined,conformal_marginal,,,,,0.9337899543378996,2.3162100456621006,1,1015,K002+KI07+KA06,K005+KA15+KI16
cnn_adabn,combined,conformal_class_conditional,,,,,0.7397260273972602,2.050228310502283,1,1015,K002+KI07+KA06,K005+KA15+KI16
cnn_adabn,source,raw,0.4863013698630137,0.4468276739888129,0.3995433789954338,0.32857142857142857,,,1,1016,K002+KI08+KA07,K005+KA30+KI14
cnn_adabn,source,temperature,0.4863013698630137,0.1384002731594725,0.3789954337899543,0.286144578313253,,,1,1016,K002+KI08+KA07,K005+KA30+KI14
cnn_adabn,source,isotonic,0.4794520547945205,0.3187229678071851,0.8333333333333334,0.5164383561643836,,,1,1016,K002+KI08+KA07,K005+KA30+KI14
cnn_adabn,source,conformal_marginal,,,,,0.958904109589041,2.3093607305936072,1,1016,K002+KI08+KA07,K005+KA30+KI14
cnn_adabn,source,conformal_class_conditional,,,,,0.2922374429223744,1.245433789954338,1,1016,K002+KI08+KA07,K005+KA30+KI14
cnn_adabn,target,raw,0.4863013698630137,0.4468276739888129,0.8561643835616438,0.5333333333333333,,,1,1016,K002+KI08+KA07,K005+KA30+KI14
cnn_adabn,target,temperature,0.4863013698630137,0.4429600289747097,0.8561643835616438,0.5333333333333333,,,1,1016,K002+KI08+KA07,K005+KA30+KI14
cnn_adabn,target,isotonic,0.5296803652968036,0.47400020377238916,0.980593607305936,0.47846332945285214,,,1,1016,K002+KI08+KA07,K005+KA30+KI14
cnn_adabn,target,conformal_marginal,,,,,0.5365296803652968,1.1084474885844748,1,1016,K002+KI08+KA07,K005+KA30+KI14
cnn_adabn,target,conformal_class_conditional,,,,,0.3858447488584475,0.8481735159817352,1,1016,K002+KI08+KA07,K005+KA30+KI14
cnn_adabn,combined,raw,0.4863013698630137,0.4468276739888129,0.3995433789954338,0.32857142857142857,,,1,1016,K002+KI08+KA07,K005+KA30+KI14
cnn_adabn,combined,temperature,0.4863013698630137,0.23504835587406203,0.384703196347032,0.29673590504451036,,,1,1016,K002+KI08+KA07,K005+KA30+KI14
cnn_adabn,combined,isotonic,0.5114155251141552,0.355797428852224,0.8732876712328768,0.4928104575163399,,,1,1016,K002+KI08+KA07,K005+KA30+KI14
cnn_adabn,combined,conformal_marginal,,,,,0.9406392694063926,2.2545662100456623,1,1016,K002+KI08+KA07,K005+KA30+KI14
cnn_adabn,combined,conformal_class_conditional,,,,,0.3527397260273973,1.3961187214611872,1,1016,K002+KI08+KA07,K005+KA30+KI14
cnn_adabn,source,raw,0.5153933865450399,0.3284243054854048,0.0,,,,1,1017,K004+KI08+KA08,K006+KA16+KI21
cnn_adabn,source,temperature,0.5153933865450399,0.112700877427727,0.0,,,,1,1017,K004+KI08+KA08,K006+KA16+KI21
cnn_adabn,source,isotonic,0.5153933865450399,0.1177413190825851,0.0,,,,1,1017,K004+KI08+KA08,K006+KA16+KI21
cnn_adabn,source,conformal_marginal,,,,,0.8232611174458381,2.0353477765108323,1,1017,K004+KI08+KA08,K006+KA16+KI21
cnn_adabn,source,conformal_class_conditional,,,,,0.6077537058152793,1.5906499429874572,1,1017,K004+KI08+KA08,K006+KA16+KI21
cnn_adabn,target,raw,0.5153933865450399,0.3284243054854048,0.5199543899657925,0.4057017543859649,,,1,1017,K004+KI08+KA08,K006+KA16+KI21
cnn_adabn,target,temperature,0.5153933865450399,0.3084323936770651,0.5165336374002281,0.40397350993377484,,,1,1017,K004+KI08+KA08,K006+KA16+KI21
cnn_adabn,target,isotonic,0.4218928164196123,0.4379168861883348,0.5256556442417332,0.42950108459869846,,,1,1017,K004+KI08+KA08,K006+KA16+KI21
cnn_adabn,target,conformal_marginal,,,,,0.5632839224629419,1.1915621436716077,1,1017,K004+KI08+KA08,K006+KA16+KI21
cnn_adabn,target,conformal_class_conditional,,,,,0.4264538198403649,0.9418472063854048,1,1017,K004+KI08+KA08,K006+KA16+KI21
cnn_adabn,combined,raw,0.5153933865450399,0.3284243054854048,0.45610034207525657,0.3975,,,1,1017,K004+KI08+KA08,K006+KA16+KI21
cnn_adabn,combined,temperature,0.5153933865450399,0.11730720482268939,0.4583808437856328,0.39552238805970147,,,1,1017,K004+KI08+KA08,K006+KA16+KI21
cnn_adabn,combined,isotonic,0.4925883694412771,0.3431261543091394,0.443557582668187,0.40359897172236503,,,1,1017,K004+KI08+KA08,K006+KA16+KI21
cnn_adabn,combined,conformal_marginal,,,,,0.8198403648802737,2.0125427594070695,1,1017,K004+KI08+KA08,K006+KA16+KI21
cnn_adabn,combined,conformal_class_conditional,,,,,0.5986316989737742,1.5518814139110604,1,1017,K004+KI08+KA08,K006+KA16+KI21
cnn_adabn,source,raw,0.4714611872146119,0.3343963865472603,0.0,,,,1,1018,K004+KI07+KA05,K006+KA04+KI17
cnn_adabn,source,temperature,0.4714611872146119,0.1762330654841945,0.0,,,,1,1018,K004+KI07+KA05,K006+KA04+KI17
cnn_adabn,source,isotonic,0.4486301369863014,0.2030613090550346,0.4212328767123288,0.35772357723577236,,,1,1018,K004+KI07+KA05,K006+KA04+KI17
cnn_adabn,source,conformal_marginal,,,,,1.0,2.7579908675799087,1,1018,K004+KI07+KA05,K006+KA04+KI17
cnn_adabn,source,conformal_class_conditional,,,,,0.3687214611872146,1.2522831050228311,1,1018,K004+KI07+KA05,K006+KA04+KI17
cnn_adabn,target,raw,0.4714611872146119,0.3343963865472603,0.0,,,,1,1018,K004+KI07+KA05,K006+KA04+KI17
cnn_adabn,target,temperature,0.4714611872146119,0.11459510505356657,0.0,,,,1,1018,K004+KI07+KA05,K006+KA04+KI17
cnn_adabn,target,isotonic,0.5068493150684932,0.15476611343026134,0.2728310502283105,0.28870292887029286,,,1,1018,K004+KI07+KA05,K006+KA04+KI17
cnn_adabn,target,conformal_marginal,,,,,0.9965753424657534,2.560502283105023,1,1018,K004+KI07+KA05,K006+KA04+KI17
cnn_adabn,target,conformal_class_conditional,,,,,0.6461187214611872,1.404109589041096,1,1018,K004+KI07+KA05,K006+KA04+KI17
cnn_adabn,combined,raw,0.4714611872146119,0.3343963865472603,0.0,,,,1,1018,K004+KI07+KA05,K006+KA04+KI17
cnn_adabn,combined,temperature,0.4714611872146119,0.10356384050603809,0.0,,,,1,1018,K004+KI07+KA05,K006+KA04+KI17
cnn_adabn,combined,isotonic,0.4726027397260274,0.17382109466843498,0.3984018264840183,0.31805157593123207,,,1,1018,K004+KI07+KA05,K006+KA04+KI17
cnn_adabn,combined,conformal_marginal,,,,,0.9988584474885844,2.719178082191781,1,1018,K004+KI07+KA05,K006+KA04+KI17
cnn_adabn,combined,conformal_class_conditional,,,,,0.6940639269406392,2.125570776255708,1,1018,K004+KI07+KA05,K006+KA04+KI17
cnn_adabn,source,raw,0.49028571428571427,0.4496672378381715,0.18285714285714286,0.31875,,,1,1019,K002+KI01+KA01,K005+KA04+KI14
cnn_adabn,source,temperature,0.49028571428571427,0.11872490970336058,0.18171428571428572,0.29559748427672955,,,1,1019,K002+KI01+KA01,K005+KA04+KI14
cnn_adabn,source,isotonic,0.496,0.3460218198861418,0.304,0.39849624060150374,,,1,1019,K002+KI01+KA01,K005+KA04+KI14
cnn_adabn,source,conformal_marginal,,,,,0.9714285714285714,2.6148571428571428,1,1019,K002+KI01+KA01,K005+KA04+KI14
cnn_adabn,source,conformal_class_conditional,,,,,0.2742857142857143,1.192,1,1019,K002+KI01+KA01,K005+KA04+KI14
cnn_adabn,target,raw,0.49028571428571427,0.4496672378381715,0.6285714285714286,0.6,,,1,1019,K002+KI01+KA01,K005+KA04+KI14
cnn_adabn,target,temperature,0.49028571428571427,0.4421560804112521,0.6411428571428571,0.5989304812834224,,,1,1019,K002+KI01+KA01,K005+KA04+KI14
cnn_adabn,target,isotonic,0.5337142857142857,0.4759798620773819,0.9634285714285714,0.4792408066429419,,,1,1019,K002+KI01+KA01,K005+KA04+KI14
cnn_adabn,target,conformal_marginal,,,,,0.5462857142857143,1.224,1,1019,K002+KI01+KA01,K005+KA04+KI14
cnn_adabn,target,conformal_class_conditional,,,,,0.42628571428571427,0.912,1,1019,K002+KI01+KA01,K005+KA04+KI14
cnn_adabn,combined,raw,0.49028571428571427,0.4496672378381715,0.18285714285714286,0.31875,,,1,1019,K002+KI01+KA01,K005+KA04+KI14
cnn_adabn,combined,temperature,0.49028571428571427,0.23508802346080446,0.1782857142857143,0.2948717948717949,,,1,1019,K002+KI01+KA01,K005+KA04+KI14
cnn_adabn,combined,isotonic,0.5245714285714286,0.26577220983623195,0.8251428571428572,0.49722991689750695,,,1,1019,K002+KI01+KA01,K005+KA04+KI14
cnn_adabn,combined,conformal_marginal,,,,,0.952,2.5234285714285716,1,1019,K002+KI01+KA01,K005+KA04+KI14
cnn_adabn,combined,conformal_class_conditional,,,,,0.40685714285714286,1.6308571428571428,1,1019,K002+KI01+KA01,K005+KA04+KI14
cnn_adabn,source,raw,0.4880273660205245,0.35963324227662485,0.0,,,,1,1020,K004+KI05+KA08,K006+KA30+KI17
cnn_adabn,source,temperature,0.4880273660205245,0.10930066587289179,0.0,,,,1,1020,K004+KI05+KA08,K006+KA30+KI17
cnn_adabn,source,isotonic,0.3888255416191562,0.04495877299668316,0.0,,,,1,1020,K004+KI05+KA08,K006+KA30+KI17
cnn_adabn,source,conformal_marginal,,,,,0.9908779931584949,2.5838084378563284,1,1020,K004+KI05+KA08,K006+KA30+KI17
cnn_adabn,source,conformal_class_conditional,,,,,0.7514253135689852,1.982896237172178,1,1020,K004+KI05+KA08,K006+KA30+KI17
cnn_adabn,target,raw,0.4880273660205245,0.35963324227662485,0.18129988597491448,0.006289308176100629,,,1,1020,K004+KI05+KA08,K006+KA30+KI17
cnn_adabn,target,temperature,0.4880273660205245,0.12752003512009472,0.18129988597491448,0.006289308176100629,,,1,1020,K004+KI05+KA08,K006+KA30+KI17
cnn_adabn,target,isotonic,0.4925883694412771,0.11993807378880536,0.20296465222348917,0.10112359550561797,,,1,1020,K004+KI05+KA08,K006+KA30+KI17
cnn_adabn,target,conformal_marginal,,,,,0.9942987457240593,2.604332953249715,1,1020,K004+KI05+KA08,K006+KA30+KI17
cnn_adabn,target,conformal_class_conditional,,,,,0.7970353477765109,1.5769669327251996,1,1020,K004+KI05+KA08,K006+KA30+KI17
cnn_adabn,combined,raw,0.4880273660205245,0.35963324227662485,0.18129988597491448,0.006289308176100629,,,1,1020,K004+KI05+KA08,K006+KA30+KI17
cnn_adabn,combined,temperature,0.4880273660205245,0.10930070290530344,0.18129988597491448,0.006289308176100629,,,1,1020,K004+KI05+KA08,K006+KA30+KI17
cnn_adabn,combined,isotonic,0.4925883694412771,0.05748143922110895,0.18358038768529075,0.006211180124223602,,,1,1020,K004+KI05+KA08,K006+KA30+KI17
cnn_adabn,combined,conformal_marginal,,,,,0.9908779931584949,2.5849486887115165,1,1020,K004+KI05+KA08,K006+KA30+KI17
cnn_adabn,combined,conformal_class_conditional,,,,,0.879133409350057,2.2930444697833523,1,1020,K004+KI05+KA08,K006+KA30+KI17
cnn_adabn,source,raw,0.4874429223744292,0.4237928062383563,0.0,,,,1,1021,K001+KI05+KA07,K003+KA16+KI16
cnn_adabn,source,temperature,0.4874429223744292,0.08565860284591419,0.0,,,,1,1021,K001+KI05+KA07,K003+KA16+KI16
cnn_adabn,source,isotonic,0.589041095890411,0.16760191335769958,0.5091324200913242,0.515695067264574,,,1,1021,K001+KI05+KA07,K003+KA16+KI16
cnn_adabn,source,conformal_marginal,,,,,0.8835616438356164,2.4189497716894977,1,1021,K001+KI05+KA07,K003+KA16+KI16
cnn_adabn,source,conformal_class_conditional,,,,,0.6312785388127854,1.7956621004566211,1,1021,K001+KI05+KA07,K003+KA16+KI16
cnn_adabn,target,raw,0.4874429223744292,0.4237928062383563,0.0,,,,1,1021,K001+KI05+KA07,K003+KA16+KI16
cnn_adabn,target,temperature,0.4874429223744292,0.06299114772275881,0.0,,,,1,1021,K001+KI05+KA07,K003+KA16+KI16
cnn_adabn,target,isotonic,0.5662100456621004,0.12152482994877956,0.182648401826484,0.5,,,1,1021,K001+KI05+KA07,K003+KA16+KI16
cnn_adabn,target,conformal_marginal,,,,,0.6837899543378996,1.634703196347032,1,1021,K001+KI05+KA07,K003+KA16+KI16
cnn_adabn,target,conformal_class_conditional,,,,,0.5856164383561644,1.4257990867579908,1,1021,K001+KI05+KA07,K003+KA16+KI16
cnn_adabn,combined,raw,0.4874429223744292,0.4237928062383563,0.0,,,,1,1021,K001+KI05+KA07,K003+KA16+KI16
cnn_adabn,combined,temperature,0.4874429223744292,0.08565874410140933,0.0,,,,1,1021,K001+KI05+KA07,K003+KA16+KI16
cnn_adabn,combined,isotonic,0.386986301369863,0.19538906660323782,0.0,,,,1,1021,K001+KI05+KA07,K003+KA16+KI16
cnn_adabn,combined,conformal_marginal,,,,,0.839041095890411,2.269406392694064,1,1021,K001+KI05+KA07,K003+KA16+KI16
cnn_adabn,combined,conformal_class_conditional,,,,,0.8162100456621004,2.144977168949772,1,1021,K001+KI05+KA07,K003+KA16+KI16
cnn_adabn,source,raw,0.5079908675799086,0.31144305452979454,0.0,,,,1,1022,K004+KI07+KA01,K006+KA15+KI04
cnn_adabn,source,temperature,0.5079908675799086,0.16710255298346538,0.0,,,,1,1022,K004+KI07+KA01,K006+KA15+KI04
cnn_adabn,source,isotonic,0.4406392694063927,0.30381568281576143,0.8344748858447488,0.49247606019151846,,,1,1022,K004+KI07+KA01,K006+KA15+KI04
cnn_adabn,source,conformal_marginal,,,,,0.997716894977169,2.6107305936073057,1,1022,K004+KI07+KA01,K006+KA15+KI04
cnn_adabn,source,conformal_class_conditional,,,,,0.4029680365296804,1.3059360730593608,1,1022,K004+KI07+KA01,K006+KA15+KI04
cnn_adabn,target,raw,0.5079908675799086,0.31144305452979454,0.0,,,,1,1022,K004+KI07+KA01,K006+KA15+KI04
cnn_adabn,target,temperature,0.5079908675799086,0.13561396831106534,0.0,,,,1,1022,K004+KI07+KA01,K006+KA15+KI04
cnn_adabn,target,isotonic,0.4623287671232877,0.24902064036846233,0.2545662100456621,0.2825112107623318,,,1,1022,K004+KI07+KA01,K006+KA15+KI04
cnn_adabn,target,conformal_marginal,,,,,0.9269406392694064,2.1689497716894977,1,1022,K004+KI07+KA01,K006+KA15+KI04
cnn_adabn,target,conformal_class_conditional,,,,,0.7397260273972602,1.5593607305936072,1,1022,K004+KI07+KA01,K006+KA15+KI04
cnn_adabn,combined,raw,0.5079908675799086,0.31144305452979454,0.0,,,,1,1022,K004+KI07+KA01,K006+KA15+KI04
cnn_adabn,combined,temperature,0.5079908675799086,0.14709989223686784,0.0,,,,1,1022,K004+KI07+KA01,K006+KA15+KI04
cnn_adabn,combined,isotonic,0.5091324200913242,0.13294949078026724,0.384703196347032,0.29080118694362017,,,1,1022,K004+KI07+KA01,K006+KA15+KI04
cnn_adabn,combined,conformal_marginal,,,,,0.9942922374429224,2.5251141552511416,1,1022,K004+KI07+KA01,K006+KA15+KI04
cnn_adabn,combined,conformal_class_conditional,,,,,0.8059360730593608,2.288812785388128,1,1022,K004+KI07+KA01,K006+KA15+KI04
cnn_adabn,source,raw,0.47085714285714286,0.4176338205758858,0.7577142857142857,0.5098039215686274,,,1,1023,K001+KI07+KA09,K003+KA22+KI16
cnn_adabn,source,temperature,0.47085714285714286,0.3934697425668303,0.768,0.5089285714285714,,,1,1023,K001+KI07+KA09,K003+KA22+KI16
cnn_adabn,source,isotonic,0.38171428571428573,0.5636290976403886,0.9005714285714286,0.5850253807106599,,,1,1023,K001+KI07+KA09,K003+KA22+KI16
cnn_adabn,source,conformal_marginal,,,,,0.6,1.232,1,1023,K001+KI07+KA09,K003+KA22+KI16
cnn_adabn,source,conformal_class_conditional,,,,,0.35085714285714287,0.9131428571428571,1,1023,K001+KI07+KA09,K003+KA22+KI16
cnn_adabn,target,raw,0.47085714285714286,0.4176338205758858,0.0,,,,1,1023,K001+KI07+KA09,K003+KA22+KI16
cnn_adabn,target,temperature,0.47085714285714286,0.13206885127166565,0.0,,,,1,1023,K001+KI07+KA09,K003+KA22+KI16
cnn_adabn,target,isotonic,0.4217142857142857,0.4878454655811307,0.8777142857142857,0.625,,,1,1023,K001+KI07+KA09,K003+KA22+KI16
cnn_adabn,target,conformal_marginal,,,,,0.8205714285714286,2.3485714285714288,1,1023,K001+KI07+KA09,K003+KA22+KI16
cnn_adabn,target,conformal_class_conditional,,,,,0.6365714285714286,1.4217142857142857,1,1023,K001+KI07+KA09,K003+KA22+KI16
cnn_adabn,combined,raw,0.47085714285714286,0.4176338205758858,0.5874285714285714,0.5350194552529183,,,1,1023,K001+KI07+KA09,K003+KA22+KI16
cnn_adabn,combined,temperature,0.47085714285714286,0.19810260216360095,0.5622857142857143,0.524390243902439,,,1,1023,K001+KI07+KA09,K003+KA22+KI16
cnn_adabn,combined,isotonic,0.38971428571428574,0.519393664061679,0.8834285714285715,0.6791720569210866,,,1,1023,K001+KI07+KA09,K003+KA22+KI16
cnn_adabn,combined,conformal_marginal,,,,,0.8057142857142857,2.2057142857142855,1,1023,K001+KI07+KA09,K003+KA22+KI16
cnn_adabn,combined,conformal_class_conditional,,,,,0.6365714285714286,1.4845714285714287,1,1023,K001+KI07+KA09,K003+KA22+KI16
cnn_adabn,source,raw,0.4554794520547945,0.48830991521404116,0.0,,,,1,1024,K002+KI07+KA05,K005+KA30+KI14
cnn_adabn,source,temperature,0.4554794520547945,0.20287213426253925,0.0,,,,1,1024,K002+KI07+KA05,K005+KA30+KI14
cnn_adabn,source,isotonic,0.4463470319634703,0.30511275310801045,0.5958904109589042,0.5421455938697318,,,1,1024,K002+KI07+KA05,K005+KA30+KI14
cnn_adabn,source,conformal_marginal,,,,,0.978310502283105,2.5536529680365296,1,1024,K002+KI07+KA05,K005+KA30+KI14
cnn_adabn,source,conformal_class_conditional,,,,,0.3002283105022831,1.4794520547945205,1,1024,K002+KI07+KA05,K005+KA30+KI14
cnn_adabn,target,raw,0.4554794520547945,0.48830991521404116,0.997716894977169,0.545766590389016,,,1,1024,K002+KI07+KA05,K005+KA30+KI14
cnn_adabn,target,temperature,0.4554794520547945,0.4804344031065174,0.9988584474885844,0.5451428571428572,,,1,1024,K002+KI07+KA05,K005+KA30+KI14
cnn_adabn,target,isotonic,0.4554794520547945,0.4876208711168973,1.0,0.5445205479452054,,,1,1024,K002+KI07+KA05,K005+KA30+KI14
cnn_adabn,target,conformal_marginal,,,,,0.4954337899543379,1.1095890410958904,1,1024,K002+KI07+KA05,K005+KA30+KI14
cnn_adabn,target,conformal_class_conditional,,,,,0.5399543378995434,1.202054794520548,1,1024,K002+KI07+KA05,K005+KA30+KI14
cnn_adabn,combined,raw,0.4554794520547945,0.48830991521404116,0.0,,,,1,1024,K002+KI07+KA05,K005+KA30+KI14
cnn_adabn,combined,temperature,0.4554794520547945,0.1829453484870697,0.0,,,,1,1024,K002+KI07+KA05,K005+KA30+KI14
cnn_adabn,combined,isotonic,0.4554794520547945,0.34417948129832965,0.5993150684931506,0.540952380952381,,,1,1024,K002+KI07+KA05,K005+KA30+KI14
cnn_adabn,combined,conformal_marginal,,,,,0.9668949771689498,2.4748858447488584,1,1024,K002+KI07+KA05,K005+KA30+KI14
cnn_adabn,combined,conformal_class_conditional,,,,,0.4828767123287671,1.8641552511415524,1,1024,K002+KI07+KA05,K005+KA30+KI14
cnn_adabn,source,raw,0.4594285714285714,0.45769832972891433,0.18171428571428572,0.3081761006289308,,,1,1025,K004+KI03+KA01,K006+KA22+KI18
cnn_adabn,source,temperature,0.4594285714285714,0.08805932104418382,0.216,0.3439153439153439,,,1,1025,K004+KI03+KA01,K006+KA22+KI18
cnn_adabn,source,isotonic,0.37714285714285717,0.460752947442414,0.8765714285714286,0.5919165580182529,,,1,1025,K004+KI03+KA01,K006+KA22+KI18
cnn_adabn,source,conformal_marginal,,,,,0.9085714285714286,2.2617142857142856,1,1025,K004+KI03+KA01,K006+KA22+KI18
cnn_adabn,source,conformal_class_conditional,,,,,0.6,1.3931428571428572,1,1025,K004+KI03+KA01,K006+KA22+KI18
cnn_adabn,target,raw,0.4594285714285714,0.45769832972891433,0.8777142857142857,0.5559895833333334,,,1,1025,K004+KI03+KA01,K006+KA22+KI18
cnn_adabn,target,temperature,0.4594285714285714,0.3251895486983871,0.9108571428571428,0.5633626097867002,,,1,1025,K004+KI03+KA01,K006+KA22+KI18
cnn_adabn,target,isotonic,0.48,0.4813268444278493,0.8422857142857143,0.5386702849389416,,,1,1025,K004+KI03+KA01,K006+KA22+KI18
cnn_adabn,target,conformal_marginal,,,,,0.6022857142857143,1.488,1,1025,K004+KI03+KA01,K006+KA22+KI18
cnn_adabn,target,conformal_class_conditional,,,,,0.40114285714285713,0.872,1,1025,K004+KI03+KA01,K006+KA22+KI18
cnn_adabn,combined,raw,0.4594285714285714,0.45769832972891433,0.21257142857142858,0.3333333333333333,,,1,1025,K004+KI03+KA01,K006+KA22+KI18
cnn_adabn,combined,temperature,0.4594285714285714,0.15131390769976244,0.22057142857142858,0.3471502590673575,,,1,1025,K004+KI03+KA01,K006+KA22+KI18
cnn_adabn,combined,isotonic,0.36114285714285715,0.30257158685158836,0.2651428571428571,0.35344827586206895,,,1,1025,K004+KI03+KA01,K006+KA22+KI18
cnn_adabn,combined,conformal_marginal,,,,,0.8628571428571429,2.0594285714285716,1,1025,K004+KI03+KA01,K006+KA22+KI18
cnn_adabn,combined,conformal_class_conditional,,,,,0.8582857142857143,1.9657142857142857,1,1025,K004+KI03+KA01,K006+KA22+KI18
cnn_adabn,source,raw,0.5817142857142857,0.325912852306743,0.0,,,,1,1026,K002+KI08+KA05,K005+KA22+KI14
cnn_adabn,source,temperature,0.5817142857142857,0.10421718874138872,0.0,,,,1,1026,K002+KI08+KA05,K005+KA22+KI14
cnn_adabn,source,isotonic,0.5737142857142857,0.19570509485326085,0.6582857142857143,0.4322916666666667,,,1,1026,K002+KI08+KA05,K005+KA22+KI14
cnn_adabn,source,conformal_marginal,,,,,0.9782857142857143,2.5291428571428574,1,1026,K002+KI08+KA05,K005+KA22+KI14
cnn_adabn,source,conformal_class_conditional,,,,,0.36114285714285715,1.3931428571428572,1,1026,K002+KI08+KA05,K005+KA22+KI14
cnn_adabn,target,raw,0.5817142857142857,0.325912852306743,0.0,,,,1,1026,K002+KI08+KA05,K005+KA22+KI14
cnn_adabn,target,temperature,0.5817142857142857,0.168745160042467,0.0,,,,1,1026,K002+KI08+KA05,K005+KA22+KI14
cnn_adabn,target,isotonic,0.5885714285714285,0.4207095617751394,0.8582857142857143,0.4234354194407457,,,1,1026,K002+KI08+KA05,K005+KA22+KI14
cnn_adabn,target,conformal_marginal,,,,,0.9394285714285714,2.334857142857143,1,1026,K002+KI08+KA05,K005+KA22+KI14
cnn_adabn,target,conformal_class_conditional,,,,,0.6365714285714286,1.1828571428571428,1,1026,K002+KI08+KA05,K005+KA22+KI14
cnn_adabn,combined,raw,0.5817142857142857,0.325912852306743,0.0,,,,1,1026,K002+KI08+KA05,K005+KA22+KI14
cnn_adabn,combined,temperature,0.5817142857142857,0.12288798760194128,0.0,,,,1,1026,K002+KI08+KA05,K005+KA22+KI14
cnn_adabn,combined,isotonic,0.5862857142857143,0.2151245423599286,0.6422857142857142,0.4430604982206406,,,1,1026,K002+KI08+KA05,K005+KA22+KI14
cnn_adabn,combined,conformal_marginal,,,,,0.9702857142857143,2.488,1,1026,K002+KI08+KA05,K005+KA22+KI14
cnn_adabn,combined,conformal_class_conditional,,,,,0.6365714285714286,1.8628571428571428,1,1026,K002+KI08+KA05,K005+KA22+KI14
cnn_adabn,source,raw,0.7291428571428571,0.2003358101206857,0.0,,,,1,1027,K002+KI08+KA03,K005+KA04+KI04
cnn_adabn,source,temperature,0.7291428571428571,0.31318065255875316,0.0,,,,1,1027,K002+KI08+KA03,K005+KA04+KI04
cnn_adabn,source,isotonic,0.21142857142857144,0.15816695581904247,0.13257142857142856,0.9482758620689655,,,1,1027,K002+KI08+KA03,K005+KA04+KI04
cnn_adabn,source,conformal_marginal,,,,,0.8628571428571429,2.144,1,1027,K002+KI08+KA03,K005+KA04+KI04
cnn_adabn,source,conformal_class_conditional,,,,,0.8182857142857143,1.944,1,1027,K002+KI08+KA03,K005+KA04+KI04
cnn_adabn,target,raw,0.7291428571428571,0.2003358101206857,0.0,,,,1,1027,K002+KI08+KA03,K005+KA04+KI04
cnn_adabn,target,temperature,0.7291428571428571,0.2822400666026693,0.0,,,,1,1027,K002+KI08+KA03,K005+KA04+KI04
cnn_adabn,target,isotonic,0.6937142857142857,0.15661620519641678,0.496,0.1543778801843318,,,1,1027,K002+KI08+KA03,K005+KA04+KI04
cnn_adabn,target,conformal_marginal,,,,,0.8502857142857143,2.013714285714286,1,1027,K002+KI08+KA03,K005+KA04+KI04
cnn_adabn,target,conformal_class_conditional,,,,,0.8274285714285714,1.3771428571428572,1,1027,K002+KI08+KA03,K005+KA04+KI04
cnn_adabn,combined,raw,0.7291428571428571,0.2003358101206857,0.0,,,,1,1027,K002+KI08+KA03,K005+KA04+KI04
cnn_adabn,combined,temperature,0.7291428571428571,0.31318045470121686,0.0,,,,1,1027,K002+KI08+KA03,K005+KA04+KI04
cnn_adabn,combined,isotonic,0.4845714285714286,0.25642115966343293,0.18514285714285714,0.012345679012345678,,,1,1027,K002+KI08+KA03,K005+KA04+KI04
cnn_adabn,combined,conformal_marginal,,,,,0.856,2.107428571428571,1,1027,K002+KI08+KA03,K005+KA04+KI04
cnn_adabn,combined,conformal_class_conditional,,,,,0.8628571428571429,2.113142857142857,1,1027,K002+KI08+KA03,K005+KA04+KI04
cnn_adabn,source,raw,0.3801369863013699,0.5463368143632419,0.0,,,,1,1028,K002+KI07+KA08,K005+KA30+KI18
cnn_adabn,source,temperature,0.3801369863013699,0.1871031105635439,0.0,,,,1,1028,K002+KI07+KA08,K005+KA30+KI18
cnn_adabn,source,isotonic,0.3641552511415525,0.34568090647581384,0.5285388127853882,0.6112311015118791,,,1,1028,K002+KI07+KA08,K005+KA30+KI18
cnn_adabn,source,conformal_marginal,,,,,0.9189497716894978,2.319634703196347,1,1028,K002+KI07+KA08,K005+KA30+KI18
cnn_adabn,source,conformal_class_conditional,,,,,0.2317351598173516,1.3835616438356164,1,1028,K002+KI07+KA08,K005+KA30+KI18
cnn_adabn,target,raw,0.3801369863013699,0.5463368143632419,0.9315068493150684,0.6139705882352942,,,1,1028,K002+KI07+KA08,K005+KA30+KI18
cnn_adabn,target,temperature,0.3801369863013699,0.6124482645573235,0.9794520547945206,0.6223776223776224,,,1,1028,K002+KI07+KA08,K005+KA30+KI18
cnn_adabn,target,isotonic,0.3641552511415525,0.61556725506393,0.9246575342465754,0.608641975308642,,,1,1028,K002+KI07+KA08,K005+KA30+KI18
cnn_adabn,target,conformal_marginal,,,,,0.3264840182648402,0.8732876712328768,1,1028,K002+KI07+KA08,K005+KA30+KI18
cnn_adabn,target,conformal_class_conditional,,,,,0.3481735159817352,0.7990867579908676,1,1028,K002+KI07+KA08,K005+KA30+KI18
cnn_adabn,combined,raw,0.3801369863013699,0.5463368143632419,0.2408675799086758,0.26066350710900477,,,1,1028,K002+KI07+KA08,K005+KA30+KI18
cnn_adabn,combined,temperature,0.3801369863013699,0.3428246225291709,0.2454337899543379,0.2651162790697674,,,1,1028,K002+KI07+KA08,K005+KA30+KI18
cnn_adabn,combined,isotonic,0.3949771689497717,0.467305178303556,0.7785388127853882,0.5806451612903226,,,1,1028,K002+KI07+KA08,K005+KA30+KI18
cnn_adabn,combined,conformal_marginal,,,,,0.8972602739726028,2.220319634703196,1,1028,K002+KI07+KA08,K005+KA30+KI18
cnn_adabn,combined,conformal_class_conditional,,,,,0.3550228310502283,1.5091324200913243,1,1028,K002+KI07+KA08,K005+KA30+KI18
cnn_adabn,source,raw,0.45662100456621,0.44732704220639274,0.0,,,,1,1029,K002+KI07+KA05,K005+KA04+KI21
cnn_adabn,source,temperature,0.45662100456621,0.15232757755592313,0.0,,,,1,1029,K002+KI07+KA05,K005+KA04+KI21
cnn_adabn,source,isotonic,0.4531963470319635,0.28141393547316274,0.5102739726027398,0.5436241610738255,,,1,1029,K002+KI07+KA05,K005+KA04+KI21
cnn_adabn,source,conformal_marginal,,,,,0.978310502283105,2.5536529680365296,1,1029,K002+KI07+KA05,K005+KA04+KI21
cnn_adabn,source,conformal_class_conditional,,,,,0.2899543378995434,1.4417808219178083,1,1029,K002+KI07+KA05,K005+KA04+KI21
cnn_adabn,target,raw,0.45662100456621,0.44732704220639274,0.0,,,,1,1029,K002+KI07+KA05,K005+KA04+KI21
cnn_adabn,target,temperature,0.45662100456621,0.3609644239881725,0.0,,,,1,1029,K002+KI07+KA05,K005+KA04+KI21
cnn_adabn,target,isotonic,0.4360730593607306,0.34886593527309206,0.4840182648401826,0.4339622641509434,,,1,1029,K002+KI07+KA05,K005+KA04+KI21
cnn_adabn,target,conformal_marginal,,,,,0.7294520547945206,1.5410958904109588,1,1029,K002+KI07+KA05,K005+KA04+KI21
cnn_adabn,target,conformal_class_conditional,,,,,0.66324200913242,1.2945205479452055,1,1029,K002+KI07+KA05,K005+KA04+KI21
cnn_adabn,combined,raw,0.45662100456621,0.44732704220639274,0.0,,,,1,1029,K002+KI07+KA05,K005+KA04+KI21
cnn_adabn,combined,temperature,0.45662100456621,0.20915386446597597,0.0,,,,1,1029,K002+KI07+KA05,K005+KA04+KI21
cnn_adabn,combined,isotonic,0.4680365296803653,0.24066426862165313,0.2659817351598174,0.30472103004291845,,,1,1029,K002+KI07+KA05,K005+KA04+KI21
cnn_adabn,combined,conformal_marginal,,,,,0.9668949771689498,2.4771689497716896,1,1029,K002+KI07+KA05,K005+KA04+KI21
cnn_adabn,combined,conformal_class_conditional,,,,,0.5958904109589042,1.976027397260274,1,1029,K002+KI07+KA05,K005+KA04+KI21
cnn_adabn,source,raw,0.6011428571428571,0.3609983379879999,0.0,,,,1,1030,K002+KI01+KA06,K005+KA22+KI14
cnn_adabn,source,temperature,0.6011428571428571,0.18699730927524402,0.0,,,,1,1030,K002+KI01+KA06,K005+KA22+KI14
cnn_adabn,source,isotonic,0.6365714285714286,0.29769917881520525,0.5165714285714286,0.5641592920353983,,,1,1030,K002+KI01+KA06,K005+KA22+KI14
cnn_adabn,source,conformal_marginal,,,,,0.92,2.4297142857142857,1,1030,K002+KI01+KA06,K005+KA22+KI14
cnn_adabn,source,conformal_class_conditional,,,,,0.6285714285714286,1.7165714285714286,1,1030,K002+KI01+KA06,K005+KA22+KI14
cnn_adabn,target,raw,0.6011428571428571,0.3609983379879999,0.0,,,,1,1030,K002+KI01+KA06,K005+KA22+KI14
cnn_adabn,target,temperature,0.6011428571428571,0.1869971502852825,0.0,,,,1,1030,K002+KI01+KA06,K005+KA22+KI14
cnn_adabn,target,isotonic,0.5737142857142857,0.17301055674665772,0.0,,,,1,1030,K002+KI01+KA06,K005+KA22+KI14
cnn_adabn,target,conformal_marginal,,,,,0.928,2.4571428571428573,1,1030,K002+KI01+KA06,K005+KA22+KI14
cnn_adabn,target,conformal_class_conditional,,,,,0.6365714285714286,1.3394285714285714,1,1030,K002+KI01+KA06,K005+KA22+KI14
cnn_adabn,combined,raw,0.6011428571428571,0.3609983379879999,0.0,,,,1,1030,K002+KI01+KA06,K005+KA22+KI14
cnn_adabn,combined,temperature,0.6011428571428571,0.1869972977013492,0.0,,,,1,1030,K002+KI01+KA06,K005+KA22+KI14
cnn_adabn,combined,isotonic,0.6365714285714286,0.42215025510257953,0.33371428571428574,0.8732876712328768,,,1,1030,K002+KI01+KA06,K005+KA22+KI14
cnn_adabn,combined,conformal_marginal,,,,,0.9222857142857143,2.434285714285714,1,1030,K002+KI01+KA06,K005+KA22+KI14
cnn_adabn,combined,conformal_class_conditional,,,,,0.6365714285714286,1.8628571428571428,1,1030,K002+KI01+KA06,K005+KA22+KI14
cnn_adabn,source,raw,0.4143835616438356,0.4039489873984018,0.0,,,,1,1031,K004+KI07+KA06,K006+KA30+KI18
cnn_adabn,source,temperature,0.4143835616438356,0.06284935997685055,0.0,,,,1,1031,K004+KI07+KA06,K006+KA30+KI18
cnn_adabn,source,isotonic,0.3367579908675799,0.37181602569121525,0.66324200913242,0.6006884681583476,,,1,1031,K004+KI07+KA06,K006+KA30+KI18
cnn_adabn,source,conformal_marginal,,,,,0.9931506849315068,2.7009132420091326,1,1031,K004+KI07+KA06,K006+KA30+KI18
cnn_adabn,source,conformal_class_conditional,,,,,0.2842465753424658,1.3082191780821917,1,1031,K004+KI07+KA06,K006+KA30+KI18
cnn_adabn,target,raw,0.4143835616438356,0.4039489873984018,0.8299086757990868,0.5653370013755158,,,1,1031,K004+KI07+KA06,K006+KA30+KI18
cnn_adabn,target,temperature,0.4143835616438356,0.5716915657331272,0.9166666666666666,0.5778331257783312,,,1,1031,K004+KI07+KA06,K006+KA30+KI18
cnn_adabn,target,isotonic,0.4337899543378995,0.4649315251057814,0.634703196347032,0.5539568345323741,,,1,1031,K004+KI07+KA06,K006+KA30+KI18
cnn_adabn,target,conformal_marginal,,,,,0.3184931506849315,0.728310502283105,1,1031,K004+KI07+KA06,K006+KA30+KI18
cnn_adabn,target,conformal_class_conditional,,,,,0.2237442922374429,0.5616438356164384,1,1031,K004+KI07+KA06,K006+KA30+KI18
cnn_adabn,combined,raw,0.4143835616438356,0.4039489873984018,0.08447488584474885,0.10810810810810811,,,1,1031,K004+KI07+KA06,K006+KA30+KI18
cnn_adabn,combined,temperature,0.4143835616438356,0.16414435673698635,0.10273972602739725,0.17777777777777778,,,1,1031,K004+KI07+KA06,K006+KA30+KI18
cnn_adabn,combined,isotonic,0.4315068493150685,0.35064743536584303,0.4315068493150685,0.40476190476190477,,,1,1031,K004+KI07+KA06,K006+KA30+KI18
cnn_adabn,combined,conformal_marginal,,,,,0.9748858447488584,2.578767123287671,1,1031,K004+KI07+KA06,K006+KA30+KI18
cnn_adabn,combined,conformal_class_conditional,,,,,0.3949771689497717,1.5365296803652968,1,1031,K004+KI07+KA06,K006+KA30+KI18
cnn_adabn,source,raw,0.593607305936073,0.31905271685148395,0.0,,,,1,1032,K002+KI03+KA05,K005+KA22+KI21
cnn_adabn,source,temperature,0.593607305936073,0.1854425652853065,0.0,,,,1,1032,K002+KI03+KA05,K005+KA22+KI21
cnn_adabn,source,isotonic,0.4429223744292237,0.09136601881302596,0.2591324200913242,0.29515418502202645,,,1,1032,K002+KI03+KA05,K005+KA22+KI21
cnn_adabn,source,conformal_marginal,,,,,0.9874429223744292,2.617579908675799,1,1032,K002+KI03+KA05,K005+KA22+KI21
cnn_adabn,source,conformal_class_conditional,,,,,0.819634703196347,2.2454337899543377,1,1032,K002+KI03+KA05,K005+KA22+KI21
cnn_adabn,target,raw,0.593607305936073,0.31905271685148395,0.0,,,,1,1032,K002+KI03+KA05,K005+KA22+KI21
cnn_adabn,target,temperature,0.593607305936073,0.1854426156583266,0.0,,,,1,1032,K002+KI03+KA05,K005+KA22+KI21
cnn_adabn,target,isotonic,0.5114155251141552,0.06036180478027901,0.3527397260273973,0.48220064724919093,,,1,1032,K002+KI03+KA05,K005+KA22+KI21
cnn_adabn,target,conformal_marginal,,,,,1.0,2.8093607305936072,1,1032,K002+KI03+KA05,K005+KA22+KI21
cnn_adabn,target,conformal_class_conditional,,,,,1.0,2.1301369863013697,1,1032,K002+KI03+KA05,K005+KA22+KI21
cnn_adabn,combined,raw,0.593607305936073,0.31905271685148395,0.0,,,,1,1032,K002+KI03+KA05,K005+KA22+KI21
cnn_adabn,combined,temperature,0.593607305936073,0.18544258828211846,0.0,,,,1,1032,K002+KI03+KA05,K005+KA22+KI21
cnn_adabn,combined,isotonic,0.4452054794520548,0.08257641682570575,0.3527397260273973,0.48220064724919093,,,1,1032,K002+KI03+KA05,K005+KA22+KI21
cnn_adabn,combined,conformal_marginal,,,,,1.0,2.791095890410959,1,1032,K002+KI03+KA05,K005+KA22+KI21
cnn_adabn,combined,conformal_class_conditional,,,,,1.0,2.7728310502283104,1,1032,K002+KI03+KA05,K005+KA22+KI21
cnn_adabn,source,raw,0.4874429223744292,0.45203044348105015,0.2808219178082192,0.3617886178861789,,,1,1033,K002+KI07+KA09,K005+KA16+KI18
cnn_adabn,source,temperature,0.4874429223744292,0.15910143953694775,0.2865296803652968,0.3745019920318725,,,1,1033,K002+KI07+KA09,K005+KA16+KI18
cnn_adabn,source,isotonic,0.4132420091324201,0.27715817200381077,0.4509132420091324,0.5670886075949367,,,1,1033,K002+KI07+KA09,K005+KA16+KI18
cnn_adabn,source,conformal_marginal,,,,,0.889269406392694,2.2648401826484017,1,1033,K002+KI07+KA09,K005+KA16+KI18
cnn_adabn,source,conformal_class_conditional,,,,,0.2465753424657534,1.1381278538812785,1,1033,K002+KI07+KA09,K005+KA16+KI18
cnn_adabn,target,raw,0.4874429223744292,0.45203044348105015,0.06506849315068493,0.0,,,1,1033,K002+KI07+KA09,K005+KA16+KI18
cnn_adabn,target,temperature,0.4874429223744292,0.2414084508674048,0.06735159817351598,0.0,,,1,1033,K002+KI07+KA09,K005+KA16+KI18
cnn_adabn,target,isotonic,0.523972602739726,0.4520692047230298,0.908675799086758,0.42839195979899497,,,1,1033,K002+KI07+KA09,K005+KA16+KI18
cnn_adabn,target,conformal_marginal,,,,,0.8744292237442922,2.1974885844748857,1,1033,K002+KI07+KA09,K005+KA16+KI18
cnn_adabn,target,conformal_class_conditional,,,,,0.5422374429223744,1.0684931506849316,1,1033,K002+KI07+KA09,K005+KA16+KI18
cnn_adabn,combined,raw,0.4874429223744292,0.45203044348105015,0.06506849315068493,0.0,,,1,1033,K002+KI07+KA09,K005+KA16+KI18
cnn_adabn,combined,temperature,0.4874429223744292,0.2229850613002927,0.06735159817351598,0.0,,,1,1033,K002+KI07+KA09,K005+KA16+KI18
cnn_adabn,combined,isotonic,0.432648401826484,0.27652952667364783,0.617579908675799,0.5582255083179297,,,1,1033,K002+KI07+KA09,K005+KA16+KI18
cnn_adabn,combined,conformal_marginal,,,,,0.8789954337899544,2.2157534246575343,1,1033,K002+KI07+KA09,K005+KA16+KI18
cnn_adabn,combined,conformal_class_conditional,,,,,0.5810502283105022,1.7477168949771689,1,1033,K002+KI07+KA09,K005+KA16+KI18
cnn_adabn,source,raw,0.5427594070695553,0.3960880704984036,0.28278221208665905,0.0967741935483871,,,1,1034,K002+KI08+KA01,K005+KA30+KI21
cnn_adabn,source,temperature,0.5427594070695553,0.17664862361968325,0.2805017103762828,0.08130081300813008,,,1,1034,K002+KI08+KA01,K005+KA30+KI21
cnn_adabn,source,isotonic,0.3363740022805017,0.31568383491890395,0.09806157354618016,0.0,,,1,1034,K002+KI08+KA01,K005+KA30+KI21
cnn_adabn,source,conformal_marginal,,,,,0.9885974914481186,2.4469783352337515,1,1034,K002+KI08+KA01,K005+KA30+KI21
cnn_adabn,source,conformal_class_conditional,,,,,0.28164196123147095,1.1014823261117446,1,1034,K002+KI08+KA01,K005+KA30+KI21
cnn_adabn,target,raw,0.5427594070695553,0.3960880704984036,0.314709236031927,0.16304347826086957,,,1,1034,K002+KI08+KA01,K005+KA30+KI21
cnn_adabn,target,temperature,0.5427594070695553,0.32420633866961646,0.3500570125427594,0.23452768729641693,,,1,1034,K002+KI08+KA01,K005+KA30+KI21
cnn_adabn,target,isotonic,0.4960091220068415,0.2864566327700095,0.5678449258836944,0.4759036144578313,,,1,1034,K002+KI08+KA01,K005+KA30+KI21
cnn_adabn,target,conformal_marginal,,,,,0.7958950969213227,1.6408209806157354,1,1034,K002+KI08+KA01,K005+KA30+KI21
cnn_adabn,target,conformal_class_conditional,,,,,0.5701254275940707,1.2029646522234891,1,1034,K002+KI08+KA01,K005+KA30+KI21
cnn_adabn,combined,raw,0.5427594070695553,0.3960880704984036,0.28278221208665905,0.0967741935483871,,,1,1034,K002+KI08+KA01,K005+KA30+KI21
cnn_adabn,combined,temperature,0.5427594070695553,0.2599166564263794,0.2805017103762828,0.08130081300813008,,,1,1034,K002+KI08+KA01,K005+KA30+KI21
cnn_adabn,combined,isotonic,0.475484606613455,0.17676034393812837,0.28848346636259975,0.1976284584980237,,,1,1034,K002+KI08+KA01,K005+KA30+KI21
cnn_adabn,combined,conformal_marginal,,,,,0.976054732041049,2.377423033067275,1,1034,K002+KI08+KA01,K005+KA30+KI21
cnn_adabn,combined,conformal_class_conditional,,,,,0.5302166476624858,1.8574686431014824,1,1034,K002+KI08+KA01,K005+KA30+KI21
cnn_adabn,source,raw,0.3082191780821918,0.612750455852169,0.0,,,,1,1035,K001+KI05+KA09,K003+KA30+KI14
cnn_adabn,source,temperature,0.3082191780821918,0.11298901774494732,0.0,,,,1,1035,K001+KI05+KA09,K003+KA30+KI14
cnn_adabn,source,isotonic,0.3436073059360731,0.3275530063875428,0.3207762557077626,0.7153024911032029,,,1,1035,K001+KI05+KA09,K003+KA30+KI14
cnn_adabn,source,conformal_marginal,,,,,0.8778538812785388,2.3698630136986303,1,1035,K001+KI05+KA09,K003+KA30+KI14
cnn_adabn,source,conformal_class_conditional,,,,,0.5422374429223744,1.6073059360730593,1,1035,K001+KI05+KA09,K003+KA30+KI14
cnn_adabn,target,raw,0.3082191780821918,0.612750455852169,0.9006849315068494,0.7173637515842839,,,1,1035,K001+KI05+KA09,K003+KA30+KI14
cnn_adabn,target,temperature,0.3082191780821918,0.682100511262276,0.8949771689497716,0.7206632653061225,,,1,1035,K001+KI05+KA09,K003+KA30+KI14
cnn_adabn,target,isotonic,0.3299086757990868,0.6599935108180429,0.8059360730593608,0.7549575070821529,,,1,1035,K001+KI05+KA09,K003+KA30+KI14
cnn_adabn,target,conformal_marginal,,,,,0.2146118721461187,0.8458904109589042,1,1035,K001+KI05+KA09,K003+KA30+KI14
cnn_adabn,target,conformal_class_conditional,,,,,0.1952054794520548,0.7077625570776256,1,1035,K001+KI05+KA09,K003+KA30+KI14
cnn_adabn,combined,raw,0.3082191780821918,0.612750455852169,0.0,,,,1,1035,K001+KI05+KA09,K003+KA30+KI14
cnn_adabn,combined,temperature,0.3082191780821918,0.29620862870259523,0.0,,,,1,1035,K001+KI05+KA09,K003+KA30+KI14
cnn_adabn,combined,isotonic,0.3287671232876712,0.3900769230775759,0.3344748858447489,0.7167235494880546,,,1,1035,K001+KI05+KA09,K003+KA30+KI14
cnn_adabn,combined,conformal_marginal,,,,,0.8561643835616438,2.3036529680365296,1,1035,K001+KI05+KA09,K003+KA30+KI14
cnn_adabn,combined,conformal_class_conditional,,,,,0.5376712328767124,1.7134703196347032,1,1035,K001+KI05+KA09,K003+KA30+KI14
cnn_adabn,source,raw,0.512,0.4551186579572571,0.0,,,,1,1036,K002+KI01+KA07,K005+KA04+KI14
cnn_adabn,source,temperature,0.512,0.14833561192031094,0.0,,,,1,1036,K002+KI01+KA07,K005+KA04+KI14
cnn_adabn,source,isotonic,0.5325714285714286,0.28252912022635623,0.6651428571428571,0.5429553264604811,,,1,1036,K002+KI01+KA07,K005+KA04+KI14
cnn_adabn,source,conformal_marginal,,,,,0.9371428571428572,2.5954285714285716,1,1036,K002+KI01+KA07,K005+KA04+KI14
cnn_adabn,source,conformal_class_conditional,,,,,0.304,1.512,1,1036,K002+KI01+KA07,K005+KA04+KI14
cnn_adabn,target,raw,0.512,0.4551186579572571,0.504,0.6145124716553289,,,1,1036,K002+KI01+KA07,K005+KA04+KI14
cnn_adabn,target,temperature,0.512,0.4186105147494621,0.5017142857142857,0.6104783599088838,,,1,1036,K002+KI01+KA07,K005+KA04+KI14
cnn_adabn,target,isotonic,0.49257142857142855,0.4596056367436471,0.8422857142857143,0.5413839891451832,,,1,1036,K002+KI01+KA07,K005+KA04+KI14
cnn_adabn,target,conformal_marginal,,,,,0.6034285714285714,1.3725714285714286,1,1036,K002+KI01+KA07,K005+KA04+KI14
cnn_adabn,target,conformal_class_conditional,,,,,0.3588571428571429,0.9257142857142857,1,1036,K002+KI01+KA07,K005+KA04+KI14
cnn_adabn,combined,raw,0.512,0.4551186579572571,0.0,,,,1,1036,K002+KI01+KA07,K005+KA04+KI14
cnn_adabn,combined,temperature,0.512,0.2094758757426956,0.0,,,,1,1036,K002+KI01+KA07,K005+KA04+KI14
cnn_adabn,combined,isotonic,0.5085714285714286,0.2761199097600253,0.6651428571428571,0.5429553264604811,,,1,1036,K002+KI01+KA07,K005+KA04+KI14
cnn_adabn,combined,conformal_marginal,,,,,0.912,2.5154285714285716,1,1036,K002+KI01+KA07,K005+KA04+KI14
cnn_adabn,combined,conformal_class_conditional,,,,,0.32342857142857145,1.5222857142857142,1,1036,K002+KI01+KA07,K005+KA04+KI14
cnn_adabn,source,raw,0.5399543378995434,0.4564658703469177,0.3561643835616438,0.46474358974358976,,,1,1037,K002+KI01+KA09,K005+KA30+KI14
cnn_adabn,source,temperature,0.5399543378995434,0.21276227547110002,0.3675799086757991,0.4440993788819876,,,1,1037,K002+KI01+KA09,K005+KA30+KI14
cnn_adabn,source,isotonic,0.5376712328767124,0.3755220479353054,0.7682648401826484,0.575037147102526,,,1,1037,K002+KI01+KA09,K005+KA30+KI14
cnn_adabn,source,conformal_marginal,,,,,0.884703196347032,2.2728310502283104,1,1037,K002+KI01+KA09,K005+KA30+KI14
cnn_adabn,source,conformal_class_conditional,,,,,0.273972602739726,1.0924657534246576,1,1037,K002+KI01+KA09,K005+KA30+KI14
cnn_adabn,target,raw,0.5399543378995434,0.4564658703469177,0.0,,,,1,1037,K002+KI01+KA09,K005+KA30+KI14
cnn_adabn,target,temperature,0.5399543378995434,0.44009182106148625,0.0,,,,1,1037,K002+KI01+KA09,K005+KA30+KI14
cnn_adabn,target,isotonic,0.5422374429223744,0.4619400691987952,0.997716894977169,0.4588100686498856,,,1,1037,K002+KI01+KA09,K005+KA30+KI14
cnn_adabn,target,conformal_marginal,,,,,0.5502283105022832,1.115296803652968,1,1037,K002+KI01+KA09,K005+KA30+KI14
cnn_adabn,target,conformal_class_conditional,,,,,0.5365296803652968,0.9954337899543378,1,1037,K002+KI01+KA09,K005+KA30+KI14
cnn_adabn,combined,raw,0.5399543378995434,0.4564658703469177,0.3561643835616438,0.46474358974358976,,,1,1037,K002+KI01+KA09,K005+KA30+KI14
cnn_adabn,combined,temperature,0.5399543378995434,0.23904982272539788,0.3664383561643836,0.4454828660436137,,,1,1037,K002+KI01+KA09,K005+KA30+KI14
cnn_adabn,combined,isotonic,0.5422374429223744,0.32816498281285006,0.8858447488584474,0.5051546391752577,,,1,1037,K002+KI01+KA09,K005+KA30+KI14
cnn_adabn,combined,conformal_marginal,,,,,0.8573059360730594,2.1906392694063928,1,1037,K002+KI01+KA09,K005+KA30+KI14
cnn_adabn,combined,conformal_class_conditional,,,,,0.5319634703196348,1.6598173515981736,1,1037,K002+KI01+KA09,K005+KA30+KI14
cnn_adabn,source,raw,0.4497716894977169,0.5281115923813926,0.0,,,,1,1038,K002+KI03+KA07,K005+KA15+KI14
cnn_adabn,source,temperature,0.4497716894977169,0.13885323015178716,0.0,,,,1,1038,K002+KI03+KA07,K005+KA15+KI14
cnn_adabn,source,isotonic,0.3527397260273973,0.23887412104718503,0.3105022831050228,0.41911764705882354,,,1,1038,K002+KI03+KA07,K005+KA15+KI14
cnn_adabn,source,conformal_marginal,,,,,0.8287671232876712,2.2260273972602738,1,1038,K002+KI03+KA07,K005+KA15+KI14
cnn_adabn,source,conformal_class_conditional,,,,,0.4965753424657534,1.7614155251141552,1,1038,K002+KI03+KA07,K005+KA15+KI14
cnn_adabn,target,raw,0.4497716894977169,0.5281115923813926,0.6255707762557078,0.5784671532846716,,,1,1038,K002+KI03+KA07,K005+KA15+KI14
cnn_adabn,target,temperature,0.4497716894977169,0.4424158326402865,0.632420091324201,0.5776173285198556,,,1,1038,K002+KI03+KA07,K005+KA15+KI14
cnn_adabn,target,isotonic,0.4497716894977169,0.5349952836090146,0.9863013698630136,0.5567129629629629,,,1,1038,K002+KI03+KA07,K005+KA15+KI14
cnn_adabn,target,conformal_marginal,,,,,0.5787671232876712,1.29337899543379,1,1038,K002+KI03+KA07,K005+KA15+KI14
cnn_adabn,target,conformal_class_conditional,,,,,0.2899543378995434,0.7853881278538812,1,1038,K002+KI03+KA07,K005+KA15+KI14
cnn_adabn,combined,raw,0.4497716894977169,0.5281115923813926,0.3424657534246575,0.47333333333333333,,,1,1038,K002+KI03+KA07,K005+KA15+KI14
cnn_adabn,combined,temperature,0.4497716894977169,0.15602444697919798,0.3230593607305936,0.45936395759717313,,,1,1038,K002+KI03+KA07,K005+KA15+KI14
cnn_adabn,combined,isotonic,0.4394977168949772,0.32598652099897024,0.3481735159817352,0.4819672131147541,,,1,1038,K002+KI03+KA07,K005+KA15+KI14
cnn_adabn,combined,conformal_marginal,,,,,0.8059360730593608,2.17351598173516,1,1038,K002+KI03+KA07,K005+KA15+KI14
cnn_adabn,combined,conformal_class_conditional,,,,,0.4840182648401826,1.7534246575342465,1,1038,K002+KI03+KA07,K005+KA15+KI14
cnn_adabn,source,raw,0.6084474885844748,0.3858587579550228,0.12214611872146118,0.2336448598130841,,,1,1039,K002+KI05+KA08,K005+KA04+KI21
cnn_adabn,source,temperature,0.6084474885844748,0.12248828147393961,0.13013698630136986,0.22807017543859648,,,1,1039,K002+KI05+KA08,K005+KA04+KI21
cnn_adabn,source,isotonic,0.4668949771689498,0.34147864977652687,0.8687214611872146,0.5085413929040736,,,1,1039,K002+KI05+KA08,K005+KA04+KI21
cnn_adabn,source,conformal_marginal,,,,,0.9657534246575342,2.6187214611872145,1,1039,K002+KI05+KA08,K005+KA04+KI21
cnn_adabn,source,conformal_class_conditional,,,,,0.3333333333333333,1.4360730593607305,1,1039,K002+KI05+KA08,K005+KA04+KI21
cnn_adabn,target,raw,0.6084474885844748,0.3858587579550228,0.0,,,,1,1039,K002+KI05+KA08,K005+KA04+KI21
cnn_adabn,target,temperature,0.6084474885844748,0.20294079287177808,0.0,,,,1,1039,K002+KI05+KA08,K005+KA04+KI21
cnn_adabn,target,isotonic,0.4714611872146119,0.28954027462993337,0.4189497716894977,0.3896457765667575,,,1,1039,K002+KI05+KA08,K005+KA04+KI21
cnn_adabn,target,conformal_marginal,,,,,0.9714611872146118,2.641552511415525,1,1039,K002+KI05+KA08,K005+KA04+KI21
cnn_adabn,target,conformal_class_conditional,,,,,0.6723744292237442,1.4098173515981736,1,1039,K002+KI05+KA08,K005+KA04+KI21
cnn_adabn,combined,raw,0.6084474885844748,0.3858587579550228,0.0,,,,1,1039,K002+KI05+KA08,K005+KA04+KI21
cnn_adabn,combined,temperature,0.6084474885844748,0.23239248855293074,0.0,,,,1,1039,K002+KI05+KA08,K005+KA04+KI21
cnn_adabn,combined,isotonic,0.5342465753424658,0.15078182873377738,0.3310502283105023,0.4241379310344828,,,1,1039,K002+KI05+KA08,K005+KA04+KI21
cnn_adabn,combined,conformal_marginal,,,,,0.9668949771689498,2.6210045662100456,1,1039,K002+KI05+KA08,K005+KA04+KI21
cnn_adabn,combined,conformal_class_conditional,,,,,0.7203196347031964,2.160958904109589,1,1039,K002+KI05+KA08,K005+KA04+KI21
cnn_adabn,source,raw,0.36342857142857143,0.6147778815926859,0.2674285714285714,0.688034188034188,,,1,1040,K001+KI08+KA06,K003+KA04+KI18
cnn_adabn,source,temperature,0.36342857142857143,0.16174704062145956,0.2845714285714286,0.6626506024096386,,,1,1040,K001+KI08+KA06,K003+KA04+KI18
cnn_adabn,source,isotonic,0.3062857142857143,0.4530846088292841,0.49142857142857144,0.6581395348837209,,,1,1040,K001+KI08+KA06,K003+KA04+KI18
cnn_adabn,source,conformal_marginal,,,,,0.7302857142857143,1.9805714285714286,1,1040,K001+KI08+KA06,K003+KA04+KI18
cnn_adabn,source,conformal_class_conditional,,,,,0.4102857142857143,1.510857142857143,1,1040,K001+KI08+KA06,K003+KA04+KI18
cnn_adabn,target,raw,0.36342857142857143,0.6147778815926859,0.9028571428571428,0.689873417721519,,,1,1040,K001+KI08+KA06,K003+KA04+KI18
cnn_adabn,target,temperature,0.36342857142857143,0.569583674929194,0.8891428571428571,0.6940874035989717,,,1,1040,K001+KI08+KA06,K003+KA04+KI18
cnn_adabn,target,isotonic,0.32571428571428573,0.6375220591751294,0.7497142857142857,0.6341463414634146,,,1,1040,K001+KI08+KA06,K003+KA04+KI18
cnn_adabn,target,conformal_marginal,,,,,0.3668571428571429,1.0411428571428571,1,1040,K001+KI08+KA06,K003+KA04+KI18
cnn_adabn,target,conformal_class_conditional,,,,,0.28,0.7897142857142857,1,1040,K001+KI08+KA06,K003+KA04+KI18
cnn_adabn,combined,raw,0.36342857142857143,0.6147778815926859,0.32,0.6678571428571428,,,1,1040,K001+KI08+KA06,K003+KA04+KI18
cnn_adabn,combined,temperature,0.36342857142857143,0.3589079328822546,0.3291428571428571,0.65625,,,1,1040,K001+KI08+KA06,K003+KA04+KI18
cnn_adabn,combined,isotonic,0.2948571428571429,0.4716983108629501,0.6651428571428571,0.6649484536082474,,,1,1040,K001+KI08+KA06,K003+KA04+KI18
cnn_adabn,combined,conformal_marginal,,,,,0.664,1.814857142857143,1,1040,K001+KI08+KA06,K003+KA04+KI18
cnn_adabn,combined,conformal_class_conditional,,,,,0.4845714285714286,1.6148571428571428,1,1040,K001+KI08+KA06,K003+KA04+KI18
cnn_adabn,source,raw,0.4629418472063854,0.3879867262466362,0.0,,,,1,1041,K004+KI07+KA03,K006+KA15+KI21
cnn_adabn,source,temperature,0.4629418472063854,0.13222128650061316,0.0,,,,1,1041,K004+KI07+KA03,K006+KA15+KI21
cnn_adabn,source,isotonic,0.322690992018244,0.242193432776874,0.5131128848346637,0.6555555555555556,,,1,1041,K004+KI07+KA03,K006+KA15+KI21
cnn_adabn,source,conformal_marginal,,,,,0.9977194982896237,2.6168757126567845,1,1041,K004+KI07+KA03,K006+KA15+KI21
cnn_adabn,source,conformal_class_conditional,,,,,0.7274800456100342,1.7867730900798175,1,1041,K004+KI07+KA03,K006+KA15+KI21
cnn_adabn,target,raw,0.4629418472063854,0.3879867262466362,0.69327251995439,0.4621710526315789,,,1,1041,K004+KI07+KA03,K006+KA15+KI21
cnn_adabn,target,temperature,0.4629418472063854,0.3949271057424859,0.6978335233751425,0.46568627450980393,,,1,1041,K004+KI07+KA03,K006+KA15+KI21
cnn_adabn,target,isotonic,0.5347776510832383,0.4480574084022752,0.992018244013683,0.46206896551724136,,,1,1041,K004+KI07+KA03,K006+KA15+KI21
cnn_adabn,target,conformal_marginal,,,,,0.5917901938426454,1.1824401368301025,1,1041,K004+KI07+KA03,K006+KA15+KI21
cnn_adabn,target,conformal_class_conditional,,,,,0.41961231470923605,0.7639680729760547,1,1041,K004+KI07+KA03,K006+KA15+KI21
cnn_adabn,combined,raw,0.4629418472063854,0.3879867262466362,0.0,,,,1,1041,K004+KI07+KA03,K006+KA15+KI21
cnn_adabn,combined,temperature,0.4629418472063854,0.14190555140578048,0.0,,,,1,1041,K004+KI07+KA03,K006+KA15+KI21
cnn_adabn,combined,isotonic,0.5119726339794755,0.16140676019825118,0.2633979475484607,0.3463203463203463,,,1,1041,K004+KI07+KA03,K006+KA15+KI21
cnn_adabn,combined,conformal_marginal,,,,,0.9931584948688712,2.565564424173318,1,1041,K004+KI07+KA03,K006+KA15+KI21
cnn_adabn,combined,conformal_class_conditional,,,,,0.814139110604333,1.8335233751425313,1,1041,K004+KI07+KA03,K006+KA15+KI21
cnn_adabn,source,raw,0.5577142857142857,0.27273226772502857,0.0,,,,1,1042,K004+KI03+KA05,K006+KA04+KI16
cnn_adabn,source,temperature,0.5577142857142857,0.16102552318013338,0.0,,,,1,1042,K004+KI03+KA05,K006+KA04+KI16
cnn_adabn,source,isotonic,0.32457142857142857,0.21410281018656843,0.18514285714285714,0.2345679012345679,,,1,1042,K004+KI03+KA05,K006+KA04+KI16
cnn_adabn,source,conformal_marginal,,,,,0.9782857142857143,2.6125714285714285,1,1042,K004+KI03+KA05,K006+KA04+KI16
cnn_adabn,source,conformal_class_conditional,,,,,0.752,2.0708571428571427,1,1042,K004+KI03+KA05,K006+KA04+KI16
cnn_adabn,target,raw,0.5577142857142857,0.27273226772502857,0.0,,,,1,1042,K004+KI03+KA05,K006+KA04+KI16
cnn_adabn,target,temperature,0.5577142857142857,0.07171822559381291,0.0,,,,1,1042,K004+KI03+KA05,K006+KA04+KI16
cnn_adabn,target,isotonic,0.6,0.07942146816202576,0.248,0.0,,,1,1042,K004+KI03+KA05,K006+KA04+KI16
cnn_adabn,target,conformal_marginal,,,,,0.9337142857142857,2.278857142857143,1,1042,K004+KI03+KA05,K006+KA04+KI16
cnn_adabn,target,conformal_class_conditional,,,,,0.8205714285714286,1.5817142857142856,1,1042,K004+KI03+KA05,K006+KA04+KI16
cnn_adabn,combined,raw,0.5577142857142857,0.27273226772502857,0.0,,,,1,1042,K004+KI03+KA05,K006+KA04+KI16
cnn_adabn,combined,temperature,0.5577142857142857,0.1610255615663124,0.0,,,,1,1042,K004+KI03+KA05,K006+KA04+KI16
cnn_adabn,combined,isotonic,0.6125714285714285,0.10538464061063649,0.18857142857142858,0.0,,,1,1042,K004+KI03+KA05,K006+KA04+KI16
cnn_adabn,combined,conformal_marginal,,,,,0.9748571428571429,2.573714285714286,1,1042,K004+KI03+KA05,K006+KA04+KI16
cnn_adabn,combined,conformal_class_conditional,,,,,0.9085714285714286,2.2742857142857145,1,1042,K004+KI03+KA05,K006+KA04+KI16
cnn_adabn,source,raw,0.519406392694064,0.3399428826049086,0.4280821917808219,0.5066666666666667,,,1,1043,K004+KI01+KA01,K006+KA15+KI14
cnn_adabn,source,temperature,0.519406392694064,0.2365248581857177,0.454337899543379,0.5201005025125628,,,1,1043,K004+KI01+KA01,K006+KA15+KI14
cnn_adabn,source,isotonic,0.2773972602739726,0.5762910395557744,0.9577625570776256,0.7139451728247914,,,1,1043,K004+KI01+KA01,K006+KA15+KI14
cnn_adabn,source,conformal_marginal,,,,,0.8938356164383562,2.2751141552511416,1,1043,K004+KI01+KA01,K006+KA15+KI14
cnn_adabn,source,conformal_class_conditional,,,,,0.3573059360730594,1.0547945205479452,1,1043,K004+KI01+KA01,K006+KA15+KI14
cnn_adabn,target,raw,0.519406392694064,0.3399428826049086,0.9954337899543378,0.4782110091743119,,,1,1043,K004+KI01+KA01,K006+KA15+KI14
cnn_adabn,target,temperature,0.519406392694064,0.4684716881236045,1.0,0.4805936073059361,,,1,1043,K004+KI01+KA01,K006+KA15+KI14
cnn_adabn,target,isotonic,0.4828767123287671,0.4439918071688304,0.728310502283105,0.3996865203761755,,,1,1043,K004+KI01+KA01,K006+KA15+KI14
cnn_adabn,target,conformal_marginal,,,,,0.4497716894977169,0.821917808219178,1,1043,K004+KI01+KA01,K006+KA15+KI14
cnn_adabn,target,conformal_class_conditional,,,,,0.4394977168949772,0.7248858447488584,1,1043,K004+KI01+KA01,K006+KA15+KI14
cnn_adabn,combined,raw,0.519406392694064,0.3399428826049086,0.4623287671232877,0.508641975308642,,,1,1043,K004+KI01+KA01,K006+KA15+KI14
cnn_adabn,combined,temperature,0.519406392694064,0.22725618693783525,0.4691780821917808,0.51338199513382,,,1,1043,K004+KI01+KA01,K006+KA15+KI14
cnn_adabn,combined,isotonic,0.5228310502283106,0.36637949642669343,0.6449771689497716,0.6017699115044248,,,1,1043,K004+KI01+KA01,K006+KA15+KI14
cnn_adabn,combined,conformal_marginal,,,,,0.8698630136986302,2.2248858447488584,1,1043,K004+KI01+KA01,K006+KA15+KI14
cnn_adabn,combined,conformal_class_conditional,,,,,0.6004566210045662,1.547945205479452,1,1043,K004+KI01+KA01,K006+KA15+KI14
cnn_adabn,source,raw,0.5177142857142857,0.49463703670525705,0.4491428571428571,0.5012722646310432,,,1,1044,K001+KI08+KA01,K003+KA22+KI04
cnn_adabn,source,temperature,0.5177142857142857,0.2038799301902321,0.4948571428571429,0.5242494226327945,,,1,1044,K001+KI08+KA01,K003+KA22+KI04
cnn_adabn,source,isotonic,0.35428571428571426,0.45705635566981895,0.7942857142857143,0.6100719424460431,,,1,1044,K001+KI08+KA01,K003+KA22+KI04
cnn_adabn,source,conformal_marginal,,,,,0.7062857142857143,1.6845714285714286,1,1044,K001+KI08+KA01,K003+KA22+KI04
cnn_adabn,source,conformal_class_conditional,,,,,0.3737142857142857,1.0171428571428571,1,1044,K001+KI08+KA01,K003+KA22+KI04
cnn_adabn,target,raw,0.5177142857142857,0.49463703670525705,0.0,,,,1,1044,K001+KI08+KA01,K003+KA22+KI04
cnn_adabn,target,temperature,0.5177142857142857,0.11843297430600741,0.0,,,,1,1044,K001+KI08+KA01,K003+KA22+KI04
cnn_adabn,target,isotonic,0.512,0.060158304411076585,0.0,,,,1,1044,K001+KI08+KA01,K003+KA22+KI04
cnn_adabn,target,conformal_marginal,,,,,0.9897142857142858,2.737142857142857,1,1044,K001+KI08+KA01,K003+KA22+KI04
cnn_adabn,target,conformal_class_conditional,,,,,0.9062857142857143,1.9245714285714286,1,1044,K001+KI08+KA01,K003+KA22+KI04
cnn_adabn,combined,raw,0.5177142857142857,0.49463703670525705,0.009142857142857144,0.0,,,1,1044,K001+KI08+KA01,K003+KA22+KI04
cnn_adabn,combined,temperature,0.5177142857142857,0.1527837315526291,0.010285714285714285,0.0,,,1,1044,K001+KI08+KA01,K003+KA22+KI04
cnn_adabn,combined,isotonic,0.44342857142857145,0.19107542210691145,0.5634285714285714,0.4198782961460446,,,1,1044,K001+KI08+KA01,K003+KA22+KI04
cnn_adabn,combined,conformal_marginal,,,,,0.9668571428571429,2.6125714285714285,1,1044,K001+KI08+KA01,K003+KA22+KI04
cnn_adabn,combined,conformal_class_conditional,,,,,0.9588571428571429,2.185142857142857,1,1044,K001+KI08+KA01,K003+KA22+KI04
cnn_adabn,source,raw,0.5381984036488028,0.3438517840809578,0.6248574686431014,0.4543795620437956,,,1,1045,K004+KI01+KA07,K006+KA15+KI21
cnn_adabn,source,temperature,0.5381984036488028,0.17190869905113385,0.5655644241733181,0.4415322580645161,,,1,1045,K004+KI01+KA07,K006+KA15+KI21
cnn_adabn,source,isotonic,0.41961231470923605,0.35310750853234696,0.9144811858608894,0.5523690773067331,,,1,1045,K004+KI01+KA07,K006+KA15+KI21
cnn_adabn,source,conformal_marginal,,,,,0.9019384264538198,2.095781071835804,1,1045,K004+KI01+KA07,K006+KA15+KI21
cnn_adabn,source,conformal_class_conditional,,,,,0.48916761687571264,1.329532497149373,1,1045,K004+KI01+KA07,K006+KA15+KI21
cnn_adabn,target,raw,0.5381984036488028,0.3438517840809578,0.6123147092360319,0.4506517690875233,,,1,1045,K004+KI01+KA07,K006+KA15+KI21
cnn_adabn,target,temperature,0.5381984036488028,0.367762586697226,0.6100342075256556,0.4504672897196262,,,1,1045,K004+KI01+KA07,K006+KA15+KI21
cnn_adabn,target,isotonic,0.5336374002280502,0.38320097528767355,0.774230330672748,0.44624447717231225,,,1,1045,K004+KI01+KA07,K006+KA15+KI21
cnn_adabn,target,conformal_marginal,,,,,0.5416191562143672,1.0638540478905358,1,1045,K004+KI01+KA07,K006+KA15+KI21
cnn_adabn,target,conformal_class_conditional,,,,,0.540478905359179,1.0649942987457242,1,1045,K004+KI01+KA07,K006+KA15+KI21
cnn_adabn,combined,raw,0.5381984036488028,0.3438517840809578,0.6123147092360319,0.4506517690875233,,,1,1045,K004+KI01+KA07,K006+KA15+KI21
cnn_adabn,combined,temperature,0.5381984036488028,0.12205894234490128,0.6020524515393386,0.4412878787878788,,,1,1045,K004+KI01+KA07,K006+KA15+KI21
cnn_adabn,combined,isotonic,0.5210946408209807,0.37537595434446336,0.7240592930444698,0.48661417322834644,,,1,1045,K004+KI01+KA07,K006+KA15+KI21
cnn_adabn,combined,conformal_marginal,,,,,0.8916761687571265,2.0444697833523375,1,1045,K004+KI01+KA07,K006+KA15+KI21
cnn_adabn,combined,conformal_class_conditional,,,,,0.6316989737742303,1.4914481185860888,1,1045,K004+KI01+KA07,K006+KA15+KI21
cnn_adabn,source,raw,0.5057077625570776,0.4241860300143836,0.24771689497716895,0.3640552995391705,,,1,1046,K001+KI01+KA05,K003+KA16+KI04
cnn_adabn,source,temperature,0.5057077625570776,0.21577665855083347,0.273972602739726,0.35833333333333334,,,1,1046,K001+KI01+KA05,K003+KA16+KI04
cnn_adabn,source,isotonic,0.519406392694064,0.4450451107798366,0.7465753424657534,0.5122324159021406,,,1,1046,K001+KI01+KA05,K003+KA16+KI04
cnn_adabn,source,conformal_marginal,,,,,0.8059360730593608,2.1301369863013697,1,1046,K001+KI01+KA05,K003+KA16+KI04
cnn_adabn,source,conformal_class_conditional,,,,,0.3721461187214612,1.1210045662100456,1,1046,K001+KI01+KA05,K003+KA16+KI04
cnn_adabn,target,raw,0.5057077625570776,0.4241860300143836,0.0,,,,1,1046,K001+KI01+KA05,K003+KA16+KI04
cnn_adabn,target,temperature,0.5057077625570776,0.10878252585782487,0.0,,,,1,1046,K001+KI01+KA05,K003+KA16+KI04
cnn_adabn,target,isotonic,0.545662100456621,0.06144843571119436,0.182648401826484,0.5,,,1,1046,K001+KI01+KA05,K003+KA16+KI04
cnn_adabn,target,conformal_marginal,,,,,0.9417808219178082,2.7351598173515983,1,1046,K001+KI01+KA05,K003+KA16+KI04
cnn_adabn,target,conformal_class_conditional,,,,,0.8002283105022832,1.7568493150684932,1,1046,K001+KI01+KA05,K003+KA16+KI04
cnn_adabn,combined,raw,0.5057077625570776,0.4241860300143836,0.0,,,,1,1046,K001+KI01+KA05,K003+KA16+KI04
cnn_adabn,combined,temperature,0.5057077625570776,0.07645215917316096,0.0,,,,1,1046,K001+KI01+KA05,K003+KA16+KI04
cnn_adabn,combined,isotonic,0.5228310502283106,0.21217979288832453,0.23972602739726026,0.36666666666666664,,,1,1046,K001+KI01+KA05,K003+KA16+KI04
cnn_adabn,combined,conformal_marginal,,,,,0.9075342465753424,2.58675799086758,1,1046,K001+KI01+KA05,K003+KA16+KI04
cnn_adabn,combined,conformal_class_conditional,,,,,0.8778538812785388,2.143835616438356,1,1046,K001+KI01+KA05,K003+KA16+KI04
cnn_adabn,source,raw,0.3933865450399088,0.5042045926828962,0.18244013683010263,0.29375,,,1,1047,K001+KI05+KA01,K003+KA30+KI17
cnn_adabn,source,temperature,0.3933865450399088,0.07517166828999539,0.18814139110604333,0.30303030303030304,,,1,1047,K001+KI05+KA01,K003+KA30+KI17
cnn_adabn,source,isotonic,0.3865450399087799,0.22617683286341353,0.24059293044469784,0.3412322274881517,,,1,1047,K001+KI05+KA01,K003+KA30+KI17
cnn_adabn,source,conformal_marginal,,,,,0.9064994298745724,2.4481185860889396,1,1047,K001+KI05+KA01,K003+KA30+KI17
cnn_adabn,source,conformal_class_conditional,,,,,0.5849486887115165,1.587229190421893,1,1047,K001+KI05+KA01,K003+KA30+KI17
cnn_adabn,target,raw,0.3933865450399088,0.5042045926828962,0.5473204104903079,0.5979166666666667,,,1,1047,K001+KI05+KA01,K003+KA30+KI17
cnn_adabn,target,temperature,0.3933865450399088,0.2708773481850227,0.5667046750285063,0.5895372233400402,,,1,1047,K001+KI05+KA01,K003+KA30+KI17
cnn_adabn,target,isotonic,0.3922462941847206,0.5302184088096751,0.8962371721778791,0.6157760814249363,,,1,1047,K001+KI05+KA01,K003+KA30+KI17
cnn_adabn,target,conformal_marginal,,,,,0.7103762827822121,1.8129988597491449,1,1047,K001+KI05+KA01,K003+KA30+KI17
cnn_adabn,target,conformal_class_conditional,,,,,0.39680729760547323,1.1014823261117446,1,1047,K001+KI05+KA01,K003+KA30+KI17
cnn_adabn,combined,raw,0.3933865450399088,0.5042045926828962,0.18244013683010263,0.29375,,,1,1047,K001+KI05+KA01,K003+KA30+KI17
cnn_adabn,combined,temperature,0.3933865450399088,0.09308428978849922,0.18814139110604333,0.30303030303030304,,,1,1047,K001+KI05+KA01,K003+KA30+KI17
cnn_adabn,combined,isotonic,0.4264538198403649,0.25702710575554205,0.34891676168757124,0.47058823529411764,,,1,1047,K001+KI05+KA01,K003+KA30+KI17
cnn_adabn,combined,conformal_marginal,,,,,0.8677309007981756,2.3489167616875712,1,1047,K001+KI05+KA01,K003+KA30+KI17
cnn_adabn,combined,conformal_class_conditional,,,,,0.5746864310148233,1.6795895096921323,1,1047,K001+KI05+KA01,K003+KA30+KI17
cnn_adabn,source,raw,0.3892694063926941,0.43583064418070777,0.4292237442922374,0.5824468085106383,,,1,1048,K004+KI01+KA09,K006+KA30+KI18
cnn_adabn,source,temperature,0.3892694063926941,0.13147193102281068,0.4132420091324201,0.56353591160221,,,1,1048,K004+KI01+KA09,K006+KA30+KI18
cnn_adabn,source,isotonic,0.2705479452054795,0.5087895068836766,0.9851598173515982,0.7265353418308227,,,1,1048,K004+KI01+KA09,K006+KA30+KI18
cnn_adabn,source,conformal_marginal,,,,,0.8938356164383562,2.4337899543378994,1,1048,K004+KI01+KA09,K006+KA30+KI18
cnn_adabn,source,conformal_class_conditional,,,,,0.3561643835616438,1.4634703196347032,1,1048,K004+KI01+KA09,K006+KA30+KI18
cnn_adabn,target,raw,0.3892694063926941,0.43583064418070777,0.8687214611872146,0.6031537450722734,,,1,1048,K004+KI01+KA09,K006+KA30+KI18
cnn_adabn,target,temperature,0.3892694063926941,0.5983470990628851,0.9029680365296804,0.6093552465233881,,,1,1048,K004+KI01+KA09,K006+KA30+KI18
cnn_adabn,target,isotonic,0.4452054794520548,0.49448275386390306,0.678082191780822,0.5774410774410774,,,1,1048,K004+KI01+KA09,K006+KA30+KI18
cnn_adabn,target,conformal_marginal,,,,,0.2465753424657534,0.5776255707762558,1,1048,K004+KI01+KA09,K006+KA30+KI18
cnn_adabn,target,conformal_class_conditional,,,,,0.15753424657534246,0.4280821917808219,1,1048,K004+KI01+KA09,K006+KA30+KI18
cnn_adabn,combined,raw,0.3892694063926941,0.43583064418070777,0.4908675799086758,0.5697674418604651,,,1,1048,K004+KI01+KA09,K006+KA30+KI18
cnn_adabn,combined,temperature,0.3892694063926941,0.230539294382657,0.4668949771689498,0.5599022004889975,,,1,1048,K004+KI01+KA09,K006+KA30+KI18
cnn_adabn,combined,isotonic,0.3070776255707763,0.5240607077253382,0.9429223744292238,0.6997578692493946,,,1,1048,K004+KI01+KA09,K006+KA30+KI18
cnn_adabn,combined,conformal_marginal,,,,,0.8812785388127854,2.3812785388127855,1,1048,K004+KI01+KA09,K006+KA30+KI18
cnn_adabn,combined,conformal_class_conditional,,,,,0.3618721461187215,1.5159817351598173,1,1048,K004+KI01+KA09,K006+KA30+KI18
cnn_adabn,source,raw,0.4863013698630137,0.331351357861073,0.4121004566210046,0.44598337950138506,,,1,1049,K004+KI08+KA01,K006+KA30+KI14
cnn_adabn,source,temperature,0.4863013698630137,0.08623110378552021,0.430365296803653,0.41379310344827586,,,1,1049,K004+KI08+KA01,K006+KA30+KI14
cnn_adabn,source,isotonic,0.295662100456621,0.42454685675861564,0.45662100456621,0.56,,,1,1049,K004+KI08+KA01,K006+KA30+KI14
cnn_adabn,source,conformal_marginal,,,,,0.8356164383561644,2.1586757990867578,1,1049,K004+KI08+KA01,K006+KA30+KI14
cnn_adabn,source,conformal_class_conditional,,,,,0.4315068493150685,1.4383561643835616,1,1049,K004+KI08+KA01,K006+KA30+KI14
cnn_adabn,target,raw,0.4863013698630137,0.331351357861073,0.910958904109589,0.48370927318295737,,,1,1049,K004+KI08+KA01,K006+KA30+KI14
cnn_adabn,target,temperature,0.4863013698630137,0.47954938477663767,0.9885844748858448,0.5150115473441108,,,1,1049,K004+KI08+KA01,K006+KA30+KI14
cnn_adabn,target,isotonic,0.5045662100456622,0.4780127966429178,0.9440639269406392,0.48246674727932287,,,1,1049,K004+KI08+KA01,K006+KA30+KI14
cnn_adabn,target,conformal_marginal,,,,,0.3938356164383562,0.7146118721461188,1,1049,K004+KI08+KA01,K006+KA30+KI14
cnn_adabn,target,conformal_class_conditional,,,,,0.3767123287671233,0.6746575342465754,1,1049,K004+KI08+KA01,K006+KA30+KI14
cnn_adabn,combined,raw,0.4863013698630137,0.331351357861073,0.4121004566210046,0.44598337950138506,,,1,1049,K004+KI08+KA01,K006+KA30+KI14
cnn_adabn,combined,temperature,0.4863013698630137,0.1368961480924803,0.4280821917808219,0.42133333333333334,,,1,1049,K004+KI08+KA01,K006+KA30+KI14
cnn_adabn,combined,isotonic,0.478310502283105,0.24285377954774814,0.3995433789954338,0.44,,,1,1049,K004+KI08+KA01,K006+KA30+KI14
cnn_adabn,combined,conformal_marginal,,,,,0.819634703196347,2.089041095890411,1,1049,K004+KI08+KA01,K006+KA30+KI14
cnn_adabn,combined,conformal_class_conditional,,,,,0.5821917808219178,1.6894977168949772,1,1049,K004+KI08+KA01,K006+KA30+KI14
cnn_adabn,source,raw,0.5344827586206896,0.32345283849780565,0.8746081504702194,0.46236559139784944,,,2,2000,K001+KI07+KA06,K003+K005+KA15+KA16+KI14+KI17
cnn_adabn,source,temperature,0.5344827586206896,0.2994945523428892,0.9153605015673981,0.4674657534246575,,,2,2000,K001+KI07+KA06,K003+K005+KA15+KA16+KI14+KI17
cnn_adabn,source,isotonic,0.4012539184952978,0.5538083301197483,0.9749216300940439,0.5884244372990354,,,2,2000,K001+KI07+KA06,K003+K005+KA15+KA16+KI14+KI17
cnn_adabn,source,conformal_marginal,,,,,0.6253918495297806,1.4106583072100314,2,2000,K001+KI07+KA06,K003+K005+KA15+KA16+KI14+KI17
cnn_adabn,source,conformal_class_conditional,,,,,0.35893416927899685,1.0109717868338557,2,2000,K001+KI07+KA06,K003+K005+KA15+KA16+KI14+KI17
cnn_adabn,target,raw,0.5344827586206896,0.32345283849780565,0.0,,,,2,2000,K001+KI07+KA06,K003+K005+KA15+KA16+KI14+KI17
cnn_adabn,target,temperature,0.5344827586206896,0.25232930832573985,0.0,,,,2,2000,K001+KI07+KA06,K003+K005+KA15+KA16+KI14+KI17
cnn_adabn,target,isotonic,0.493730407523511,0.20929492814498266,0.1786833855799373,0.2894736842105263,,,2,2000,K001+KI07+KA06,K003+K005+KA15+KA16+KI14+KI17
cnn_adabn,target,conformal_marginal,,,,,0.6959247648902821,1.816614420062696,2,2000,K001+KI07+KA06,K003+K005+KA15+KA16+KI14+KI17
cnn_adabn,target,conformal_class_conditional,,,,,0.5501567398119123,1.4905956112852665,2,2000,K001+KI07+KA06,K003+K005+KA15+KA16+KI14+KI17
cnn_adabn,combined,raw,0.5344827586206896,0.32345283849780565,0.0,,,,2,2000,K001+KI07+KA06,K003+K005+KA15+KA16+KI14+KI17
cnn_adabn,combined,temperature,0.5344827586206896,0.25809461260736455,0.0,,,,2,2000,K001+KI07+KA06,K003+K005+KA15+KA16+KI14+KI17
cnn_adabn,combined,isotonic,0.39655172413793105,0.3269011171688206,0.2852664576802508,0.5604395604395604,,,2,2000,K001+KI07+KA06,K003+K005+KA15+KA16+KI14+KI17
cnn_adabn,combined,conformal_marginal,,,,,0.6677115987460815,1.7006269592476488,2,2000,K001+KI07+KA06,K003+K005+KA15+KA16+KI14+KI17
cnn_adabn,combined,conformal_class_conditional,,,,,0.5360501567398119,1.474921630094044,2,2000,K001+KI07+KA06,K003+K005+KA15+KA16+KI14+KI17
cnn_adabn,source,raw,0.25943396226415094,0.6392788872520441,0.3333333333333333,0.7264150943396226,,,2,2001,K001+KI01+KA05,K003+K005+KA04+KA30+KI14+KI16
cnn_adabn,source,temperature,0.25943396226415094,0.37536358177352247,0.3522012578616352,0.7053571428571429,,,2,2001,K001+KI01+KA05,K003+K005+KA04+KA30+KI14+KI16
cnn_adabn,source,isotonic,0.3710691823899371,0.5314293217873786,0.7421383647798742,0.6016949152542372,,,2,2001,K001+KI01+KA05,K003+K005+KA04+KA30+KI14+KI16
cnn_adabn,source,conformal_marginal,,,,,0.6147798742138365,2.020440251572327,2,2001,K001+KI01+KA05,K003+K005+KA04+KA30+KI14+KI16
cnn_adabn,source,conformal_class_conditional,,,,,0.26572327044025157,1.110062893081761,2,2001,K001+KI01+KA05,K003+K005+KA04+KA30+KI14+KI16
cnn_adabn,target,raw,0.25943396226415094,0.6392788872520441,0.3553459119496855,0.7212389380530974,,,2,2001,K001+KI01+KA05,K003+K005+KA04+KA30+KI14+KI16
cnn_adabn,target,temperature,0.25943396226415094,0.5408401683454184,0.3522012578616352,0.7142857142857143,,,2,2001,K001+KI01+KA05,K003+K005+KA04+KA30+KI14+KI16
cnn_adabn,target,isotonic,0.2893081761006289,0.5907171482753184,0.7216981132075472,0.8235294117647058,,,2,2001,K001+KI01+KA05,K003+K005+KA04+KA30+KI14+KI16
cnn_adabn,target,conformal_marginal,,,,,0.46855345911949686,1.599056603773585,2,2001,K001+KI01+KA05,K003+K005+KA04+KA30+KI14+KI16
cnn_adabn,target,conformal_class_conditional,,,,,0.31761006289308175,1.29874213836478,2,2001,K001+KI01+KA05,K003+K005+KA04+KA30+KI14+KI16
cnn_adabn,combined,raw,0.25943396226415094,0.6392788872520441,0.3380503144654088,0.7255813953488373,,,2,2001,K001+KI01+KA05,K003+K005+KA04+KA30+KI14+KI16
cnn_adabn,combined,temperature,0.25943396226415094,0.4671669368611617,0.3474842767295597,0.7104072398190046,,,2,2001,K001+KI01+KA05,K003+K005+KA04+KA30+KI14+KI16
cnn_adabn,combined,isotonic,0.29245283018867924,0.5220090439644095,0.4638364779874214,0.8,,,2,2001,K001+KI01+KA05,K003+K005+KA04+KA30+KI14+KI16
cnn_adabn,combined,conformal_marginal,,,,,0.5770440251572327,1.8962264150943395,2,2001,K001+KI01+KA05,K003+K005+KA04+KA30+KI14+KI16
cnn_adabn,combined,conformal_class_conditional,,,,,0.42452830188679247,1.699685534591195,2,2001,K001+KI01+KA05,K003+K005+KA04+KA30+KI14+KI16
cnn_adabn,source,raw,0.37676609105180536,0.5403398013731553,0.17739403453689168,0.2920353982300885,,,2,2002,K004+KI05+KA07,K005+K006+KA04+KA15+KI18+KI21
cnn_adabn,source,temperature,0.37676609105180536,0.06777449558661468,0.17896389324960754,0.2982456140350877,,,2,2002,K004+KI05+KA07,K005+K006+KA04+KA15+KI18+KI21
cnn_adabn,source,isotonic,0.29513343799058084,0.39426903061475954,0.4207221350078493,0.44776119402985076,,,2,2002,K004+KI05+KA07,K005+K006+KA04+KA15+KI18+KI21
cnn_adabn,source,conformal_marginal,,,,,0.9042386185243328,2.4583987441130297,2,2002,K004+KI05+KA07,K005+K006+KA04+KA15+KI18+KI21
cnn_adabn,source,conformal_class_conditional,,,,,0.5635792778649922,1.6263736263736264,2,2002,K004+KI05+KA07,K005+K006+KA04+KA15+KI18+KI21
cnn_adabn,target,raw,0.37676609105180536,0.5403398013731553,0.36577708006279436,0.5021459227467812,,,2,2002,K004+KI05+KA07,K005+K006+KA04+KA15+KI18+KI21
cnn_adabn,target,temperature,0.37676609105180536,0.3185007296881349,0.35478806907378335,0.5132743362831859,,,2,2002,K004+KI05+KA07,K005+K006+KA04+KA15+KI18+KI21
cnn_adabn,target,isotonic,0.4379905808477237,0.3352209210017619,0.14442700156985872,0.13043478260869565,,,2,2002,K004+KI05+KA07,K005+K006+KA04+KA15+KI18+KI21
cnn_adabn,target,conformal_marginal,,,,,0.6200941915227629,1.4003139717425432,2,2002,K004+KI05+KA07,K005+K006+KA04+KA15+KI18+KI21
cnn_adabn,target,conformal_class_conditional,,,,,0.5039246467817896,1.271585557299843,2,2002,K004+KI05+KA07,K005+K006+KA04+KA15+KI18+KI21
cnn_adabn,combined,raw,0.37676609105180536,0.5403398013731553,0.19937205651491366,0.36220472440944884,,,2,2002,K004+KI05+KA07,K005+K006+KA04+KA15+KI18+KI21
cnn_adabn,combined,temperature,0.37676609105180536,0.2109126314546859,0.20565149136577707,0.3816793893129771,,,2,2002,K004+KI05+KA07,K005+K006+KA04+KA15+KI18+KI21
cnn_adabn,combined,isotonic,0.4364207221350079,0.23008661081943596,0.4097331240188383,0.41379310344827586,,,2,2002,K004+KI05+KA07,K005+K006+KA04+KA15+KI18+KI21
cnn_adabn,combined,conformal_marginal,,,,,0.8226059654631083,2.1177394034536894,2,2002,K004+KI05+KA07,K005+K006+KA04+KA15+KI18+KI21
cnn_adabn,combined,conformal_class_conditional,,,,,0.6703296703296703,1.847723704866562,2,2002,K004+KI05+KA07,K005+K006+KA04+KA15+KI18+KI21
cnn_adabn,source,raw,0.3871473354231975,0.5034141144489029,0.10188087774294671,0.7076923076923077,,,2,2003,K004+KI03+KA09,K003+K005+KA16+KA30+KI17+KI18
cnn_adabn,source,temperature,0.3871473354231975,0.20346332195358507,0.10344827586206896,0.696969696969697,,,2,2003,K004+KI03+KA09,K003+K005+KA16+KA30+KI17+KI18
cnn_adabn,source,isotonic,0.20532915360501566,0.5104398247075066,0.10658307210031348,0.6470588235294118,,,2,2003,K004+KI03+KA09,K003+K005+KA16+KA30+KI17+KI18
cnn_adabn,source,conformal_marginal,,,,,0.9278996865203761,2.6316614420062696,2,2003,K004+KI03+KA09,K003+K005+KA16+KA30+KI17+KI18
cnn_adabn,source,conformal_class_conditional,,,,,0.5626959247648903,1.8855799373040751,2,2003,K004+KI03+KA09,K003+K005+KA16+KA30+KI17+KI18
cnn_adabn,target,raw,0.3871473354231975,0.5034141144489029,0.09090909090909091,0.7586206896551724,,,2,2003,K004+KI03+KA09,K003+K005+KA16+KA30+KI17+KI18
cnn_adabn,target,temperature,0.3871473354231975,0.23456738135541888,0.09090909090909091,0.7586206896551724,,,2,2003,K004+KI03+KA09,K003+K005+KA16+KA30+KI17+KI18
cnn_adabn,target,isotonic,0.3777429467084639,0.44362184708125946,0.5329153605015674,0.5235294117647059,,,2,2003,K004+KI03+KA09,K003+K005+KA16+KA30+KI17+KI18
cnn_adabn,target,conformal_marginal,,,,,0.8573667711598746,2.0705329153605017,2,2003,K004+KI03+KA09,K003+K005+KA16+KA30+KI17+KI18
cnn_adabn,target,conformal_class_conditional,,,,,0.670846394984326,1.6598746081504703,2,2003,K004+KI03+KA09,K003+K005+KA16+KA30+KI17+KI18
cnn_adabn,combined,raw,0.3871473354231975,0.5034141144489029,0.10188087774294671,0.7076923076923077,,,2,2003,K004+KI03+KA09,K003+K005+KA16+KA30+KI17+KI18
cnn_adabn,combined,temperature,0.3871473354231975,0.14345715203962775,0.10344827586206896,0.696969696969697,,,2,2003,K004+KI03+KA09,K003+K005+KA16+KA30+KI17+KI18
cnn_adabn,combined,isotonic,0.3761755485893417,0.27875390843766956,0.6018808777429467,0.5651041666666666,,,2,2003,K004+KI03+KA09,K003+K005+KA16+KA30+KI17+KI18
cnn_adabn,combined,conformal_marginal,,,,,0.9216300940438872,2.584639498432602,2,2003,K004+KI03+KA09,K003+K005+KA16+KA30+KI17+KI18
cnn_adabn,combined,conformal_class_conditional,,,,,0.677115987460815,2.261755485893417,2,2003,K004+KI03+KA09,K003+K005+KA16+KA30+KI17+KI18
cnn_adabn,source,raw,0.49528301886792453,0.38706429656273583,0.7075471698113207,0.5311111111111111,,,2,2004,K004+KI01+KA07,K005+K006+KA22+KA30+KI14+KI18
cnn_adabn,source,temperature,0.49528301886792453,0.10928182305595081,0.6525157232704403,0.5253012048192771,,,2,2004,K004+KI01+KA07,K005+K006+KA22+KA30+KI14+KI18
cnn_adabn,source,isotonic,0.4418238993710692,0.3299223414356839,0.8789308176100629,0.5420393559928444,,,2,2004,K004+KI01+KA07,K005+K006+KA22+KA30+KI14+KI18
cnn_adabn,source,conformal_marginal,,,,,0.8647798742138365,2.0440251572327046,2,2004,K004+KI01+KA07,K005+K006+KA22+KA30+KI14+KI18
cnn_adabn,source,conformal_class_conditional,,,,,0.4119496855345912,1.2248427672955975,2,2004,K004+KI01+KA07,K005+K006+KA22+KA30+KI14+KI18
cnn_adabn,target,raw,0.49528301886792453,0.38706429656273583,0.6477987421383647,0.529126213592233,,,2,2004,K004+KI01+KA07,K005+K006+KA22+KA30+KI14+KI18
cnn_adabn,target,temperature,0.49528301886792453,0.24908545403191817,0.6918238993710691,0.525,,,2,2004,K004+KI01+KA07,K005+K006+KA22+KA30+KI14+KI18
cnn_adabn,target,isotonic,0.4779874213836478,0.424172896546705,0.9072327044025157,0.5043327556325823,,,2,2004,K004+KI01+KA07,K005+K006+KA22+KA30+KI14+KI18
cnn_adabn,target,conformal_marginal,,,,,0.6933962264150944,1.4827044025157232,2,2004,K004+KI01+KA07,K005+K006+KA22+KA30+KI14+KI18
cnn_adabn,target,conformal_class_conditional,,,,,0.5047169811320755,1.1179245283018868,2,2004,K004+KI01+KA07,K005+K006+KA22+KA30+KI14+KI18
cnn_adabn,combined,raw,0.49528301886792453,0.38706429656273583,0.6808176100628931,0.5242494226327945,,,2,2004,K004+KI01+KA07,K005+K006+KA22+KA30+KI14+KI18
cnn_adabn,combined,temperature,0.49528301886792453,0.17529941666235546,0.6981132075471698,0.5225225225225225,,,2,2004,K004+KI01+KA07,K005+K006+KA22+KA30+KI14+KI18
cnn_adabn,combined,isotonic,0.48742138364779874,0.33450955519320363,0.6871069182389937,0.5148741418764302,,,2,2004,K004+KI01+KA07,K005+K006+KA22+KA30+KI14+KI18
cnn_adabn,combined,conformal_marginal,,,,,0.8301886792452831,1.9276729559748427,2,2004,K004+KI01+KA07,K005+K006+KA22+KA30+KI14+KI18
cnn_adabn,combined,conformal_class_conditional,,,,,0.5959119496855346,1.5455974842767295,2,2004,K004+KI01+KA07,K005+K006+KA22+KA30+KI14+KI18
cnn_adabn,source,raw,0.48119122257053293,0.4192152554534483,0.22570532915360503,0.4166666666666667,,,2,2005,K001+KI08+KA07,K003+K006+KA16+KA30+KI16+KI21
cnn_adabn,source,temperature,0.48119122257053293,0.04814539025551211,0.27899686520376177,0.37640449438202245,,,2,2005,K001+KI08+KA07,K003+K006+KA16+KA30+KI16+KI21
cnn_adabn,source,isotonic,0.4122257053291536,0.2909228463891385,0.3213166144200627,0.4878048780487805,,,2,2005,K001+KI08+KA07,K003+K006+KA16+KA30+KI16+KI21
cnn_adabn,source,conformal_marginal,,,,,0.7695924764890282,2.1739811912225706,2,2005,K001+KI08+KA07,K003+K006+KA16+KA30+KI16+KI21
cnn_adabn,source,conformal_class_conditional,,,,,0.41379310344827586,1.5830721003134796,2,2005,K001+KI08+KA07,K003+K006+KA16+KA30+KI16+KI21
cnn_adabn,target,raw,0.48119122257053293,0.4192152554534483,0.029780564263322883,0.42105263157894735,,,2,2005,K001+KI08+KA07,K003+K006+KA16+KA30+KI16+KI21
cnn_adabn,target,temperature,0.48119122257053293,0.07397442033817232,0.03605015673981191,0.34782608695652173,,,2,2005,K001+KI08+KA07,K003+K006+KA16+KA30+KI16+KI21
cnn_adabn,target,isotonic,0.40752351097178685,0.2828394092741032,0.0987460815047022,0.12698412698412698,,,2,2005,K001+KI08+KA07,K003+K006+KA16+KA30+KI16+KI21
cnn_adabn,target,conformal_marginal,,,,,0.822884012539185,2.324451410658307,2,2005,K001+KI08+KA07,K003+K006+KA16+KA30+KI16+KI21
cnn_adabn,target,conformal_class_conditional,,,,,0.8463949843260188,2.2053291536050157,2,2005,K001+KI08+KA07,K003+K006+KA16+KA30+KI16+KI21
cnn_adabn,combined,raw,0.48119122257053293,0.4192152554534483,0.029780564263322883,0.42105263157894735,,,2,2005,K001+KI08+KA07,K003+K006+KA16+KA30+KI16+KI21
cnn_adabn,combined,temperature,0.48119122257053293,0.06733617908931112,0.03605015673981191,0.34782608695652173,,,2,2005,K001+KI08+KA07,K003+K006+KA16+KA30+KI16+KI21
cnn_adabn,combined,isotonic,0.25705329153605017,0.29877921513094213,0.05956112852664577,0.21052631578947367,,,2,2005,K001+KI08+KA07,K003+K006+KA16+KA30+KI16+KI21
cnn_adabn,combined,conformal_marginal,,,,,0.7884012539184952,2.2288401253918497,2,2005,K001+KI08+KA07,K003+K006+KA16+KA30+KI16+KI21
cnn_adabn,combined,conformal_class_conditional,,,,,0.8197492163009404,2.268025078369906,2,2005,K001+KI08+KA07,K003+K006+KA16+KA30+KI16+KI21
cnn_adabn,source,raw,0.37676609105180536,0.5938927755540031,0.0,,,,2,2006,K001+KI05+KA05,K003+K006+KA15+KA30+KI04+KI16
cnn_adabn,source,temperature,0.37676609105180536,0.10260558167377021,0.0,,,,2,2006,K001+KI05+KA05,K003+K006+KA15+KA30+KI04+KI16
cnn_adabn,source,isotonic,0.12558869701726844,0.39451091466716404,0.23547880690737832,1.0,,,2,2006,K001+KI05+KA05,K003+K006+KA15+KA30+KI04+KI16
cnn_adabn,source,conformal_marginal,,,,,0.8006279434850864,2.1020408163265305,2,2006,K001+KI05+KA05,K003+K006+KA15+KA30+KI04+KI16
cnn_adabn,source,conformal_class_conditional,,,,,0.5007849293563579,1.5086342229199372,2,2006,K001+KI05+KA05,K003+K006+KA15+KA30+KI04+KI16
cnn_adabn,target,raw,0.37676609105180536,0.5938927755540031,0.0,,,,2,2006,K001+KI05+KA05,K003+K006+KA15+KA30+KI04+KI16
cnn_adabn,target,temperature,0.37676609105180536,0.1735545287015154,0.0,,,,2,2006,K001+KI05+KA05,K003+K006+KA15+KA30+KI04+KI16
cnn_adabn,target,isotonic,0.37676609105180536,0.45306535546678617,0.7708006279434851,0.5112016293279023,,,2,2006,K001+KI05+KA05,K003+K006+KA15+KA30+KI04+KI16
cnn_adabn,target,conformal_marginal,,,,,0.7613814756671899,1.869701726844584,2,2006,K001+KI05+KA05,K003+K006+KA15+KA30+KI04+KI16
cnn_adabn,target,conformal_class_conditional,,,,,0.5007849293563579,1.185243328100471,2,2006,K001+KI05+KA05,K003+K006+KA15+KA30+KI04+KI16
cnn_adabn,combined,raw,0.37676609105180536,0.5938927755540031,0.0,,,,2,2006,K001+KI05+KA05,K003+K006+KA15+KA30+KI04+KI16
cnn_adabn,combined,temperature,0.37676609105180536,0.10260554800700374,0.0,,,,2,2006,K001+KI05+KA05,K003+K006+KA15+KA30+KI04+KI16
cnn_adabn,combined,isotonic,0.3783359497645212,0.3253749274716115,0.0,,,,2,2006,K001+KI05+KA05,K003+K006+KA15+KA30+KI04+KI16
cnn_adabn,combined,conformal_marginal,,,,,0.783359497645212,2.0486656200941917,2,2006,K001+KI05+KA05,K003+K006+KA15+KA30+KI04+KI16
cnn_adabn,combined,conformal_class_conditional,,,,,0.5007849293563579,1.4835164835164836,2,2006,K001+KI05+KA05,K003+K006+KA15+KA30+KI04+KI16
cnn_adabn,source,raw,0.4921383647798742,0.43679978782012574,0.08018867924528301,0.8431372549019608,,,2,2007,K002+KI01+KA09,K003+K006+KA22+KA30+KI14+KI16
cnn_adabn,source,temperature,0.4921383647798742,0.18229166677395522,0.09433962264150944,0.6666666666666666,,,2,2007,K002+KI01+KA09,K003+K006+KA22+KA30+KI14+KI16
cnn_adabn,source,isotonic,0.4889937106918239,0.24947186324235585,0.5644654088050315,0.649025069637883,,,2,2007,K002+KI01+KA09,K003+K006+KA22+KA30+KI14+KI16
cnn_adabn,source,conformal_marginal,,,,,0.9638364779874213,2.7861635220125787,2,2007,K002+KI01+KA09,K003+K006+KA22+KA30+KI14+KI16
cnn_adabn,source,conformal_class_conditional,,,,,0.25157232704402516,1.25,2,2007,K002+KI01+KA09,K003+K006+KA22+KA30+KI14+KI16
cnn_adabn,target,raw,0.4921383647798742,0.43679978782012574,0.0,,,,2,2007,K002+KI01+KA09,K003+K006+KA22+KA30+KI14+KI16
cnn_adabn,target,temperature,0.4921383647798742,0.17894464481102604,0.0,,,,2,2007,K002+KI01+KA09,K003+K006+KA22+KA30+KI14+KI16
cnn_adabn,target,isotonic,0.4937106918238994,0.04616775479477604,0.0,,,,2,2007,K002+KI01+KA09,K003+K006+KA22+KA30+KI14+KI16
cnn_adabn,target,conformal_marginal,,,,,1.0,2.9559748427672954,2,2007,K002+KI01+KA09,K003+K006+KA22+KA30+KI14+KI16
cnn_adabn,target,conformal_class_conditional,,,,,0.8522012578616353,1.9764150943396226,2,2007,K002+KI01+KA09,K003+K006+KA22+KA30+KI14+KI16
cnn_adabn,combined,raw,0.4921383647798742,0.43679978782012574,0.0,,,,2,2007,K002+KI01+KA09,K003+K006+KA22+KA30+KI14+KI16
cnn_adabn,combined,temperature,0.4921383647798742,0.172267186499588,0.0,,,,2,2007,K002+KI01+KA09,K003+K006+KA22+KA30+KI14+KI16
cnn_adabn,combined,isotonic,0.49528301886792453,0.07108385364640527,0.0,,,,2,2007,K002+KI01+KA09,K003+K006+KA22+KA30+KI14+KI16
cnn_adabn,combined,conformal_marginal,,,,,0.9858490566037735,2.861635220125786,2,2007,K002+KI01+KA09,K003+K006+KA22+KA30+KI14+KI16
cnn_adabn,combined,conformal_class_conditional,,,,,0.949685534591195,2.858490566037736,2,2007,K002+KI01+KA09,K003+K006+KA22+KA30+KI14+KI16
cnn_adabn,source,raw,0.7111459968602826,0.1452354246405023,0.4097331240188383,0.20689655172413793,,,2,2008,K004+KI01+KA01,K005+K006+KA04+KA30+KI16+KI17
cnn_adabn,source,temperature,0.7111459968602826,0.19768258436331743,0.43328100470957615,0.18478260869565216,,,2,2008,K004+KI01+KA01,K005+K006+KA04+KA30+KI16+KI17
cnn_adabn,source,isotonic,0.49921507064364207,0.32642661945536317,0.9403453689167975,0.4724540901502504,,,2,2008,K004+KI01+KA01,K005+K006+KA04+KA30+KI16+KI17
cnn_adabn,source,conformal_marginal,,,,,0.9262166405023547,2.232339089481947,2,2008,K004+KI01+KA01,K005+K006+KA04+KA30+KI16+KI17
cnn_adabn,source,conformal_class_conditional,,,,,0.4913657770800628,1.2401883830455258,2,2008,K004+KI01+KA01,K005+K006+KA04+KA30+KI16+KI17
cnn_adabn,target,raw,0.7111459968602826,0.1452354246405023,0.0,,,,2,2008,K004+KI01+KA01,K005+K006+KA04+KA30+KI16+KI17
cnn_adabn,target,temperature,0.7111459968602826,0.22738962616633493,0.0,,,,2,2008,K004+KI01+KA01,K005+K006+KA04+KA30+KI16+KI17
cnn_adabn,target,isotonic,0.6687598116169545,0.1157962503038047,0.6248037676609105,0.22613065326633167,,,2,2008,K004+KI01+KA01,K005+K006+KA04+KA30+KI16+KI17
cnn_adabn,target,conformal_marginal,,,,,0.9324960753532182,2.2433281004709578,2,2008,K004+KI01+KA01,K005+K006+KA04+KA30+KI16+KI17
cnn_adabn,target,conformal_class_conditional,,,,,0.695447409733124,1.3610675039246467,2,2008,K004+KI01+KA01,K005+K006+KA04+KA30+KI16+KI17
cnn_adabn,combined,raw,0.7111459968602826,0.1452354246405023,0.1271585557299843,0.012345679012345678,,,2,2008,K004+KI01+KA01,K005+K006+KA04+KA30+KI16+KI17
cnn_adabn,combined,temperature,0.7111459968602826,0.2139727015623621,0.130298273155416,0.012048192771084338,,,2,2008,K004+KI01+KA01,K005+K006+KA04+KA30+KI16+KI17
cnn_adabn,combined,isotonic,0.5274725274725275,0.11430183539078392,0.3249607535321821,0.004830917874396135,,,2,2008,K004+KI01+KA01,K005+K006+KA04+KA30+KI16+KI17
cnn_adabn,combined,conformal_marginal,,,,,0.9262166405023547,2.232339089481947,2,2008,K004+KI01+KA01,K005+K006+KA04+KA30+KI16+KI17
cnn_adabn,combined,conformal_class_conditional,,,,,0.6718995290423861,1.7315541601255886,2,2008,K004+KI01+KA01,K005+K006+KA04+KA30+KI16+KI17
cnn_adabn,source,raw,0.5306122448979592,0.3003107326968603,0.0,,,,2,2009,K004+KI07+KA06,K003+K005+KA04+KA16+KI17+KI18
cnn_adabn,source,temperature,0.5306122448979592,0.1283938477852716,0.0,,,,2,2009,K004+KI07+KA06,K003+K005+KA04+KA16+KI17+KI18
cnn_adabn,source,isotonic,0.34379905808477235,0.3257696368614773,0.6326530612244898,0.6178660049627791,,,2,2009,K004+KI07+KA06,K003+K005+KA04+KA16+KI17+KI18
cnn_adabn,source,conformal_marginal,,,,,1.0,2.8226059654631084,2,2009,K004+KI07+KA06,K003+K005+KA04+KA16+KI17+KI18
cnn_adabn,source,conformal_class_conditional,,,,,0.26373626373626374,1.2527472527472527,2,2009,K004+KI07+KA06,K003+K005+KA04+KA16+KI17+KI18
cnn_adabn,target,raw,0.5306122448979592,0.3003107326968603,0.0,,,,2,2009,K004+KI07+KA06,K003+K005+KA04+KA16+KI17+KI18
cnn_adabn,target,temperature,0.5306122448979592,0.0946336890676163,0.0,,,,2,2009,K004+KI07+KA06,K003+K005+KA04+KA16+KI17+KI18
cnn_adabn,target,isotonic,0.37362637362637363,0.3466558604251446,0.12872841444270017,0.0,,,2,2009,K004+KI07+KA06,K003+K005+KA04+KA16+KI17+KI18
cnn_adabn,target,conformal_marginal,,,,,0.989010989010989,2.695447409733124,2,2009,K004+KI07+KA06,K003+K005+KA04+KA16+KI17+KI18
cnn_adabn,target,conformal_class_conditional,,,,,0.9937205651491365,2.009419152276295,2,2009,K004+KI07+KA06,K003+K005+KA04+KA16+KI17+KI18
cnn_adabn,combined,raw,0.5306122448979592,0.3003107326968603,0.0,,,,2,2009,K004+KI07+KA06,K003+K005+KA04+KA16+KI17+KI18
cnn_adabn,combined,temperature,0.5306122448979592,0.07162328040827855,0.0,,,,2,2009,K004+KI07+KA06,K003+K005+KA04+KA16+KI17+KI18
cnn_adabn,combined,isotonic,0.4897959183673469,0.2643639250599484,0.12087912087912088,0.0,,,2,2009,K004+KI07+KA06,K003+K005+KA04+KA16+KI17+KI18
cnn_adabn,combined,conformal_marginal,,,,,1.0,2.767660910518053,2,2009,K004+KI07+KA06,K003+K005+KA04+KA16+KI17+KI18
cnn_adabn,combined,conformal_class_conditional,,,,,0.989010989010989,2.7127158555729984,2,2009,K004+KI07+KA06,K003+K005+KA04+KA16+KI17+KI18
cnn_adabn,source,raw,0.6248037676609105,0.3142564727930926,0.21350078492935637,0.007352941176470588,,,2,2010,K004+KI03+KA06,K003+K005+KA15+KA22+KI16+KI21
cnn_adabn,source,temperature,0.6248037676609105,0.21804802401995566,0.2150706436420722,0.0072992700729927005,,,2,2010,K004+KI03+KA06,K003+K005+KA15+KA22+KI16+KI21
cnn_adabn,source,isotonic,0.41444270015698587,0.3783385126726599,0.47095761381475665,0.45,,,2,2010,K004+KI03+KA06,K003+K005+KA15+KA22+KI16+KI21
cnn_adabn,source,conformal_marginal,,,,,0.9764521193092621,2.183673469387755,2,2010,K004+KI03+KA06,K003+K005+KA15+KA22+KI16+KI21
cnn_adabn,source,conformal_class_conditional,,,,,0.6122448979591837,1.4913657770800628,2,2010,K004+KI03+KA06,K003+K005+KA15+KA22+KI16+KI21
cnn_adabn,target,raw,0.6248037676609105,0.3142564727930926,0.0,,,,2,2010,K004+KI03+KA06,K003+K005+KA15+KA22+KI16+KI21
cnn_adabn,target,temperature,0.6248037676609105,0.14945415332876166,0.11459968602825746,0.0,,,2,2010,K004+KI03+KA06,K003+K005+KA15+KA22+KI16+KI21
cnn_adabn,target,isotonic,0.7409733124018838,0.10349932470892106,0.2370486656200942,0.0,,,2,2010,K004+KI03+KA06,K003+K005+KA15+KA22+KI16+KI21
cnn_adabn,target,conformal_marginal,,,,,0.978021978021978,2.2543171114599687,2,2010,K004+KI03+KA06,K003+K005+KA15+KA22+KI16+KI21
cnn_adabn,target,conformal_class_conditional,,,,,1.0,1.7535321821036107,2,2010,K004+KI03+KA06,K003+K005+KA15+KA22+KI16+KI21
cnn_adabn,combined,raw,0.6248037676609105,0.3142564727930926,0.0,,,,2,2010,K004+KI03+KA06,K003+K005+KA15+KA22+KI16+KI21
cnn_adabn,combined,temperature,0.6248037676609105,0.19583337647297083,0.10832025117739404,0.0,,,2,2010,K004+KI03+KA06,K003+K005+KA15+KA22+KI16+KI21
cnn_adabn,combined,isotonic,0.41601255886970173,0.2898761254139915,0.23861852433281006,0.0,,,2,2010,K004+KI03+KA06,K003+K005+KA15+KA22+KI16+KI21
cnn_adabn,combined,conformal_marginal,,,,,0.9764521193092621,2.2025117739403455,2,2010,K004+KI03+KA06,K003+K005+KA15+KA22+KI16+KI21
cnn_adabn,combined,conformal_class_conditional,,,,,0.9968602825745683,1.989010989010989,2,2010,K004+KI03+KA06,K003+K005+KA15+KA22+KI16+KI21
cnn_adabn,source,raw,0.6185243328100472,0.3719274118359498,0.8273155416012559,0.4497153700189753,,,2,2011,K004+KI01+KA07,K005+K006+KA15+KA22+KI14+KI21
cnn_adabn,source,temperature,0.6185243328100472,0.15469056730984984,0.7708006279434851,0.4439918533604888,,,2,2011,K004+KI01+KA07,K005+K006+KA15+KA22+KI14+KI21
cnn_adabn,source,isotonic,0.4521193092621664,0.32925884542679174,0.8822605965463108,0.50355871886121,,,2,2011,K004+KI01+KA07,K005+K006+KA15+KA22+KI14+KI21
cnn_adabn,source,conformal_marginal,,,,,0.8649921507064364,1.8320251177394034,2,2011,K004+KI01+KA07,K005+K006+KA15+KA22+KI14+KI21
cnn_adabn,source,conformal_class_conditional,,,,,0.42229199372056514,1.098901098901099,2,2011,K004+KI01+KA07,K005+K006+KA15+KA22+KI14+KI21
cnn_adabn,target,raw,0.6185243328100472,0.3719274118359498,0.0,,,,2,2011,K004+KI01+KA07,K005+K006+KA15+KA22+KI14+KI21
cnn_adabn,target,temperature,0.6185243328100472,0.23896223552435442,0.7739403453689168,0.44421906693711966,,,2,2011,K004+KI01+KA07,K005+K006+KA15+KA22+KI14+KI21
cnn_adabn,target,isotonic,0.5949764521193093,0.36933634721696695,0.8335949764521193,0.3822975517890772,,,2,2011,K004+KI01+KA07,K005+K006+KA15+KA22+KI14+KI21
cnn_adabn,target,conformal_marginal,,,,,0.6938775510204082,1.3736263736263736,2,2011,K004+KI01+KA07,K005+K006+KA15+KA22+KI14+KI21
cnn_adabn,target,conformal_class_conditional,,,,,0.6248037676609105,1.1459968602825745,2,2011,K004+KI01+KA07,K005+K006+KA15+KA22+KI14+KI21
cnn_adabn,combined,raw,0.6185243328100472,0.3719274118359498,0.7708006279434851,0.4439918533604888,,,2,2011,K004+KI01+KA07,K005+K006+KA15+KA22+KI14+KI21
cnn_adabn,combined,temperature,0.6185243328100472,0.2017884882172518,0.7896389324960753,0.44532803180914515,,,2,2011,K004+KI01+KA07,K005+K006+KA15+KA22+KI14+KI21
cnn_adabn,combined,isotonic,0.5918367346938775,0.3659018135408817,0.8116169544740973,0.44680851063829785,,,2,2011,K004+KI01+KA07,K005+K006+KA15+KA22+KI14+KI21
cnn_adabn,combined,conformal_marginal,,,,,0.8367346938775511,1.7331240188383046,2,2011,K004+KI01+KA07,K005+K006+KA15+KA22+KI14+KI21
cnn_adabn,combined,conformal_class_conditional,,,,,0.6248037676609105,1.3108320251177394,2,2011,K004+KI01+KA07,K005+K006+KA15+KA22+KI14+KI21
cnn_adabn,source,raw,0.5031347962382445,0.40932523691974926,0.0,,,,2,2012,K004+KI05+KA09,K003+K005+KA15+KA30+KI04+KI21
cnn_adabn,source,temperature,0.5031347962382445,0.09030351658542718,0.0,,,,2,2012,K004+KI05+KA09,K003+K005+KA15+KA30+KI04+KI21
cnn_adabn,source,isotonic,0.2852664576802508,0.4114478353017427,0.35893416927899685,0.2052401746724891,,,2,2012,K004+KI05+KA09,K003+K005+KA15+KA30+KI04+KI21
cnn_adabn,source,conformal_marginal,,,,,0.9780564263322884,2.4012539184952977,2,2012,K004+KI05+KA09,K003+K005+KA15+KA30+KI04+KI21
cnn_adabn,source,conformal_class_conditional,,,,,0.6112852664576802,1.6614420062695925,2,2012,K004+KI05+KA09,K003+K005+KA15+KA30+KI04+KI21
cnn_adabn,target,raw,0.5031347962382445,0.40932523691974926,0.335423197492163,0.24299065420560748,,,2,2012,K004+KI05+KA09,K003+K005+KA15+KA30+KI04+KI21
cnn_adabn,target,temperature,0.5031347962382445,0.15358480384376275,0.3385579937304075,0.24537037037037038,,,2,2012,K004+KI05+KA09,K003+K005+KA15+KA30+KI04+KI21
cnn_adabn,target,isotonic,0.5047021943573667,0.28722969861162173,0.622257053291536,0.3954659949622166,,,2,2012,K004+KI05+KA09,K003+K005+KA15+KA30+KI04+KI21
cnn_adabn,target,conformal_marginal,,,,,0.8683385579937304,1.7648902821316614,2,2012,K004+KI05+KA09,K003+K005+KA15+KA30+KI04+KI21
cnn_adabn,target,conformal_class_conditional,,,,,0.6990595611285266,1.3385579937304075,2,2012,K004+KI05+KA09,K003+K005+KA15+KA30+KI04+KI21
cnn_adabn,combined,raw,0.5031347962382445,0.40932523691974926,0.2601880877742947,0.05421686746987952,,,2,2012,K004+KI05+KA09,K003+K005+KA15+KA30+KI04+KI21
cnn_adabn,combined,temperature,0.5031347962382445,0.09644808361235638,0.2601880877742947,0.05421686746987952,,,2,2012,K004+KI05+KA09,K003+K005+KA15+KA30+KI04+KI21
cnn_adabn,combined,isotonic,0.5438871473354232,0.20611979786946555,0.6285266457680251,0.4014962593516209,,,2,2012,K004+KI05+KA09,K003+K005+KA15+KA30+KI04+KI21
cnn_adabn,combined,conformal_marginal,,,,,0.9592476489028213,2.302507836990596,2,2012,K004+KI05+KA09,K003+K005+KA15+KA30+KI04+KI21
cnn_adabn,combined,conformal_class_conditional,,,,,0.7304075235109718,1.8981191222570533,2,2012,K004+KI05+KA09,K003+K005+KA15+KA30+KI04+KI21
cnn_adabn,source,raw,0.2774294670846395,0.5893558321708464,0.14733542319749215,0.648936170212766,,,2,2013,K002+KI05+KA01,K003+K006+KA16+KA30+KI14+KI21
cnn_adabn,source,temperature,0.2774294670846395,0.21873611626111916,0.13636363636363635,0.5517241379310345,,,2,2013,K002+KI05+KA01,K003+K006+KA16+KA30+KI14+KI21
cnn_adabn,source,isotonic,0.15517241379310345,0.5136644034404725,0.32601880877742945,0.6009615384615384,,,2,2013,K002+KI05+KA01,K003+K006+KA16+KA30+KI14+KI21
cnn_adabn,source,conformal_marginal,,,,,0.9937304075235109,2.835423197492163,2,2013,K002+KI05+KA01,K003+K006+KA16+KA30+KI14+KI21
cnn_adabn,source,conformal_class_conditional,,,,,0.23667711598746083,1.134796238244514,2,2013,K002+KI05+KA01,K003+K006+KA16+KA30+KI14+KI21
cnn_adabn,target,raw,0.2774294670846395,0.5893558321708464,0.006269592476489028,0.75,,,2,2013,K002+KI05+KA01,K003+K006+KA16+KA30+KI14+KI21
cnn_adabn,target,temperature,0.2774294670846395,0.2750876407897877,0.0109717868338558,0.5714285714285714,,,2,2013,K002+KI05+KA01,K003+K006+KA16+KA30+KI14+KI21
cnn_adabn,target,isotonic,0.3777429467084639,0.4741470101568164,0.3401253918495298,0.631336405529954,,,2,2013,K002+KI05+KA01,K003+K006+KA16+KA30+KI14+KI21
cnn_adabn,target,conformal_marginal,,,,,0.9921630094043887,2.8134796238244513,2,2013,K002+KI05+KA01,K003+K006+KA16+KA30+KI14+KI21
cnn_adabn,target,conformal_class_conditional,,,,,0.7523510971786834,1.634796238244514,2,2013,K002+KI05+KA01,K003+K006+KA16+KA30+KI14+KI21
cnn_adabn,combined,raw,0.2774294670846395,0.5893558321708464,0.009404388714733543,0.6666666666666666,,,2,2013,K002+KI05+KA01,K003+K006+KA16+KA30+KI14+KI21
cnn_adabn,combined,temperature,0.2774294670846395,0.25020335180712006,0.014106583072100314,0.4444444444444444,,,2,2013,K002+KI05+KA01,K003+K006+KA16+KA30+KI14+KI21
cnn_adabn,combined,isotonic,0.3824451410658307,0.2292450782433616,0.10344827586206896,0.4696969696969697,,,2,2013,K002+KI05+KA01,K003+K006+KA16+KA30+KI14+KI21
cnn_adabn,combined,conformal_marginal,,,,,0.9937304075235109,2.8260188087774294,2,2013,K002+KI05+KA01,K003+K006+KA16+KA30+KI14+KI21
cnn_adabn,combined,conformal_class_conditional,,,,,0.8746081504702194,2.54858934169279,2,2013,K002+KI05+KA01,K003+K006+KA16+KA30+KI14+KI21
cnn_adabn,source,raw,0.49765258215962443,0.452814363199374,0.0,,,,2,2014,K002+KI01+KA07,K003+K006+KA15+KA16+KI17+KI21
cnn_adabn,source,temperature,0.49765258215962443,0.27743483545974373,0.0,,,,2,2014,K002+KI01+KA07,K003+K006+KA15+KA16+KI17+KI21
cnn_adabn,source,isotonic,0.49921752738654146,0.21507472604877936,0.4507042253521127,0.5555555555555556,,,2,2014,K002+KI01+KA07,K003+K006+KA15+KA16+KI17+KI21
cnn_adabn,source,conformal_marginal,,,,,0.94679186228482,2.843505477308294,2,2014,K002+KI01+KA07,K003+K006+KA15+KA16+KI17+KI21
cnn_adabn,source,conformal_class_conditional,,,,,0.4757433489827856,1.755868544600939,2,2014,K002+KI01+KA07,K003+K006+KA15+KA16+KI17+KI21
cnn_adabn,target,raw,0.49765258215962443,0.452814363199374,0.04225352112676056,1.0,,,2,2014,K002+KI01+KA07,K003+K006+KA15+KA16+KI17+KI21
cnn_adabn,target,temperature,0.49765258215962443,0.2756414245868914,0.06259780907668232,1.0,,,2,2014,K002+KI01+KA07,K003+K006+KA15+KA16+KI17+KI21
cnn_adabn,target,isotonic,0.38184663536776214,0.255101500615956,0.26917057902973396,0.5406976744186046,,,2,2014,K002+KI01+KA07,K003+K006+KA15+KA16+KI17+KI21
cnn_adabn,target,conformal_marginal,,,,,0.9248826291079812,2.7902973395931143,2,2014,K002+KI01+KA07,K003+K006+KA15+KA16+KI17+KI21
cnn_adabn,target,conformal_class_conditional,,,,,0.7496087636932708,1.4992175273865416,2,2014,K002+KI01+KA07,K003+K006+KA15+KA16+KI17+KI21
cnn_adabn,combined,raw,0.49765258215962443,0.452814363199374,0.04225352112676056,1.0,,,2,2014,K002+KI01+KA07,K003+K006+KA15+KA16+KI17+KI21
cnn_adabn,combined,temperature,0.49765258215962443,0.29810033570193134,0.06259780907668232,1.0,,,2,2014,K002+KI01+KA07,K003+K006+KA15+KA16+KI17+KI21
cnn_adabn,combined,isotonic,0.38184663536776214,0.2314144180963061,0.0892018779342723,1.0,,,2,2014,K002+KI01+KA07,K003+K006+KA15+KA16+KI17+KI21
cnn_adabn,combined,conformal_marginal,,,,,0.9311424100156495,2.816901408450704,2,2014,K002+KI01+KA07,K003+K006+KA15+KA16+KI17+KI21
cnn_adabn,combined,conformal_class_conditional,,,,,0.8748043818466353,2.3974960876369327,2,2014,K002+KI01+KA07,K003+K006+KA15+KA16+KI17+KI21
cnn_adabn,source,raw,0.4599686028257457,0.4635523430532182,0.2621664050235479,0.04790419161676647,,,2,2015,K004+KI03+KA09,K005+K006+KA22+KA30+KI14+KI21
cnn_adabn,source,temperature,0.4599686028257457,0.13693141700686784,0.2684458398744113,0.04678362573099415,,,2,2015,K004+KI03+KA09,K005+K006+KA22+KA30+KI14+KI21
cnn_adabn,source,isotonic,0.27629513343799056,0.4892561019816976,0.21664050235478807,0.057971014492753624,,,2,2015,K004+KI03+KA09,K005+K006+KA22+KA30+KI14+KI21
cnn_adabn,source,conformal_marginal,,,,,0.9843014128728415,2.455259026687598,2,2015,K004+KI03+KA09,K005+K006+KA22+KA30+KI14+KI21
cnn_adabn,source,conformal_class_conditional,,,,,0.6216640502354788,1.7472527472527473,2,2015,K004+KI03+KA09,K005+K006+KA22+KA30+KI14+KI21
cnn_adabn,target,raw,0.4599686028257457,0.4635523430532182,0.0,,,,2,2015,K004+KI03+KA09,K005+K006+KA22+KA30+KI14+KI21
cnn_adabn,target,temperature,0.4599686028257457,0.23978786279048922,0.0,,,,2,2015,K004+KI03+KA09,K005+K006+KA22+KA30+KI14+KI21
cnn_adabn,target,isotonic,0.5007849293563579,0.287165251509122,0.25117739403453687,0.0,,,2,2015,K004+KI03+KA09,K005+K006+KA22+KA30+KI14+KI21
cnn_adabn,target,conformal_marginal,,,,,0.989010989010989,2.491365777080063,2,2015,K004+KI03+KA09,K005+K006+KA22+KA30+KI14+KI21
cnn_adabn,target,conformal_class_conditional,,,,,0.9544740973312402,1.8508634222919937,2,2015,K004+KI03+KA09,K005+K006+KA22+KA30+KI14+KI21
cnn_adabn,combined,raw,0.4599686028257457,0.4635523430532182,0.0,,,,2,2015,K004+KI03+KA09,K005+K006+KA22+KA30+KI14+KI21
cnn_adabn,combined,temperature,0.4599686028257457,0.22233446923702863,0.0,,,,2,2015,K004+KI03+KA09,K005+K006+KA22+KA30+KI14+KI21
cnn_adabn,combined,isotonic,0.4945054945054945,0.13326186264533668,0.25117739403453687,0.0,,,2,2015,K004+KI03+KA09,K005+K006+KA22+KA30+KI14+KI21
cnn_adabn,combined,conformal_marginal,,,,,0.9843014128728415,2.4536891679748822,2,2015,K004+KI03+KA09,K005+K006+KA22+KA30+KI14+KI21
cnn_adabn,combined,conformal_class_conditional,,,,,0.9215070643642073,2.486656200941915,2,2015,K004+KI03+KA09,K005+K006+KA22+KA30+KI14+KI21
cnn_adabn,source,raw,0.609105180533752,0.24977821500156977,0.0,,,,2,2016,K001+KI07+KA03,K003+K006+KA04+KA16+KI14+KI17
cnn_adabn,source,temperature,0.609105180533752,0.16174411217650805,0.0,,,,2,2016,K001+KI07+KA03,K003+K006+KA04+KA16+KI14+KI17
cnn_adabn,source,isotonic,0.6923076923076923,0.26893382024595314,0.4740973312401884,0.32781456953642385,,,2,2016,K001+KI07+KA03,K003+K006+KA04+KA16+KI14+KI17
cnn_adabn,source,conformal_marginal,,,,,0.9764521193092621,2.535321821036107,2,2016,K001+KI07+KA03,K003+K006+KA04+KA16+KI14+KI17
cnn_adabn,source,conformal_class_conditional,,,,,0.7362637362637363,1.3029827315541602,2,2016,K001+KI07+KA03,K003+K006+KA04+KA16+KI14+KI17
cnn_adabn,target,raw,0.609105180533752,0.24977821500156977,0.0,,,,2,2016,K001+KI07+KA03,K003+K006+KA04+KA16+KI14+KI17
cnn_adabn,target,temperature,0.609105180533752,0.06858861276188294,0.023547880690737835,0.0,,,2,2016,K001+KI07+KA03,K003+K006+KA04+KA16+KI14+KI17
cnn_adabn,target,isotonic,0.5070643642072213,0.2952256820719331,0.38461538461538464,0.32653061224489793,,,2,2016,K001+KI07+KA03,K003+K006+KA04+KA16+KI14+KI17
cnn_adabn,target,conformal_marginal,,,,,0.9073783359497645,2.17425431711146,2,2016,K001+KI07+KA03,K003+K006+KA04+KA16+KI14+KI17
cnn_adabn,target,conformal_class_conditional,,,,,0.8555729984301413,1.7551020408163265,2,2016,K001+KI07+KA03,K003+K006+KA04+KA16+KI14+KI17
cnn_adabn,combined,raw,0.609105180533752,0.24977821500156977,0.0,,,,2,2016,K001+KI07+KA03,K003+K006+KA04+KA16+KI14+KI17
cnn_adabn,combined,temperature,0.609105180533752,0.09926910014514108,0.023547880690737835,0.0,,,2,2016,K001+KI07+KA03,K003+K006+KA04+KA16+KI14+KI17
cnn_adabn,combined,isotonic,0.5070643642072213,0.26415168011597256,0.10047095761381476,0.0,,,2,2016,K001+KI07+KA03,K003+K006+KA04+KA16+KI14+KI17
cnn_adabn,combined,conformal_marginal,,,,,0.9544740973312402,2.403453689167975,2,2016,K001+KI07+KA03,K003+K006+KA04+KA16+KI14+KI17
cnn_adabn,combined,conformal_class_conditional,,,,,0.967032967032967,2.010989010989011,2,2016,K001+KI07+KA03,K003+K006+KA04+KA16+KI14+KI17
cnn_adabn,source,raw,0.4411302982731554,0.42772296550361066,0.0,,,,2,2017,K002+KI03+KA05,K003+K006+KA16+KA22+KI16+KI21
cnn_adabn,source,temperature,0.4411302982731554,0.053163923640028816,0.0,,,,2,2017,K002+KI03+KA05,K003+K006+KA16+KA22+KI16+KI21
cnn_adabn,source,isotonic,0.35949764521193095,0.0999897856604515,0.13657770800627944,0.7701149425287356,,,2,2017,K002+KI03+KA05,K003+K006+KA16+KA22+KI16+KI21
cnn_adabn,source,conformal_marginal,,,,,0.9827315541601256,2.9199372056514914,2,2017,K002+KI03+KA05,K003+K006+KA16+KA22+KI16+KI21
cnn_adabn,source,conformal_class_conditional,,,,,0.7519623233908949,2.3343799058084773,2,2017,K002+KI03+KA05,K003+K006+KA16+KA22+KI16+KI21
cnn_adabn,target,raw,0.4411302982731554,0.42772296550361066,0.0,,,,2,2017,K002+KI03+KA05,K003+K006+KA16+KA22+KI16+KI21
cnn_adabn,target,temperature,0.4411302982731554,0.0929544062656673,0.0,,,,2,2017,K002+KI03+KA05,K003+K006+KA16+KA22+KI16+KI21
cnn_adabn,target,isotonic,0.5007849293563579,0.0678980740479519,0.0,,,,2,2017,K002+KI03+KA05,K003+K006+KA16+KA22+KI16+KI21
cnn_adabn,target,conformal_marginal,,,,,1.0,3.0,2,2017,K002+KI03+KA05,K003+K006+KA16+KA22+KI16+KI21
cnn_adabn,target,conformal_class_conditional,,,,,0.8744113029827315,2.0,2,2017,K002+KI03+KA05,K003+K006+KA16+KA22+KI16+KI21
cnn_adabn,combined,raw,0.4411302982731554,0.42772296550361066,0.0,,,,2,2017,K002+KI03+KA05,K003+K006+KA16+KA22+KI16+KI21
cnn_adabn,combined,temperature,0.4411302982731554,0.05316404079495105,0.0,,,,2,2017,K002+KI03+KA05,K003+K006+KA16+KA22+KI16+KI21
cnn_adabn,combined,isotonic,0.4050235478806907,0.14311496115269773,0.0,,,,2,2017,K002+KI03+KA05,K003+K006+KA16+KA22+KI16+KI21
cnn_adabn,combined,conformal_marginal,,,,,1.0,3.0,2,2017,K002+KI03+KA05,K003+K006+KA16+KA22+KI16+KI21
cnn_adabn,combined,conformal_class_conditional,,,,,1.0,2.938775510204082,2,2017,K002+KI03+KA05,K003+K006+KA16+KA22+KI16+KI21
cnn_adabn,source,raw,0.3563579277864992,0.6190253040307693,0.13814756671899528,0.5113636363636364,,,2,2018,K001+KI08+KA07,K003+K005+KA04+KA30+KI04+KI21
cnn_adabn,source,temperature,0.3563579277864992,0.23204848123430574,0.1836734693877551,0.4700854700854701,,,2,2018,K001+KI08+KA07,K003+K005+KA04+KA30+KI04+KI21
cnn_adabn,source,isotonic,0.29984301412872844,0.3451874898264335,0.19152276295133439,0.7131147540983607,,,2,2018,K001+KI08+KA07,K003+K005+KA04+KA30+KI04+KI21
cnn_adabn,source,conformal_marginal,,,,,0.7739403453689168,2.282574568288854,2,2018,K001+KI08+KA07,K003+K005+KA04+KA30+KI04+KI21
cnn_adabn,source,conformal_class_conditional,,,,,0.41444270015698587,1.7425431711145998,2,2018,K001+KI08+KA07,K003+K005+KA04+KA30+KI04+KI21
cnn_adabn,target,raw,0.3563579277864992,0.6190253040307693,0.0,,,,2,2018,K001+KI08+KA07,K003+K005+KA04+KA30+KI04+KI21
cnn_adabn,target,temperature,0.3563579277864992,0.29534333148124287,0.0,,,,2,2018,K001+KI08+KA07,K003+K005+KA04+KA30+KI04+KI21
cnn_adabn,target,isotonic,0.27001569858712715,0.4810377144008299,0.47095761381475665,0.7333333333333333,,,2,2018,K001+KI08+KA07,K003+K005+KA04+KA30+KI04+KI21
cnn_adabn,target,conformal_marginal,,,,,0.8634222919937206,2.5588697017268447,2,2018,K001+KI08+KA07,K003+K005+KA04+KA30+KI04+KI21
cnn_adabn,target,conformal_class_conditional,,,,,0.6216640502354788,1.6122448979591837,2,2018,K001+KI08+KA07,K003+K005+KA04+KA30+KI04+KI21
cnn_adabn,combined,raw,0.3563579277864992,0.6190253040307693,0.0,,,,2,2018,K001+KI08+KA07,K003+K005+KA04+KA30+KI04+KI21
cnn_adabn,combined,temperature,0.3563579277864992,0.2692211603741528,0.0,,,,2,2018,K001+KI08+KA07,K003+K005+KA04+KA30+KI04+KI21
cnn_adabn,combined,isotonic,0.2684458398744113,0.33317220883102805,0.1836734693877551,0.6923076923076923,,,2,2018,K001+KI08+KA07,K003+K005+KA04+KA30+KI04+KI21
cnn_adabn,combined,conformal_marginal,,,,,0.8116169544740973,2.414442700156986,2,2018,K001+KI08+KA07,K003+K005+KA04+KA30+KI04+KI21
cnn_adabn,combined,conformal_class_conditional,,,,,0.7346938775510204,2.208791208791209,2,2018,K001+KI08+KA07,K003+K005+KA04+KA30+KI04+KI21
cnn_adabn,source,raw,0.3573667711598746,0.5543680171833856,0.22413793103448276,0.4195804195804196,,,2,2019,K001+KI08+KA07,K003+K006+KA15+KA30+KI16+KI17
cnn_adabn,source,temperature,0.3573667711598746,0.10692018296168702,0.274294670846395,0.38285714285714284,,,2,2019,K001+KI08+KA07,K003+K006+KA15+KA30+KI16+KI17
cnn_adabn,source,isotonic,0.37460815047021945,0.3365151914700011,0.28213166144200624,0.46111111111111114,,,2,2019,K001+KI08+KA07,K003+K006+KA15+KA30+KI16+KI17
cnn_adabn,source,conformal_marginal,,,,,0.7852664576802508,2.177115987460815,2,2019,K001+KI08+KA07,K003+K006+KA15+KA30+KI16+KI17
cnn_adabn,source,conformal_class_conditional,,,,,0.3934169278996865,1.6316614420062696,2,2019,K001+KI08+KA07,K003+K006+KA15+KA30+KI16+KI17
cnn_adabn,target,raw,0.3573667711598746,0.5543680171833856,0.029780564263322883,0.42105263157894735,,,2,2019,K001+KI08+KA07,K003+K006+KA15+KA30+KI16+KI17
cnn_adabn,target,temperature,0.3573667711598746,0.1885291180955283,0.034482758620689655,0.36363636363636365,,,2,2019,K001+KI08+KA07,K003+K006+KA15+KA30+KI16+KI17
cnn_adabn,target,isotonic,0.2304075235109718,0.42692267301538206,0.3981191222570533,0.44881889763779526,,,2,2019,K001+KI08+KA07,K003+K006+KA15+KA30+KI16+KI17
cnn_adabn,target,conformal_marginal,,,,,0.85423197492163,2.4106583072100314,2,2019,K001+KI08+KA07,K003+K006+KA15+KA30+KI16+KI17
cnn_adabn,target,conformal_class_conditional,,,,,0.5846394984326019,1.7523510971786833,2,2019,K001+KI08+KA07,K003+K006+KA15+KA30+KI16+KI17
cnn_adabn,combined,raw,0.3573667711598746,0.5543680171833856,0.029780564263322883,0.42105263157894735,,,2,2019,K001+KI08+KA07,K003+K006+KA15+KA30+KI16+KI17
cnn_adabn,combined,temperature,0.3573667711598746,0.17152812181104116,0.034482758620689655,0.36363636363636365,,,2,2019,K001+KI08+KA07,K003+K006+KA15+KA30+KI16+KI17
cnn_adabn,combined,isotonic,0.3761755485893417,0.246070261628968,0.05956112852664577,0.21052631578947367,,,2,2019,K001+KI08+KA07,K003+K006+KA15+KA30+KI16+KI17
cnn_adabn,combined,conformal_marginal,,,,,0.8103448275862069,2.2852664576802506,2,2019,K001+KI08+KA07,K003+K006+KA15+KA30+KI16+KI17
cnn_adabn,combined,conformal_class_conditional,,,,,0.5642633228840125,1.8683385579937304,2,2019,K001+KI08+KA07,K003+K006+KA15+KA30+KI16+KI17
cnn_adabn,source,raw,0.3637795275590551,0.5749918663599999,0.3700787401574803,0.7489361702127659,,,2,2020,K001+KI01+KA07,K003+K005+KA04+KA22+KI16+KI18
cnn_adabn,source,temperature,0.3637795275590551,0.383240873872665,0.4220472440944882,0.746268656716418,,,2,2020,K001+KI01+KA07,K003+K005+KA04+KA22+KI16+KI18
cnn_adabn,source,isotonic,0.3637795275590551,0.46183713354264544,0.7338582677165354,0.6738197424892703,,,2,2020,K001+KI01+KA07,K003+K005+KA04+KA22+KI16+KI18
cnn_adabn,source,conformal_marginal,,,,,0.6488188976377953,1.7700787401574802,2,2020,K001+KI01+KA07,K003+K005+KA04+KA22+KI16+KI18
cnn_adabn,source,conformal_class_conditional,,,,,0.3165354330708661,1.0535433070866143,2,2020,K001+KI01+KA07,K003+K005+KA04+KA22+KI16+KI18
cnn_adabn,target,raw,0.3637795275590551,0.5749918663599999,0.3858267716535433,0.7428571428571429,,,2,2020,K001+KI01+KA07,K003+K005+KA04+KA22+KI16+KI18
cnn_adabn,target,temperature,0.3637795275590551,0.38715280207735403,0.37480314960629924,0.7352941176470589,,,2,2020,K001+KI01+KA07,K003+K005+KA04+KA22+KI16+KI18
cnn_adabn,target,isotonic,0.3905511811023622,0.4169172068632497,0.537007874015748,0.7595307917888563,,,2,2020,K001+KI01+KA07,K003+K005+KA04+KA22+KI16+KI18
cnn_adabn,target,conformal_marginal,,,,,0.7338582677165354,2.278740157480315,2,2020,K001+KI01+KA07,K003+K005+KA04+KA22+KI16+KI18
cnn_adabn,target,conformal_class_conditional,,,,,0.49921259842519683,1.4929133858267716,2,2020,K001+KI01+KA07,K003+K005+KA04+KA22+KI16+KI18
cnn_adabn,combined,raw,0.3637795275590551,0.5749918663599999,0.384251968503937,0.7418032786885246,,,2,2020,K001+KI01+KA07,K003+K005+KA04+KA22+KI16+KI18
cnn_adabn,combined,temperature,0.3637795275590551,0.39455238925868524,0.3826771653543307,0.7366255144032922,,,2,2020,K001+KI01+KA07,K003+K005+KA04+KA22+KI16+KI18
cnn_adabn,combined,isotonic,0.3889763779527559,0.3454520077848594,0.4204724409448819,0.7228464419475655,,,2,2020,K001+KI01+KA07,K003+K005+KA04+KA22+KI16+KI18
cnn_adabn,combined,conformal_marginal,,,,,0.705511811023622,2.0062992125984254,2,2020,K001+KI01+KA07,K003+K005+KA04+KA22+KI16+KI18
cnn_adabn,combined,conformal_class_conditional,,,,,0.6236220472440945,1.847244094488189,2,2020,K001+KI01+KA07,K003+K005+KA04+KA22+KI16+KI18
cnn_adabn,source,raw,0.3652037617554859,0.46668320011630093,0.0,,,,2,2021,K004+KI03+KA05,K005+K006+KA15+KA16+KI17+KI18
cnn_adabn,source,temperature,0.3652037617554859,0.09412567328185853,0.0,,,,2,2021,K004+KI03+KA05,K005+K006+KA15+KA16+KI17+KI18
cnn_adabn,source,isotonic,0.26489028213166144,0.3117694188837131,0.13949843260188088,0.0,,,2,2021,K004+KI03+KA05,K005+K006+KA15+KA16+KI17+KI18
cnn_adabn,source,conformal_marginal,,,,,0.9686520376175548,2.652037617554859,2,2021,K004+KI03+KA05,K005+K006+KA15+KA16+KI17+KI18
cnn_adabn,source,conformal_class_conditional,,,,,0.6050156739811913,2.050156739811912,2,2021,K004+KI03+KA05,K005+K006+KA15+KA16+KI17+KI18
cnn_adabn,target,raw,0.3652037617554859,0.46668320011630093,0.2006269592476489,0.265625,,,2,2021,K004+KI03+KA05,K005+K006+KA15+KA16+KI17+KI18
cnn_adabn,target,temperature,0.3652037617554859,0.30551362215613864,0.2084639498432602,0.2781954887218045,,,2,2021,K004+KI03+KA05,K005+K006+KA15+KA16+KI17+KI18
cnn_adabn,target,isotonic,0.3557993730407524,0.4410609772332795,0.49686520376175547,0.4952681388012618,,,2,2021,K004+KI03+KA05,K005+K006+KA15+KA16+KI17+KI18
cnn_adabn,target,conformal_marginal,,,,,0.7523510971786834,1.901253918495298,2,2021,K004+KI03+KA05,K005+K006+KA15+KA16+KI17+KI18
cnn_adabn,target,conformal_class_conditional,,,,,0.5783699059561128,1.4623824451410659,2,2021,K004+KI03+KA05,K005+K006+KA15+KA16+KI17+KI18
cnn_adabn,combined,raw,0.3652037617554859,0.46668320011630093,0.15673981191222572,0.16,,,2,2021,K004+KI03+KA05,K005+K006+KA15+KA16+KI17+KI18
cnn_adabn,combined,temperature,0.3652037617554859,0.18931421538233562,0.15517241379310345,0.15151515151515152,,,2,2021,K004+KI03+KA05,K005+K006+KA15+KA16+KI17+KI18
cnn_adabn,combined,isotonic,0.3385579937304075,0.3559039939016033,0.41379310344827586,0.3939393939393939,,,2,2021,K004+KI03+KA05,K005+K006+KA15+KA16+KI17+KI18
cnn_adabn,combined,conformal_marginal,,,,,0.9529780564263323,2.5344827586206895,2,2021,K004+KI03+KA05,K005+K006+KA15+KA16+KI17+KI18
cnn_adabn,combined,conformal_class_conditional,,,,,0.6253918495297806,2.0564263322884013,2,2021,K004+KI03+KA05,K005+K006+KA15+KA16+KI17+KI18
cnn_adabn,source,raw,0.6141732283464567,0.2716634607847245,0.4692913385826772,0.540268456375839,,,2,2022,K004+KI01+KA07,K003+K005+KA04+KA22+KI04+KI14
cnn_adabn,source,temperature,0.6141732283464567,0.23380351992774204,0.5196850393700787,0.4818181818181818,,,2,2022,K004+KI01+KA07,K003+K005+KA04+KA22+KI04+KI14
cnn_adabn,source,isotonic,0.3779527559055118,0.3629306104943455,0.7606299212598425,0.587991718426501,,,2,2022,K004+KI01+KA07,K003+K005+KA04+KA22+KI04+KI14
cnn_adabn,source,conformal_marginal,,,,,0.9149606299212598,2.168503937007874,2,2022,K004+KI01+KA07,K003+K005+KA04+KA22+KI04+KI14
cnn_adabn,source,conformal_class_conditional,,,,,0.4188976377952756,1.2551181102362206,2,2022,K004+KI01+KA07,K003+K005+KA04+KA22+KI04+KI14
cnn_adabn,target,raw,0.6141732283464567,0.2716634607847245,0.11811023622047244,0.3466666666666667,,,2,2022,K004+KI01+KA07,K003+K005+KA04+KA22+KI04+KI14
cnn_adabn,target,temperature,0.6141732283464567,0.26189992248993144,0.14173228346456693,0.3333333333333333,,,2,2022,K004+KI01+KA07,K003+K005+KA04+KA22+KI04+KI14
cnn_adabn,target,isotonic,0.49921259842519683,0.07706975267743799,0.12598425196850394,0.0375,,,2,2022,K004+KI01+KA07,K003+K005+KA04+KA22+KI04+KI14
cnn_adabn,target,conformal_marginal,,,,,0.9039370078740158,2.0755905511811026,2,2022,K004+KI01+KA07,K003+K005+KA04+KA22+KI04+KI14
cnn_adabn,target,conformal_class_conditional,,,,,0.9354330708661417,1.8866141732283463,2,2022,K004+KI01+KA07,K003+K005+KA04+KA22+KI04+KI14
cnn_adabn,combined,raw,0.6141732283464567,0.2716634607847245,0.11811023622047244,0.3466666666666667,,,2,2022,K004+KI01+KA07,K003+K005+KA04+KA22+KI04+KI14
cnn_adabn,combined,temperature,0.6141732283464567,0.2685600104745253,0.17165354330708663,0.3669724770642202,,,2,2022,K004+KI01+KA07,K003+K005+KA04+KA22+KI04+KI14
cnn_adabn,combined,isotonic,0.35118110236220473,0.26194167900877463,0.1968503937007874,0.376,,,2,2022,K004+KI01+KA07,K003+K005+KA04+KA22+KI04+KI14
cnn_adabn,combined,conformal_marginal,,,,,0.9133858267716536,2.1496062992125986,2,2022,K004+KI01+KA07,K003+K005+KA04+KA22+KI04+KI14
cnn_adabn,combined,conformal_class_conditional,,,,,0.9196850393700787,2.173228346456693,2,2022,K004+KI01+KA07,K003+K005+KA04+KA22+KI04+KI14
cnn_adabn,source,raw,0.2774294670846395,0.5893558321708464,0.14733542319749215,0.648936170212766,,,2,2023,K002+KI05+KA01,K003+K006+KA16+KA30+KI14+KI21
cnn_adabn,source,temperature,0.2774294670846395,0.21873611626111916,0.13636363636363635,0.5517241379310345,,,2,2023,K002+KI05+KA01,K003+K006+KA16+KA30+KI14+KI21
cnn_adabn,source,isotonic,0.15517241379310345,0.5136644034404725,0.32601880877742945,0.6009615384615384,,,2,2023,K002+KI05+KA01,K003+K006+KA16+KA30+KI14+KI21
cnn_adabn,source,conformal_marginal,,,,,0.9937304075235109,2.835423197492163,2,2023,K002+KI05+KA01,K003+K006+KA16+KA30+KI14+KI21
cnn_adabn,source,conformal_class_conditional,,,,,0.23667711598746083,1.134796238244514,2,2023,K002+KI05+KA01,K003+K006+KA16+KA30+KI14+KI21
cnn_adabn,target,raw,0.2774294670846395,0.5893558321708464,0.006269592476489028,0.75,,,2,2023,K002+KI05+KA01,K003+K006+KA16+KA30+KI14+KI21
cnn_adabn,target,temperature,0.2774294670846395,0.2750876407897877,0.0109717868338558,0.5714285714285714,,,2,2023,K002+KI05+KA01,K003+K006+KA16+KA30+KI14+KI21
cnn_adabn,target,isotonic,0.3777429467084639,0.4741470101568164,0.3401253918495298,0.631336405529954,,,2,2023,K002+KI05+KA01,K003+K006+KA16+KA30+KI14+KI21
cnn_adabn,target,conformal_marginal,,,,,0.9921630094043887,2.8134796238244513,2,2023,K002+KI05+KA01,K003+K006+KA16+KA30+KI14+KI21
cnn_adabn,target,conformal_class_conditional,,,,,0.7523510971786834,1.634796238244514,2,2023,K002+KI05+KA01,K003+K006+KA16+KA30+KI14+KI21
cnn_adabn,combined,raw,0.2774294670846395,0.5893558321708464,0.009404388714733543,0.6666666666666666,,,2,2023,K002+KI05+KA01,K003+K006+KA16+KA30+KI14+KI21
cnn_adabn,combined,temperature,0.2774294670846395,0.25020335180712006,0.014106583072100314,0.4444444444444444,,,2,2023,K002+KI05+KA01,K003+K006+KA16+KA30+KI14+KI21
cnn_adabn,combined,isotonic,0.3824451410658307,0.2292450782433616,0.10344827586206896,0.4696969696969697,,,2,2023,K002+KI05+KA01,K003+K006+KA16+KA30+KI14+KI21
cnn_adabn,combined,conformal_marginal,,,,,0.9937304075235109,2.8260188087774294,2,2023,K002+KI05+KA01,K003+K006+KA16+KA30+KI14+KI21
cnn_adabn,combined,conformal_class_conditional,,,,,0.8746081504702194,2.54858934169279,2,2023,K002+KI05+KA01,K003+K006+KA16+KA30+KI14+KI21
cnn_adabn,source,raw,0.5714285714285714,0.3493871337075353,0.7755102040816326,0.4716599190283401,,,2,2024,K001+KI07+KA07,K003+K006+KA22+KA30+KI14+KI21
cnn_adabn,source,temperature,0.5714285714285714,0.30593773725208767,0.8320251177394035,0.4490566037735849,,,2,2024,K001+KI07+KA07,K003+K006+KA22+KA30+KI14+KI21
cnn_adabn,source,isotonic,0.5054945054945055,0.48649755744805767,0.9277864992150706,0.5228426395939086,,,2,2024,K001+KI07+KA07,K003+K006+KA22+KA30+KI14+KI21
cnn_adabn,source,conformal_marginal,,,,,0.6483516483516484,1.2888540031397173,2,2024,K001+KI07+KA07,K003+K006+KA22+KA30+KI14+KI21
cnn_adabn,source,conformal_class_conditional,,,,,0.4662480376766091,1.021978021978022,2,2024,K001+KI07+KA07,K003+K006+KA22+KA30+KI14+KI21
cnn_adabn,target,raw,0.5714285714285714,0.3493871337075353,0.0,,,,2,2024,K001+KI07+KA07,K003+K006+KA22+KA30+KI14+KI21
cnn_adabn,target,temperature,0.5714285714285714,0.16522922068348858,0.0,,,,2,2024,K001+KI07+KA07,K003+K006+KA22+KA30+KI14+KI21
cnn_adabn,target,isotonic,0.6043956043956044,0.28536524010359393,0.35949764521193095,0.3624454148471616,,,2,2024,K001+KI07+KA07,K003+K006+KA22+KA30+KI14+KI21
cnn_adabn,target,conformal_marginal,,,,,1.0,3.0,2,2024,K001+KI07+KA07,K003+K006+KA22+KA30+KI14+KI21
cnn_adabn,target,conformal_class_conditional,,,,,1.0,1.9497645211930925,2,2024,K001+KI07+KA07,K003+K006+KA22+KA30+KI14+KI21
cnn_adabn,combined,raw,0.5714285714285714,0.3493871337075353,0.0,,,,2,2024,K001+KI07+KA07,K003+K006+KA22+KA30+KI14+KI21
cnn_adabn,combined,temperature,0.5714285714285714,0.1651537075639492,0.0,,,,2,2024,K001+KI07+KA07,K003+K006+KA22+KA30+KI14+KI21
cnn_adabn,combined,isotonic,0.5164835164835165,0.22567078558446835,0.35949764521193095,0.3624454148471616,,,2,2024,K001+KI07+KA07,K003+K006+KA22+KA30+KI14+KI21
cnn_adabn,combined,conformal_marginal,,,,,1.0,2.9952904238618525,2,2024,K001+KI07+KA07,K003+K006+KA22+KA30+KI14+KI21
cnn_adabn,combined,conformal_class_conditional,,,,,1.0,1.9293563579277866,2,2024,K001+KI07+KA07,K003+K006+KA22+KA30+KI14+KI21
cnn_adabn,source,raw,0.24921630094043887,0.7188259148836991,0.0,,,,2,2025,K002+KI03+KA07,K003+K006+KA16+KA30+KI14+KI21
cnn_adabn,source,temperature,0.24921630094043887,0.16407889167392395,0.0,,,,2,2025,K002+KI03+KA07,K003+K006+KA16+KA30+KI14+KI21
cnn_adabn,source,isotonic,0.3322884012539185,0.15243071821079357,0.06739811912225706,0.8372093023255814,,,2,2025,K002+KI03+KA07,K003+K006+KA16+KA30+KI14+KI21
cnn_adabn,source,conformal_marginal,,,,,0.8871473354231975,2.653605015673981,2,2025,K002+KI03+KA07,K003+K006+KA16+KA30+KI14+KI21
cnn_adabn,source,conformal_class_conditional,,,,,0.6269592476489029,2.090909090909091,2,2025,K002+KI03+KA07,K003+K006+KA16+KA30+KI14+KI21
cnn_adabn,target,raw,0.24921630094043887,0.7188259148836991,0.006269592476489028,1.0,,,2,2025,K002+KI03+KA07,K003+K006+KA16+KA30+KI14+KI21
cnn_adabn,target,temperature,0.24921630094043887,0.36751745355542104,0.006269592476489028,1.0,,,2,2025,K002+KI03+KA07,K003+K006+KA16+KA30+KI14+KI21
cnn_adabn,target,isotonic,0.24921630094043887,0.6135513617121443,0.5015673981191222,0.75,,,2,2025,K002+KI03+KA07,K003+K006+KA16+KA30+KI14+KI21
cnn_adabn,target,conformal_marginal,,,,,0.9655172413793104,2.9216300940438873,2,2025,K002+KI03+KA07,K003+K006+KA16+KA30+KI14+KI21
cnn_adabn,target,conformal_class_conditional,,,,,0.6238244514106583,1.4984326018808778,2,2025,K002+KI03+KA07,K003+K006+KA16+KA30+KI14+KI21
cnn_adabn,combined,raw,0.24921630094043887,0.7188259148836991,0.006269592476489028,1.0,,,2,2025,K002+KI03+KA07,K003+K006+KA16+KA30+KI14+KI21
cnn_adabn,combined,temperature,0.24921630094043887,0.2639915835436861,0.006269592476489028,1.0,,,2,2025,K002+KI03+KA07,K003+K006+KA16+KA30+KI14+KI21
cnn_adabn,combined,isotonic,0.24921630094043887,0.4150661032280973,0.06426332288401254,1.0,,,2,2025,K002+KI03+KA07,K003+K006+KA16+KA30+KI14+KI21
cnn_adabn,combined,conformal_marginal,,,,,0.9498432601880877,2.8605015673981193,2,2025,K002+KI03+KA07,K003+K006+KA16+KA30+KI14+KI21
cnn_adabn,combined,conformal_class_conditional,,,,,0.7492163009404389,2.3197492163009406,2,2025,K002+KI03+KA07,K003+K006+KA16+KA30+KI14+KI21
cnn_adabn,source,raw,0.5400313971742543,0.2820957480083204,0.0,,,,2,2026,K004+KI05+KA08,K003+K005+KA04+KA15+KI16+KI17
cnn_adabn,source,temperature,0.5400313971742543,0.14445679035989575,0.0,,,,2,2026,K004+KI05+KA08,K003+K005+KA04+KA15+KI16+KI17
cnn_adabn,source,isotonic,0.25117739403453687,0.18408939598166224,0.0,,,,2,2026,K004+KI05+KA08,K003+K005+KA04+KA15+KI16+KI17
cnn_adabn,source,conformal_marginal,,,,,1.0,2.497645211930926,2,2026,K004+KI05+KA08,K003+K005+KA04+KA15+KI16+KI17
cnn_adabn,source,conformal_class_conditional,,,,,0.6671899529042387,1.814756671899529,2,2026,K004+KI05+KA08,K003+K005+KA04+KA15+KI16+KI17
cnn_adabn,target,raw,0.5400313971742543,0.2820957480083204,0.23547880690737832,0.0,,,2,2026,K004+KI05+KA08,K003+K005+KA04+KA15+KI16+KI17
cnn_adabn,target,temperature,0.5400313971742543,0.14756399802729364,0.24175824175824176,0.0,,,2,2026,K004+KI05+KA08,K003+K005+KA04+KA15+KI16+KI17
cnn_adabn,target,isotonic,0.46938775510204084,0.2067312723774845,0.6483516483516484,0.5181598062953995,,,2,2026,K004+KI05+KA08,K003+K005+KA04+KA15+KI16+KI17
cnn_adabn,target,conformal_marginal,,,,,1.0,2.489795918367347,2,2026,K004+KI05+KA08,K003+K005+KA04+KA15+KI16+KI17
cnn_adabn,target,conformal_class_conditional,,,,,0.8728414442700158,1.7048665620094192,2,2026,K004+KI05+KA08,K003+K005+KA04+KA15+KI16+KI17
cnn_adabn,combined,raw,0.5400313971742543,0.2820957480083204,0.23547880690737832,0.0,,,2,2026,K004+KI05+KA08,K003+K005+KA04+KA15+KI16+KI17
cnn_adabn,combined,temperature,0.5400313971742543,0.16862372560108985,0.24175824175824176,0.0,,,2,2026,K004+KI05+KA08,K003+K005+KA04+KA15+KI16+KI17
cnn_adabn,combined,isotonic,0.5023547880690737,0.13040323258527692,0.12558869701726844,0.0,,,2,2026,K004+KI05+KA08,K003+K005+KA04+KA15+KI16+KI17
cnn_adabn,combined,conformal_marginal,,,,,1.0,2.4960753532182105,2,2026,K004+KI05+KA08,K003+K005+KA04+KA15+KI16+KI17
cnn_adabn,combined,conformal_class_conditional,,,,,0.8602825745682888,2.2480376766091053,2,2026,K004+KI05+KA08,K003+K005+KA04+KA15+KI16+KI17
cnn_adabn,source,raw,0.4561128526645768,0.4741361275189655,0.2115987460815047,0.37037037037037035,,,2,2027,K002+KI08+KA06,K003+K005+KA15+KA16+KI14+KI21
cnn_adabn,source,temperature,0.4561128526645768,0.13988231219202324,0.21003134796238246,0.35074626865671643,,,2,2027,K002+KI08+KA06,K003+K005+KA15+KA16+KI14+KI21
cnn_adabn,source,isotonic,0.4341692789968652,0.3264800395239401,0.8103448275862069,0.5667311411992263,,,2,2027,K002+KI08+KA06,K003+K005+KA15+KA16+KI14+KI21
cnn_adabn,source,conformal_marginal,,,,,0.9247648902821317,2.45141065830721,2,2027,K002+KI08+KA06,K003+K005+KA15+KA16+KI14+KI21
cnn_adabn,source,conformal_class_conditional,,,,,0.46551724137931033,1.6865203761755485,2,2027,K002+KI08+KA06,K003+K005+KA15+KA16+KI14+KI21
cnn_adabn,target,raw,0.4561128526645768,0.4741361275189655,0.11912225705329153,0.0,,,2,2027,K002+KI08+KA06,K003+K005+KA15+KA16+KI14+KI21
cnn_adabn,target,temperature,0.4561128526645768,0.19000820901074122,0.1206896551724138,0.0,,,2,2027,K002+KI08+KA06,K003+K005+KA15+KA16+KI14+KI21
cnn_adabn,target,isotonic,0.5,0.299731259811979,0.34796238244514105,0.35585585585585583,,,2,2027,K002+KI08+KA06,K003+K005+KA15+KA16+KI14+KI21
cnn_adabn,target,conformal_marginal,,,,,0.9968652037617555,2.7351097178683386,2,2027,K002+KI08+KA06,K003+K005+KA15+KA16+KI14+KI21
cnn_adabn,target,conformal_class_conditional,,,,,0.8683385579937304,1.6316614420062696,2,2027,K002+KI08+KA06,K003+K005+KA15+KA16+KI14+KI21
cnn_adabn,combined,raw,0.4561128526645768,0.4741361275189655,0.11912225705329153,0.0,,,2,2027,K002+KI08+KA06,K003+K005+KA15+KA16+KI14+KI21
cnn_adabn,combined,temperature,0.4561128526645768,0.1543066348219932,0.1206896551724138,0.0,,,2,2027,K002+KI08+KA06,K003+K005+KA15+KA16+KI14+KI21
cnn_adabn,combined,isotonic,0.5015673981191222,0.15062919187572058,0.15203761755485892,0.13402061855670103,,,2,2027,K002+KI08+KA06,K003+K005+KA15+KA16+KI14+KI21
cnn_adabn,combined,conformal_marginal,,,,,0.9811912225705329,2.6614420062695925,2,2027,K002+KI08+KA06,K003+K005+KA15+KA16+KI14+KI21
cnn_adabn,combined,conformal_class_conditional,,,,,0.8730407523510971,2.329153605015674,2,2027,K002+KI08+KA06,K003+K005+KA15+KA16+KI14+KI21
cnn_adabn,source,raw,0.3893249607535322,0.5444944575329671,0.0,,,,2,2028,K002+KI07+KA06,K005+K006+KA15+KA30+KI14+KI16
cnn_adabn,source,temperature,0.3893249607535322,0.09435248324298606,0.0,,,,2,2028,K002+KI07+KA06,K005+K006+KA15+KA30+KI14+KI16
cnn_adabn,source,isotonic,0.4976452119309262,0.15453431476296497,0.2653061224489796,0.46153846153846156,,,2,2028,K002+KI07+KA06,K005+K006+KA15+KA30+KI14+KI16
cnn_adabn,source,conformal_marginal,,,,,0.9230769230769231,2.411302982731554,2,2028,K002+KI07+KA06,K005+K006+KA15+KA30+KI14+KI16
cnn_adabn,source,conformal_class_conditional,,,,,0.4662480376766091,1.8241758241758241,2,2028,K002+KI07+KA06,K005+K006+KA15+KA30+KI14+KI16
cnn_adabn,target,raw,0.3893249607535322,0.5444944575329671,0.4301412872841444,0.48175182481751827,,,2,2028,K002+KI07+KA06,K005+K006+KA15+KA30+KI14+KI16
cnn_adabn,target,temperature,0.3893249607535322,0.33214087649720314,0.434850863422292,0.48375451263537905,,,2,2028,K002+KI07+KA06,K005+K006+KA15+KA30+KI14+KI16
cnn_adabn,target,isotonic,0.4301412872841444,0.39659710415693217,0.5525902668759811,0.5227272727272727,,,2,2028,K002+KI07+KA06,K005+K006+KA15+KA30+KI14+KI16
cnn_adabn,target,conformal_marginal,,,,,0.6122448979591837,1.2967032967032968,2,2028,K002+KI07+KA06,K005+K006+KA15+KA30+KI14+KI16
cnn_adabn,target,conformal_class_conditional,,,,,0.6185243328100472,1.3312401883830456,2,2028,K002+KI07+KA06,K005+K006+KA15+KA30+KI14+KI16
cnn_adabn,combined,raw,0.3893249607535322,0.5444944575329671,0.22762951334379905,0.31724137931034485,,,2,2028,K002+KI07+KA06,K005+K006+KA15+KA30+KI14+KI16
cnn_adabn,combined,temperature,0.3893249607535322,0.16073656802601027,0.23861852433281006,0.3223684210526316,,,2,2028,K002+KI07+KA06,K005+K006+KA15+KA30+KI14+KI16
cnn_adabn,combined,isotonic,0.4489795918367347,0.18606656526472365,0.21821036106750394,0.38848920863309355,,,2,2028,K002+KI07+KA06,K005+K006+KA15+KA30+KI14+KI16
cnn_adabn,combined,conformal_marginal,,,,,0.8791208791208791,2.119309262166405,2,2028,K002+KI07+KA06,K005+K006+KA15+KA30+KI14+KI16
cnn_adabn,combined,conformal_class_conditional,,,,,0.6467817896389325,2.036106750392465,2,2028,K002+KI07+KA06,K005+K006+KA15+KA30+KI14+KI16
cnn_adabn,source,raw,0.7437106918238994,0.25181561558757876,0.0,,,,2,2029,K001+KI08+KA03,K003+K006+KA04+KA22+KI04+KI21
cnn_adabn,source,temperature,0.7437106918238994,0.3310612737912375,0.0,,,,2,2029,K001+KI08+KA03,K003+K006+KA04+KA22+KI04+KI21
cnn_adabn,source,isotonic,0.41037735849056606,0.10367513850749994,0.7358490566037735,0.6153846153846154,,,2,2029,K001+KI08+KA03,K003+K006+KA04+KA22+KI04+KI21
cnn_adabn,source,conformal_marginal,,,,,0.9858490566037735,2.8459119496855347,2,2029,K001+KI08+KA03,K003+K006+KA04+KA22+KI04+KI21
cnn_adabn,source,conformal_class_conditional,,,,,0.7547169811320755,1.6242138364779874,2,2029,K001+KI08+KA03,K003+K006+KA04+KA22+KI04+KI21
cnn_adabn,target,raw,0.7437106918238994,0.25181561558757876,0.0,,,,2,2029,K001+KI08+KA03,K003+K006+KA04+KA22+KI04+KI21
cnn_adabn,target,temperature,0.7437106918238994,0.2726329353687267,0.0,,,,2,2029,K001+KI08+KA03,K003+K006+KA04+KA22+KI04+KI21
cnn_adabn,target,isotonic,0.7484276729559748,0.07143310652348527,0.25157232704402516,0.00625,,,2,2029,K001+KI08+KA03,K003+K006+KA04+KA22+KI04+KI21
cnn_adabn,target,conformal_marginal,,,,,0.7971698113207547,1.9245283018867925,2,2029,K001+KI08+KA03,K003+K006+KA04+KA22+KI04+KI21
cnn_adabn,target,conformal_class_conditional,,,,,0.8349056603773585,1.679245283018868,2,2029,K001+KI08+KA03,K003+K006+KA04+KA22+KI04+KI21
cnn_adabn,combined,raw,0.7437106918238994,0.25181561558757876,0.0,,,,2,2029,K001+KI08+KA03,K003+K006+KA04+KA22+KI04+KI21
cnn_adabn,combined,temperature,0.7437106918238994,0.3310612246944522,0.0,,,,2,2029,K001+KI08+KA03,K003+K006+KA04+KA22+KI04+KI21
cnn_adabn,combined,isotonic,0.6886792452830188,0.16699774795065642,0.0,,,,2,2029,K001+KI08+KA03,K003+K006+KA04+KA22+KI04+KI21
cnn_adabn,combined,conformal_marginal,,,,,0.8962264150943396,2.5330188679245285,2,2029,K001+KI08+KA03,K003+K006+KA04+KA22+KI04+KI21
cnn_adabn,combined,conformal_class_conditional,,,,,0.8176100628930818,1.800314465408805,2,2029,K001+KI08+KA03,K003+K006+KA04+KA22+KI04+KI21
cnn_adabn,source,raw,0.24960753532182103,0.6566907275288854,0.1271585557299843,0.9753086419753086,,,2,2030,K001+KI01+KA09,K003+K005+KA15+KA16+KI04+KI18
cnn_adabn,source,temperature,0.24960753532182103,0.31858573128533596,0.130298273155416,0.9518072289156626,,,2,2030,K001+KI01+KA09,K003+K005+KA15+KA16+KI04+KI18
cnn_adabn,source,isotonic,0.24960753532182103,0.6040573273752459,0.6357927786499215,0.6814814814814815,,,2,2030,K001+KI01+KA09,K003+K005+KA15+KA16+KI04+KI18
cnn_adabn,source,conformal_marginal,,,,,0.8508634222919937,2.5588697017268447,2,2030,K001+KI01+KA09,K003+K005+KA15+KA16+KI04+KI18
cnn_adabn,source,conformal_class_conditional,,,,,0.23233908948194662,1.1475667189952905,2,2030,K001+KI01+KA09,K003+K005+KA15+KA16+KI04+KI18
cnn_adabn,target,raw,0.24960753532182103,0.6566907275288854,0.0,,,,2,2030,K001+KI01+KA09,K003+K005+KA15+KA16+KI04+KI18
cnn_adabn,target,temperature,0.24960753532182103,0.3203457266717888,0.0,,,,2,2030,K001+KI01+KA09,K003+K005+KA15+KA16+KI04+KI18
cnn_adabn,target,isotonic,0.25117739403453687,0.5096680958150464,0.12244897959183673,1.0,,,2,2030,K001+KI01+KA09,K003+K005+KA15+KA16+KI04+KI18
cnn_adabn,target,conformal_marginal,,,,,0.8775510204081632,2.7127158555729984,2,2030,K001+KI01+KA09,K003+K005+KA15+KA16+KI04+KI18
cnn_adabn,target,conformal_class_conditional,,,,,0.6797488226059655,1.6593406593406594,2,2030,K001+KI01+KA09,K003+K005+KA15+KA16+KI04+KI18
cnn_adabn,combined,raw,0.24960753532182103,0.6566907275288854,0.0,,,,2,2030,K001+KI01+KA09,K003+K005+KA15+KA16+KI04+KI18
cnn_adabn,combined,temperature,0.24960753532182103,0.31966796161273336,0.0,,,,2,2030,K001+KI01+KA09,K003+K005+KA15+KA16+KI04+KI18
cnn_adabn,combined,isotonic,0.304552590266876,0.35927344390856397,0.012558869701726845,1.0,,,2,2030,K001+KI01+KA09,K003+K005+KA15+KA16+KI04+KI18
cnn_adabn,combined,conformal_marginal,,,,,0.8571428571428571,2.583987441130298,2,2030,K001+KI01+KA09,K003+K005+KA15+KA16+KI04+KI18
cnn_adabn,combined,conformal_class_conditional,,,,,0.7708006279434851,2.365777080062794,2,2030,K001+KI01+KA09,K003+K005+KA15+KA16+KI04+KI18
cnn_adabn,source,raw,0.510236220472441,0.40012707799007874,0.14015748031496064,0.12359550561797752,,,2,2031,K002+KI08+KA01,K005+K006+KA04+KA22+KI16+KI18
cnn_adabn,source,temperature,0.510236220472441,0.1319021781133808,0.13385826771653545,0.08235294117647059,,,2,2031,K002+KI08+KA01,K005+K006+KA04+KA22+KI16+KI18
cnn_adabn,source,isotonic,0.3417322834645669,0.29154845075363456,0.0,,,,2,2031,K002+KI08+KA01,K005+K006+KA04+KA22+KI16+KI18
cnn_adabn,source,conformal_marginal,,,,,0.9984251968503937,2.7496062992125982,2,2031,K002+KI08+KA01,K005+K006+KA04+KA22+KI16+KI18
cnn_adabn,source,conformal_class_conditional,,,,,0.13700787401574804,1.015748031496063,2,2031,K002+KI08+KA01,K005+K006+KA04+KA22+KI16+KI18
cnn_adabn,target,raw,0.510236220472441,0.40012707799007874,0.10551181102362205,0.0,,,2,2031,K002+KI08+KA01,K005+K006+KA04+KA22+KI16+KI18
cnn_adabn,target,temperature,0.510236220472441,0.20344174718337613,0.11338582677165354,0.013888888888888888,,,2,2031,K002+KI08+KA01,K005+K006+KA04+KA22+KI16+KI18
cnn_adabn,target,isotonic,0.49921259842519683,0.19072276882530304,0.12125984251968504,0.0,,,2,2031,K002+KI08+KA01,K005+K006+KA04+KA22+KI16+KI18
cnn_adabn,target,conformal_marginal,,,,,0.952755905511811,2.51496062992126,2,2031,K002+KI08+KA01,K005+K006+KA04+KA22+KI16+KI18
cnn_adabn,target,conformal_class_conditional,,,,,0.9811023622047244,1.8566929133858268,2,2031,K002+KI08+KA01,K005+K006+KA04+KA22+KI16+KI18
cnn_adabn,combined,raw,0.510236220472441,0.40012707799007874,0.12125984251968504,0.025974025974025976,,,2,2031,K002+KI08+KA01,K005+K006+KA04+KA22+KI16+KI18
cnn_adabn,combined,temperature,0.510236220472441,0.1682134581743891,0.12598425196850394,0.025,,,2,2031,K002+KI08+KA01,K005+K006+KA04+KA22+KI16+KI18
cnn_adabn,combined,isotonic,0.46141732283464565,0.09879960335794466,0.14015748031496064,0.10112359550561797,,,2,2031,K002+KI08+KA01,K005+K006+KA04+KA22+KI16+KI18
cnn_adabn,combined,conformal_marginal,,,,,0.9826771653543307,2.677165354330709,2,2031,K002+KI08+KA01,K005+K006+KA04+KA22+KI16+KI18
cnn_adabn,combined,conformal_class_conditional,,,,,0.9795275590551181,2.7023622047244094,2,2031,K002+KI08+KA01,K005+K006+KA04+KA22+KI16+KI18
cnn_adabn,source,raw,0.49059561128526646,0.50881010412163,0.0,,,,2,2032,K002+KI01+KA07,K003+K005+KA16+KA30+KI14+KI17
cnn_adabn,source,temperature,0.49059561128526646,0.2473995754969989,0.0,,,,2,2032,K002+KI01+KA07,K003+K005+KA16+KA30+KI14+KI17
cnn_adabn,source,isotonic,0.49843260188087773,0.2682873309804061,0.6865203761755486,0.545662100456621,,,2,2032,K002+KI01+KA07,K003+K005+KA16+KA30+KI14+KI17
cnn_adabn,source,conformal_marginal,,,,,0.9137931034482759,2.5360501567398117,2,2032,K002+KI01+KA07,K003+K005+KA16+KA30+KI14+KI17
cnn_adabn,source,conformal_class_conditional,,,,,0.3652037617554859,1.64576802507837,2,2032,K002+KI01+KA07,K003+K005+KA16+KA30+KI14+KI17
cnn_adabn,target,raw,0.49059561128526646,0.50881010412163,0.47962382445141066,0.7254901960784313,,,2,2032,K002+KI01+KA07,K003+K005+KA16+KA30+KI14+KI17
cnn_adabn,target,temperature,0.49059561128526646,0.41809231918931067,0.47492163009404387,0.7227722772277227,,,2,2032,K002+KI01+KA07,K003+K005+KA16+KA30+KI14+KI17
cnn_adabn,target,isotonic,0.46394984326018807,0.3459267155985082,0.384012539184953,0.6612244897959184,,,2,2032,K002+KI01+KA07,K003+K005+KA16+KA30+KI14+KI17
cnn_adabn,target,conformal_marginal,,,,,0.5344827586206896,1.322884012539185,2,2032,K002+KI01+KA07,K003+K005+KA16+KA30+KI14+KI17
cnn_adabn,target,conformal_class_conditional,,,,,0.5721003134796239,1.384012539184953,2,2032,K002+KI01+KA07,K003+K005+KA16+KA30+KI14+KI17
cnn_adabn,combined,raw,0.49059561128526646,0.50881010412163,0.18808777429467086,0.35833333333333334,,,2,2032,K002+KI01+KA07,K003+K005+KA16+KA30+KI14+KI17
cnn_adabn,combined,temperature,0.49059561128526646,0.32701934841402885,0.21316614420062696,0.4264705882352941,,,2,2032,K002+KI01+KA07,K003+K005+KA16+KA30+KI14+KI17
cnn_adabn,combined,isotonic,0.5,0.28385141752192194,0.2617554858934169,0.5149700598802395,,,2,2032,K002+KI01+KA07,K003+K005+KA16+KA30+KI14+KI17
cnn_adabn,combined,conformal_marginal,,,,,0.8401253918495298,2.377742946708464,2,2032,K002+KI01+KA07,K003+K005+KA16+KA30+KI14+KI17
cnn_adabn,combined,conformal_class_conditional,,,,,0.5329153605015674,1.9796238244514106,2,2032,K002+KI01+KA07,K003+K005+KA16+KA30+KI14+KI17
cnn_adabn,source,raw,0.7488226059654631,0.15869920618320243,0.0,,,,2,2033,K004+KI07+KA06,K003+K005+KA16+KA22+KI04+KI17
cnn_adabn,source,temperature,0.7488226059654631,0.3154484292253354,0.0,,,,2,2033,K004+KI07+KA06,K003+K005+KA16+KA22+KI04+KI17
cnn_adabn,source,isotonic,0.5102040816326531,0.16959074594899198,0.6718995290423861,0.45794392523364486,,,2,2033,K004+KI07+KA06,K003+K005+KA16+KA22+KI04+KI17
cnn_adabn,source,conformal_marginal,,,,,1.0,2.5510204081632653,2,2033,K004+KI07+KA06,K003+K005+KA16+KA22+KI04+KI17
cnn_adabn,source,conformal_class_conditional,,,,,0.3956043956043956,1.1773940345368916,2,2033,K004+KI07+KA06,K003+K005+KA16+KA22+KI04+KI17
cnn_adabn,target,raw,0.7488226059654631,0.15869920618320243,0.11459968602825746,0.0,,,2,2033,K004+KI07+KA06,K003+K005+KA16+KA22+KI04+KI17
cnn_adabn,target,temperature,0.7488226059654631,0.30529625748628453,0.11459968602825746,0.0,,,2,2033,K004+KI07+KA06,K003+K005+KA16+KA22+KI04+KI17
cnn_adabn,target,isotonic,0.631083202511774,0.044519432186048806,0.12558869701726844,0.0,,,2,2033,K004+KI07+KA06,K003+K005+KA16+KA22+KI04+KI17
cnn_adabn,target,conformal_marginal,,,,,0.9937205651491365,2.3453689167974883,2,2033,K004+KI07+KA06,K003+K005+KA16+KA22+KI04+KI17
cnn_adabn,target,conformal_class_conditional,,,,,1.0,1.7849293563579278,2,2033,K004+KI07+KA06,K003+K005+KA16+KA22+KI04+KI17
cnn_adabn,combined,raw,0.7488226059654631,0.15869920618320243,0.11459968602825746,0.0,,,2,2033,K004+KI07+KA06,K003+K005+KA16+KA22+KI04+KI17
cnn_adabn,combined,temperature,0.7488226059654631,0.3085158293042298,0.11459968602825746,0.0,,,2,2033,K004+KI07+KA06,K003+K005+KA16+KA22+KI04+KI17
cnn_adabn,combined,isotonic,0.6200941915227629,0.09871615463640109,0.11616954474097331,0.0,,,2,2033,K004+KI07+KA06,K003+K005+KA16+KA22+KI04+KI17
cnn_adabn,combined,conformal_marginal,,,,,1.0,2.456828885400314,2,2033,K004+KI07+KA06,K003+K005+KA16+KA22+KI04+KI17
cnn_adabn,combined,conformal_class_conditional,,,,,1.0,2.4505494505494507,2,2033,K004+KI07+KA06,K003+K005+KA16+KA22+KI04+KI17
cnn_adabn,source,raw,0.3673469387755102,0.6152423496849294,0.0,,,,2,2034,K002+KI03+KA09,K003+K006+KA04+KA15+KI17+KI18
cnn_adabn,source,temperature,0.3673469387755102,0.36219444563438197,0.0,,,,2,2034,K002+KI03+KA09,K003+K006+KA04+KA15+KI17+KI18
cnn_adabn,source,isotonic,0.2653061224489796,0.43211913401126356,0.1978021978021978,1.0,,,2,2034,K002+KI03+KA09,K003+K006+KA04+KA15+KI17+KI18
cnn_adabn,source,conformal_marginal,,,,,0.7802197802197802,2.497645211930926,2,2034,K002+KI03+KA09,K003+K006+KA04+KA15+KI17+KI18
cnn_adabn,source,conformal_class_conditional,,,,,0.4065934065934066,1.7864992150706436,2,2034,K002+KI03+KA09,K003+K006+KA04+KA15+KI17+KI18
cnn_adabn,target,raw,0.3673469387755102,0.6152423496849294,0.4850863422291994,0.9902912621359223,,,2,2034,K002+KI03+KA09,K003+K006+KA04+KA15+KI17+KI18
cnn_adabn,target,temperature,0.3673469387755102,0.542837541118332,0.48665620094191525,0.9870967741935484,,,2,2034,K002+KI03+KA09,K003+K006+KA04+KA15+KI17+KI18
cnn_adabn,target,isotonic,0.25274725274725274,0.5157293269931494,0.5070643642072213,0.9907120743034056,,,2,2034,K002+KI03+KA09,K003+K006+KA04+KA15+KI17+KI18
cnn_adabn,target,conformal_marginal,,,,,0.4913657770800628,1.511773940345369,2,2034,K002+KI03+KA09,K003+K006+KA04+KA15+KI17+KI18
cnn_adabn,target,conformal_class_conditional,,,,,0.38618524332810045,1.3186813186813187,2,2034,K002+KI03+KA09,K003+K006+KA04+KA15+KI17+KI18
cnn_adabn,combined,raw,0.3673469387755102,0.6152423496849294,0.2668759811616955,1.0,,,2,2034,K002+KI03+KA09,K003+K006+KA04+KA15+KI17+KI18
cnn_adabn,combined,temperature,0.3673469387755102,0.4568623465889204,0.27001569858712715,1.0,,,2,2034,K002+KI03+KA09,K003+K006+KA04+KA15+KI17+KI18
cnn_adabn,combined,isotonic,0.2684458398744113,0.32382449885380216,0.20722135007849293,1.0,,,2,2034,K002+KI03+KA09,K003+K006+KA04+KA15+KI17+KI18
cnn_adabn,combined,conformal_marginal,,,,,0.6891679748822606,2.3422291993720563,2,2034,K002+KI03+KA09,K003+K006+KA04+KA15+KI17+KI18
cnn_adabn,combined,conformal_class_conditional,,,,,0.6420722135007849,2.160125588697017,2,2034,K002+KI03+KA09,K003+K006+KA04+KA15+KI17+KI18
cnn_adabn,source,raw,0.3751962323390895,0.6079977947547879,0.315541601255887,0.6467661691542289,,,2,2035,K001+KI08+KA06,K003+K006+KA04+KA15+KI18+KI21
cnn_adabn,source,temperature,0.3751962323390895,0.11827095375391278,0.3359497645211931,0.616822429906542,,,2,2035,K001+KI08+KA06,K003+K006+KA04+KA15+KI18+KI21
cnn_adabn,source,isotonic,0.3673469387755102,0.41267776315466653,0.5447409733124019,0.6023054755043228,,,2,2035,K001+KI08+KA06,K003+K006+KA04+KA15+KI18+KI21
cnn_adabn,source,conformal_marginal,,,,,0.7111459968602826,2.0031397174254315,2,2035,K001+KI08+KA06,K003+K006+KA04+KA15+KI18+KI21
cnn_adabn,source,conformal_class_conditional,,,,,0.3987441130298273,1.4819466248037676,2,2035,K001+KI08+KA06,K003+K006+KA04+KA15+KI18+KI21
cnn_adabn,target,raw,0.3751962323390895,0.6079977947547879,0.1271585557299843,0.654320987654321,,,2,2035,K001+KI08+KA06,K003+K006+KA04+KA15+KI18+KI21
cnn_adabn,target,temperature,0.3751962323390895,0.30746409700403493,0.13343799058084774,0.6470588235294118,,,2,2035,K001+KI08+KA06,K003+K006+KA04+KA15+KI18+KI21
cnn_adabn,target,isotonic,0.2731554160125589,0.45366916289156817,0.2087912087912088,0.48120300751879697,,,2,2035,K001+KI08+KA06,K003+K006+KA04+KA15+KI18+KI21
cnn_adabn,target,conformal_marginal,,,,,0.7519623233908949,2.1255886970172684,2,2035,K001+KI08+KA06,K003+K006+KA04+KA15+KI18+KI21
cnn_adabn,target,conformal_class_conditional,,,,,0.6169544740973313,1.664050235478807,2,2035,K001+KI08+KA06,K003+K006+KA04+KA15+KI18+KI21
cnn_adabn,combined,raw,0.3751962323390895,0.6079977947547879,0.1271585557299843,0.654320987654321,,,2,2035,K001+KI08+KA06,K003+K006+KA04+KA15+KI18+KI21
cnn_adabn,combined,temperature,0.3751962323390895,0.2231800822088595,0.152276295133438,0.6701030927835051,,,2,2035,K001+KI08+KA06,K003+K006+KA04+KA15+KI18+KI21
cnn_adabn,combined,isotonic,0.271585557299843,0.40357973576684913,0.3469387755102041,0.5429864253393665,,,2,2035,K001+KI08+KA06,K003+K006+KA04+KA15+KI18+KI21
cnn_adabn,combined,conformal_marginal,,,,,0.7127158555729984,2.0156985871271584,2,2035,K001+KI08+KA06,K003+K006+KA04+KA15+KI18+KI21
cnn_adabn,combined,conformal_class_conditional,,,,,0.5698587127158555,1.7959183673469388,2,2035,K001+KI08+KA06,K003+K006+KA04+KA15+KI18+KI21
cnn_adabn,source,raw,0.603448275862069,0.39172932405579947,0.0,,,,2,2036,K001+KI05+KA07,K003+K006+KA15+KA16+KI16+KI21
cnn_adabn,source,temperature,0.603448275862069,0.17568613822372678,0.0,,,,2,2036,K001+KI05+KA07,K003+K006+KA15+KA16+KI16+KI21
cnn_adabn,source,isotonic,0.5924764890282131,0.16515959136148464,0.5736677115987461,0.412568306010929,,,2,2036,K001+KI05+KA07,K003+K006+KA15+KA16+KI16+KI21
cnn_adabn,source,conformal_marginal,,,,,0.9623824451410659,2.4482758620689653,2,2036,K001+KI05+KA07,K003+K006+KA15+KA16+KI16+KI21
cnn_adabn,source,conformal_class_conditional,,,,,0.7351097178683386,1.8401253918495297,2,2036,K001+KI05+KA07,K003+K006+KA15+KA16+KI16+KI21
cnn_adabn,target,raw,0.603448275862069,0.39172932405579947,0.0,,,,2,2036,K001+KI05+KA07,K003+K006+KA15+KA16+KI16+KI21
cnn_adabn,target,temperature,0.603448275862069,0.17568643887642063,0.0,,,,2,2036,K001+KI05+KA07,K003+K006+KA15+KA16+KI16+KI21
cnn_adabn,target,isotonic,0.5971786833855799,0.11528958533811608,0.3103448275862069,0.5959595959595959,,,2,2036,K001+KI05+KA07,K003+K006+KA15+KA16+KI16+KI21
cnn_adabn,target,conformal_marginal,,,,,1.0,2.85423197492163,2,2036,K001+KI05+KA07,K003+K006+KA15+KA16+KI16+KI21
cnn_adabn,target,conformal_class_conditional,,,,,0.8761755485893417,1.8369905956112853,2,2036,K001+KI05+KA07,K003+K006+KA15+KA16+KI16+KI21
cnn_adabn,combined,raw,0.603448275862069,0.39172932405579947,0.0,,,,2,2036,K001+KI05+KA07,K003+K006+KA15+KA16+KI16+KI21
cnn_adabn,combined,temperature,0.603448275862069,0.1756864516879749,0.0,,,,2,2036,K001+KI05+KA07,K003+K006+KA15+KA16+KI16+KI21
cnn_adabn,combined,isotonic,0.603448275862069,0.10908596614610672,0.0,,,,2,2036,K001+KI05+KA07,K003+K006+KA15+KA16+KI16+KI21
cnn_adabn,combined,conformal_marginal,,,,,1.0,2.69435736677116,2,2036,K001+KI05+KA07,K003+K006+KA15+KA16+KI16+KI21
cnn_adabn,combined,conformal_class_conditional,,,,,0.8761755485893417,2.1912225705329154,2,2036,K001+KI05+KA07,K003+K006+KA15+KA16+KI16+KI21
cnn_adabn,source,raw,0.3333333333333333,0.5406595872400943,0.0,,,,2,2037,K004+KI05+KA06,K005+K006+KA04+KA30+KI04+KI14
cnn_adabn,source,temperature,0.3333333333333333,0.17464937954600748,0.0,,,,2,2037,K004+KI05+KA06,K005+K006+KA04+KA30+KI04+KI14
cnn_adabn,source,isotonic,0.2641509433962264,0.4407220709891179,0.5880503144654088,0.5508021390374331,,,2,2037,K004+KI05+KA06,K005+K006+KA04+KA30+KI04+KI14
cnn_adabn,source,conformal_marginal,,,,,0.9355345911949685,2.2279874213836477,2,2037,K004+KI05+KA06,K005+K006+KA04+KA30+KI04+KI14
cnn_adabn,source,conformal_class_conditional,,,,,0.5723270440251572,1.6933962264150944,2,2037,K004+KI05+KA06,K005+K006+KA04+KA30+KI04+KI14
cnn_adabn,target,raw,0.3333333333333333,0.5406595872400943,0.2578616352201258,0.024390243902439025,,,2,2037,K004+KI05+KA06,K005+K006+KA04+KA30+KI04+KI14
cnn_adabn,target,temperature,0.3333333333333333,0.333462408941511,0.2578616352201258,0.024390243902439025,,,2,2037,K004+KI05+KA06,K005+K006+KA04+KA30+KI04+KI14
cnn_adabn,target,isotonic,0.37735849056603776,0.4794212935961467,0.48427672955974843,0.4805194805194805,,,2,2037,K004+KI05+KA06,K005+K006+KA04+KA30+KI04+KI14
cnn_adabn,target,conformal_marginal,,,,,0.9213836477987422,2.1462264150943398,2,2037,K004+KI05+KA06,K005+K006+KA04+KA30+KI04+KI14
cnn_adabn,target,conformal_class_conditional,,,,,0.6933962264150944,1.4622641509433962,2,2037,K004+KI05+KA06,K005+K006+KA04+KA30+KI04+KI14
cnn_adabn,combined,raw,0.3333333333333333,0.5406595872400943,0.2578616352201258,0.024390243902439025,,,2,2037,K004+KI05+KA06,K005+K006+KA04+KA30+KI04+KI14
cnn_adabn,combined,temperature,0.3333333333333333,0.30335916264248863,0.2578616352201258,0.024390243902439025,,,2,2037,K004+KI05+KA06,K005+K006+KA04+KA30+KI04+KI14
cnn_adabn,combined,isotonic,0.37735849056603776,0.374893826702226,0.3223270440251572,0.21951219512195122,,,2,2037,K004+KI05+KA06,K005+K006+KA04+KA30+KI04+KI14
cnn_adabn,combined,conformal_marginal,,,,,0.9323899371069182,2.209119496855346,2,2037,K004+KI05+KA06,K005+K006+KA04+KA30+KI04+KI14
cnn_adabn,combined,conformal_class_conditional,,,,,0.6650943396226415,1.8915094339622642,2,2037,K004+KI05+KA06,K005+K006+KA04+KA30+KI04+KI14
cnn_adabn,source,raw,0.5557299843014128,0.3875858180540032,0.0,,,,2,2038,K004+KI08+KA03,K005+K006+KA04+KA30+KI18+KI21
cnn_adabn,source,temperature,0.5557299843014128,0.14062940113015376,0.0,,,,2,2038,K004+KI08+KA03,K005+K006+KA04+KA30+KI18+KI21
cnn_adabn,source,isotonic,0.1271585557299843,0.3273605920105931,0.3029827315541601,0.9948186528497409,,,2,2038,K004+KI08+KA03,K005+K006+KA04+KA30+KI18+KI21
cnn_adabn,source,conformal_marginal,,,,,0.9387755102040817,2.434850863422292,2,2038,K004+KI08+KA03,K005+K006+KA04+KA30+KI18+KI21
cnn_adabn,source,conformal_class_conditional,,,,,0.673469387755102,1.9701726844583987,2,2038,K004+KI08+KA03,K005+K006+KA04+KA30+KI18+KI21
cnn_adabn,target,raw,0.5557299843014128,0.3875858180540032,0.6075353218210361,0.5090439276485789,,,2,2038,K004+KI08+KA03,K005+K006+KA04+KA30+KI18+KI21
cnn_adabn,target,temperature,0.5557299843014128,0.36981313350871764,0.6012558869701727,0.5091383812010444,,,2,2038,K004+KI08+KA03,K005+K006+KA04+KA30+KI18+KI21
cnn_adabn,target,isotonic,0.4897959183673469,0.43150859748371306,0.783359497645212,0.4088176352705411,,,2,2038,K004+KI08+KA03,K005+K006+KA04+KA30+KI18+KI21
cnn_adabn,target,conformal_marginal,,,,,0.6185243328100472,1.390894819466248,2,2038,K004+KI08+KA03,K005+K006+KA04+KA30+KI18+KI21
cnn_adabn,target,conformal_class_conditional,,,,,0.6185243328100472,1.1899529042386185,2,2038,K004+KI08+KA03,K005+K006+KA04+KA30+KI18+KI21
cnn_adabn,combined,raw,0.5557299843014128,0.3875858180540032,0.0,,,,2,2038,K004+KI08+KA03,K005+K006+KA04+KA30+KI18+KI21
cnn_adabn,combined,temperature,0.5557299843014128,0.13263082408446203,0.0,,,,2,2038,K004+KI08+KA03,K005+K006+KA04+KA30+KI18+KI21
cnn_adabn,combined,isotonic,0.48665620094191525,0.4464307463782782,0.48665620094191525,0.6225806451612903,,,2,2038,K004+KI08+KA03,K005+K006+KA04+KA30+KI18+KI21
cnn_adabn,combined,conformal_marginal,,,,,0.7864992150706437,2.0690737833594977,2,2038,K004+KI08+KA03,K005+K006+KA04+KA30+KI18+KI21
cnn_adabn,combined,conformal_class_conditional,,,,,0.6467817896389325,1.8932496075353218,2,2038,K004+KI08+KA03,K005+K006+KA04+KA30+KI18+KI21
cnn_adabn,source,raw,0.39717425431711145,0.4506381807419151,0.0,,,,2,2039,K004+KI07+KA03,K005+K006+KA15+KA30+KI16+KI18
cnn_adabn,source,temperature,0.39717425431711145,0.13248283173583011,0.0,,,,2,2039,K004+KI07+KA03,K005+K006+KA15+KA30+KI16+KI18
cnn_adabn,source,isotonic,0.19623233908948196,0.3586412713902094,0.4725274725274725,0.7342192691029901,,,2,2039,K004+KI07+KA03,K005+K006+KA15+KA30+KI16+KI18
cnn_adabn,source,conformal_marginal,,,,,0.9968602825745683,2.675039246467818,2,2039,K004+KI07+KA03,K005+K006+KA15+KA30+KI16+KI18
cnn_adabn,source,conformal_class_conditional,,,,,0.6263736263736264,1.8932496075353218,2,2039,K004+KI07+KA03,K005+K006+KA15+KA30+KI16+KI18
cnn_adabn,target,raw,0.39717425431711145,0.4506381807419151,0.6436420722135008,0.5975609756097561,,,2,2039,K004+KI07+KA03,K005+K006+KA15+KA30+KI16+KI18
cnn_adabn,target,temperature,0.39717425431711145,0.43755121529936664,0.6483516483516484,0.6029055690072639,,,2,2039,K004+KI07+KA03,K005+K006+KA15+KA30+KI16+KI18
cnn_adabn,target,isotonic,0.36577708006279436,0.6171815033117362,0.9937205651491365,0.631911532385466,,,2,2039,K004+KI07+KA03,K005+K006+KA15+KA30+KI16+KI18
cnn_adabn,target,conformal_marginal,,,,,0.598116169544741,1.3312401883830456,2,2039,K004+KI07+KA03,K005+K006+KA15+KA30+KI16+KI18
cnn_adabn,target,conformal_class_conditional,,,,,0.3359497645211931,0.9356357927786499,2,2039,K004+KI07+KA03,K005+K006+KA15+KA30+KI16+KI18
cnn_adabn,combined,raw,0.39717425431711145,0.4506381807419151,0.12558869701726844,0.0125,,,2,2039,K004+KI07+KA03,K005+K006+KA15+KA30+KI16+KI18
cnn_adabn,combined,temperature,0.39717425431711145,0.2827928364833766,0.130298273155416,0.012048192771084338,,,2,2039,K004+KI07+KA03,K005+K006+KA15+KA30+KI16+KI18
cnn_adabn,combined,isotonic,0.36106750392464676,0.39349591934091316,0.36891679748822603,0.6212765957446809,,,2,2039,K004+KI07+KA03,K005+K006+KA15+KA30+KI16+KI18
cnn_adabn,combined,conformal_marginal,,,,,0.9748822605965463,2.489795918367347,2,2039,K004+KI07+KA03,K005+K006+KA15+KA30+KI16+KI18
cnn_adabn,combined,conformal_class_conditional,,,,,0.7048665620094191,1.8728414442700156,2,2039,K004+KI07+KA03,K005+K006+KA15+KA30+KI16+KI18
cnn_adabn,source,raw,0.54858934169279,0.38280958358369904,0.0,,,,2,2040,K002+KI08+KA05,K005+K006+KA04+KA15+KI17+KI21
cnn_adabn,source,temperature,0.54858934169279,0.12365800640193703,0.0,,,,2,2040,K002+KI08+KA05,K005+K006+KA04+KA15+KI17+KI21
cnn_adabn,source,isotonic,0.5360501567398119,0.22554867521693955,0.5595611285266457,0.5294117647058824,,,2,2040,K002+KI08+KA05,K005+K006+KA04+KA15+KI17+KI21
cnn_adabn,source,conformal_marginal,,,,,0.9498432601880877,2.531347962382445,2,2040,K002+KI08+KA05,K005+K006+KA04+KA15+KI17+KI21
cnn_adabn,source,conformal_class_conditional,,,,,0.42476489028213166,1.5532915360501567,2,2040,K002+KI08+KA05,K005+K006+KA04+KA15+KI17+KI21
cnn_adabn,target,raw,0.54858934169279,0.38280958358369904,0.26959247648902823,0.3430232558139535,,,2,2040,K002+KI08+KA05,K005+K006+KA04+KA15+KI17+KI21
cnn_adabn,target,temperature,0.54858934169279,0.2755062913507201,0.26959247648902823,0.3372093023255814,,,2,2040,K002+KI08+KA05,K005+K006+KA04+KA15+KI17+KI21
cnn_adabn,target,isotonic,0.4498432601880878,0.3267610999467765,0.5062695924764891,0.4613003095975232,,,2,2040,K002+KI08+KA05,K005+K006+KA04+KA15+KI17+KI21
cnn_adabn,target,conformal_marginal,,,,,0.7570532915360502,1.6191222570532915,2,2040,K002+KI08+KA05,K005+K006+KA04+KA15+KI17+KI21
cnn_adabn,target,conformal_class_conditional,,,,,0.6692789968652038,1.2884012539184952,2,2040,K002+KI08+KA05,K005+K006+KA04+KA15+KI17+KI21
cnn_adabn,combined,raw,0.54858934169279,0.38280958358369904,0.25235109717868337,0.32298136645962733,,,2,2040,K002+KI08+KA05,K005+K006+KA04+KA15+KI17+KI21
cnn_adabn,combined,temperature,0.54858934169279,0.1554648204413481,0.24921630094043887,0.3018867924528302,,,2,2040,K002+KI08+KA05,K005+K006+KA04+KA15+KI17+KI21
cnn_adabn,combined,isotonic,0.4670846394984326,0.2597454470099073,0.10031347962382445,0.53125,,,2,2040,K002+KI08+KA05,K005+K006+KA04+KA15+KI17+KI21
cnn_adabn,combined,conformal_marginal,,,,,0.8949843260188087,2.2978056426332287,2,2040,K002+KI08+KA05,K005+K006+KA04+KA15+KI17+KI21
cnn_adabn,combined,conformal_class_conditional,,,,,0.6520376175548589,1.9764890282131662,2,2040,K002+KI08+KA05,K005+K006+KA04+KA15+KI17+KI21
cnn_adabn,source,raw,0.5959119496855346,0.3909198612139937,0.02358490566037736,0.9333333333333333,,,2,2041,K002+KI05+KA08,K005+K006+KA16+KA22+KI04+KI18
cnn_adabn,source,temperature,0.5959119496855346,0.21651429918630213,0.025157232704402517,0.8125,,,2,2041,K002+KI05+KA08,K005+K006+KA16+KA22+KI04+KI18
cnn_adabn,source,isotonic,0.4968553459119497,0.3193891717007227,0.9575471698113207,0.5155993431855501,,,2,2041,K002+KI05+KA08,K005+K006+KA16+KA22+KI04+KI18
cnn_adabn,source,conformal_marginal,,,,,0.960691823899371,2.8238993710691824,2,2041,K002+KI05+KA08,K005+K006+KA16+KA22+KI04+KI18
cnn_adabn,source,conformal_class_conditional,,,,,0.33490566037735847,1.5345911949685536,2,2041,K002+KI05+KA08,K005+K006+KA16+KA22+KI04+KI18
cnn_adabn,target,raw,0.5959119496855346,0.3909198612139937,0.0,,,,2,2041,K002+KI05+KA08,K005+K006+KA16+KA22+KI04+KI18
cnn_adabn,target,temperature,0.5959119496855346,0.23072498261735966,0.0,,,,2,2041,K002+KI05+KA08,K005+K006+KA16+KA22+KI04+KI18
cnn_adabn,target,isotonic,0.5031446540880503,0.15662050682619535,0.08647798742138364,1.0,,,2,2041,K002+KI05+KA08,K005+K006+KA16+KA22+KI04+KI18
cnn_adabn,target,conformal_marginal,,,,,0.9229559748427673,2.6289308176100628,2,2041,K002+KI05+KA08,K005+K006+KA16+KA22+KI04+KI18
cnn_adabn,target,conformal_class_conditional,,,,,0.8113207547169812,1.8569182389937107,2,2041,K002+KI05+KA08,K005+K006+KA16+KA22+KI04+KI18
cnn_adabn,combined,raw,0.5959119496855346,0.3909198612139937,0.0,,,,2,2041,K002+KI05+KA08,K005+K006+KA16+KA22+KI04+KI18
cnn_adabn,combined,temperature,0.5959119496855346,0.23079673352371638,0.0,,,,2,2041,K002+KI05+KA08,K005+K006+KA16+KA22+KI04+KI18
cnn_adabn,combined,isotonic,0.5015723270440252,0.16343063005611763,0.1792452830188679,0.3157894736842105,,,2,2041,K002+KI05+KA08,K005+K006+KA16+KA22+KI04+KI18
cnn_adabn,combined,conformal_marginal,,,,,0.9528301886792453,2.7720125786163523,2,2041,K002+KI05+KA08,K005+K006+KA16+KA22+KI04+KI18
cnn_adabn,combined,conformal_class_conditional,,,,,0.7845911949685535,2.561320754716981,2,2041,K002+KI05+KA08,K005+K006+KA16+KA22+KI04+KI18
cnn_adabn,source,raw,0.5321821036106751,0.32803326863045523,0.5886970172684458,0.44,,,2,2042,K004+KI01+KA07,K005+K006+KA04+KA15+KI14+KI17
cnn_adabn,source,temperature,0.5321821036106751,0.12977966043267836,0.5227629513343799,0.4174174174174174,,,2,2042,K004+KI01+KA07,K005+K006+KA04+KA15+KI14+KI17
cnn_adabn,source,isotonic,0.4411302982731554,0.3347637051981614,0.8508634222919937,0.5276752767527675,,,2,2042,K004+KI01+KA07,K005+K006+KA04+KA15+KI14+KI17
cnn_adabn,source,conformal_marginal,,,,,0.9419152276295133,2.207221350078493,2,2042,K004+KI01+KA07,K005+K006+KA04+KA15+KI14+KI17
cnn_adabn,source,conformal_class_conditional,,,,,0.41601255886970173,1.3281004709576139,2,2042,K004+KI01+KA07,K005+K006+KA04+KA15+KI14+KI17
cnn_adabn,target,raw,0.5321821036106751,0.32803326863045523,0.0,,,,2,2042,K004+KI01+KA07,K005+K006+KA04+KA15+KI14+KI17
cnn_adabn,target,temperature,0.5321821036106751,0.15974321507400366,0.0,,,,2,2042,K004+KI01+KA07,K005+K006+KA04+KA15+KI14+KI17
cnn_adabn,target,isotonic,0.4301412872841444,0.2554193127714089,0.304552590266876,0.17525773195876287,,,2,2042,K004+KI01+KA07,K005+K006+KA04+KA15+KI14+KI17
cnn_adabn,target,conformal_marginal,,,,,0.967032967032967,2.268445839874411,2,2042,K004+KI01+KA07,K005+K006+KA04+KA15+KI14+KI17
cnn_adabn,target,conformal_class_conditional,,,,,0.8602825745682888,1.8398744113029828,2,2042,K004+KI01+KA07,K005+K006+KA04+KA15+KI14+KI17
cnn_adabn,combined,raw,0.5321821036106751,0.32803326863045523,0.0,,,,2,2042,K004+KI01+KA07,K005+K006+KA04+KA15+KI14+KI17
cnn_adabn,combined,temperature,0.5321821036106751,0.17916036584963074,0.0,,,,2,2042,K004+KI01+KA07,K005+K006+KA04+KA15+KI14+KI17
cnn_adabn,combined,isotonic,0.4835164835164835,0.2150837242337211,0.22919937205651492,0.0,,,2,2042,K004+KI01+KA07,K005+K006+KA04+KA15+KI14+KI17
cnn_adabn,combined,conformal_marginal,,,,,0.9434850863422292,2.2135007849293564,2,2042,K004+KI01+KA07,K005+K006+KA04+KA15+KI14+KI17
cnn_adabn,combined,conformal_class_conditional,,,,,0.8571428571428571,2.0910518053375196,2,2042,K004+KI01+KA07,K005+K006+KA04+KA15+KI14+KI17
cnn_adabn,source,raw,0.315541601255887,0.5925722892434852,0.0,,,,2,2043,K002+KI03+KA05,K003+K006+KA15+KA22+KI14+KI17
cnn_adabn,source,temperature,0.315541601255887,0.11719359228003975,0.0,,,,2,2043,K002+KI03+KA05,K003+K006+KA15+KA22+KI14+KI17
cnn_adabn,source,isotonic,0.35949764521193095,0.10185462010722175,0.13657770800627944,0.7701149425287356,,,2,2043,K002+KI03+KA05,K003+K006+KA15+KA22+KI14+KI17
cnn_adabn,source,conformal_marginal,,,,,0.858712715855573,2.675039246467818,2,2043,K002+KI03+KA05,K003+K006+KA15+KA22+KI14+KI17
cnn_adabn,source,conformal_class_conditional,,,,,0.6279434850863422,2.216640502354788,2,2043,K002+KI03+KA05,K003+K006+KA15+KA22+KI14+KI17
cnn_adabn,target,raw,0.315541601255887,0.5925722892434852,0.02511773940345369,1.0,,,2,2043,K002+KI03+KA05,K003+K006+KA15+KA22+KI14+KI17
cnn_adabn,target,temperature,0.315541601255887,0.28060465204095464,0.02511773940345369,1.0,,,2,2043,K002+KI03+KA05,K003+K006+KA15+KA22+KI14+KI17
cnn_adabn,target,isotonic,0.2150706436420722,0.6024469226160409,0.39717425431711145,0.8932806324110671,,,2,2043,K002+KI03+KA05,K003+K006+KA15+KA22+KI14+KI17
cnn_adabn,target,conformal_marginal,,,,,0.8555729984301413,2.659340659340659,2,2043,K002+KI03+KA05,K003+K006+KA15+KA22+KI14+KI17
cnn_adabn,target,conformal_class_conditional,,,,,0.5007849293563579,1.5337519623233908,2,2043,K002+KI03+KA05,K003+K006+KA15+KA22+KI14+KI17
cnn_adabn,combined,raw,0.315541601255887,0.5925722892434852,0.02511773940345369,1.0,,,2,2043,K002+KI03+KA05,K003+K006+KA15+KA22+KI14+KI17
cnn_adabn,combined,temperature,0.315541601255887,0.18818151601355923,0.02511773940345369,1.0,,,2,2043,K002+KI03+KA05,K003+K006+KA15+KA22+KI14+KI17
cnn_adabn,combined,isotonic,0.3500784929356358,0.21125508168194246,0.13343799058084774,1.0,,,2,2043,K002+KI03+KA05,K003+K006+KA15+KA22+KI14+KI17
cnn_adabn,combined,conformal_marginal,,,,,0.858712715855573,2.675039246467818,2,2043,K002+KI03+KA05,K003+K006+KA15+KA22+KI14+KI17
cnn_adabn,combined,conformal_class_conditional,,,,,0.8492935635792779,2.6656200941915227,2,2043,K002+KI03+KA05,K003+K006+KA15+KA22+KI14+KI17
cnn_adabn,source,raw,0.3667711598746082,0.6187287211570531,0.0,,,,2,2044,K002+KI03+KA08,K003+K005+KA16+KA30+KI18+KI21
cnn_adabn,source,temperature,0.3667711598746082,0.10633470774721195,0.0,,,,2,2044,K002+KI03+KA08,K003+K005+KA16+KA30+KI18+KI21
cnn_adabn,source,isotonic,0.24921630094043887,0.20807058497521908,0.30094043887147337,0.5833333333333334,,,2,2044,K002+KI03+KA08,K003+K005+KA16+KA30+KI18+KI21
cnn_adabn,source,conformal_marginal,,,,,0.9357366771159875,2.58307210031348,2,2044,K002+KI03+KA08,K003+K005+KA16+KA30+KI18+KI21
cnn_adabn,source,conformal_class_conditional,,,,,0.6614420062695925,2.1865203761755487,2,2044,K002+KI03+KA08,K003+K005+KA16+KA30+KI18+KI21
cnn_adabn,target,raw,0.3667711598746082,0.6187287211570531,0.0,,,,2,2044,K002+KI03+KA08,K003+K005+KA16+KA30+KI18+KI21
cnn_adabn,target,temperature,0.3667711598746082,0.3314930891687231,0.0,,,,2,2044,K002+KI03+KA08,K003+K005+KA16+KA30+KI18+KI21
cnn_adabn,target,isotonic,0.2304075235109718,0.5882985941501231,0.445141065830721,0.7183098591549296,,,2,2044,K002+KI03+KA08,K003+K005+KA16+KA30+KI18+KI21
cnn_adabn,target,conformal_marginal,,,,,0.9984326018808778,2.761755485893417,2,2044,K002+KI03+KA08,K003+K005+KA16+KA30+KI18+KI21
cnn_adabn,target,conformal_class_conditional,,,,,0.7492163009404389,1.628526645768025,2,2044,K002+KI03+KA08,K003+K005+KA16+KA30+KI18+KI21
cnn_adabn,combined,raw,0.3667711598746082,0.6187287211570531,0.0,,,,2,2044,K002+KI03+KA08,K003+K005+KA16+KA30+KI18+KI21
cnn_adabn,combined,temperature,0.3667711598746082,0.2088832682415877,0.0,,,,2,2044,K002+KI03+KA08,K003+K005+KA16+KA30+KI18+KI21
cnn_adabn,combined,isotonic,0.22884012539184953,0.42516054333133,0.23981191222570533,0.477124183006536,,,2,2044,K002+KI03+KA08,K003+K005+KA16+KA30+KI18+KI21
cnn_adabn,combined,conformal_marginal,,,,,0.9921630094043887,2.727272727272727,2,2044,K002+KI03+KA08,K003+K005+KA16+KA30+KI18+KI21
cnn_adabn,combined,conformal_class_conditional,,,,,0.7492163009404389,2.2711598746081503,2,2044,K002+KI03+KA08,K003+K005+KA16+KA30+KI18+KI21
cnn_adabn,source,raw,0.695447409733124,0.2832575027080062,0.45839874411302983,0.5273972602739726,,,2,2045,K001+KI01+KA05,K003+K006+KA16+KA22+KI16+KI17
cnn_adabn,source,temperature,0.695447409733124,0.37238291179042327,0.4850863422291994,0.5016181229773463,,,2,2045,K001+KI01+KA05,K003+K006+KA16+KA22+KI16+KI17
cnn_adabn,source,isotonic,0.5886970172684458,0.44303960887543326,0.7660910518053375,0.5102459016393442,,,2,2045,K001+KI01+KA05,K003+K006+KA16+KA22+KI16+KI17
cnn_adabn,source,conformal_marginal,,,,,0.7566718995290423,1.8555729984301412,2,2045,K001+KI01+KA05,K003+K006+KA16+KA22+KI16+KI17
cnn_adabn,source,conformal_class_conditional,,,,,0.38618524332810045,1.0470957613814758,2,2045,K001+KI01+KA05,K003+K006+KA16+KA22+KI16+KI17
cnn_adabn,target,raw,0.695447409733124,0.2832575027080062,0.0,,,,2,2045,K001+KI01+KA05,K003+K006+KA16+KA22+KI16+KI17
cnn_adabn,target,temperature,0.695447409733124,0.2857177503611939,0.0,,,,2,2045,K001+KI01+KA05,K003+K006+KA16+KA22+KI16+KI17
cnn_adabn,target,isotonic,0.5117739403453689,0.21376884705879856,0.5855572998430141,0.3914209115281501,,,2,2045,K001+KI01+KA05,K003+K006+KA16+KA22+KI16+KI17
cnn_adabn,target,conformal_marginal,,,,,0.7676609105180534,2.097331240188383,2,2045,K001+KI01+KA05,K003+K006+KA16+KA22+KI16+KI17
cnn_adabn,target,conformal_class_conditional,,,,,0.7566718995290423,1.7127158555729984,2,2045,K001+KI01+KA05,K003+K006+KA16+KA22+KI16+KI17
cnn_adabn,combined,raw,0.695447409733124,0.2832575027080062,0.45839874411302983,0.5273972602739726,,,2,2045,K001+KI01+KA05,K003+K006+KA16+KA22+KI16+KI17
cnn_adabn,combined,temperature,0.695447409733124,0.2857176461033419,0.4662480376766091,0.5151515151515151,,,2,2045,K001+KI01+KA05,K003+K006+KA16+KA22+KI16+KI17
cnn_adabn,combined,isotonic,0.6028257456828885,0.4057496238604541,0.3328100470957614,0.7311320754716981,,,2,2045,K001+KI01+KA05,K003+K006+KA16+KA22+KI16+KI17
cnn_adabn,combined,conformal_marginal,,,,,0.7645211930926217,1.9717425431711146,2,2045,K001+KI01+KA05,K003+K006+KA16+KA22+KI16+KI17
cnn_adabn,combined,conformal_class_conditional,,,,,0.7566718995290423,1.8963893249607535,2,2045,K001+KI01+KA05,K003+K006+KA16+KA22+KI16+KI17
cnn_adabn,source,raw,0.31711145996860285,0.5670380524516483,0.8069073783359497,0.7509727626459144,,,2,2046,K001+KI07+KA08,K003+K005+KA15+KA30+KI04+KI14
cnn_adabn,source,temperature,0.31711145996860285,0.547581944581518,0.8210361067503925,0.751434034416826,,,2,2046,K001+KI07+KA08,K003+K005+KA15+KA30+KI04+KI14
cnn_adabn,source,isotonic,0.2967032967032967,0.6228330972607433,0.9481946624803768,0.6920529801324503,,,2,2046,K001+KI07+KA08,K003+K005+KA15+KA30+KI04+KI14
cnn_adabn,source,conformal_marginal,,,,,0.39717425431711145,1.2653061224489797,2,2046,K001+KI07+KA08,K003+K005+KA15+KA30+KI04+KI14
cnn_adabn,source,conformal_class_conditional,,,,,0.25117739403453687,0.9827315541601256,2,2046,K001+KI07+KA08,K003+K005+KA15+KA30+KI04+KI14
cnn_adabn,target,raw,0.31711145996860285,0.5670380524516483,0.0,,,,2,2046,K001+KI07+KA08,K003+K005+KA15+KA30+KI04+KI14
cnn_adabn,target,temperature,0.31711145996860285,0.3096723272459382,0.0,,,,2,2046,K001+KI07+KA08,K003+K005+KA15+KA30+KI04+KI14
cnn_adabn,target,isotonic,0.25274725274725274,0.6104546088933628,0.5007849293563579,0.7492163009404389,,,2,2046,K001+KI07+KA08,K003+K005+KA15+KA30+KI04+KI14
cnn_adabn,target,conformal_marginal,,,,,0.8759811616954474,2.69701726844584,2,2046,K001+KI07+KA08,K003+K005+KA15+KA30+KI04+KI14
cnn_adabn,target,conformal_class_conditional,,,,,0.5023547880690737,1.4427001569858713,2,2046,K001+KI07+KA08,K003+K005+KA15+KA30+KI04+KI14
cnn_adabn,combined,raw,0.31711145996860285,0.5670380524516483,0.0,,,,2,2046,K001+KI07+KA08,K003+K005+KA15+KA30+KI04+KI14
cnn_adabn,combined,temperature,0.31711145996860285,0.42017665998709625,0.0,,,,2,2046,K001+KI07+KA08,K003+K005+KA15+KA30+KI04+KI14
cnn_adabn,combined,isotonic,0.25274725274725274,0.5918166960431224,0.46781789638932497,0.7315436241610739,,,2,2046,K001+KI07+KA08,K003+K005+KA15+KA30+KI04+KI14
cnn_adabn,combined,conformal_marginal,,,,,0.8555729984301413,2.488226059654631,2,2046,K001+KI07+KA08,K003+K005+KA15+KA30+KI04+KI14
cnn_adabn,combined,conformal_class_conditional,,,,,0.5023547880690737,1.423861852433281,2,2046,K001+KI07+KA08,K003+K005+KA15+KA30+KI04+KI14
cnn_adabn,source,raw,0.16012558869701726,0.7620621134100471,0.6656200941915228,0.8231132075471698,,,2,2047,K001+KI08+KA09,K003+K005+KA15+KA16+KI16+KI18
cnn_adabn,source,temperature,0.16012558869701726,0.2627134154715699,0.7080062794348508,0.8292682926829268,,,2,2047,K001+KI08+KA09,K003+K005+KA15+KA16+KI16+KI18
cnn_adabn,source,isotonic,0.1836734693877551,0.6416880019383567,0.6373626373626373,0.7857142857142857,,,2,2047,K001+KI08+KA09,K003+K005+KA15+KA16+KI16+KI18
cnn_adabn,source,conformal_marginal,,,,,0.4662480376766091,1.7629513343799057,2,2047,K001+KI08+KA09,K003+K005+KA15+KA16+KI16+KI18
cnn_adabn,source,conformal_class_conditional,,,,,0.32967032967032966,1.2888540031397173,2,2047,K001+KI08+KA09,K003+K005+KA15+KA16+KI16+KI18
cnn_adabn,target,raw,0.16012558869701726,0.7620621134100471,0.04395604395604396,0.5714285714285714,,,2,2047,K001+KI08+KA09,K003+K005+KA15+KA16+KI16+KI18
cnn_adabn,target,temperature,0.16012558869701726,0.42241621096076637,0.04395604395604396,0.5714285714285714,,,2,2047,K001+KI08+KA09,K003+K005+KA15+KA16+KI16+KI18
cnn_adabn,target,isotonic,0.24175824175824176,0.4946313200749315,0.20722135007849293,0.9242424242424242,,,2,2047,K001+KI08+KA09,K003+K005+KA15+KA16+KI16+KI18
cnn_adabn,target,conformal_marginal,,,,,0.8461538461538461,2.423861852433281,2,2047,K001+KI08+KA09,K003+K005+KA15+KA16+KI16+KI18
cnn_adabn,target,conformal_class_conditional,,,,,0.7237048665620094,1.7268445839874411,2,2047,K001+KI08+KA09,K003+K005+KA15+KA16+KI16+KI18
cnn_adabn,combined,raw,0.16012558869701726,0.7620621134100471,0.04395604395604396,0.5714285714285714,,,2,2047,K001+KI08+KA09,K003+K005+KA15+KA16+KI16+KI18
cnn_adabn,combined,temperature,0.16012558869701726,0.39790784410183677,0.04395604395604396,0.5714285714285714,,,2,2047,K001+KI08+KA09,K003+K005+KA15+KA16+KI16+KI18
cnn_adabn,combined,isotonic,0.18838304552590268,0.48584911495754496,0.17111459968602827,0.908256880733945,,,2,2047,K001+KI08+KA09,K003+K005+KA15+KA16+KI16+KI18
cnn_adabn,combined,conformal_marginal,,,,,0.7299843014128728,2.1805337519623236,2,2047,K001+KI08+KA09,K003+K005+KA15+KA16+KI16+KI18
cnn_adabn,combined,conformal_class_conditional,,,,,0.7127158555729984,1.8508634222919937,2,2047,K001+KI08+KA09,K003+K005+KA15+KA16+KI16+KI18
cnn_adabn,source,raw,0.4411302982731554,0.3884241991755102,0.0,,,,2,2048,K004+KI07+KA08,K005+K006+KA16+KA30+KI14+KI18
cnn_adabn,source,temperature,0.4411302982731554,0.08796882784056552,0.0,,,,2,2048,K004+KI07+KA08,K005+K006+KA16+KA30+KI14+KI18
cnn_adabn,source,isotonic,0.35478806907378335,0.24866441949158025,0.16169544740973313,0.21359223300970873,,,2,2048,K004+KI07+KA08,K005+K006+KA16+KA30+KI14+KI18
cnn_adabn,source,conformal_marginal,,,,,0.9748822605965463,2.5478806907378337,2,2048,K004+KI07+KA08,K005+K006+KA16+KA30+KI14+KI18
cnn_adabn,source,conformal_class_conditional,,,,,0.14599686028257458,1.0298273155416013,2,2048,K004+KI07+KA08,K005+K006+KA16+KA30+KI14+KI18
cnn_adabn,target,raw,0.4411302982731554,0.3884241991755102,0.23861852433281006,0.46710526315789475,,,2,2048,K004+KI07+KA08,K005+K006+KA16+KA30+KI14+KI18
cnn_adabn,target,temperature,0.4411302982731554,0.27866393445588405,0.21821036106750394,0.4244604316546763,,,2,2048,K004+KI07+KA08,K005+K006+KA16+KA30+KI14+KI18
cnn_adabn,target,isotonic,0.3532182103610675,0.5496366966334069,0.9058084772370487,0.6464471403812825,,,2,2048,K004+KI07+KA08,K005+K006+KA16+KA30+KI14+KI18
cnn_adabn,target,conformal_marginal,,,,,0.717425431711146,1.7786499215070644,2,2048,K004+KI07+KA08,K005+K006+KA16+KA30+KI14+KI18
cnn_adabn,target,conformal_class_conditional,,,,,0.5007849293563579,1.2087912087912087,2,2048,K004+KI07+KA08,K005+K006+KA16+KA30+KI14+KI18
cnn_adabn,combined,raw,0.4411302982731554,0.3884241991755102,0.09262166405023547,0.1864406779661017,,,2,2048,K004+KI07+KA08,K005+K006+KA16+KA30+KI14+KI18
cnn_adabn,combined,temperature,0.4411302982731554,0.1781750921952339,0.13186813186813187,0.17857142857142858,,,2,2048,K004+KI07+KA08,K005+K006+KA16+KA30+KI14+KI18
cnn_adabn,combined,isotonic,0.3563579277864992,0.3945475572173488,0.29199372056514916,0.532258064516129,,,2,2048,K004+KI07+KA08,K005+K006+KA16+KA30+KI14+KI18
cnn_adabn,combined,conformal_marginal,,,,,0.9324960753532182,2.3312401883830454,2,2048,K004+KI07+KA08,K005+K006+KA16+KA30+KI14+KI18
cnn_adabn,combined,conformal_class_conditional,,,,,0.5023547880690737,1.6609105180533752,2,2048,K004+KI07+KA08,K005+K006+KA16+KA30+KI14+KI18
cnn_adabn,source,raw,0.3805031446540881,0.511438164939308,0.0,,,,2,2049,K001+KI03+KA06,K003+K005+KA04+KA15+KI14+KI16
cnn_adabn,source,temperature,0.3805031446540881,0.10409388715219561,0.0,,,,2,2049,K001+KI03+KA06,K003+K005+KA04+KA15+KI14+KI16
cnn_adabn,source,isotonic,0.43553459119496857,0.2996835959489518,0.5518867924528302,0.5441595441595442,,,2,2049,K001+KI03+KA06,K003+K005+KA04+KA15+KI14+KI16
cnn_adabn,source,conformal_marginal,,,,,0.6886792452830188,2.0330188679245285,2,2049,K001+KI03+KA06,K003+K005+KA04+KA15+KI14+KI16
cnn_adabn,source,conformal_class_conditional,,,,,0.5078616352201258,1.5220125786163523,2,2049,K001+KI03+KA06,K003+K005+KA04+KA15+KI14+KI16
cnn_adabn,target,raw,0.3805031446540881,0.511438164939308,0.4056603773584906,0.6434108527131783,,,2,2049,K001+KI03+KA06,K003+K005+KA04+KA15+KI14+KI16
cnn_adabn,target,temperature,0.3805031446540881,0.4032296505234446,0.41037735849056606,0.6436781609195402,,,2,2049,K001+KI03+KA06,K003+K005+KA04+KA15+KI14+KI16
cnn_adabn,target,isotonic,0.49528301886792453,0.4002414281381258,0.6305031446540881,0.7182044887780549,,,2,2049,K001+KI03+KA06,K003+K005+KA04+KA15+KI14+KI16
cnn_adabn,target,conformal_marginal,,,,,0.5062893081761006,1.3537735849056605,2,2049,K001+KI03+KA06,K003+K005+KA04+KA15+KI14+KI16
cnn_adabn,target,conformal_class_conditional,,,,,0.41352201257861637,1.328616352201258,2,2049,K001+KI03+KA06,K003+K005+KA04+KA15+KI14+KI16
cnn_adabn,combined,raw,0.3805031446540881,0.511438164939308,0.2531446540880503,0.5838509316770186,,,2,2049,K001+KI03+KA06,K003+K005+KA04+KA15+KI14+KI16
cnn_adabn,combined,temperature,0.3805031446540881,0.3041364815169238,0.25157232704402516,0.58125,,,2,2049,K001+KI03+KA06,K003+K005+KA04+KA15+KI14+KI16
cnn_adabn,combined,isotonic,0.48427672955974843,0.30975404686692326,0.5487421383647799,0.5415472779369628,,,2,2049,K001+KI03+KA06,K003+K005+KA04+KA15+KI14+KI16
cnn_adabn,combined,conformal_marginal,,,,,0.5911949685534591,1.7138364779874213,2,2049,K001+KI03+KA06,K003+K005+KA04+KA15+KI14+KI16
cnn_adabn,combined,conformal_class_conditional,,,,,0.64937106918239,1.6666666666666667,2,2049,K001+KI03+KA06,K003+K005+KA04+KA15+KI14+KI16
